hour,is_weekend,weather,road_type,avg_speed,cars,motorcycles,buses,trucks,total_vehicles
4,0,Clear,Urban,75,3,1,0,2,12
12,0,Clear,Highway,63,18,14,2,3,38
21,1,Clear,Suburban,85,10,9,2,4,18
2,0,Rain,Urban,70,8,2,0,2,8
0,0,Fog,Highway,68,11,4,0,2,5
15,1,Clear,Urban,62,13,8,4,3,22
12,0,Rain,Urban,78,18,7,1,3,19
14,0,Clear,Suburban,78,12,9,2,3,32
7,0,Fog,Suburban,51,55,14,7,4,58
11,0,Clear,Urban,72,26,5,2,4,35
8,1,Clear,Urban,55,38,23,5,2,45
22,0,Clear,Suburban,85,27,12,1,4,33
4,1,Fog,Urban,69,5,4,0,2,7
11,0,Rain,Urban,63,19,14,4,3,17
1,0,Clear,Suburban,68,7,4,0,2,7
2,0,Clear,Urban,60,9,4,1,2,11
14,0,Clear,Urban,66,20,6,2,4,33
14,1,Rain,Urban,69,9,8,2,3,12
1,0,Clear,Highway,64,8,1,0,1,8
4,0,Clear,Urban,89,9,3,1,1,17
20,0,Clear,Highway,68,20,6,2,3,29
19,0,Clear,Highway,54,41,20,3,4,52
11,1,Clear,Urban,80,12,14,3,3,30
12,0,Clear,Urban,53,24,6,3,2,48
2,1,Clear,Urban,68,2,3,0,1,6
12,1,Clear,Suburban,60,14,12,2,2,34
11,0,Fog,Urban,60,13,11,4,2,22
1,0,Clear,Suburban,68,8,1,1,2,18
4,0,Clear,Urban,85,8,1,0,1,17
9,0,Clear,Suburban,50,49,24,7,6,55
9,1,Clear,Highway,75,47,12,5,4,35
15,0,Clear,Suburban,88,24,9,2,2,26
16,0,Clear,Highway,74,26,13,2,2,37
4,0,Clear,Suburban,66,7,2,0,1,8
1,0,Clear,Suburban,80,9,1,1,2,17
7,0,Rain,Suburban,32,55,21,6,3,73
12,0,Clear,Highway,76,25,9,3,3,21
12,1,Clear,Highway,68,20,5,3,3,14
7,1,Rain,Suburban,52,36,23,6,3,42
16,1,Clear,Suburban,83,12,12,3,2,14
21,0,Clear,Highway,41,28,5,2,3,43
17,1,Clear,Urban,49,44,15,7,4,58
3,1,Clear,Highway,76,7,1,1,1,6
8,0,Clear,Highway,25,53,17,4,4,86
9,0,Clear,Suburban,44,52,19,7,5,66
1,0,Fog,Urban,77,3,2,0,1,5
15,1,Clear,Urban,66,16,12,3,2,15
12,1,Fog,Suburban,79,22,13,4,2,18
14,0,Clear,Urban,88,16,11,1,4,23
0,0,Clear,Urban,64,10,3,1,1,13
12,0,Clear,Suburban,66,24,6,3,3,26
21,0,Fog,Suburban,67,15,12,4,2,24
12,0,Clear,Highway,71,22,10,3,3,31
23,0,Clear,Suburban,75,20,12,2,3,31
14,1,Rain,Suburban,84,16,10,4,4,18
19,1,Clear,Urban,52,44,13,4,5,60
4,1,Rain,Urban,82,7,1,1,1,4
8,0,Clear,Suburban,48,44,11,6,4,53
3,1,Rain,Urban,85,5,1,1,1,4
23,0,Clear,Highway,62,14,10,1,4,29
0,1,Clear,Highway,83,4,2,1,2,4
4,0,Fog,Suburban,61,8,1,1,1,5
12,0,Rain,Urban,67,13,8,4,2,32
10,0,Clear,Suburban,69,12,11,4,4,21
19,0,Rain,Urban,37,30,10,6,5,79
11,0,Clear,Highway,82,26,8,1,4,34
7,0,Clear,Highway,59,42,17,6,2,57
10,1,Rain,Urban,80,20,13,4,2,17
13,1,Clear,Highway,67,14,14,1,4,23
12,0,Clear,Urban,62,21,8,1,2,30
9,0,Rain,Highway,22,47,24,3,2,74
20,1,Clear,Urban,84,12,13,4,4,21
21,0,Fog,Suburban,62,16,13,1,2,15
7,0,Rain,Urban,45,30,15,3,4,42
17,0,Clear,Highway,39,49,18,4,6,73
3,0,Clear,Highway,81,6,2,1,2,13
16,0,Clear,Suburban,64,16,13,2,3,28
20,0,Clear,Urban,77,22,14,1,2,36
0,1,Clear,Urban,60,2,4,1,1,12
5,0,Clear,Suburban,87,7,4,1,1,7
23,0,Clear,Highway,56,12,10,1,4,47
11,0,Rain,Highway,89,15,13,4,2,24
22,0,Clear,Highway,77,15,7,2,2,20
17,0,Clear,Urban,41,35,14,3,4,51
14,0,Clear,Highway,74,27,13,3,2,20
14,0,Clear,Urban,87,23,8,3,4,29
5,0,Clear,Urban,88,4,4,1,2,18
11,0,Fog,Highway,79,21,11,4,4,28
23,0,Fog,Suburban,62,20,10,3,3,13
14,0,Clear,Suburban,45,29,8,3,4,47
5,0,Clear,Highway,63,10,1,0,1,17
14,1,Clear,Urban,61,12,8,4,2,34
1,0,Fog,Highway,83,7,3,1,2,10
11,0,Clear,Urban,79,29,9,4,2,33
20,1,Clear,Suburban,73,18,9,3,2,17
12,1,Clear,Urban,70,14,8,1,3,23
21,1,Clear,Highway,80,22,12,4,2,32
5,0,Clear,Suburban,80,7,4,1,1,7
9,1,Clear,Urban,46,32,11,6,2,63
6,0,Clear,Urban,76,21,12,4,3,30
10,0,Clear,Suburban,76,16,7,3,4,40
4,0,Rain,Urban,82,6,3,0,2,10
4,0,Clear,Suburban,87,3,3,0,2,5
2,1,Clear,Suburban,88,2,3,1,1,10
8,0,Clear,Highway,56,34,12,7,5,58
10,0,Clear,Urban,83,25,8,1,3,34
7,0,Clear,Highway,24,42,12,3,2,82
9,1,Clear,Suburban,52,34,19,4,5,68
14,0,Clear,Suburban,72,17,8,1,2,38
0,0,Clear,Urban,70,5,4,1,1,14
17,0,Clear,Suburban,52,37,21,5,5,52
22,0,Clear,Urban,42,28,7,3,3,48
12,0,Clear,Urban,44,23,14,2,3,41
22,0,Fog,Urban,63,13,9,3,4,26
10,0,Clear,Suburban,69,14,9,4,4,30
2,1,Clear,Urban,74,7,3,0,2,3
20,0,Clear,Suburban,68,18,7,2,3,34
4,0,Clear,Suburban,85,6,2,1,1,16
19,0,Rain,Urban,51,30,22,4,6,51
9,1,Clear,Suburban,48,44,17,6,4,42
13,0,Fog,Urban,72,18,10,2,2,27
0,0,Clear,Suburban,86,8,4,0,1,10
10,1,Clear,Urban,61,14,8,3,3,28
13,0,Rain,Urban,69,22,6,1,4,28
0,0,Clear,Highway,60,9,4,0,2,8
5,0,Clear,Suburban,60,3,3,0,2,15
6,1,Rain,Suburban,85,16,10,3,4,22
20,0,Clear,Highway,89,15,8,2,2,39
6,0,Rain,Urban,67,22,7,4,2,35
10,1,Clear,Suburban,65,18,6,3,3,30
18,1,Rain,Highway,43,24,17,3,2,54
17,0,Rain,Highway,48,49,24,6,4,62
4,0,Clear,Highway,82,5,2,0,2,18
11,0,Clear,Urban,84,26,7,4,2,29
3,1,Clear,Urban,82,8,2,1,1,7
9,0,Clear,Highway,52,54,10,6,6,70
17,0,Clear,Highway,58,39,12,4,2,56
1,0,Clear,Urban,76,7,1,1,1,17
7,0,Clear,Highway,40,30,22,5,3,59
5,0,Rain,Suburban,68,6,1,1,1,4
4,0,Rain,Urban,88,9,4,1,2,9
2,0,Clear,Urban,74,11,1,0,1,12
8,0,Clear,Urban,26,34,21,7,3,84
3,0,Clear,Highway,78,8,4,1,1,17
0,0,Rain,Suburban,85,8,4,0,1,8
0,0,Clear,Suburban,88,6,1,1,2,9
17,0,Clear,Urban,33,35,13,7,3,93
1,0,Clear,Suburban,60,7,3,0,1,11
10,1,Clear,Urban,80,19,6,2,4,24
15,0,Clear,Urban,40,24,8,4,4,49
15,0,Rain,Urban,75,16,13,1,2,32
14,0,Rain,Highway,75,16,10,1,4,28
11,0,Rain,Urban,60,29,12,2,2,28
13,1,Clear,Urban,81,12,12,1,3,19
5,1,Rain,Urban,79,4,2,1,2,4
5,0,Rain,Urban,62,5,2,0,1,6
6,1,Clear,Suburban,79,23,5,1,3,29
10,0,Clear,Urban,48,22,11,3,3,49
3,0,Clear,Urban,80,6,4,0,1,9
8,0,Fog,Highway,40,51,22,5,3,56
11,0,Clear,Suburban,78,17,9,1,4,23
10,1,Fog,Suburban,79,20,9,1,3,18
20,0,Clear,Highway,61,28,6,4,3,31
11,0,Rain,Suburban,69,22,14,3,3,36
4,0,Clear,Urban,80,3,1,0,1,19
17,1,Fog,Suburban,55,34,19,3,2,41
0,0,Clear,Suburban,88,9,1,0,1,12
8,0,Clear,Suburban,58,43,21,5,6,67
14,1,Fog,Urban,77,20,13,3,3,13
11,0,Rain,Highway,75,12,7,4,2,20
10,1,Clear,Suburban,65,20,7,3,2,21
21,0,Clear,Urban,73,17,7,4,2,30
22,0,Rain,Highway,69,16,9,4,3,19
22,0,Rain,Highway,78,18,6,3,3,20
16,0,Clear,Urban,65,13,13,4,2,32
12,0,Clear,Highway,47,14,14,2,3,42
9,0,Clear,Suburban,20,38,10,4,5,73
10,0,Clear,Highway,62,14,12,2,4,28
19,1,Clear,Urban,49,44,16,6,3,48
19,0,Clear,Urban,39,40,17,3,5,92
4,0,Clear,Highway,72,7,4,1,1,10
1,0,Rain,Urban,79,6,3,0,2,7
0,0,Clear,Urban,65,8,3,0,1,14
11,0,Rain,Highway,66,19,6,3,2,34
2,0,Clear,Urban,66,6,2,0,2,7
14,1,Clear,Urban,82,18,13,1,4,16
22,0,Rain,Highway,86,24,9,3,2,16
10,1,Clear,Suburban,89,16,14,1,2,31
21,0,Clear,Urban,58,26,11,2,4,45
19,0,Rain,Highway,57,43,10,6,2,49
2,1,Fog,Urban,89,7,4,0,2,6
18,1,Clear,Highway,51,36,23,3,2,67
10,0,Rain,Suburban,61,26,6,4,2,32
10,1,Rain,Highway,76,18,10,4,2,12
20,1,Clear,Urban,82,13,8,2,4,16
21,0,Clear,Urban,70,16,7,2,2,24
4,0,Clear,Urban,62,4,4,1,1,17
11,0,Rain,Urban,72,22,10,4,3,39
19,0,Fog,Highway,47,32,24,3,3,57
0,1,Clear,Suburban,76,5,1,1,2,11
17,0,Clear,Suburban,44,54,19,4,5,62
13,0,Clear,Urban,63,12,7,1,3,30
3,0,Rain,Highway,67,10,1,0,2,5
7,0,Rain,Suburban,40,34,21,3,2,43
3,0,Rain,Highway,72,9,4,1,1,9
2,0,Clear,Suburban,60,3,3,0,1,14
16,1,Fog,Suburban,81,19,14,1,2,9
1,1,Clear,Urban,69,4,3,0,2,8
19,0,Clear,Suburban,57,34,13,5,5,65
19,0,Fog,Suburban,53,53,15,5,6,49
12,0,Clear,Urban,75,17,12,3,4,26
4,1,Rain,Urban,77,8,4,0,1,4
6,1,Fog,Suburban,61,15,6,1,3,18
9,0,Fog,Highway,68,34,23,4,4,39
21,0,Clear,Urban,87,16,10,2,4,30
17,1,Clear,Highway,74,43,15,5,4,37
23,0,Clear,Urban,88,15,10,1,3,29
9,0,Clear,Suburban,30,43,11,7,3,91
6,0,Rain,Urban,76,15,14,1,4,36
0,0,Clear,Suburban,68,4,1,1,2,10
14,1,Clear,Urban,69,11,11,4,2,32
5,0,Clear,Highway,72,3,1,0,2,12
18,0,Clear,Urban,54,46,17,3,3,67
15,1,Clear,Suburban,69,20,9,3,3,14
18,1,Clear,Urban,45,44,12,3,6,53
15,0,Fog,Suburban,76,19,12,4,3,27
8,0,Clear,Suburban,30,57,21,6,4,98
16,0,Clear,Suburban,67,29,13,4,2,39
19,0,Clear,Urban,52,45,21,7,5,52
0,0,Clear,Suburban,87,7,4,0,1,15
5,1,Clear,Suburban,60,5,1,1,2,9
11,1,Rain,Urban,75,9,11,2,2,24
14,0,Clear,Highway,62,24,10,1,2,35
0,0,Clear,Suburban,74,11,3,1,2,9
0,0,Clear,Suburban,61,10,2,1,2,19
0,1,Clear,Highway,83,3,4,0,1,7
4,0,Clear,Urban,85,9,3,0,2,11
10,1,Clear,Urban,72,12,11,3,3,32
18,1,Clear,Highway,60,32,21,6,4,39
5,0,Clear,Urban,78,6,3,1,2,17
2,0,Clear,Suburban,82,3,2,1,2,17
10,1,Clear,Suburban,86,15,6,1,3,28
12,1,Fog,Urban,60,20,10,2,3,15
23,1,Clear,Urban,77,22,13,2,4,18
14,0,Clear,Suburban,44,15,14,3,3,47
0,0,Clear,Highway,84,6,2,1,2,10
6,0,Clear,Urban,67,23,9,1,3,34
4,0,Clear,Suburban,74,7,3,0,2,9
19,0,Clear,Highway,20,53,13,4,5,94
18,0,Clear,Urban,20,50,20,4,3,79
14,0,Clear,Urban,88,23,12,2,4,26
21,1,Clear,Highway,65,23,13,3,4,26
20,0,Clear,Urban,66,24,9,2,3,32
10,1,Clear,Highway,82,13,9,4,2,32
18,0,Fog,Highway,62,55,14,7,4,31
21,0,Clear,Highway,69,21,5,1,2,30
23,1,Rain,Highway,78,19,9,4,3,16
1,0,Rain,Highway,72,4,2,1,2,15
8,1,Fog,Urban,68,40,21,4,6,25
4,1,Clear,Suburban,70,2,3,0,2,5
11,0,Clear,Highway,68,17,10,3,2,34
22,0,Clear,Suburban,80,28,12,3,2,28
0,0,Clear,Urban,66,5,2,0,1,15
7,0,Rain,Suburban,51,58,16,5,6,44
5,1,Rain,Highway,67,5,1,0,1,5
4,0,Fog,Urban,75,10,2,0,1,7
11,0,Clear,Highway,72,14,13,4,3,35
0,0,Clear,Urban,68,10,3,0,1,18
15,0,Clear,Suburban,44,18,10,2,2,46
8,0,Clear,Urban,41,57,14,6,4,60
1,0,Clear,Suburban,79,10,2,0,1,10
0,0,Clear,Urban,70,6,3,0,2,8
16,0,Rain,Suburban,75,28,11,3,3,36
18,0,Clear,Urban,27,41,10,3,6,72
11,0,Clear,Highway,77,20,10,4,2,31
10,0,Rain,Highway,87,25,13,2,4,32
6,0,Clear,Highway,58,16,8,3,4,42
0,1,Clear,Suburban,77,7,4,0,2,4
7,0,Clear,Urban,36,39,16,6,5,88
7,1,Clear,Urban,55,42,15,7,3,44
19,0,Clear,Highway,25,58,13,6,4,91
15,1,Fog,Urban,85,13,9,3,3,16
8,1,Clear,Suburban,44,34,17,6,2,58
14,1,Clear,Urban,63,20,14,3,2,23
18,0,Rain,Urban,42,40,14,7,3,62
6,0,Rain,Suburban,68,22,6,2,2,35
6,1,Clear,Highway,69,22,14,4,3,14
13,0,Rain,Suburban,77,14,9,3,4,28
5,0,Rain,Highway,75,10,1,1,1,4
20,0,Clear,Highway,52,19,12,2,4,44
3,0,Clear,Highway,60,5,1,1,2,9
9,0,Clear,Urban,45,53,24,4,5,54
18,0,Clear,Suburban,27,56,10,4,5,82
21,0,Fog,Urban,89,23,14,1,2,18
7,1,Fog,Highway,84,34,12,7,3,24
15,0,Rain,Suburban,80,27,12,3,2,20
20,0,Clear,Suburban,62,13,13,2,3,32
19,0,Rain,Urban,57,53,15,3,5,54
22,0,Fog,Highway,66,17,14,4,2,21
21,0,Fog,Suburban,73,21,11,1,2,26
0,0,Clear,Suburban,85,5,4,0,2,7
17,1,Clear,Urban,53,39,10,7,4,42
13,0,Clear,Urban,43,27,12,2,3,49
19,1,Rain,Urban,62,33,11,4,4,33
22,0,Rain,Urban,65,14,8,2,4,16
13,0,Rain,Urban,69,12,12,2,3,24
11,1,Rain,Suburban,83,16,9,4,3,12
16,0,Clear,Suburban,84,20,5,4,3,31
15,0,Clear,Urban,87,24,10,2,2,30
7,0,Clear,Urban,45,54,20,5,2,61
17,0,Clear,Suburban,32,56,22,4,6,91
12,0,Clear,Suburban,78,26,10,1,2,23
21,0,Clear,Highway,53,15,9,3,2,47
16,0,Clear,Highway,86,12,11,2,4,25
20,0,Fog,Urban,62,14,8,4,4,15
21,0,Clear,Suburban,87,23,5,2,3,29
12,1,Clear,Urban,78,15,14,2,3,18
17,0,Clear,Urban,40,59,19,4,3,54
20,1,Clear,Urban,69,10,8,4,4,23
16,1,Clear,Suburban,68,9,12,2,3,16
2,1,Clear,Urban,69,2,3,0,2,4
21,0,Clear,Suburban,89,18,7,3,2,26
21,0,Clear,Urban,67,29,11,3,3,27
6,1,Rain,Urban,62,20,5,3,2,20
18,0,Clear,Highway,48,36,11,7,2,60
21,0,Clear,Suburban,67,14,14,4,2,27
21,0,Clear,Highway,74,17,14,3,4,24
12,0,Clear,Urban,53,20,5,1,4,43
22,1,Clear,Urban,78,12,5,1,3,27
1,1,Fog,Suburban,66,6,3,1,2,4
4,1,Clear,Suburban,63,4,1,1,2,11
4,0,Fog,Highway,64,8,4,0,2,3
4,0,Clear,Suburban,76,11,2,0,1,16
21,0,Clear,Highway,40,17,14,1,3,49
1,0,Clear,Highway,77,7,4,1,1,19
11,1,Clear,Highway,75,22,7,2,4,21
10,0,Fog,Suburban,79,20,8,2,3,17
16,0,Clear,Urban,66,17,10,3,2,28
11,0,Fog,Suburban,64,29,10,3,3,26
15,0,Rain,Urban,71,13,6,4,4,17
0,0,Clear,Highway,89,11,3,1,2,12
19,0,Rain,Suburban,45,39,23,6,6,57
14,0,Clear,Highway,83,13,9,3,3,34
13,1,Clear,Highway,76,18,14,3,2,21
6,1,Fog,Highway,79,9,13,4,3,10
11,1,Clear,Urban,85,19,10,1,4,25
23,1,Clear,Highway,83,11,10,4,3,34
13,1,Fog,Highway,60,16,13,4,3,10
12,0,Clear,Highway,54,16,7,4,2,44
13,0,Clear,Highway,89,27,11,4,3,38
8,0,Fog,Urban,60,36,10,4,6,39
2,0,Clear,Highway,80,5,4,0,2,15
6,1,Clear,Suburban,81,9,7,3,2,18
15,1,Rain,Urban,82,17,13,1,2,12
18,0,Clear,Highway,32,34,15,6,2,81
3,0,Rain,Highway,80,10,3,1,1,8
20,0,Clear,Suburban,56,28,13,1,4,42
0,1,Clear,Urban,74,6,3,1,1,11
18,0,Clear,Suburban,53,57,22,6,5,51
13,0,Clear,Highway,87,24,9,4,3,39
13,0,Clear,Urban,60,21,6,1,4,32
8,1,Clear,Suburban,42,38,12,4,2,46
8,1,Fog,Highway,62,28,15,7,3,39
7,1,Clear,Urban,53,25,16,7,2,60
1,0,Clear,Urban,72,5,3,1,2,11
4,0,Clear,Highway,68,5,3,0,1,16
19,0,Rain,Suburban,42,58,24,5,5,42
15,1,Clear,Highway,66,16,9,4,2,33
18,0,Rain,Suburban,49,35,17,5,6,67
21,1,Clear,Highway,64,12,14,3,4,18
11,0,Clear,Highway,69,18,10,4,3,24
18,1,Clear,Suburban,58,28,17,7,3,52
22,0,Clear,Suburban,58,25,12,3,2,46
11,1,Rain,Highway,84,21,9,4,2,16
2,0,Clear,Highway,86,5,3,0,1,5
10,0,Rain,Urban,64,14,13,4,2,20
5,0,Clear,Urban,68,3,4,0,2,7
15,0,Clear,Urban,49,20,9,1,3,45
18,0,Clear,Urban,28,41,18,5,5,95
20,0,Rain,Suburban,63,19,11,1,2,32
0,0,Clear,Urban,70,6,3,0,1,7
1,0,Clear,Urban,86,8,1,0,2,17
22,0,Clear,Suburban,45,25,7,3,4,46
20,0,Clear,Highway,77,13,6,2,2,26
14,0,Clear,Suburban,40,26,14,3,3,48
17,0,Clear,Urban,27,46,20,4,4,73
4,0,Clear,Highway,86,10,4,1,1,19
18,0,Clear,Urban,22,59,16,4,3,72
12,1,Clear,Urban,69,21,9,2,2,33
12,0,Clear,Urban,74,13,13,3,2,22
14,0,Fog,Highway,89,20,8,1,4,19
13,0,Clear,Suburban,48,28,12,2,2,46
0,0,Clear,Highway,72,3,4,1,1,10
14,0,Rain,Suburban,80,19,6,2,2,22
18,1,Clear,Urban,53,44,23,7,2,56
6,0,Rain,Suburban,62,23,11,2,2,21
0,0,Rain,Urban,87,7,3,1,1,8
15,0,Clear,Urban,80,28,14,3,4,34
3,0,Clear,Highway,64,9,1,1,1,19
0,1,Clear,Urban,87,6,2,0,1,10
11,0,Clear,Highway,47,29,14,4,3,43
15,0,Fog,Suburban,67,15,6,4,4,15
2,0,Clear,Suburban,71,3,2,1,2,13
4,0,Clear,Suburban,65,9,4,1,2,9
18,1,Clear,Highway,87,44,16,7,3,40
9,0,Clear,Urban,31,58,17,4,4,94
7,0,Rain,Highway,57,45,23,6,3,48
7,0,Clear,Urban,55,53,10,5,5,61
8,0,Clear,Urban,47,53,12,6,2,55
16,0,Clear,Highway,62,12,9,1,3,40
0,1,Clear,Suburban,77,6,1,1,2,5
12,0,Fog,Suburban,75,17,5,1,4,27
21,0,Clear,Suburban,80,16,7,1,4,31
13,0,Rain,Suburban,66,12,7,4,4,24
15,1,Clear,Urban,76,19,11,3,4,28
12,0,Rain,Urban,62,27,9,2,3,24
15,0,Rain,Highway,79,18,6,1,3,23
13,0,Clear,Urban,42,28,5,1,2,42
15,0,Clear,Suburban,64,27,8,3,2,33
11,0,Clear,Highway,89,23,13,4,4,37
0,0,Clear,Urban,73,3,2,1,2,11
1,1,Clear,Highway,67,8,3,1,1,4
1,0,Clear,Urban,85,6,1,0,2,10
6,0,Clear,Urban,77,16,12,3,2,30
0,1,Clear,Highway,69,6,2,0,1,9
12,0,Fog,Urban,61,26,6,1,4,23
7,0,Rain,Urban,47,40,20,7,6,68
1,0,Rain,Urban,86,11,3,1,1,8
0,0,Fog,Suburban,68,4,2,1,1,3
6,1,Fog,Urban,86,19,12,3,2,13
22,0,Fog,Suburban,82,29,8,3,3,18
21,1,Clear,Urban,63,16,12,3,4,30
1,0,Clear,Highway,82,10,2,0,2,9
22,0,Clear,Highway,80,29,5,2,4,24
14,0,Clear,Urban,83,29,12,4,4,30
0,1,Clear,Suburban,74,4,4,0,2,8
1,1,Rain,Suburban,62,4,2,1,2,10
12,0,Rain,Urban,63,26,11,3,4,39
4,0,Rain,Suburban,72,4,1,0,2,15
17,0,Clear,Urban,53,55,15,5,5,55
19,0,Clear,Highway,42,45,16,5,5,69
12,1,Clear,Urban,71,12,14,4,3,31
6,0,Clear,Urban,87,23,5,2,4,22
6,0,Clear,Highway,88,24,6,2,3,32
2,0,Clear,Suburban,70,4,4,0,1,18
23,0,Clear,Urban,86,28,7,3,2,30
20,0,Rain,Urban,73,21,13,3,3,26
4,1,Clear,Urban,72,3,4,1,1,13
14,0,Clear,Highway,55,27,9,1,4,47
15,0,Rain,Urban,71,21,6,1,2,39
4,1,Rain,Suburban,81,8,4,0,2,7
3,0,Clear,Highway,68,7,4,1,2,9
3,0,Clear,Urban,88,4,4,0,2,11
18,0,Clear,Urban,45,44,12,3,5,53
6,0,Fog,Highway,73,19,10,2,2,14
0,1,Clear,Highway,87,6,4,1,1,12
11,0,Clear,Suburban,71,27,13,3,3,24
10,0,Clear,Highway,58,25,14,1,4,42
3,0,Clear,Suburban,80,9,4,1,1,13
22,1,Clear,Highway,81,16,8,1,2,30
15,0,Clear,Urban,63,14,11,2,4,28
17,0,Clear,Highway,58,46,15,7,2,67
0,0,Fog,Suburban,69,10,1,0,2,10
12,0,Rain,Highway,62,26,12,3,4,28
2,0,Rain,Urban,82,11,1,1,2,15
3,0,Clear,Highway,69,4,1,0,1,15
5,1,Clear,Urban,87,2,4,1,2,8
4,0,Clear,Suburban,83,4,3,0,2,13
22,0,Clear,Highway,70,12,7,2,3,22
2,1,Fog,Highway,61,6,3,1,2,7
19,1,Clear,Highway,58,44,18,4,4,60
4,0,Clear,Suburban,65,3,1,1,2,16
16,0,Clear,Suburban,61,21,11,3,3,24
13,0,Rain,Suburban,82,26,9,1,3,21
7,1,Clear,Urban,41,33,22,4,6,51
1,1,Fog,Highway,85,4,1,1,2,5
19,0,Clear,Urban,36,38,21,4,6,71
14,0,Clear,Suburban,82,14,13,3,3,28
2,0,Clear,Suburban,67,4,3,1,2,11
6,0,Clear,Highway,89,23,10,4,3,31
0,1,Rain,Urban,84,3,3,0,2,10
19,0,Clear,Highway,23,58,24,4,2,79
8,0,Clear,Urban,54,52,15,4,3,56
9,0,Rain,Suburban,30,32,11,3,6,78
4,1,Clear,Urban,62,6,1,0,1,4
7,0,Rain,Suburban,27,47,17,5,4,74
4,0,Rain,Suburban,83,8,4,1,2,15
12,1,Fog,Highway,64,18,12,3,2,9
11,0,Rain,Urban,85,19,7,4,3,24
22,0,Clear,Suburban,79,29,14,1,4,32
0,0,Fog,Suburban,75,8,3,0,1,8
16,0,Clear,Urban,52,27,8,3,2,47
14,0,Clear,Highway,53,19,5,1,3,48
22,0,Clear,Suburban,57,15,7,1,3,44
5,1,Clear,Suburban,71,4,1,0,2,12
16,1,Fog,Suburban,72,11,14,4,4,15
20,0,Clear,Urban,53,16,14,3,4,46
19,1,Clear,Urban,55,46,19,3,4,55
16,0,Clear,Highway,85,25,5,2,4,33
19,1,Clear,Suburban,67,43,10,7,6,36
20,0,Clear,Suburban,53,22,11,2,3,48
4,0,Rain,Urban,81,8,1,0,1,13
11,0,Clear,Highway,72,19,12,2,4,33
0,1,Rain,Urban,67,5,2,1,1,7
11,1,Rain,Urban,67,20,13,3,3,19
10,1,Clear,Suburban,68,21,7,1,2,25
10,1,Clear,Suburban,66,16,12,3,2,14
23,0,Clear,Suburban,83,25,10,2,2,22
7,0,Clear,Highway,56,53,15,3,6,52
6,1,Clear,Urban,74,21,10,4,2,14
16,1,Clear,Urban,63,16,9,3,3,34
8,0,Clear,Suburban,37,49,16,3,3,92
8,0,Clear,Highway,31,35,21,5,6,73
4,1,Clear,Urban,64,7,3,1,1,6
21,0,Rain,Suburban,68,23,11,2,2,31
3,1,Clear,Urban,68,5,1,0,1,9
5,0,Rain,Highway,80,9,1,0,1,12
9,1,Clear,Suburban,59,38,14,4,4,49
12,0,Clear,Highway,43,29,9,2,2,45
19,0,Clear,Suburban,44,32,22,6,4,50
21,0,Clear,Suburban,85,24,7,3,3,29
12,0,Rain,Urban,76,21,13,2,4,24
4,0,Clear,Urban,86,11,1,1,2,5
10,0,Clear,Urban,46,28,7,1,3,43
0,1,Clear,Urban,64,2,4,1,2,10
7,0,Rain,Suburban,45,34,20,7,4,43
10,0,Clear,Highway,60,29,12,2,2,37
5,0,Clear,Urban,65,11,1,1,1,19
7,0,Clear,Urban,48,33,21,4,6,54
18,1,Clear,Suburban,46,31,24,5,3,58
13,0,Clear,Highway,72,17,11,4,3,38
18,0,Clear,Highway,38,53,23,7,5,96
21,0,Clear,Highway,79,12,9,2,4,22
15,0,Clear,Urban,88,18,13,1,3,30
6,0,Clear,Suburban,67,24,12,3,4,31
4,0,Rain,Suburban,68,3,2,1,2,4
2,0,Clear,Highway,60,11,4,1,2,13
9,0,Rain,Highway,43,52,14,6,3,54
4,0,Clear,Highway,84,10,2,0,1,14
4,0,Clear,Suburban,67,7,4,0,1,6
4,1,Clear,Suburban,68,6,2,0,1,12
3,0,Fog,Highway,72,5,1,0,1,11
19,0,Clear,Suburban,35,33,22,7,2,77
3,0,Clear,Highway,82,3,3,0,1,8
3,0,Clear,Suburban,67,6,4,1,1,7
3,0,Clear,Urban,83,9,2,1,2,14
2,0,Clear,Urban,65,7,1,0,1,16
17,0,Clear,Urban,56,42,14,3,5,54
13,0,Clear,Urban,78,25,12,3,2,35
14,1,Clear,Urban,60,22,7,4,4,31
18,0,Clear,Highway,56,39,11,3,3,51
20,1,Clear,Suburban,72,23,10,3,2,30
4,0,Clear,Suburban,63,10,1,1,2,9
2,1,Clear,Highway,88,4,4,1,2,6
12,1,Clear,Urban,65,14,10,2,4,23
19,0,Clear,Urban,38,51,13,6,5,88
22,0,Fog,Urban,82,18,8,1,2,19
2,0,Rain,Urban,80,10,1,0,2,8
7,0,Clear,Urban,25,58,11,5,2,90
15,0,Clear,Suburban,62,24,7,4,2,40
8,1,Clear,Urban,50,35,11,6,6,67
12,0,Rain,Urban,62,14,9,3,4,39
1,1,Clear,Suburban,82,4,1,1,2,5
21,1,Rain,Suburban,66,15,14,4,4,23
15,0,Fog,Suburban,84,27,14,1,3,19
22,0,Clear,Urban,80,20,8,3,4,26
0,0,Rain,Suburban,71,11,1,0,1,13
17,0,Clear,Highway,30,47,13,6,5,99
5,1,Clear,Suburban,63,8,2,1,1,7
21,1,Fog,Highway,83,13,11,3,2,10
20,0,Clear,Urban,84,21,9,4,3,32
2,0,Clear,Urban,68,5,1,1,1,8
13,1,Clear,Suburban,64,15,9,2,4,14
16,0,Clear,Suburban,47,16,7,3,2,46
16,0,Rain,Urban,74,15,14,4,3,17
11,1,Clear,Urban,84,18,12,2,3,22
6,0,Clear,Urban,62,17,11,1,3,20
9,1,Clear,Highway,40,44,18,7,2,53
17,0,Clear,Urban,29,38,16,3,5,84
7,0,Rain,Urban,29,52,24,6,3,77
5,1,Clear,Urban,74,6,3,0,1,4
6,0,Rain,Highway,64,29,10,4,2,25
23,0,Clear,Suburban,67,24,7,1,4,30
13,1,Rain,Suburban,72,23,14,1,3,17
14,1,Clear,Urban,68,12,10,2,2,30
9,0,Clear,Highway,28,41,13,3,5,84
23,0,Clear,Highway,88,25,8,2,4,26
16,0,Clear,Suburban,81,26,6,1,2,20
18,0,Fog,Suburban,48,31,12,7,6,41
5,0,Clear,Highway,71,8,1,1,2,18
10,1,Clear,Urban,69,12,13,3,3,14
4,1,Clear,Suburban,82,4,3,0,1,8
16,1,Rain,Highway,75,12,7,1,2,20
11,1,Clear,Suburban,81,23,7,1,4,15
9,0,Clear,Highway,23,56,18,5,2,91
1,0,Clear,Urban,63,10,3,1,1,5
18,1,Clear,Urban,46,33,23,5,2,50
15,1,Clear,Highway,89,17,5,3,4,15
17,0,Fog,Highway,53,35,24,5,6,43
3,0,Clear,Urban,81,9,3,0,1,13
22,0,Rain,Suburban,70,27,13,4,2,33
19,0,Rain,Urban,59,40,21,6,3,44
14,1,Rain,Urban,72,20,5,2,2,19
11,1,Clear,Urban,88,20,9,1,4,23
12,1,Clear,Suburban,89,11,8,3,4,16
15,0,Fog,Suburban,75,18,8,2,3,17
21,0,Clear,Highway,81,28,10,2,3,25
5,0,Rain,Highway,88,9,2,1,2,12
11,1,Rain,Highway,78,9,5,4,3,21
9,0,Clear,Urban,49,35,21,7,2,52
1,0,Clear,Suburban,88,8,4,1,2,7
19,0,Clear,Highway,33,56,14,6,6,92
10,1,Rain,Highway,87,17,8,1,3,13
3,1,Rain,Highway,70,6,1,0,1,4
7,0,Rain,Suburban,58,42,22,6,3,52
3,0,Clear,Suburban,79,3,3,0,1,5
10,0,Clear,Highway,72,13,8,1,4,28
7,0,Fog,Urban,79,49,11,6,5,38
4,0,Clear,Suburban,89,5,3,0,1,5
22,0,Clear,Highway,49,24,13,4,2,47
4,0,Clear,Urban,83,8,1,1,1,5
2,0,Clear,Urban,87,6,1,1,1,15
9,0,Clear,Highway,25,36,12,3,2,87
1,0,Clear,Urban,68,7,3,1,1,16
4,0,Clear,Urban,79,11,3,0,1,5
13,0,Clear,Urban,60,19,14,1,4,23
10,0,Clear,Highway,56,15,6,2,4,48
5,0,Clear,Urban,75,4,2,0,2,19
19,0,Rain,Highway,26,37,18,5,4,72
22,0,Clear,Suburban,57,17,11,2,2,41
16,0,Clear,Highway,44,28,6,4,2,46
17,0,Clear,Urban,20,31,15,6,3,98
22,1,Rain,Suburban,78,9,10,3,3,22
5,0,Clear,Highway,63,9,2,0,1,15
8,0,Rain,Suburban,51,44,18,5,3,60
4,1,Clear,Urban,73,5,2,1,1,4
9,0,Clear,Urban,43,57,21,4,6,70
15,0,Clear,Urban,80,27,5,1,3,26
9,0,Clear,Urban,27,41,19,5,5,80
16,0,Clear,Urban,86,19,12,4,2,24
23,0,Fog,Urban,72,17,6,4,3,28
11,0,Clear,Highway,45,15,14,2,2,49
20,1,Rain,Highway,68,20,6,3,3,26
9,0,Clear,Urban,35,49,11,6,6,91
3,0,Rain,Suburban,86,10,4,1,1,15
18,0,Clear,Highway,37,45,22,4,3,81
17,1,Clear,Highway,50,31,22,3,4,67
16,1,Clear,Urban,83,11,10,4,2,26
1,0,Clear,Urban,85,5,4,0,2,14
2,1,Clear,Urban,89,4,1,1,1,13
10,0,Clear,Highway,64,18,13,3,4,33
7,0,Clear,Urban,50,42,12,3,4,62
14,0,Clear,Suburban,88,14,8,3,4,20
3,0,Clear,Urban,80,10,3,0,1,9
6,1,Clear,Suburban,65,11,13,4,3,28
5,1,Clear,Urban,78,3,3,0,2,12
0,0,Clear,Suburban,65,11,2,0,1,14
9,0,Clear,Suburban,21,43,12,4,2,89
8,1,Clear,Urban,40,32,20,3,2,59
10,0,Clear,Suburban,87,27,5,4,2,26
7,1,Clear,Suburban,81,35,10,5,4,39
4,1,Rain,Urban,89,7,3,0,1,5
20,1,Clear,Suburban,80,18,10,4,2,32
6,0,Clear,Urban,88,14,5,3,2,23
3,0,Clear,Highway,81,5,4,0,2,7
22,1,Clear,Highway,83,20,6,3,4,23
20,0,Clear,Suburban,56,15,5,4,3,46
2,1,Clear,Suburban,66,4,2,1,2,13
8,1,Clear,Highway,53,24,11,7,6,65
21,0,Clear,Urban,71,21,14,1,2,20
14,0,Clear,Highway,42,24,9,1,3,45
4,0,Clear,Suburban,68,6,3,1,2,9
23,1,Clear,Urban,73,17,14,2,3,33
1,0,Clear,Urban,65,5,2,0,1,19
19,0,Clear,Suburban,39,52,15,3,5,92
14,1,Clear,Suburban,72,15,11,4,3,31
14,0,Rain,Highway,64,26,9,1,3,31
5,1,Clear,Highway,64,5,3,0,2,5
7,1,Clear,Highway,43,39,23,7,5,42
20,0,Clear,Urban,77,17,7,2,2,39
11,0,Clear,Suburban,71,14,6,4,2,28
19,0,Fog,Urban,58,57,14,3,6,52
9,0,Rain,Suburban,55,48,15,6,5,54
18,1,Clear,Highway,52,35,12,3,5,47
17,0,Clear,Highway,34,41,10,6,5,96
5,0,Clear,Suburban,77,7,2,0,1,8
14,1,Fog,Urban,80,12,8,2,4,19
3,1,Rain,Suburban,63,2,2,0,1,2
7,1,Fog,Suburban,81,47,16,4,3,28
6,0,Rain,Highway,67,28,5,3,2,22
5,0,Rain,Suburban,74,6,2,1,1,12
10,0,Rain,Highway,65,29,8,4,2,32
22,0,Clear,Highway,74,27,6,3,3,22
1,1,Rain,Suburban,82,2,1,1,2,6
7,0,Clear,Highway,37,39,20,6,3,72
3,1,Clear,Suburban,88,7,4,0,2,10
9,1,Clear,Highway,46,33,12,3,6,44
17,1,Clear,Highway,58,44,23,6,5,44
9,1,Clear,Urban,45,45,21,3,5,59
6,0,Fog,Urban,74,21,14,1,4,24
0,1,Rain,Suburban,85,8,2,0,1,5
4,0,Clear,Highway,70,6,4,0,2,19
18,0,Clear,Suburban,30,55,20,7,2,78
10,0,Clear,Suburban,60,17,6,4,3,28
5,1,Clear,Suburban,64,3,3,0,2,7
8,0,Clear,Highway,30,45,22,5,2,76
5,0,Clear,Urban,65,10,3,0,1,11
21,1,Clear,Suburban,70,16,7,3,3,24
4,1,Clear,Urban,72,3,4,0,1,7
18,0,Clear,Suburban,59,51,21,5,6,65
7,0,Clear,Highway,24,46,17,6,4,86
18,0,Clear,Urban,50,30,16,5,5,58
21,0,Clear,Highway,66,29,7,2,3,36
19,0,Clear,Highway,34,41,17,3,3,71
3,0,Fog,Urban,62,6,3,0,2,10
17,1,Clear,Highway,80,31,17,6,6,36
14,0,Clear,Suburban,66,16,13,3,2,26
16,0,Clear,Highway,46,17,10,3,3,43
6,1,Fog,Suburban,71,22,11,1,4,9
7,1,Clear,Urban,43,44,20,5,2,43
6,0,Clear,Urban,69,16,5,3,3,33
3,0,Clear,Suburban,74,9,4,0,2,6
14,0,Rain,Highway,69,12,11,4,3,23
14,0,Clear,Suburban,61,21,14,4,3,34
2,0,Clear,Highway,73,8,3,1,1,5
12,1,Clear,Highway,87,11,14,3,3,30
18,1,Clear,Urban,57,47,11,3,5,58
22,0,Clear,Highway,76,25,7,1,2,34
9,0,Clear,Suburban,27,48,20,4,6,93
23,0,Clear,Urban,63,19,11,4,4,21
12,0,Fog,Suburban,86,19,10,1,4,13
16,0,Fog,Suburban,76,28,7,2,2,15
1,0,Clear,Urban,69,4,4,1,2,9
14,0,Clear,Suburban,56,22,6,4,2,48
20,0,Clear,Urban,46,20,13,4,2,46
10,1,Clear,Highway,73,20,12,1,4,21
10,0,Clear,Highway,71,15,14,2,2,30
23,1,Fog,Urban,89,18,13,4,2,15
22,0,Clear,Suburban,78,17,11,4,2,35
19,0,Clear,Suburban,28,36,22,7,6,78
18,0,Rain,Suburban,36,42,14,4,5,75
2,0,Rain,Urban,68,11,4,1,2,11
5,0,Rain,Suburban,79,7,2,0,1,9
7,0,Clear,Urban,21,39,12,3,6,84
14,0,Clear,Urban,54,15,9,3,2,43
13,0,Rain,Highway,71,27,11,2,4,33
16,0,Clear,Suburban,88,22,13,2,4,21
1,1,Clear,Highway,68,2,4,0,1,4
13,1,Clear,Highway,67,13,7,3,2,22
9,0,Clear,Urban,24,40,10,5,5,80
18,0,Clear,Highway,26,31,24,5,2,79
8,0,Clear,Highway,21,46,12,3,5,78
9,0,Clear,Highway,47,38,24,6,3,55
4,0,Fog,Highway,73,7,3,0,2,7
9,0,Fog,Highway,60,56,17,5,2,30
5,0,Clear,Suburban,83,7,3,1,2,7
20,0,Clear,Suburban,88,16,7,1,3,30
2,1,Clear,Suburban,64,8,1,1,1,6
11,0,Clear,Highway,82,26,13,1,3,20
14,0,Clear,Suburban,62,19,9,4,2,21
6,0,Clear,Highway,74,29,11,2,4,33
2,1,Clear,Urban,80,8,3,1,2,7
12,1,Clear,Urban,68,23,5,3,3,18
6,0,Clear,Suburban,71,25,8,2,2,33
17,0,Clear,Urban,47,51,15,4,3,65
4,0,Clear,Suburban,63,7,1,1,2,13
17,0,Clear,Suburban,41,57,20,7,5,51
21,0,Clear,Urban,70,13,6,1,2,33
3,0,Fog,Suburban,64,6,3,1,1,6
9,1,Rain,Urban,40,25,16,4,3,53
23,1,Rain,Suburban,88,9,13,1,2,11
1,0,Rain,Urban,79,6,3,0,1,4
10,0,Clear,Suburban,82,22,13,1,3,34
10,0,Rain,Urban,67,16,13,3,2,35
13,0,Clear,Highway,83,27,12,1,3,38
23,0,Clear,Urban,67,22,10,3,3,26
3,0,Rain,Urban,75,8,1,1,2,11
23,1,Fog,Highway,64,10,7,4,3,13
16,1,Clear,Highway,75,17,11,3,2,29
7,0,Clear,Highway,47,45,12,5,5,65
2,0,Clear,Highway,63,10,1,1,2,12
0,0,Rain,Urban,83,8,3,1,1,14
21,0,Rain,Highway,83,17,13,1,3,23
16,1,Clear,Highway,80,16,10,3,4,29
7,0,Fog,Suburban,47,48,11,4,4,57
10,1,Clear,Urban,85,22,5,1,2,28
8,1,Clear,Suburban,50,29,22,6,4,56
22,1,Rain,Urban,63,18,14,1,4,17
9,0,Clear,Urban,43,44,22,7,5,69
6,0,Clear,Suburban,62,28,13,4,3,21
18,1,Clear,Urban,56,28,22,4,5,44
5,0,Clear,Urban,69,6,3,1,2,5
22,1,Clear,Urban,76,22,9,4,3,30
18,0,Clear,Highway,31,50,15,3,5,83
10,0,Clear,Urban,73,25,13,1,4,33
19,1,Clear,Urban,52,25,24,5,5,43
22,0,Clear,Suburban,45,21,6,3,2,42
17,0,Clear,Suburban,37,39,15,6,2,78
15,0,Fog,Urban,73,28,6,2,4,25
14,0,Rain,Urban,84,29,10,4,4,17
15,0,Clear,Urban,66,28,14,1,2,24
7,0,Clear,Urban,26,31,23,6,2,83
2,0,Clear,Urban,82,11,3,1,2,16
16,0,Clear,Urban,83,29,9,3,4,38
6,1,Clear,Highway,86,9,5,4,2,16
7,1,Clear,Urban,51,36,12,5,6,43
14,0,Clear,Suburban,51,20,8,2,2,44
16,0,Clear,Highway,80,19,12,2,2,27
17,0,Rain,Suburban,36,53,18,4,3,72
13,0,Rain,Highway,80,17,14,4,4,19
14,0,Clear,Highway,41,21,10,2,4,47
0,0,Clear,Highway,64,5,1,1,2,11
21,1,Clear,Urban,60,12,5,2,3,32
4,1,Fog,Highway,65,6,3,1,1,6
8,1,Clear,Suburban,59,41,20,7,3,56
17,0,Clear,Urban,33,36,10,6,2,96
5,0,Clear,Suburban,77,9,1,0,2,18
18,1,Clear,Highway,57,43,24,4,5,44
15,0,Rain,Highway,76,13,14,3,2,31
20,0,Clear,Highway,52,17,9,2,2,45
0,0,Clear,Urban,77,4,4,1,2,8
0,0,Fog,Urban,86,9,1,0,2,4
4,0,Clear,Urban,76,9,1,0,1,5
6,0,Clear,Urban,79,13,8,4,3,30
6,0,Clear,Urban,85,14,7,3,2,31
11,1,Rain,Suburban,75,16,5,2,2,20
15,0,Clear,Urban,68,12,11,4,4,38
19,0,Rain,Urban,58,31,22,3,4,70
0,0,Rain,Urban,77,6,4,1,1,8
15,0,Clear,Highway,74,25,12,3,3,23
10,1,Clear,Highway,82,12,5,1,3,18
3,0,Clear,Highway,75,11,2,1,2,9
20,0,Clear,Urban,75,15,14,4,3,39
7,0,Clear,Urban,37,58,13,4,5,98
3,0,Rain,Highway,74,6,4,0,1,7
0,0,Rain,Suburban,75,7,4,1,2,10
0,0,Rain,Suburban,67,6,4,1,1,8
15,1,Clear,Urban,68,11,14,3,2,21
14,0,Fog,Highway,84,14,11,2,3,22
22,0,Fog,Highway,62,27,12,4,2,24
19,1,Fog,Suburban,60,46,18,5,6,30
5,0,Rain,Highway,68,8,4,1,2,4
7,0,Clear,Urban,50,40,17,3,2,52
3,0,Rain,Suburban,72,11,2,0,2,8
5,1,Clear,Highway,66,8,3,1,2,6
20,1,Rain,Urban,89,14,13,1,2,17
16,0,Clear,Suburban,85,29,11,3,2,20
5,1,Clear,Urban,82,6,3,0,1,7
15,1,Clear,Urban,87,17,8,4,3,25
7,1,Clear,Highway,49,40,15,7,6,58
19,0,Clear,Suburban,25,40,10,6,4,95
23,0,Fog,Suburban,79,25,11,1,2,12
11,0,Clear,Suburban,70,29,14,4,2,37
22,0,Fog,Urban,75,19,12,3,2,17
2,0,Clear,Urban,77,3,4,1,2,10
13,1,Clear,Highway,83,13,10,4,4,34
17,0,Clear,Urban,44,30,15,3,2,62
18,0,Clear,Urban,38,43,13,4,3,95
1,0,Clear,Urban,79,8,2,0,1,5
19,0,Clear,Urban,53,54,12,3,2,66
20,0,Clear,Suburban,50,27,9,4,4,45
4,0,Clear,Urban,71,9,1,1,2,16
9,0,Clear,Urban,55,42,16,6,6,55
21,0,Clear,Suburban,56,12,11,1,3,47
13,1,Clear,Urban,67,18,7,1,3,14
4,0,Clear,Highway,70,5,4,0,2,15
21,0,Clear,Highway,48,19,11,2,4,48
4,1,Clear,Urban,65,8,2,0,2,11
22,1,Fog,Urban,71,17,10,1,2,13
22,1,Clear,Urban,66,16,7,2,4,25
7,0,Clear,Highway,23,43,16,3,6,80
16,0,Clear,Highway,67,29,11,3,2,33
1,0,Clear,Urban,60,11,3,1,1,16
1,0,Clear,Highway,65,9,4,0,2,17
23,0,Clear,Urban,78,22,11,1,3,40
23,0,Clear,Highway,62,12,14,4,2,33
18,0,Clear,Suburban,41,43,16,4,3,62
4,0,Fog,Highway,62,6,2,0,2,5
4,1,Clear,Highway,73,2,1,1,1,9
11,0,Clear,Urban,80,21,5,2,2,33
4,0,Clear,Suburban,74,9,3,1,2,15
1,0,Clear,Urban,74,4,2,0,2,14
23,1,Clear,Urban,72,10,8,4,3,22
6,0,Clear,Urban,70,28,5,1,2,25
4,1,Fog,Highway,63,4,3,0,1,2
10,1,Clear,Urban,75,11,5,3,4,32
6,1,Clear,Urban,81,12,5,2,2,34
18,1,Clear,Suburban,50,28,18,6,6,44
22,0,Clear,Suburban,71,21,14,3,4,20
16,1,Rain,Urban,70,21,12,4,2,21
9,0,Fog,Suburban,45,49,10,5,3,49
21,1,Rain,Suburban,63,12,9,2,3,15
18,0,Clear,Highway,27,44,16,3,2,76
23,0,Clear,Suburban,60,14,14,1,4,28
18,0,Clear,Urban,21,49,12,6,2,81
16,1,Clear,Urban,61,18,9,4,2,20
11,0,Clear,Urban,83,23,13,1,2,25
12,1,Clear,Suburban,88,19,12,4,2,32
12,0,Clear,Urban,75,16,9,2,4,34
19,0,Clear,Urban,23,51,22,7,5,75
0,0,Clear,Suburban,68,8,2,0,1,5
1,1,Clear,Highway,65,4,1,1,2,9
19,1,Fog,Suburban,67,37,11,7,2,36
14,1,Clear,Urban,60,12,8,1,2,16
4,0,Clear,Suburban,72,9,3,1,1,11
7,0,Clear,Urban,23,48,10,7,3,96
19,0,Clear,Highway,39,56,24,3,3,83
15,0,Clear,Suburban,81,16,7,1,4,27
4,0,Clear,Urban,64,3,3,0,1,9
7,0,Clear,Urban,26,36,22,5,4,71
8,0,Clear,Urban,42,52,15,6,4,67
8,1,Clear,Urban,52,37,18,3,2,60
8,0,Clear,Urban,37,52,10,3,5,97
16,1,Clear,Urban,74,12,12,1,3,16
1,1,Clear,Suburban,78,3,1,1,1,7
2,1,Rain,Urban,84,6,2,0,1,5
23,0,Clear,Suburban,52,12,7,1,3,42
4,0,Clear,Urban,77,3,1,0,2,18
1,0,Clear,Urban,79,6,2,1,2,19
16,1,Clear,Urban,69,10,9,4,3,23
13,1,Clear,Urban,67,19,12,3,2,18
14,1,Clear,Urban,70,16,10,4,2,21
20,0,Fog,Urban,84,17,14,2,2,24
3,1,Clear,Highway,67,4,1,0,1,12
17,1,Clear,Urban,53,38,12,3,3,58
12,0,Rain,Suburban,86,23,7,1,4,16
2,0,Clear,Urban,69,6,3,1,1,5
14,0,Rain,Highway,75,27,5,4,4,35
12,0,Clear,Suburban,59,26,8,4,2,43
23,0,Rain,Suburban,77,22,6,2,3,23
0,0,Clear,Highway,81,9,3,1,1,14
21,0,Clear,Urban,57,22,5,4,2,45
3,0,Clear,Suburban,62,4,2,0,2,7
20,0,Rain,Highway,87,18,14,4,4,35
15,0,Clear,Urban,77,20,10,3,4,32
21,0,Clear,Highway,84,26,6,4,3,29
1,0,Rain,Highway,82,4,1,0,1,8
16,0,Clear,Highway,74,26,13,3,2,21
17,0,Clear,Highway,57,59,18,4,2,50
6,0,Clear,Highway,82,13,12,3,3,32
23,1,Clear,Suburban,81,20,13,2,4,28
14,1,Clear,Suburban,88,16,7,4,2,21
1,0,Clear,Urban,87,3,3,0,1,6
2,0,Rain,Urban,68,5,2,1,2,13
10,0,Rain,Suburban,85,13,14,1,3,32
10,1,Clear,Highway,82,19,11,2,3,23
17,0,Clear,Highway,20,49,12,3,5,96
19,0,Clear,Suburban,56,34,16,3,4,55
15,0,Clear,Urban,48,23,10,2,4,43
5,0,Fog,Urban,88,7,1,0,1,10
20,0,Clear,Urban,80,28,10,4,3,37
13,0,Rain,Highway,69,14,9,3,3,38
12,0,Rain,Suburban,67,24,6,4,2,21
17,0,Rain,Highway,50,55,24,4,3,60
8,0,Rain,Highway,53,45,21,4,4,54
6,1,Clear,Suburban,61,14,9,4,2,25
1,1,Clear,Highway,62,5,4,1,2,6
0,1,Rain,Suburban,62,4,4,0,1,3
23,0,Clear,Urban,45,17,8,1,3,43
23,0,Clear,Highway,68,20,14,1,4,25
20,0,Rain,Urban,83,13,10,4,3,24
22,1,Rain,Urban,64,12,13,1,2,17
9,1,Fog,Urban,68,42,11,7,5,31
23,0,Clear,Highway,63,27,5,1,3,20
15,0,Fog,Suburban,71,18,9,1,3,16
10,0,Clear,Urban,82,16,11,4,3,40
22,0,Clear,Suburban,67,19,12,2,2,32
12,0,Rain,Highway,73,25,8,3,4,20
21,0,Clear,Urban,88,24,12,4,4,37
20,0,Rain,Urban,79,21,12,2,3,22
23,0,Clear,Suburban,57,21,10,2,3,41
4,0,Rain,Suburban,79,9,3,1,2,11
8,0,Clear,Urban,47,56,17,5,3,63
2,1,Clear,Highway,65,3,1,0,2,6
13,0,Fog,Suburban,80,23,14,2,2,29
9,0,Clear,Urban,25,38,16,4,6,89
4,0,Clear,Urban,62,11,1,1,1,12
5,0,Clear,Urban,89,3,3,1,1,18
2,1,Clear,Suburban,75,4,2,1,1,11
10,1,Clear,Urban,80,17,5,2,3,20
15,1,Clear,Urban,77,20,8,1,2,20
18,0,Rain,Highway,46,34,19,6,6,48
20,0,Clear,Urban,74,15,11,2,4,38
8,0,Clear,Suburban,25,41,19,7,4,82
18,1,Fog,Urban,78,35,22,7,6,39
17,0,Rain,Highway,51,59,19,5,2,52
20,1,Fog,Suburban,68,10,11,4,3,19
11,0,Rain,Suburban,77,16,14,3,3,20
14,1,Clear,Urban,80,17,14,2,4,22
13,0,Clear,Suburban,65,14,12,2,2,35
15,0,Clear,Highway,79,18,8,3,4,29
7,0,Clear,Urban,30,50,11,4,4,71
21,1,Clear,Suburban,69,12,9,3,2,26
13,0,Clear,Urban,82,21,14,4,3,29
6,1,Clear,Urban,85,18,5,4,2,16
12,0,Clear,Highway,70,20,14,1,4,21
14,0,Clear,Suburban,60,18,14,3,4,36
16,0,Rain,Urban,78,24,14,3,3,19
15,1,Clear,Suburban,76,18,13,1,4,31
1,0,Clear,Urban,75,6,2,1,2,14
22,0,Clear,Urban,48,27,9,3,4,41
19,0,Clear,Urban,59,33,22,6,2,54
18,0,Fog,Suburban,47,30,23,4,5,52
2,1,Clear,Urban,61,5,1,1,2,10
17,0,Clear,Suburban,34,37,24,6,4,96
9,0,Clear,Suburban,56,33,14,6,2,59
6,1,Clear,Highway,87,12,9,2,4,30
8,1,Clear,Suburban,45,37,21,4,6,43
22,1,Clear,Urban,68,9,9,1,4,32
7,0,Clear,Urban,40,35,18,6,4,68
13,1,Rain,Urban,84,16,5,4,4,16
2,1,Clear,Highway,69,6,3,0,2,9
5,0,Clear,Urban,84,3,2,0,1,10
20,1,Clear,Highway,63,22,14,2,4,14
5,0,Clear,Suburban,66,4,2,1,2,8
11,0,Clear,Urban,79,21,11,2,3,25
12,0,Fog,Highway,81,28,6,2,3,15
19,0,Clear,Highway,24,57,18,4,6,76
22,0,Clear,Highway,59,25,14,3,4,48
22,0,Clear,Suburban,44,21,12,1,2,45
10,0,Clear,Highway,65,15,7,4,3,34
11,0,Clear,Suburban,41,21,11,4,2,48
13,0,Clear,Suburban,70,13,5,2,3,23
20,0,Clear,Highway,66,19,10,2,2,20
4,0,Rain,Urban,85,11,1,1,1,15
5,0,Clear,Suburban,75,6,3,0,1,17
21,0,Rain,Urban,67,19,6,3,2,25
23,1,Fog,Urban,85,14,6,2,4,18
11,0,Clear,Suburban,75,22,14,4,4,30
7,0,Clear,Suburban,58,43,11,3,3,54
12,1,Clear,Highway,75,12,13,1,2,28
2,1,Clear,Urban,63,6,4,0,2,9
18,1,Clear,Highway,58,39,17,6,5,44
17,0,Fog,Highway,59,37,19,6,4,54
5,0,Clear,Urban,70,4,3,1,1,8
16,0,Clear,Urban,70,20,7,3,3,30
19,1,Fog,Urban,87,36,20,3,4,34
21,0,Clear,Highway,75,24,10,1,3,22
9,0,Clear,Suburban,38,51,19,6,4,97
13,1,Clear,Highway,82,19,10,3,3,30
14,1,Clear,Highway,71,11,11,4,3,31
12,0,Rain,Suburban,63,21,13,1,4,32
6,0,Clear,Highway,47,27,9,3,2,49
8,0,Clear,Suburban,29,36,17,7,6,71
4,0,Clear,Urban,82,10,2,0,2,15
21,0,Fog,Urban,63,21,14,3,3,19
16,0,Clear,Urban,71,20,10,2,2,35
17,1,Rain,Highway,47,43,19,5,6,44
1,0,Clear,Highway,69,4,4,0,2,10
17,0,Rain,Urban,52,57,21,3,2,67
3,0,Rain,Highway,72,8,1,0,2,14
6,0,Clear,Urban,83,27,13,3,3,23
10,0,Clear,Highway,83,20,12,2,3,24
22,0,Clear,Urban,42,16,10,4,3,47
14,0,Clear,Highway,45,15,5,3,2,45
4,1,Clear,Highway,74,7,3,1,1,4
9,1,Rain,Highway,46,45,18,5,5,48
12,0,Clear,Urban,81,12,10,1,2,33
16,0,Clear,Urban,44,23,13,4,4,48
20,0,Fog,Urban,61,23,14,4,4,18
15,1,Rain,Urban,88,21,12,3,2,18
17,0,Clear,Urban,51,39,17,4,3,52
18,0,Clear,Urban,40,58,23,7,3,69
11,0,Clear,Suburban,54,15,13,1,4,49
3,0,Clear,Highway,87,7,2,1,1,14
12,1,Rain,Urban,79,14,10,3,3,12
7,0,Rain,Suburban,59,34,15,5,3,56
9,0,Clear,Suburban,23,42,24,6,4,73
4,0,Clear,Urban,68,4,3,1,2,7
13,0,Clear,Suburban,54,17,7,3,4,43
7,1,Clear,Urban,46,47,24,6,4,42
3,1,Clear,Suburban,89,8,2,0,1,10
19,0,Clear,Urban,24,47,22,3,5,85
3,0,Rain,Urban,73,7,3,0,1,4
12,0,Rain,Urban,61,28,8,3,2,38
22,0,Clear,Urban,55,26,8,4,2,43
17,1,Clear,Urban,84,44,16,7,6,37
3,0,Clear,Urban,63,9,3,0,2,7
16,0,Clear,Highway,87,28,5,3,3,21
3,0,Rain,Highway,87,4,4,1,1,12
1,0,Rain,Suburban,88,10,4,1,2,14
17,0,Clear,Highway,34,49,19,3,2,89
11,1,Clear,Highway,71,10,7,4,4,26
11,0,Clear,Urban,50,12,11,2,3,48
8,1,Clear,Urban,41,39,18,5,6,48
11,1,Fog,Highway,88,16,7,3,2,8
6,1,Clear,Urban,74,10,11,1,4,14
5,0,Clear,Highway,89,5,2,0,2,8
19,0,Clear,Suburban,57,31,18,5,6,51
21,0,Clear,Urban,69,13,10,4,4,34
1,1,Clear,Highway,68,4,1,0,1,8
22,0,Fog,Suburban,87,27,9,1,2,24
1,0,Clear,Highway,66,9,2,1,1,12
2,1,Clear,Highway,72,8,4,0,1,11
7,1,Clear,Urban,56,45,11,5,6,57
12,0,Clear,Urban,83,22,13,2,2,37
18,0,Clear,Highway,38,42,17,7,5,75
8,0,Clear,Highway,56,58,22,3,2,50
6,0,Clear,Suburban,88,18,5,2,2,21
23,0,Clear,Suburban,50,24,8,1,3,46
10,0,Clear,Urban,70,24,9,4,4,37
2,1,Clear,Highway,67,5,1,1,1,3
21,0,Clear,Suburban,85,18,7,4,3,22
9,0,Clear,Suburban,54,48,24,6,2,64
9,0,Clear,Urban,55,50,16,4,6,62
2,0,Clear,Suburban,64,11,2,0,2,14
21,0,Fog,Urban,74,15,8,4,2,27
3,1,Clear,Urban,88,6,2,0,1,4
11,0,Rain,Urban,72,25,14,3,4,34
11,0,Clear,Urban,46,20,14,1,2,48
11,0,Rain,Urban,68,18,8,4,3,21
8,1,Rain,Suburban,46,44,11,6,5,44
21,0,Clear,Suburban,86,20,5,1,4,40
2,0,Clear,Suburban,87,9,1,1,1,16
12,0,Clear,Urban,48,21,6,1,3,42
10,1,Clear,Highway,60,22,12,3,2,17
3,0,Clear,Suburban,63,4,2,1,1,15
12,0,Clear,Urban,40,17,13,4,3,41
13,0,Rain,Urban,89,25,9,1,4,21
19,1,Clear,Suburban,55,37,20,6,3,46
16,0,Clear,Urban,63,23,7,1,2,20
8,1,Clear,Suburban,75,28,24,6,4,38
10,0,Fog,Highway,64,27,10,2,2,22
23,1,Rain,Suburban,68,19,9,2,3,24
2,1,Clear,Highway,65,4,2,1,1,7
15,0,Fog,Urban,76,16,6,2,2,13
23,0,Clear,Urban,62,22,10,3,2,22
2,0,Clear,Urban,64,3,3,0,2,18
18,0,Rain,Highway,71,54,24,4,3,40
18,1,Clear,Urban,58,38,19,6,5,67
4,0,Clear,Urban,87,10,4,1,1,16
4,1,Clear,Urban,75,5,3,1,1,8
16,0,Clear,Highway,85,29,6,4,4,34
0,1,Rain,Highway,78,3,2,0,2,6
17,1,Clear,Urban,40,42,18,5,2,65
9,1,Clear,Suburban,43,44,21,3,3,45
5,0,Clear,Highway,85,9,2,0,2,15
20,0,Clear,Highway,48,13,5,3,2,47
14,0,Clear,Suburban,43,16,11,4,4,47
23,1,Clear,Urban,63,16,10,3,2,21
20,1,Rain,Urban,84,17,7,4,3,21
6,0,Clear,Highway,78,25,13,3,3,31
16,0,Clear,Suburban,61,22,10,4,2,40
9,1,Clear,Highway,41,40,24,3,3,59
21,0,Clear,Highway,68,25,9,4,3,25
2,0,Rain,Highway,75,9,3,1,2,5
13,0,Rain,Urban,75,19,12,4,4,32
22,1,Clear,Urban,79,9,12,4,2,15
18,0,Clear,Suburban,54,59,20,4,5,60
14,0,Fog,Suburban,89,22,8,3,2,26
19,0,Rain,Highway,76,56,15,6,3,40
13,0,Clear,Suburban,42,19,9,1,4,48
13,0,Clear,Suburban,46,29,12,4,3,47
7,1,Clear,Highway,56,24,17,3,6,43
6,0,Clear,Urban,68,27,12,3,4,32
21,0,Clear,Highway,41,25,11,4,4,47
14,0,Clear,Suburban,71,27,5,2,4,40
15,0,Clear,Urban,77,21,8,3,2,40
5,0,Clear,Suburban,76,11,3,0,1,17
21,0,Fog,Urban,84,17,5,3,4,17
8,0,Clear,Highway,54,58,21,6,6,66
10,0,Clear,Highway,60,19,6,1,3,39
4,0,Clear,Suburban,78,6,1,1,2,8
20,1,Clear,Highway,84,11,10,2,2,19
7,0,Rain,Highway,28,30,15,6,6,79
17,0,Clear,Highway,39,58,13,5,5,78
1,0,Clear,Highway,62,7,2,0,1,10
2,0,Clear,Suburban,74,3,3,1,2,8
10,0,Rain,Suburban,65,18,8,3,2,35
20,1,Clear,Urban,70,21,6,1,3,14
21,1,Clear,Suburban,78,18,5,4,4,25
1,1,Rain,Urban,83,4,2,0,2,6
20,0,Clear,Urban,84,18,11,2,2,26
13,1,Clear,Urban,78,23,10,4,4,32
13,0,Clear,Suburban,88,22,7,4,3,37
15,0,Rain,Urban,64,23,8,2,2,39
19,0,Rain,Suburban,43,59,23,5,3,64
12,0,Clear,Urban,46,20,14,2,2,45
17,1,Clear,Highway,42,44,22,3,2,42
4,0,Rain,Urban,88,7,1,0,1,7
17,0,Fog,Highway,54,37,21,5,5,59
19,1,Clear,Urban,40,46,22,6,2,42
13,0,Clear,Urban,50,29,11,4,4,44
2,0,Rain,Suburban,69,5,4,1,1,14
11,0,Clear,Suburban,83,25,6,3,3,38
22,0,Clear,Urban,71,12,13,2,3,33
0,0,Rain,Urban,79,11,2,1,1,8
16,0,Clear,Suburban,85,19,6,1,3,38
14,1,Clear,Suburban,62,23,12,4,2,21
22,0,Clear,Urban,61,29,9,3,3,26
14,0,Fog,Suburban,72,25,12,2,2,15
11,0,Clear,Highway,75,23,6,2,4,36
10,0,Clear,Highway,85,27,7,3,3,35
8,0,Clear,Urban,41,45,17,4,2,59
19,0,Clear,Urban,59,52,15,4,5,53
8,0,Clear,Highway,59,40,14,5,3,60
21,0,Fog,Highway,60,26,11,3,2,25
23,0,Clear,Urban,70,26,9,1,3,22
2,0,Rain,Highway,78,8,3,1,1,14
0,0,Clear,Suburban,84,10,4,0,2,16
14,0,Rain,Highway,89,24,11,1,2,18
7,1,Clear,Urban,56,35,20,7,6,58
4,0,Fog,Urban,86,5,1,0,2,11
11,0,Clear,Urban,65,24,14,1,4,40
22,0,Clear,Urban,73,27,13,3,4,22
1,0,Clear,Highway,86,3,3,0,2,19
21,0,Clear,Highway,64,14,7,4,4,34
5,0,Clear,Highway,88,9,4,0,1,8
19,1,Fog,Highway,76,28,23,6,2,25
19,1,Clear,Urban,46,38,15,6,6,50
2,1,Clear,Highway,64,5,4,0,2,12
21,0,Clear,Suburban,54,15,7,2,4,44
1,0,Clear,Urban,79,11,4,1,2,9
5,0,Clear,Urban,85,5,4,0,2,10
17,1,Clear,Suburban,50,44,12,5,3,56
9,0,Clear,Urban,43,35,12,4,3,70
9,0,Clear,Urban,24,32,11,6,3,77
20,0,Clear,Urban,64,18,9,1,2,32
20,1,Clear,Suburban,75,12,12,2,4,29
10,0,Clear,Suburban,69,16,11,2,4,32
11,0,Clear,Highway,87,19,5,2,3,30
14,0,Clear,Highway,88,15,5,2,4,33
6,1,Clear,Highway,81,21,7,4,3,17
18,1,Fog,Highway,77,28,23,5,5,37
17,0,Clear,Highway,27,48,20,7,4,86
22,1,Clear,Urban,68,13,10,2,3,21
5,0,Clear,Highway,65,3,4,1,2,14
17,0,Rain,Highway,48,51,23,4,2,59
16,0,Clear,Suburban,73,29,12,3,4,24
6,0,Fog,Suburban,72,28,8,1,2,14
7,1,Rain,Urban,40,45,21,3,6,48
16,0,Rain,Highway,82,12,14,2,4,26
19,0,Clear,Urban,39,57,20,5,2,73
3,0,Clear,Suburban,89,6,4,0,2,12
21,1,Clear,Highway,77,11,6,2,2,23
19,0,Fog,Urban,48,37,17,5,6,55
18,0,Clear,Suburban,27,41,24,7,6,74
14,0,Clear,Suburban,63,17,13,3,3,33
2,0,Clear,Suburban,63,6,3,0,2,11
10,0,Clear,Urban,74,12,10,4,4,40
15,0,Rain,Suburban,68,29,9,4,2,29
2,0,Fog,Highway,81,6,1,1,1,7
4,1,Rain,Urban,71,8,3,0,2,7
7,1,Rain,Suburban,81,39,10,5,4,32
16,1,Rain,Urban,71,20,9,3,2,27
7,0,Clear,Suburban,37,41,10,4,3,89
4,0,Clear,Urban,69,11,2,0,1,12
5,0,Clear,Suburban,79,7,1,0,2,12
8,0,Clear,Urban,25,52,22,7,2,84
10,0,Clear,Urban,56,23,8,4,2,42
0,0,Clear,Highway,62,8,4,1,1,11
22,0,Clear,Highway,73,22,6,3,3,37
9,1,Rain,Highway,65,46,15,7,6,28
5,0,Clear,Urban,88,3,3,1,1,13
5,1,Rain,Urban,79,5,1,1,1,8
11,0,Fog,Highway,73,15,11,4,3,25
15,1,Clear,Suburban,88,10,5,1,2,31
2,0,Rain,Urban,89,10,4,0,2,10
20,0,Clear,Urban,85,17,12,2,3,36
0,0,Clear,Highway,63,9,3,0,2,7
15,0,Rain,Highway,60,18,13,3,4,22
23,0,Clear,Highway,44,27,11,2,4,49
12,1,Clear,Highway,67,9,6,3,3,23
8,1,Clear,Suburban,48,40,22,5,6,54
0,0,Clear,Highway,74,8,2,0,1,18
19,1,Clear,Urban,50,36,19,7,4,41
13,0,Clear,Urban,88,22,10,2,4,22
15,0,Clear,Highway,44,19,11,1,4,48
2,0,Rain,Urban,60,8,2,1,2,4
4,1,Clear,Suburban,86,3,3,1,1,6
10,1,Rain,Highway,80,16,11,3,2,19
0,0,Rain,Urban,78,10,3,1,1,9
18,1,Rain,Highway,72,40,14,3,5,29
14,0,Clear,Urban,72,24,10,1,3,31
12,1,Clear,Suburban,60,22,7,3,4,19
21,1,Clear,Highway,67,13,6,1,3,19
13,0,Clear,Urban,75,20,13,3,2,21
4,0,Clear,Highway,81,3,1,0,1,6
11,1,Clear,Highway,85,17,6,1,3,33
16,0,Clear,Urban,62,15,5,2,2,29
9,0,Clear,Urban,50,32,19,7,6,53
21,1,Rain,Highway,82,11,5,3,2,24
11,0,Clear,Highway,71,17,11,3,4,38
6,0,Clear,Suburban,88,14,11,3,4,23
15,0,Clear,Suburban,89,29,8,1,2,29
18,1,Clear,Suburban,41,24,14,6,5,54
2,1,Clear,Suburban,83,5,3,1,1,4
18,0,Clear,Suburban,49,33,12,7,3,56
14,0,Clear,Highway,56,27,8,3,3,41
6,0,Clear,Urban,88,22,14,3,3,36
12,0,Rain,Urban,62,16,8,4,4,28
15,1,Fog,Suburban,69,19,5,1,2,12
14,1,Clear,Suburban,68,23,14,2,4,31
10,1,Clear,Suburban,61,12,9,2,2,29
21,0,Rain,Urban,81,23,10,4,4,36
21,0,Rain,Suburban,78,17,13,2,2,29
1,0,Clear,Urban,70,4,4,1,2,13
13,1,Clear,Urban,63,20,6,2,4,16
4,0,Clear,Urban,63,4,4,0,2,8
23,0,Clear,Urban,76,16,13,1,2,22
20,0,Clear,Urban,56,26,11,3,3,44
10,1,Rain,Suburban,73,13,9,1,3,22
14,0,Clear,Urban,43,26,14,4,2,49
0,0,Clear,Urban,60,9,3,1,2,17
11,0,Rain,Urban,70,20,13,2,3,20
23,0,Clear,Urban,85,22,8,3,2,28
12,0,Clear,Highway,83,22,5,2,4,22
11,0,Clear,Urban,60,17,8,2,4,40
12,1,Clear,Highway,86,16,14,4,4,33
21,0,Clear,Urban,68,26,13,1,3,22
15,1,Rain,Highway,77,17,10,3,2,23
0,0,Clear,Suburban,78,8,2,1,1,12
1,0,Clear,Urban,84,5,2,1,1,10
4,0,Clear,Urban,81,10,4,1,2,10
7,0,Clear,Suburban,23,52,24,3,6,98
2,0,Clear,Suburban,75,8,2,0,2,5
3,1,Clear,Highway,87,4,1,0,1,7
5,0,Fog,Urban,79,7,4,0,2,3
8,0,Clear,Highway,20,38,19,6,3,89
21,1,Rain,Suburban,65,20,10,1,3,12
23,0,Fog,Highway,80,12,12,4,2,27
3,0,Clear,Urban,68,11,2,1,2,13
6,0,Rain,Urban,80,13,7,2,4,28
2,0,Clear,Urban,72,6,2,0,2,16
16,1,Clear,Urban,69,20,12,4,2,30
17,0,Clear,Highway,31,33,23,6,6,77
19,1,Rain,Suburban,82,26,22,6,6,39
11,0,Rain,Urban,84,13,9,3,2,39
12,1,Clear,Highway,86,9,6,1,2,34
14,1,Clear,Suburban,78,16,6,2,2,23
9,1,Rain,Urban,79,39,23,7,2,36
18,0,Clear,Suburban,38,55,16,3,3,73
10,0,Clear,Highway,71,29,5,4,3,24
21,0,Fog,Urban,71,12,8,3,2,25
9,0,Fog,Suburban,83,32,10,5,4,38
8,1,Fog,Suburban,60,24,14,5,4,21
15,0,Clear,Suburban,78,14,14,1,2,28
18,0,Clear,Highway,57,57,16,6,5,58
23,0,Clear,Urban,41,14,6,2,3,46
3,0,Fog,Urban,73,10,2,0,2,11
5,0,Clear,Highway,68,7,2,0,2,19
8,0,Clear,Suburban,45,40,12,7,5,58
18,1,Clear,Suburban,55,36,15,6,2,61
9,1,Clear,Urban,45,46,18,6,3,50
3,1,Rain,Suburban,89,4,1,1,2,5
20,0,Clear,Suburban,70,28,9,3,3,32
2,0,Clear,Highway,76,4,4,1,2,11
22,0,Clear,Urban,69,28,7,1,4,24
5,1,Clear,Suburban,77,8,4,1,1,13
15,0,Rain,Urban,70,18,14,4,4,29
4,0,Clear,Urban,63,8,1,1,2,9
15,0,Clear,Urban,48,26,9,4,3,45
9,0,Fog,Highway,56,49,14,5,3,48
4,0,Rain,Suburban,76,8,2,1,2,13
17,1,Clear,Urban,43,36,19,4,6,51
7,0,Clear,Highway,37,40,15,6,4,99
5,0,Clear,Urban,75,9,1,0,1,14
23,1,Clear,Suburban,71,22,13,3,3,23
23,0,Clear,Suburban,61,19,14,4,2,31
13,1,Clear,Urban,84,12,11,3,4,16
4,1,Fog,Urban,62,4,3,1,2,4
18,1,Fog,Urban,82,28,17,7,4,21
22,1,Clear,Urban,70,16,6,2,2,14
9,1,Clear,Suburban,47,34,11,4,5,46
23,1,Rain,Highway,76,20,12,2,2,25
7,0,Clear,Urban,45,54,16,3,6,53
3,0,Clear,Highway,85,4,4,0,2,18
14,0,Clear,Urban,89,13,7,4,3,29
18,0,Fog,Suburban,48,57,22,5,2,54
8,0,Clear,Suburban,28,40,19,3,2,97
18,1,Clear,Urban,49,38,11,5,6,65
17,0,Clear,Urban,57,36,20,7,2,66
7,0,Clear,Highway,39,57,20,3,5,97
18,0,Clear,Suburban,35,46,21,4,4,81
17,1,Fog,Highway,82,26,19,6,2,39
14,1,Clear,Urban,67,19,12,1,2,21
13,0,Fog,Suburban,78,19,6,2,4,15
18,1,Rain,Highway,68,39,13,4,4,38
21,0,Clear,Suburban,62,25,10,3,3,21
13,1,Clear,Highway,89,20,11,4,4,23
11,0,Fog,Suburban,60,16,11,1,3,15
5,0,Clear,Urban,86,11,2,1,2,16
23,0,Clear,Highway,75,23,8,4,2,33
16,0,Rain,Suburban,62,13,12,3,2,24
23,0,Clear,Urban,65,27,5,4,4,21
16,0,Rain,Suburban,80,22,10,3,2,26
7,0,Clear,Urban,39,49,18,5,6,94
19,1,Rain,Suburban,72,27,15,3,3,36
3,0,Clear,Suburban,68,6,4,1,1,19
23,0,Clear,Urban,71,12,9,3,2,24
5,0,Clear,Suburban,76,4,1,0,1,5
19,1,Clear,Suburban,72,42,18,4,4,37
7,0,Clear,Urban,32,59,18,7,4,93
3,1,Clear,Urban,70,2,2,1,2,4
0,0,Rain,Urban,80,6,3,0,1,8
17,1,Clear,Suburban,49,24,12,6,3,59
14,0,Clear,Urban,78,22,11,1,4,37
4,1,Clear,Urban,66,4,2,1,1,8
17,0,Clear,Urban,51,37,22,4,4,64
23,1,Clear,Highway,72,21,7,3,2,14
3,0,Clear,Highway,67,8,1,1,2,17
5,0,Rain,Highway,65,9,4,1,1,8
2,0,Clear,Suburban,80,11,4,1,1,14
7,1,Rain,Highway,57,40,24,5,6,46
10,0,Fog,Suburban,89,20,12,4,4,13
10,0,Rain,Highway,79,13,8,4,3,16
22,0,Clear,Suburban,63,15,13,3,3,25
16,0,Rain,Urban,65,17,6,4,2,28
16,0,Rain,Urban,74,12,6,1,2,28
3,0,Clear,Suburban,64,5,1,0,2,9
1,0,Clear,Suburban,69,6,1,1,2,15
17,0,Clear,Urban,59,58,21,5,2,59
22,1,Clear,Urban,68,12,9,1,4,18
19,0,Clear,Urban,23,55,24,3,2,77
12,1,Clear,Urban,71,16,6,4,3,28
8,1,Clear,Urban,42,43,20,4,4,41
5,1,Rain,Suburban,64,7,2,0,1,3
22,0,Fog,Suburban,81,29,10,4,3,15
14,1,Clear,Suburban,86,11,6,1,3,28
21,0,Clear,Urban,66,27,8,2,2,25
6,0,Clear,Urban,78,26,13,1,4,24
9,0,Clear,Urban,30,46,14,7,5,91
22,0,Clear,Urban,76,27,7,2,4,30
2,0,Clear,Suburban,85,10,4,0,2,6
6,0,Fog,Urban,85,23,13,3,4,21
22,0,Clear,Highway,64,14,9,1,2,26
18,0,Fog,Urban,80,52,11,7,4,34
10,1,Clear,Suburban,73,13,8,1,2,20
14,0,Clear,Highway,71,26,12,3,2,33
20,1,Rain,Urban,89,22,9,2,3,14
19,0,Clear,Suburban,44,39,24,4,3,65
20,0,Rain,Urban,77,22,11,1,4,22
21,0,Rain,Highway,60,29,14,4,3,33
23,0,Clear,Suburban,76,25,11,2,3,30
2,0,Rain,Urban,65,8,2,1,2,4
14,0,Clear,Highway,72,18,13,1,3,39
6,1,Clear,Urban,61,23,6,1,4,29
12,1,Clear,Suburban,65,23,8,3,4,29
6,0,Clear,Urban,70,20,12,3,4,21
20,0,Fog,Suburban,82,27,5,2,2,12
8,0,Clear,Highway,21,57,13,4,5,72
19,1,Rain,Suburban,56,24,10,3,4,52
23,0,Clear,Urban,69,26,10,1,3,25
14,0,Clear,Highway,68,23,14,4,4,23
5,1,Rain,Highway,69,4,3,1,1,3
12,1,Clear,Suburban,73,16,14,1,2,20
17,0,Clear,Suburban,30,52,16,4,6,89
2,0,Rain,Urban,65,9,4,0,2,13
10,0,Rain,Highway,76,15,9,3,2,32
10,0,Clear,Highway,46,13,9,1,2,45
11,0,Clear,Highway,55,14,14,4,2,48
20,0,Clear,Urban,82,23,8,1,2,36
5,0,Clear,Highway,75,4,4,1,1,18
9,0,Clear,Suburban,24,58,22,4,5,80
0,0,Clear,Suburban,87,6,2,1,1,17
4,0,Clear,Suburban,86,5,1,0,1,8
8,0,Clear,Urban,49,58,13,7,3,56
14,0,Clear,Urban,40,29,10,4,4,45
9,0,Rain,Suburban,49,41,24,3,5,70
14,1,Clear,Highway,82,11,12,1,2,32
5,0,Rain,Suburban,62,9,1,1,1,13
8,0,Clear,Suburban,37,30,16,4,3,95
4,0,Clear,Suburban,69,3,4,0,1,10
20,0,Clear,Urban,67,18,10,1,4,34
8,0,Clear,Highway,28,35,21,5,5,75
16,0,Clear,Highway,41,29,9,3,3,44
7,1,Clear,Urban,59,45,20,4,6,65
7,0,Clear,Urban,30,59,15,4,3,96
10,1,Clear,Suburban,73,18,11,1,2,32
4,1,Rain,Suburban,82,7,2,1,2,8
17,0,Clear,Suburban,25,45,19,3,3,90
13,0,Rain,Urban,66,25,6,1,4,36
16,1,Clear,Highway,61,13,14,2,4,32
23,0,Rain,Urban,78,18,8,3,2,30
16,1,Fog,Urban,82,17,12,1,3,15
11,0,Clear,Suburban,60,28,8,2,4,37
3,0,Fog,Urban,73,6,4,1,2,7
18,0,Rain,Urban,54,45,19,6,5,61
0,0,Clear,Urban,65,8,4,1,1,19
6,1,Clear,Highway,89,22,13,1,2,26
14,0,Clear,Highway,40,27,5,2,4,44
0,1,Clear,Urban,86,6,1,1,1,4
19,0,Clear,Urban,53,42,23,7,5,58
14,0,Clear,Suburban,57,26,7,1,2,46
1,0,Fog,Suburban,60,3,4,0,2,10
14,0,Clear,Suburban,64,25,9,4,4,22
20,0,Clear,Urban,72,23,5,1,3,27
20,0,Clear,Urban,46,13,7,2,2,47
18,0,Fog,Urban,81,37,13,7,2,31
6,0,Clear,Urban,80,16,14,3,3,36
18,0,Clear,Highway,32,54,22,3,6,95
13,0,Rain,Suburban,79,28,8,3,3,28
5,0,Clear,Suburban,69,4,4,1,2,11
5,0,Clear,Suburban,87,11,2,1,2,15
11,0,Clear,Highway,59,25,5,3,2,42
22,0,Clear,Suburban,64,17,8,1,4,25
16,0,Clear,Suburban,49,20,6,4,2,49
11,0,Clear,Highway,54,29,5,4,4,48
1,0,Rain,Suburban,85,9,3,1,2,13
1,0,Clear,Urban,79,6,1,0,1,11
7,1,Clear,Suburban,51,40,24,5,5,55
17,0,Clear,Highway,38,38,11,6,5,88
18,0,Clear,Urban,52,41,23,6,3,64
8,0,Clear,Urban,21,36,23,4,2,86
7,1,Rain,Suburban,50,36,20,4,6,48
21,0,Rain,Urban,81,15,9,4,2,17
5,0,Rain,Highway,86,9,1,1,1,8
0,0,Clear,Highway,68,3,4,1,2,18
1,1,Clear,Suburban,74,7,1,1,1,8
3,0,Clear,Suburban,77,10,3,0,2,14
13,0,Clear,Suburban,89,21,7,2,4,23
11,0,Clear,Urban,59,17,14,2,4,44
10,0,Clear,Highway,71,17,5,4,2,37
8,1,Clear,Suburban,78,31,23,7,3,37
5,0,Rain,Suburban,87,8,4,0,1,9
18,0,Rain,Suburban,32,59,22,6,2,72
16,0,Rain,Urban,65,14,8,3,4,32
7,0,Fog,Suburban,66,33,15,4,5,38
14,0,Rain,Highway,84,19,8,2,4,32
10,1,Clear,Urban,74,15,9,2,3,19
0,0,Clear,Suburban,81,4,4,0,2,15
7,0,Clear,Highway,58,42,14,4,3,63
5,0,Clear,Urban,85,8,4,1,1,13
13,0,Clear,Suburban,76,12,13,4,2,20
19,0,Fog,Urban,54,54,13,5,5,50
22,1,Fog,Highway,88,11,9,4,2,12
8,0,Clear,Highway,38,59,23,5,6,94
9,0,Clear,Urban,45,50,16,4,3,61
17,0,Clear,Urban,50,39,17,7,2,50
2,1,Clear,Highway,73,3,4,0,2,11
10,1,Clear,Suburban,64,22,7,3,3,23
18,0,Rain,Suburban,59,42,23,6,4,53
16,1,Clear,Urban,63,14,10,1,4,32
16,1,Clear,Highway,82,12,5,4,2,25
15,1,Clear,Urban,71,16,8,3,4,34
8,0,Fog,Urban,73,44,14,3,6,34
19,0,Clear,Urban,30,38,23,5,5,83
19,0,Clear,Urban,50,36,23,7,3,63
7,0,Fog,Urban,59,35,10,7,2,45
20,1,Rain,Urban,77,15,6,4,4,14
2,0,Clear,Urban,66,7,3,0,1,17
6,0,Clear,Urban,75,29,5,3,2,32
1,0,Rain,Highway,84,5,1,1,2,12
11,1,Fog,Highway,84,16,8,1,2,15
1,0,Fog,Highway,69,9,1,1,2,6
6,0,Clear,Highway,80,13,5,3,4,23
15,0,Clear,Highway,64,17,13,1,2,29
12,1,Clear,Suburban,65,13,9,2,2,20
9,0,Fog,Suburban,59,50,11,5,5,51
0,0,Clear,Highway,78,6,1,0,2,11
9,0,Clear,Suburban,51,59,10,5,2,53
19,0,Fog,Urban,43,44,15,7,5,57
20,0,Clear,Urban,62,25,13,4,3,35
22,0,Clear,Urban,76,27,10,4,4,25
10,0,Clear,Urban,80,22,5,1,4,33
14,0,Clear,Highway,63,18,8,4,3,21
6,0,Rain,Urban,62,16,10,3,3,28
0,0,Clear,Urban,70,9,4,0,1,16
14,0,Clear,Urban,59,22,9,4,2,43
21,1,Clear,Highway,89,13,7,4,3,32
2,0,Rain,Urban,72,7,1,0,2,8
3,1,Clear,Suburban,61,8,4,1,1,8
17,0,Clear,Suburban,36,54,15,6,2,85
17,0,Rain,Urban,55,52,13,5,4,62
0,0,Clear,Urban,67,5,3,0,2,8
4,0,Rain,Suburban,60,11,4,1,2,8
3,0,Clear,Suburban,76,7,2,0,2,19
23,0,Fog,Suburban,83,15,6,3,4,13
4,0,Rain,Urban,71,8,4,1,2,8
10,0,Clear,Highway,69,22,11,2,2,22
22,0,Clear,Suburban,45,15,14,2,3,47
6,0,Clear,Urban,52,28,9,1,4,49
10,0,Fog,Suburban,74,24,8,2,2,20
19,0,Clear,Urban,55,43,23,3,3,66
15,1,Clear,Highway,89,16,10,4,4,29
10,0,Clear,Urban,67,26,11,4,2,36
15,0,Clear,Urban,71,14,10,1,2,30
8,1,Clear,Urban,54,40,20,7,4,59
10,1,Clear,Suburban,83,16,14,1,2,26
10,1,Clear,Suburban,63,12,9,2,2,28
7,0,Clear,Urban,35,47,13,4,5,82
6,0,Clear,Highway,58,26,8,4,2,46
15,0,Clear,Highway,87,17,10,2,4,25
23,0,Rain,Highway,89,27,13,4,4,37
5,0,Clear,Highway,66,4,2,1,2,7
7,0,Clear,Urban,38,41,22,6,4,88
23,0,Fog,Suburban,87,29,11,2,4,12
9,0,Rain,Suburban,52,33,10,3,4,57
7,0,Clear,Urban,56,57,12,7,4,56
8,0,Clear,Urban,21,38,21,4,3,84
7,0,Clear,Urban,45,45,16,3,6,61
22,0,Rain,Urban,89,14,12,3,2,27
6,0,Rain,Highway,72,22,8,3,3,23
2,1,Clear,Urban,78,4,1,1,2,8
9,0,Rain,Suburban,49,56,12,7,2,47
20,0,Rain,Suburban,76,28,14,2,2,30
4,0,Clear,Urban,72,3,3,1,1,9
21,0,Rain,Suburban,69,27,7,2,4,31
13,0,Clear,Urban,87,12,12,2,3,23
14,0,Clear,Urban,89,20,14,2,3,36
23,0,Fog,Urban,64,28,12,1,4,23
14,0,Clear,Urban,72,17,8,2,3,20
21,1,Clear,Urban,81,12,11,3,4,21
8,0,Clear,Highway,46,56,14,6,5,51
16,0,Fog,Highway,78,20,11,1,2,13
9,0,Clear,Highway,54,54,10,7,6,60
21,0,Clear,Urban,69,21,14,3,2,38
11,0,Clear,Suburban,75,16,6,2,3,34
16,0,Rain,Suburban,68,13,9,2,2,28
3,0,Clear,Highway,86,3,2,1,1,6
8,0,Clear,Suburban,58,55,17,7,5,66
18,1,Fog,Highway,89,32,16,4,5,37
17,0,Rain,Highway,51,33,15,4,4,52
8,1,Clear,Highway,43,24,19,3,5,53
5,1,Rain,Suburban,83,2,1,1,1,5
19,0,Clear,Highway,27,38,16,4,6,97
13,0,Fog,Highway,74,29,11,4,3,18
15,0,Fog,Urban,64,17,7,3,2,22
8,0,Rain,Urban,46,35,15,3,4,67
21,0,Clear,Highway,60,19,7,2,4,39
9,1,Clear,Suburban,42,36,11,6,5,42
12,1,Clear,Suburban,78,22,12,4,3,29
2,0,Rain,Suburban,77,11,4,0,2,10
23,1,Clear,Suburban,88,17,9,2,2,25
9,0,Clear,Suburban,35,47,11,6,6,88
14,0,Rain,Urban,85,26,12,1,3,32
23,0,Rain,Suburban,72,26,9,1,3,24
20,0,Clear,Highway,78,13,12,2,3,36
3,1,Clear,Suburban,86,7,2,0,1,9
20,0,Clear,Highway,59,19,14,2,3,47
11,0,Clear,Urban,67,18,14,1,3,26
7,0,Clear,Urban,38,55,14,3,5,88
2,0,Clear,Highway,89,8,3,1,1,16
6,0,Clear,Urban,59,15,9,2,3,49
17,0,Clear,Suburban,43,50,14,6,5,60
15,1,Clear,Urban,89,16,9,3,4,27
15,0,Clear,Urban,56,20,9,2,3,49
3,0,Clear,Highway,73,3,1,0,2,7
20,1,Clear,Highway,88,20,6,2,3,26
7,0,Clear,Highway,43,47,21,3,5,53
6,0,Clear,Urban,78,28,11,1,4,37
22,0,Rain,Suburban,84,17,12,3,3,22
6,0,Rain,Urban,77,29,8,4,2,32
16,1,Clear,Suburban,83,22,5,1,2,27
7,0,Clear,Highway,50,44,22,5,6,51
10,0,Clear,Suburban,81,19,10,3,2,22
18,0,Clear,Suburban,31,50,19,3,6,86
17,0,Clear,Suburban,51,56,15,3,2,69
11,1,Rain,Urban,67,14,14,2,2,16
7,0,Clear,Highway,29,39,11,5,3,86
18,0,Clear,Suburban,29,50,21,6,6,98
4,0,Clear,Highway,63,4,3,1,1,14
8,0,Rain,Suburban,44,45,14,5,3,51
6,1,Clear,Highway,73,10,8,2,2,32
19,0,Clear,Highway,47,56,17,3,4,59
15,0,Clear,Urban,79,19,13,2,3,35
3,0,Clear,Highway,87,5,1,1,1,8
2,1,Clear,Urban,68,5,4,0,2,11
6,0,Rain,Highway,85,17,5,4,3,38
21,1,Rain,Highway,70,18,9,4,3,16
8,0,Clear,Urban,37,35,21,7,3,73
17,0,Clear,Suburban,40,51,21,6,4,59
2,0,Clear,Urban,67,5,2,0,2,6
7,0,Rain,Highway,51,30,14,3,6,64
7,0,Fog,Suburban,54,45,21,3,4,53
0,0,Clear,Urban,81,6,1,1,2,13
13,0,Clear,Urban,59,27,11,3,2,45
12,0,Clear,Highway,88,29,10,4,2,37
23,0,Clear,Suburban,60,19,12,2,2,28
20,0,Fog,Highway,60,12,14,2,2,24
9,0,Clear,Urban,24,42,14,5,6,75
20,0,Clear,Urban,72,13,10,3,2,24
6,0,Clear,Urban,85,22,6,3,4,35
13,1,Clear,Urban,87,10,14,1,3,16
22,0,Fog,Urban,81,15,5,2,4,19
23,0,Clear,Urban,85,14,11,3,2,27
12,0,Fog,Urban,63,14,5,4,3,16
18,0,Clear,Suburban,20,37,10,7,2,90
5,0,Clear,Urban,88,3,1,0,2,13
19,1,Fog,Urban,80,24,11,4,2,29
6,0,Rain,Urban,61,18,14,2,3,26
7,1,Clear,Highway,41,28,19,7,5,63
15,0,Clear,Urban,40,21,9,4,4,41
8,0,Clear,Suburban,24,39,13,7,3,82
6,0,Rain,Suburban,75,29,9,4,3,39
13,0,Clear,Suburban,89,22,5,3,3,29
10,0,Clear,Highway,86,12,10,2,2,28
1,0,Rain,Highway,89,6,2,0,2,6
0,0,Clear,Highway,63,9,2,0,1,6
7,0,Clear,Suburban,23,43,17,7,6,92
6,1,Rain,Suburban,64,13,5,2,2,24
14,0,Clear,Highway,85,21,11,1,3,40
1,0,Rain,Highway,62,4,1,1,1,5
10,0,Rain,Highway,68,20,12,4,2,20
18,0,Clear,Suburban,22,53,13,7,4,75
22,1,Clear,Highway,74,14,14,4,4,25
0,0,Fog,Suburban,63,8,1,1,1,3
5,1,Fog,Urban,86,2,2,1,2,2
12,0,Clear,Urban,66,14,8,4,2,40
16,0,Clear,Suburban,64,17,11,2,4,32
21,0,Rain,Urban,74,13,10,3,4,39
20,0,Clear,Highway,89,13,11,1,2,22
8,1,Clear,Highway,79,31,11,4,4,39
21,1,Clear,Suburban,85,10,6,1,2,29
16,1,Rain,Highway,60,9,12,2,2,24
23,1,Clear,Suburban,61,12,11,4,3,20
15,1,Rain,Urban,84,12,8,2,2,27
9,1,Rain,Urban,58,29,23,4,2,47
0,1,Rain,Urban,81,2,3,0,2,4
21,0,Clear,Highway,88,25,11,4,3,27
0,0,Clear,Suburban,82,4,4,0,1,5
21,0,Clear,Suburban,83,12,12,3,4,28
2,0,Clear,Highway,87,3,2,0,2,5
12,1,Clear,Urban,66,10,9,4,4,22
14,0,Clear,Suburban,68,28,7,3,4,26
14,1,Rain,Highway,63,18,6,3,3,11
16,0,Clear,Highway,72,27,10,4,4,32
4,0,Fog,Highway,76,6,2,0,2,4
23,1,Rain,Urban,89,9,13,2,3,24
5,0,Clear,Urban,84,11,4,0,1,10
1,0,Clear,Suburban,84,10,1,1,2,12
3,1,Clear,Highway,75,2,4,0,2,4
11,0,Clear,Urban,41,13,6,3,4,47
6,0,Clear,Urban,44,29,13,3,2,48
19,0,Clear,Suburban,39,32,18,7,4,80
2,1,Clear,Highway,63,2,1,0,2,8
15,1,Clear,Suburban,76,20,7,2,2,25
21,0,Fog,Highway,75,27,13,1,2,13
19,0,Rain,Highway,49,52,14,4,2,57
4,0,Clear,Suburban,63,9,2,0,2,14
13,1,Rain,Urban,76,21,10,1,3,21
6,0,Rain,Suburban,62,25,13,2,3,24
9,1,Clear,Suburban,51,32,11,4,5,43
20,0,Clear,Highway,65,24,9,2,2,28
7,0,Clear,Urban,59,59,18,4,4,53
16,0,Rain,Highway,76,23,5,2,3,19
5,0,Clear,Suburban,68,4,3,0,2,10
8,0,Rain,Suburban,30,35,18,3,3,79
13,0,Clear,Suburban,72,28,13,2,2,27
4,0,Clear,Urban,67,7,2,0,2,9
22,0,Clear,Highway,78,21,10,4,3,24
21,1,Clear,Suburban,89,10,14,4,4,30
6,1,Clear,Suburban,63,9,8,2,4,20
20,1,Clear,Highway,64,23,12,3,3,16
13,0,Rain,Suburban,78,27,8,2,2,24
1,0,Clear,Suburban,77,7,2,0,2,13
17,0,Clear,Urban,32,59,22,6,2,81
5,0,Rain,Urban,78,8,3,0,2,9
13,0,Fog,Urban,87,15,14,1,3,28
18,0,Rain,Highway,50,37,11,4,5,59
6,0,Clear,Highway,60,28,7,3,2,37
22,0,Rain,Urban,72,13,13,2,2,36
0,1,Clear,Highway,60,3,1,1,2,9
6,0,Clear,Suburban,48,15,5,1,4,47
7,1,Clear,Highway,40,32,12,6,2,47
21,1,Clear,Urban,88,16,9,3,2,14
3,0,Rain,Urban,78,4,2,0,1,8
11,0,Clear,Urban,53,29,7,2,4,46
9,0,Clear,Highway,44,31,10,4,5,55
7,0,Fog,Urban,73,51,11,5,6,33
17,0,Rain,Urban,44,36,21,6,5,70
13,0,Fog,Urban,88,21,12,4,2,25
23,0,Fog,Suburban,87,19,14,2,3,13
6,0,Clear,Highway,69,24,7,3,4,36
3,0,Clear,Urban,60,8,3,1,2,14
5,0,Clear,Urban,70,8,1,0,1,5
17,0,Rain,Suburban,21,55,14,6,5,72
16,0,Fog,Urban,71,29,13,4,4,18
3,1,Clear,Suburban,88,4,2,0,2,6
21,0,Clear,Suburban,85,26,11,4,2,30
11,0,Clear,Suburban,55,24,6,3,3,45
10,1,Rain,Highway,74,9,10,1,3,16
3,0,Clear,Suburban,65,9,1,0,2,12
23,0,Clear,Suburban,59,13,5,2,3,42
23,0,Fog,Highway,70,15,12,2,2,16
11,0,Clear,Highway,65,14,9,2,4,39
10,0,Fog,Urban,80,24,10,3,4,15
5,1,Clear,Highway,79,3,4,1,1,4
14,0,Clear,Urban,49,29,9,2,3,48
20,0,Clear,Urban,89,23,12,4,2,29
23,1,Clear,Suburban,65,20,12,2,4,19
3,1,Clear,Highway,82,4,2,1,1,11
4,1,Fog,Suburban,84,3,2,0,2,3
22,0,Rain,Suburban,72,20,11,3,2,28
18,0,Clear,Urban,50,30,24,5,5,51
20,0,Clear,Suburban,49,12,13,3,4,45
10,0,Rain,Urban,63,12,14,2,3,28
4,0,Clear,Suburban,85,6,1,0,1,7
11,1,Clear,Urban,64,14,9,4,3,34
21,0,Clear,Urban,47,21,13,3,3,42
16,1,Clear,Highway,77,13,6,3,2,25
3,0,Clear,Urban,69,11,2,1,2,6
23,0,Rain,Highway,89,28,13,2,3,33
19,0,Clear,Urban,53,52,11,5,4,52
6,0,Clear,Suburban,57,13,14,1,2,48
19,0,Clear,Suburban,41,56,18,5,5,55
9,0,Rain,Urban,49,53,24,6,5,56
13,0,Clear,Suburban,68,24,6,2,2,28
9,0,Fog,Suburban,56,46,13,6,4,57
22,0,Rain,Highway,63,19,7,2,3,21
23,0,Clear,Highway,88,24,13,2,2,28
6,0,Clear,Highway,69,24,5,4,3,28
21,1,Clear,Highway,84,12,5,2,2,28
21,0,Clear,Urban,88,13,11,4,2,22
4,1,Clear,Urban,87,4,3,0,1,11
18,0,Clear,Urban,28,59,20,5,6,84
23,1,Clear,Highway,72,13,14,4,3,22
5,0,Clear,Urban,64,9,1,1,1,14
23,0,Clear,Highway,55,19,14,1,2,49
10,0,Rain,Highway,73,17,14,2,2,23
18,0,Rain,Urban,49,35,24,3,6,47
8,0,Clear,Suburban,44,57,15,6,6,53
14,0,Fog,Highway,75,15,14,2,4,28
10,1,Fog,Urban,85,15,11,4,2,9
11,0,Rain,Suburban,67,21,11,4,2,23
8,0,Rain,Highway,54,44,17,5,6,70
18,0,Rain,Highway,37,58,13,6,6,76
16,0,Clear,Highway,82,28,13,1,4,25
16,1,Clear,Urban,83,12,8,3,4,23
20,0,Clear,Urban,55,25,13,3,4,47
7,0,Fog,Highway,57,45,10,7,4,45
9,0,Clear,Urban,24,52,18,6,4,95
11,0,Clear,Suburban,87,23,12,4,4,23
3,0,Clear,Suburban,86,4,3,0,2,11
20,0,Clear,Suburban,41,24,14,3,3,48
3,1,Clear,Urban,80,8,4,1,2,5
6,0,Clear,Highway,60,15,12,2,2,30
7,0,Clear,Urban,22,30,10,4,6,88
23,0,Clear,Urban,58,15,14,2,2,48
13,1,Rain,Suburban,60,17,11,1,2,16
18,1,Clear,Highway,58,28,10,4,2,53
9,0,Rain,Highway,55,57,13,4,3,42
8,0,Rain,Suburban,22,59,15,6,2,75
0,1,Clear,Highway,68,3,4,0,1,4
16,0,Clear,Suburban,56,24,10,2,4,49
21,0,Clear,Urban,82,25,8,3,4,25
5,0,Rain,Urban,67,3,3,0,1,12
12,1,Clear,Highway,89,16,13,3,2,18
6,0,Clear,Urban,48,14,6,4,4,41
17,0,Clear,Suburban,45,44,17,4,4,70
11,0,Clear,Highway,66,17,11,2,4,22
4,0,Fog,Suburban,73,3,3,0,2,10
4,0,Rain,Highway,71,8,2,1,2,14
2,1,Fog,Suburban,71,8,4,1,2,2
12,0,Clear,Urban,51,21,13,1,4,44
1,1,Rain,Highway,89,4,2,1,2,5
17,1,Rain,Urban,59,46,17,5,3,46
22,1,Clear,Highway,72,11,7,4,4,30
4,1,Rain,Suburban,79,4,2,0,1,4
6,0,Clear,Urban,84,20,5,2,2,26
21,0,Rain,Suburban,65,18,7,3,3,38
6,0,Fog,Urban,65,20,9,3,2,28
10,0,Clear,Highway,67,29,14,3,2,20
14,0,Clear,Suburban,44,23,7,2,3,48
4,0,Clear,Suburban,80,5,4,0,1,10
4,1,Clear,Suburban,81,4,3,1,1,11
10,0,Clear,Urban,75,17,14,3,2,27
5,1,Clear,Highway,79,5,1,0,2,7
4,1,Fog,Highway,79,4,2,0,1,6
10,1,Clear,Urban,87,19,5,1,2,33
19,1,Rain,Urban,45,41,13,3,4,53
23,1,Clear,Suburban,67,10,8,2,2,23
16,0,Clear,Suburban,60,25,5,1,3,30
18,1,Clear,Urban,53,27,18,3,4,42
22,0,Clear,Suburban,80,14,12,3,3,39
4,0,Clear,Highway,80,7,3,1,1,15
13,0,Rain,Suburban,76,13,13,3,2,35
10,1,Rain,Urban,83,16,7,2,4,24
20,1,Clear,Suburban,70,12,5,4,4,22
23,0,Rain,Suburban,60,21,12,2,3,37
13,0,Clear,Suburban,63,17,13,1,4,20
23,0,Clear,Urban,79,23,14,1,4,39
15,0,Clear,Suburban,81,26,14,1,3,24
9,0,Rain,Suburban,55,31,11,3,5,48
23,1,Clear,Suburban,69,20,10,4,3,17
17,0,Clear,Suburban,41,52,23,4,2,68
0,1,Clear,Highway,85,8,3,0,2,10
22,1,Clear,Urban,85,11,8,1,2,31
3,0,Rain,Highway,89,10,4,1,1,8
0,0,Fog,Highway,60,9,2,1,2,7
1,0,Clear,Suburban,87,11,4,1,2,19
16,0,Clear,Highway,82,22,6,2,4,39
21,0,Clear,Urban,86,13,5,2,3,25
23,0,Clear,Urban,67,23,8,4,4,28
10,1,Rain,Urban,78,11,5,2,2,12
3,0,Clear,Highway,77,11,2,1,1,14
20,1,Clear,Urban,60,22,14,1,2,20
6,1,Rain,Highway,80,15,7,1,2,24
6,0,Rain,Urban,80,24,7,1,4,36
1,0,Clear,Suburban,85,5,2,1,2,13
12,0,Rain,Highway,72,24,9,3,4,36
1,0,Clear,Urban,73,11,1,1,1,13
22,0,Clear,Urban,86,20,12,1,3,40
1,1,Clear,Urban,74,4,4,0,2,7
9,0,Rain,Urban,45,32,22,4,6,62
3,0,Fog,Suburban,80,4,1,0,1,9
14,0,Clear,Highway,55,14,7,4,3,44
20,0,Fog,Highway,72,19,10,2,3,21
8,0,Clear,Urban,48,56,19,5,6,70
5,0,Rain,Highway,89,6,2,1,1,7
2,0,Clear,Urban,62,3,4,1,1,13
10,0,Fog,Urban,68,15,10,1,3,17
1,0,Clear,Urban,86,9,1,0,2,16
21,1,Clear,Urban,70,17,6,1,3,34
21,0,Rain,Urban,75,21,7,3,4,16
3,0,Clear,Suburban,63,4,3,1,2,10
2,1,Clear,Highway,81,8,4,1,1,8
17,0,Clear,Highway,31,50,15,3,5,96
9,0,Clear,Urban,56,39,20,5,5,50
22,0,Clear,Suburban,87,15,13,2,4,38
17,0,Fog,Urban,42,41,19,6,5,55
8,0,Rain,Urban,44,31,15,6,2,52
1,0,Clear,Urban,86,9,2,1,2,11
13,0,Clear,Urban,81,13,6,3,2,27
7,1,Rain,Urban,63,31,21,4,4,31
17,1,Clear,Highway,81,32,18,4,2,36
7,0,Clear,Highway,48,47,22,3,3,59
3,0,Clear,Highway,66,3,3,1,1,7
22,0,Clear,Highway,50,24,5,1,2,49
19,0,Clear,Suburban,46,33,12,7,6,54
4,1,Clear,Highway,67,4,4,1,2,7
2,0,Rain,Highway,83,5,2,1,2,14
10,0,Clear,Suburban,76,26,10,4,4,31
1,0,Clear,Urban,82,4,1,0,1,6
11,0,Clear,Suburban,48,29,10,3,2,45
2,0,Rain,Highway,75,6,3,0,2,4
4,0,Clear,Highway,66,5,4,0,2,18
6,1,Clear,Highway,77,14,8,3,3,21
10,0,Clear,Urban,69,19,9,4,2,27
3,0,Rain,Urban,64,10,4,1,2,4
16,0,Rain,Suburban,66,25,12,3,4,36
21,0,Clear,Suburban,64,15,12,1,3,40
4,0,Clear,Suburban,77,4,4,1,2,12
20,0,Clear,Suburban,52,21,10,2,4,41
20,0,Clear,Highway,52,18,9,2,4,48
5,0,Clear,Highway,67,4,4,1,2,10
22,1,Clear,Highway,78,19,14,2,2,29
16,0,Clear,Urban,79,14,11,2,3,39
20,1,Clear,Suburban,64,15,11,2,4,30
23,0,Clear,Suburban,47,20,14,1,4,42
5,0,Rain,Highway,69,4,3,1,2,12
5,0,Clear,Suburban,84,5,1,1,2,9
13,0,Clear,Highway,81,20,11,4,3,31
1,0,Clear,Urban,77,7,4,0,2,16
23,0,Rain,Suburban,81,28,8,4,3,16
15,0,Clear,Suburban,58,22,14,3,4,44
22,1,Clear,Highway,83,21,6,3,3,28
23,0,Clear,Highway,77,13,12,3,4,22
20,0,Clear,Highway,63,20,14,3,2,37
12,0,Fog,Suburban,83,14,13,4,2,25
11,0,Clear,Urban,73,26,12,4,3,21
20,0,Rain,Suburban,86,14,13,4,2,39
14,0,Clear,Suburban,51,20,6,2,2,43
6,0,Rain,Suburban,77,23,13,4,4,31
7,0,Clear,Highway,38,42,18,6,6,91
17,1,Clear,Urban,47,36,13,6,3,42
5,1,Clear,Suburban,80,5,4,1,2,4
6,0,Rain,Highway,68,28,5,2,3,32
3,0,Clear,Suburban,82,9,3,1,2,12
15,0,Clear,Highway,84,19,7,4,2,25
20,0,Rain,Urban,71,17,11,2,2,37
18,1,Clear,Urban,40,35,21,7,5,67
5,1,Clear,Suburban,75,5,4,1,2,11
2,0,Fog,Suburban,66,4,1,1,2,3
7,0,Clear,Urban,31,42,18,7,5,88
10,0,Rain,Suburban,60,24,8,4,4,21
7,0,Clear,Urban,45,58,22,7,5,60
10,0,Rain,Urban,80,15,11,4,2,18
5,1,Clear,Highway,68,4,4,1,1,11
7,0,Clear,Suburban,44,48,12,6,5,50
15,1,Clear,Suburban,88,10,7,3,4,34
23,0,Rain,Highway,71,24,8,3,4,20
3,1,Clear,Urban,67,8,4,1,2,10
15,0,Rain,Highway,83,14,8,4,2,20
16,0,Rain,Urban,86,21,7,1,3,28
10,1,Rain,Highway,89,23,6,2,4,11
14,1,Clear,Suburban,86,12,11,2,4,15
3,1,Clear,Highway,89,2,3,1,1,11
2,1,Clear,Highway,70,7,4,0,2,11
0,0,Clear,Urban,73,7,3,1,1,12
13,0,Clear,Urban,47,17,8,1,4,48
1,0,Clear,Suburban,69,5,3,1,1,17
5,1,Clear,Suburban,71,8,3,0,1,11
11,0,Clear,Urban,84,18,13,3,3,37
18,0,Rain,Suburban,51,50,14,6,6,51
15,0,Clear,Urban,64,23,9,2,2,25
20,0,Rain,Urban,81,28,7,1,4,21
6,0,Clear,Highway,89,19,11,3,4,27
21,0,Clear,Urban,78,22,5,1,3,26
1,0,Clear,Highway,60,9,3,1,2,19
2,0,Clear,Urban,75,3,2,1,2,7
4,0,Clear,Highway,63,8,2,0,1,17
11,1,Clear,Suburban,70,12,14,2,2,19
23,1,Rain,Urban,68,10,11,1,2,18
16,0,Rain,Urban,62,26,14,3,2,38
7,1,Fog,Highway,74,24,20,5,5,33
3,0,Clear,Urban,75,6,4,1,2,12
2,0,Rain,Urban,72,5,2,1,2,7
6,0,Clear,Highway,52,26,12,4,4,47
4,0,Rain,Suburban,75,9,2,0,2,8
11,1,Rain,Highway,75,16,12,4,2,11
20,1,Clear,Urban,78,20,11,1,3,29
17,1,Clear,Highway,42,46,16,6,4,49
11,0,Clear,Highway,87,17,6,2,3,29
23,1,Fog,Suburban,71,18,12,3,3,12
6,1,Clear,Urban,81,10,13,2,4,23
10,0,Clear,Suburban,78,21,11,2,3,32
3,0,Clear,Highway,88,9,1,0,1,6
22,0,Clear,Urban,87,21,13,4,2,22
15,0,Clear,Suburban,40,29,14,3,2,46
9,0,Rain,Urban,57,51,17,5,4,46
20,0,Clear,Highway,62,22,9,1,2,21
0,1,Clear,Highway,67,2,2,1,1,4
14,0,Clear,Urban,71,22,10,3,3,38
6,1,Clear,Urban,82,14,12,1,4,27
15,0,Clear,Highway,83,25,11,4,3,25
18,1,Clear,Highway,58,46,16,6,6,57
11,1,Fog,Urban,82,10,13,2,2,10
6,0,Rain,Highway,64,18,11,3,4,38
3,1,Rain,Highway,68,8,4,0,2,7
23,0,Fog,Highway,86,26,7,3,3,19
4,0,Clear,Highway,85,8,3,1,2,17
7,0,Clear,Suburban,50,56,22,6,4,52
5,0,Clear,Suburban,72,10,4,1,1,15
7,0,Clear,Highway,29,53,19,3,5,71
11,0,Clear,Urban,62,12,13,1,3,40
17,1,Rain,Highway,63,41,17,3,3,36
8,0,Clear,Urban,53,30,24,4,6,54
17,0,Clear,Urban,45,54,15,6,5,67
3,1,Clear,Urban,68,7,2,0,2,6
2,0,Clear,Suburban,69,5,4,0,1,8
3,0,Clear,Urban,62,10,2,1,2,8
21,0,Rain,Suburban,74,21,10,3,4,29
17,1,Clear,Urban,53,32,16,3,6,55
0,0,Clear,Suburban,68,9,3,0,2,14
14,1,Clear,Highway,82,14,12,3,2,29
2,0,Rain,Urban,73,9,2,0,2,10
14,0,Clear,Suburban,52,14,5,3,2,41
13,0,Clear,Urban,62,20,13,2,3,37
3,0,Rain,Urban,85,3,3,1,1,13
10,0,Clear,Highway,52,28,7,1,2,41
18,1,Clear,Highway,47,42,22,4,5,49
23,1,Clear,Highway,78,16,8,4,3,17
1,0,Fog,Urban,72,3,3,1,1,3
11,0,Clear,Suburban,74,12,6,1,4,31
13,0,Rain,Urban,81,27,8,3,2,26
3,0,Fog,Highway,68,11,1,0,1,6
11,0,Clear,Urban,79,28,11,4,4,39
8,0,Clear,Highway,43,30,18,4,3,53
23,0,Clear,Highway,51,16,10,1,2,44
8,0,Clear,Suburban,28,41,24,7,2,81
8,0,Rain,Suburban,40,57,18,3,5,48
17,0,Clear,Suburban,36,53,14,5,5,99
19,0,Clear,Urban,36,38,19,6,4,72
0,1,Clear,Urban,81,6,2,1,2,7
7,0,Clear,Urban,39,34,11,6,2,93
4,0,Clear,Suburban,77,7,2,1,2,8
19,0,Clear,Highway,26,58,17,3,3,99
11,0,Rain,Urban,84,13,8,4,2,16
16,0,Clear,Suburban,86,25,11,1,4,28
4,1,Clear,Urban,62,4,2,1,1,9
19,1,Rain,Highway,57,34,19,5,3,53
17,0,Fog,Urban,71,37,20,6,2,37
1,0,Clear,Highway,89,5,4,1,2,12
2,0,Clear,Highway,67,8,4,0,2,8
17,0,Rain,Suburban,40,51,19,4,4,48
18,1,Fog,Suburban,89,35,14,4,3,32
15,0,Clear,Suburban,64,17,13,2,2,34
13,0,Clear,Urban,65,23,13,3,2,32
5,0,Clear,Highway,83,8,3,1,2,17
9,0,Clear,Highway,32,50,19,3,2,96
5,0,Fog,Urban,88,8,2,1,2,6
10,1,Clear,Suburban,83,12,13,3,2,16
16,1,Fog,Suburban,76,22,14,2,2,14
2,1,Fog,Urban,85,8,2,0,2,6
10,0,Rain,Urban,68,27,8,4,2,24
11,0,Clear,Highway,53,24,9,4,4,44
2,1,Clear,Urban,78,3,1,0,1,7
1,0,Clear,Suburban,81,5,3,1,2,8
8,1,Clear,Highway,67,32,20,6,4,39
13,1,Clear,Highway,71,19,10,2,2,16
6,0,Clear,Urban,85,21,11,3,4,21
9,0,Clear,Highway,20,44,12,4,3,82
5,0,Rain,Highway,86,8,3,1,2,13
15,0,Rain,Highway,75,14,10,2,2,34
3,0,Clear,Suburban,70,11,4,1,1,13
17,0,Clear,Highway,40,51,24,7,6,70
8,1,Fog,Urban,76,24,12,3,3,31
6,1,Clear,Urban,82,12,10,3,2,19
17,0,Clear,Urban,24,49,23,4,2,84
12,1,Clear,Highway,66,15,10,4,3,14
15,1,Clear,Suburban,78,18,10,2,3,30
0,1,Clear,Urban,64,2,4,1,2,6
18,1,Clear,Urban,54,38,16,5,2,48
21,1,Rain,Suburban,81,12,7,3,2,12
19,0,Clear,Urban,30,43,20,5,3,90
11,0,Clear,Suburban,46,17,6,2,3,46
8,0,Clear,Urban,32,42,15,5,3,94
1,0,Clear,Highway,63,8,3,1,2,12
4,0,Clear,Suburban,73,3,4,0,1,17
2,0,Fog,Suburban,67,8,4,0,2,3
9,0,Clear,Suburban,24,46,18,4,4,92
19,1,Clear,Urban,42,42,17,4,4,46
20,0,Clear,Highway,47,25,8,1,2,48
13,0,Rain,Highway,79,15,14,1,2,26
10,1,Clear,Highway,85,12,9,3,3,21
5,0,Clear,Suburban,61,3,1,0,1,14
10,1,Clear,Urban,83,20,14,1,4,25
15,0,Clear,Suburban,77,21,8,4,2,34
5,0,Clear,Highway,69,4,4,0,1,19
3,0,Clear,Urban,62,5,1,1,1,15
19,0,Clear,Highway,22,30,15,6,5,90
19,0,Fog,Highway,46,50,20,4,4,46
12,0,Fog,Urban,88,19,9,3,2,17
5,0,Clear,Urban,75,8,3,0,1,10
6,0,Clear,Highway,65,20,12,3,4,37
12,1,Clear,Suburban,61,21,5,4,2,29
17,0,Clear,Suburban,42,30,15,5,2,62
22,0,Rain,Urban,74,12,11,2,2,35
2,0,Clear,Urban,79,9,1,1,2,12
18,0,Clear,Urban,56,59,17,5,5,53
19,0,Rain,Suburban,49,44,20,4,5,44
12,1,Clear,Suburban,73,20,12,1,3,14
17,1,Clear,Highway,56,40,17,6,6,63
3,0,Clear,Urban,75,7,3,1,2,8
3,0,Rain,Suburban,86,4,2,0,2,4
16,0,Clear,Suburban,52,19,13,4,2,46
9,0,Rain,Suburban,51,55,15,5,3,52
4,1,Clear,Urban,80,4,1,1,1,5
9,0,Clear,Suburban,56,32,16,6,2,66
21,0,Clear,Suburban,46,14,8,3,3,42
1,0,Clear,Urban,72,4,3,0,2,5
17,0,Clear,Highway,26,53,12,5,3,73
9,0,Clear,Highway,56,42,16,6,2,58
8,1,Rain,Highway,43,35,16,7,6,50
21,0,Fog,Suburban,72,29,13,1,2,27
21,1,Clear,Urban,82,16,11,1,4,28
20,1,Rain,Highway,66,11,5,1,2,23
2,1,Clear,Highway,69,3,1,1,2,9
5,0,Clear,Highway,71,5,1,1,1,14
14,0,Clear,Urban,56,28,13,1,4,41
3,0,Fog,Suburban,63,6,4,0,1,5
0,1,Clear,Urban,60,6,1,1,2,4
22,0,Clear,Urban,62,21,9,1,2,30
2,0,Clear,Suburban,68,9,2,0,2,11
1,0,Clear,Highway,61,6,2,0,2,9
8,0,Rain,Urban,56,32,18,5,4,60
20,0,Clear,Highway,63,28,14,1,3,35
10,0,Clear,Urban,73,23,7,1,4,29
17,1,Clear,Suburban,44,42,12,5,6,44
21,0,Rain,Suburban,74,20,5,3,4,38
2,1,Clear,Suburban,66,8,3,1,1,12
3,0,Clear,Suburban,70,11,4,0,2,5
6,1,Clear,Urban,83,16,5,1,2,14
7,1,Fog,Urban,83,30,22,3,2,40
15,0,Clear,Suburban,43,22,12,3,3,49
23,0,Clear,Urban,85,24,14,3,2,40
8,1,Clear,Suburban,67,36,14,5,6,37
20,0,Clear,Highway,73,27,9,3,3,23
22,0,Clear,Suburban,66,15,14,3,3,30
2,0,Clear,Highway,88,8,2,1,2,17
12,1,Clear,Urban,64,23,13,3,4,23
18,1,Clear,Suburban,43,32,22,6,3,49
4,0,Clear,Urban,61,7,2,0,2,7
11,0,Rain,Highway,82,17,9,3,2,36
20,0,Clear,Urban,60,24,9,2,4,23
13,0,Clear,Suburban,61,15,13,3,4,27
22,0,Clear,Highway,70,18,7,4,2,38
10,1,Clear,Highway,75,20,9,2,3,30
14,0,Clear,Highway,69,13,5,2,3,21
22,0,Rain,Urban,86,14,10,4,2,24
3,0,Fog,Suburban,65,4,4,1,2,7
9,0,Clear,Suburban,53,47,14,3,4,65
4,0,Fog,Highway,65,10,3,0,1,3
21,1,Clear,Suburban,67,20,7,4,2,25
14,0,Clear,Highway,76,25,8,3,3,40
14,0,Clear,Highway,81,27,6,3,2,25
17,0,Clear,Urban,43,51,15,3,2,67
10,0,Clear,Urban,80,19,14,2,3,26
9,0,Clear,Urban,26,42,19,6,4,75
5,1,Clear,Urban,65,3,4,1,1,10
16,0,Clear,Suburban,87,27,7,3,4,25
18,1,Rain,Urban,68,43,18,5,6,28
21,0,Clear,Highway,65,27,7,1,2,24
21,1,Clear,Suburban,85,15,8,2,4,27
18,0,Clear,Urban,43,32,22,5,3,55
20,0,Clear,Highway,61,17,5,4,3,33
6,1,Clear,Urban,64,19,9,1,4,32
22,1,Clear,Urban,82,13,14,2,2,24
16,0,Rain,Urban,81,24,11,3,4,28
9,1,Rain,Suburban,81,32,17,7,3,39
0,1,Rain,Highway,88,8,4,1,1,2
4,0,Clear,Highway,68,6,1,0,1,10
12,1,Rain,Highway,77,10,8,4,2,20
19,0,Fog,Urban,74,49,14,7,3,31
15,1,Clear,Urban,71,12,11,3,3,30
18,0,Clear,Urban,21,58,12,7,4,99
21,0,Clear,Urban,78,13,14,3,4,40
21,0,Clear,Suburban,60,19,13,1,2,22
6,1,Clear,Urban,73,18,9,2,4,22
11,0,Clear,Urban,77,15,14,3,4,26
15,1,Fog,Highway,71,12,5,3,3,11
8,0,Clear,Highway,51,33,17,3,6,64
0,1,Clear,Urban,75,8,4,0,1,3
16,0,Clear,Highway,57,26,10,1,3,48
17,0,Clear,Suburban,52,37,14,7,4,63
3,1,Rain,Urban,66,4,3,0,2,2
19,0,Fog,Suburban,83,36,13,3,6,37
4,0,Clear,Urban,74,7,3,1,2,9
6,1,Clear,Highway,63,19,8,3,4,27
9,1,Clear,Highway,51,32,22,3,3,51
22,0,Fog,Urban,74,18,8,4,4,17
19,1,Clear,Urban,85,40,19,5,4,35
14,1,Clear,Urban,85,14,12,3,3,27
14,0,Clear,Highway,70,16,6,4,4,23
1,0,Clear,Suburban,63,3,2,0,1,5
21,0,Clear,Suburban,81,14,8,2,2,39
0,0,Fog,Urban,61,3,3,0,1,11
16,0,Clear,Suburban,48,21,11,4,4,47
18,0,Clear,Urban,21,53,10,4,6,79
0,0,Clear,Urban,77,9,3,0,1,7
14,1,Clear,Highway,67,10,8,2,4,32
8,0,Rain,Urban,50,41,11,5,3,62
11,1,Clear,Suburban,87,10,12,4,2,14
13,0,Clear,Suburban,66,24,8,3,3,39
19,0,Rain,Urban,48,46,19,6,2,44
21,0,Clear,Urban,74,28,9,3,2,31
2,0,Clear,Urban,81,4,2,1,2,7
21,0,Clear,Suburban,67,22,11,2,2,34
0,0,Clear,Suburban,80,3,3,0,1,8
21,0,Clear,Highway,47,28,10,4,3,42
13,1,Clear,Suburban,68,20,10,4,3,34
18,0,Rain,Suburban,51,34,22,3,6,57
13,0,Clear,Suburban,64,15,11,1,4,25
4,1,Clear,Highway,74,6,1,1,1,13
20,1,Clear,Urban,86,20,8,4,3,14
2,0,Clear,Highway,84,4,2,0,2,6
19,0,Clear,Suburban,37,53,22,6,6,91
18,0,Rain,Highway,47,52,20,5,3,44
22,1,Rain,Highway,71,10,13,2,3,16
15,1,Clear,Urban,62,10,5,4,3,33
21,1,Clear,Suburban,78,18,12,2,2,14
22,0,Clear,Suburban,63,20,5,4,3,20
1,1,Clear,Highway,65,5,3,0,1,8
22,0,Rain,Highway,79,25,7,1,4,24
23,0,Clear,Suburban,68,27,9,1,3,25
23,1,Rain,Highway,62,20,9,4,2,18
18,0,Clear,Urban,36,38,15,6,5,90
3,0,Clear,Highway,73,4,1,0,1,5
2,0,Rain,Suburban,89,8,4,1,2,7
10,0,Fog,Suburban,67,18,8,2,4,19
3,0,Clear,Suburban,79,11,2,0,1,13
7,0,Clear,Suburban,42,46,23,7,5,67
13,0,Rain,Urban,80,26,13,4,2,28
9,0,Clear,Suburban,24,36,10,3,4,79
10,0,Clear,Highway,72,22,10,2,4,35
21,0,Rain,Suburban,88,12,8,1,2,39
23,0,Clear,Urban,55,24,6,3,3,43
3,0,Clear,Urban,60,6,4,1,1,17
2,1,Clear,Urban,73,6,2,1,1,12
7,0,Fog,Suburban,60,41,18,4,4,35
23,0,Rain,Highway,79,16,12,4,4,28
9,0,Fog,Urban,58,38,11,4,2,46
7,0,Clear,Urban,21,45,15,3,3,91
0,0,Clear,Suburban,65,10,2,0,1,8
22,1,Clear,Urban,85,15,7,2,2,15
18,0,Rain,Suburban,59,43,22,7,6,56
22,0,Rain,Urban,68,18,11,1,4,24
4,0,Rain,Urban,63,5,4,0,2,15
7,0,Clear,Highway,39,59,15,4,4,96
2,0,Rain,Highway,69,3,4,1,1,4
23,0,Clear,Highway,50,19,10,2,4,42
4,0,Clear,Suburban,87,5,4,1,2,15
0,0,Clear,Urban,89,5,4,1,1,8
13,0,Clear,Highway,75,16,13,2,3,33
5,0,Clear,Highway,76,11,1,1,2,19
11,1,Clear,Urban,89,12,8,1,2,27
0,0,Clear,Suburban,64,7,1,0,1,6
12,1,Clear,Suburban,70,17,14,4,4,15
22,0,Clear,Urban,55,26,11,4,3,48
13,0,Clear,Suburban,86,17,12,2,3,23
9,1,Clear,Urban,83,28,10,5,5,40
9,1,Clear,Suburban,57,32,23,4,3,64
14,1,Clear,Urban,63,16,8,1,2,31
14,0,Clear,Urban,76,14,9,1,3,28
10,1,Rain,Urban,66,13,5,2,3,20
18,1,Clear,Highway,53,32,11,5,4,53
4,1,Clear,Suburban,70,4,4,1,2,3
7,0,Clear,Highway,34,40,22,7,3,86
8,0,Rain,Urban,40,57,14,6,6,61
13,0,Fog,Highway,64,12,8,3,4,23
7,0,Clear,Urban,31,36,13,5,5,98
22,0,Rain,Urban,78,19,11,3,2,19
16,0,Clear,Highway,61,12,5,4,2,30
0,0,Clear,Urban,70,7,1,0,2,17
7,0,Fog,Suburban,41,33,10,3,3,43
15,0,Fog,Highway,72,28,14,1,4,14
20,1,Clear,Highway,83,12,6,4,2,19
8,0,Clear,Highway,22,42,18,4,4,78
18,0,Clear,Urban,20,56,24,4,2,88
11,0,Clear,Urban,64,21,10,3,2,26
13,1,Clear,Highway,85,23,10,2,3,30
5,0,Clear,Urban,78,4,4,1,1,7
11,1,Rain,Suburban,69,9,6,2,4,26
2,1,Clear,Suburban,87,3,4,1,2,3
8,0,Fog,Suburban,66,55,12,6,6,34
13,0,Clear,Highway,61,26,9,2,3,33
10,1,Fog,Suburban,87,12,9,1,4,18
17,0,Rain,Urban,50,51,14,5,3,60
16,1,Clear,Suburban,66,18,11,4,2,30
1,1,Clear,Urban,76,6,3,0,2,10
0,0,Clear,Highway,88,7,1,1,1,6
15,1,Clear,Highway,74,15,9,2,4,32
3,0,Clear,Urban,69,10,3,0,1,7
17,0,Clear,Suburban,53,37,17,3,3,51
4,1,Clear,Highway,82,7,2,1,2,6
13,1,Clear,Suburban,77,20,13,3,4,14
23,1,Clear,Highway,86,12,5,1,4,14
14,0,Clear,Urban,88,16,11,2,4,30
22,1,Clear,Urban,84,18,11,2,4,20
10,0,Clear,Suburban,80,23,9,3,2,28
6,0,Rain,Highway,88,16,8,3,4,19
8,1,Clear,Urban,49,25,19,7,4,53
0,1,Clear,Urban,71,8,4,1,1,7
18,1,Clear,Urban,44,24,23,4,3,63
19,1,Clear,Urban,40,30,15,5,4,60
22,0,Clear,Urban,43,28,12,2,2,41
2,0,Fog,Highway,86,5,1,0,2,11
9,0,Clear,Highway,32,52,21,7,6,74
20,0,Clear,Suburban,84,27,10,2,4,30
0,0,Rain,Urban,84,9,3,0,1,11
19,0,Rain,Urban,59,54,13,4,3,56
18,0,Clear,Urban,23,56,11,7,6,97
3,0,Rain,Urban,62,7,1,1,1,4
8,1,Rain,Urban,63,28,14,7,3,39
18,1,Clear,Suburban,55,28,12,6,3,53
3,0,Clear,Suburban,85,4,2,1,2,10
17,0,Clear,Urban,22,40,11,6,2,92
7,0,Clear,Suburban,27,54,21,7,6,75
19,0,Clear,Suburban,37,57,13,3,4,96
1,1,Clear,Highway,68,2,2,1,2,9
10,1,Clear,Suburban,65,14,11,1,4,23
5,0,Clear,Urban,71,4,3,0,1,6
7,0,Clear,Urban,54,33,23,7,6,50
6,0,Clear,Suburban,59,21,9,2,4,43
19,1,Clear,Highway,41,38,15,4,6,56
3,1,Rain,Highway,69,7,2,1,2,2
8,0,Clear,Suburban,56,45,11,3,4,67
14,0,Clear,Suburban,87,27,11,4,2,35
0,0,Rain,Highway,67,8,2,1,2,11
21,1,Clear,Highway,63,12,10,3,4,18
14,1,Clear,Urban,81,11,10,2,2,16
19,1,Clear,Suburban,53,34,12,5,6,56
4,1,Clear,Highway,76,8,3,1,1,8
6,0,Clear,Urban,54,21,10,2,4,44
20,0,Clear,Urban,57,12,5,2,2,42
5,0,Fog,Urban,86,9,3,0,2,9
4,1,Clear,Urban,66,4,4,1,2,9
2,0,Clear,Urban,85,6,1,1,2,18
15,0,Clear,Suburban,69,14,5,2,3,33
14,0,Rain,Urban,71,28,9,3,2,28
7,0,Clear,Highway,35,33,10,7,4,72
14,0,Rain,Urban,71,18,14,4,4,26
16,0,Fog,Urban,82,23,14,3,4,15
6,0,Clear,Suburban,46,23,8,1,2,44
0,0,Clear,Suburban,61,11,1,1,1,18
2,1,Clear,Urban,72,4,2,1,1,8
20,0,Rain,Urban,61,21,8,3,4,27
20,0,Clear,Highway,73,19,8,3,2,24
23,0,Clear,Suburban,69,22,9,2,2,29
2,0,Rain,Urban,86,3,2,1,2,6
13,1,Clear,Suburban,70,22,5,3,2,17
21,0,Clear,Suburban,68,18,11,2,3,30
8,0,Clear,Highway,38,47,16,5,4,98
2,0,Clear,Urban,64,4,2,1,1,15
8,0,Clear,Highway,28,44,24,7,6,71
18,0,Fog,Highway,79,38,10,4,5,33
5,0,Clear,Highway,89,9,3,0,1,10
19,0,Fog,Highway,75,58,18,7,3,35
4,0,Clear,Suburban,62,10,2,0,2,5
12,0,Clear,Suburban,62,19,13,1,2,20
8,0,Fog,Highway,63,42,13,7,3,31
7,0,Clear,Urban,24,44,15,3,3,72
10,0,Clear,Suburban,53,22,12,2,3,42
11,1,Clear,Suburban,78,12,14,1,3,22
6,0,Fog,Highway,66,26,9,2,4,18
17,1,Clear,Highway,41,47,19,5,4,53
8,0,Clear,Urban,35,58,13,6,4,82
0,0,Rain,Suburban,79,4,1,1,2,11
6,0,Clear,Suburban,62,12,12,2,4,22
5,0,Clear,Urban,78,3,3,0,2,5
15,1,Clear,Urban,82,20,12,3,4,32
11,1,Rain,Highway,69,18,14,3,2,12
0,0,Clear,Highway,86,3,1,1,1,14
4,0,Clear,Highway,63,9,1,0,1,8
23,0,Clear,Urban,60,25,5,1,4,33
16,0,Clear,Suburban,42,15,6,4,3,49
7,1,Clear,Highway,55,28,10,4,3,44
10,0,Clear,Suburban,59,24,6,4,2,49
3,1,Clear,Urban,62,4,3,0,2,10
4,0,Rain,Suburban,83,9,4,1,1,8
8,0,Rain,Suburban,22,37,22,5,3,76
11,0,Clear,Urban,74,12,6,1,3,40
6,0,Clear,Urban,89,19,6,2,3,24
15,0,Clear,Urban,72,25,10,4,2,36
7,0,Clear,Suburban,37,41,22,5,2,97
6,0,Clear,Highway,88,22,13,2,2,36
5,0,Clear,Highway,69,6,1,0,2,6
15,0,Clear,Suburban,85,28,12,2,4,25
18,0,Fog,Urban,84,30,10,4,2,33
21,0,Clear,Urban,71,23,11,4,3,26
6,0,Clear,Highway,45,18,6,1,3,42
7,0,Clear,Suburban,24,53,21,3,5,93
19,0,Clear,Highway,51,54,15,5,5,62
4,0,Clear,Urban,70,3,4,0,1,14
1,0,Clear,Suburban,84,10,1,0,1,5
3,1,Rain,Highway,75,8,3,1,2,7
0,1,Rain,Urban,78,8,4,1,2,3
8,0,Clear,Highway,49,34,24,6,3,68
21,0,Clear,Urban,68,26,14,2,2,33
1,0,Clear,Urban,64,5,1,1,1,7
6,1,Clear,Urban,76,15,13,2,4,25
0,1,Rain,Urban,78,3,4,1,1,8
21,0,Rain,Highway,60,27,14,3,3,38
9,1,Clear,Suburban,41,45,17,5,3,44
4,1,Clear,Highway,61,4,1,0,1,11
12,0,Clear,Highway,82,19,5,1,3,30
15,0,Clear,Urban,62,13,10,2,4,37
17,0,Clear,Urban,41,33,23,7,2,59
1,1,Clear,Highway,85,7,2,1,2,4
9,0,Clear,Suburban,51,45,21,4,2,53
2,0,Clear,Suburban,85,11,1,1,2,6
2,0,Clear,Urban,82,3,1,0,2,11
19,0,Clear,Urban,23,52,10,5,5,79
22,0,Clear,Urban,75,19,12,1,4,37
1,0,Clear,Suburban,72,11,4,0,1,9
18,0,Clear,Urban,28,53,17,3,4,90
9,0,Clear,Highway,45,48,22,5,4,69
2,1,Rain,Highway,76,8,4,0,1,3
4,1,Clear,Urban,61,8,2,1,2,5
8,0,Clear,Suburban,50,45,15,5,6,65
19,0,Clear,Urban,38,31,23,3,3,84
13,0,Fog,Highway,70,12,7,1,3,20
13,0,Rain,Urban,62,19,9,2,3,31
9,0,Clear,Suburban,50,33,17,3,3,51
17,0,Rain,Urban,42,49,14,6,4,59
5,0,Rain,Urban,61,4,4,1,1,10
13,0,Clear,Suburban,58,23,13,2,4,42
6,0,Clear,Suburban,64,15,13,3,2,23
6,1,Clear,Highway,72,16,14,4,2,30
10,1,Clear,Urban,61,15,10,1,3,23
21,1,Rain,Suburban,73,15,10,2,3,16
0,0,Clear,Suburban,71,11,2,0,1,7
7,1,Clear,Highway,58,46,11,5,4,47
7,0,Fog,Urban,41,31,21,3,3,46
0,0,Clear,Highway,71,9,1,1,2,15
16,0,Clear,Suburban,51,12,10,2,4,42
3,0,Rain,Urban,67,6,3,0,1,5
19,0,Fog,Suburban,42,56,22,5,4,51
13,0,Clear,Highway,81,18,11,4,4,29
15,0,Clear,Highway,60,21,9,4,2,31
23,1,Clear,Urban,60,17,5,1,2,18
4,0,Clear,Urban,81,11,4,1,1,14
22,0,Clear,Urban,86,15,10,3,3,38
3,0,Clear,Suburban,69,4,3,0,2,10
9,1,Clear,Suburban,56,40,15,6,2,41
15,0,Rain,Urban,79,21,9,2,2,25
19,0,Clear,Urban,27,44,12,5,5,76
0,1,Clear,Suburban,66,3,1,1,1,10
0,0,Clear,Highway,84,10,4,1,2,11
11,0,Fog,Urban,83,12,5,4,2,19
3,0,Rain,Urban,72,6,3,1,1,14
0,1,Clear,Suburban,79,6,4,0,2,11
15,0,Clear,Urban,83,23,7,3,3,25
13,0,Clear,Urban,57,29,12,2,3,49
6,0,Clear,Suburban,60,14,5,4,2,23
5,1,Rain,Urban,64,4,1,0,1,10
4,0,Clear,Urban,68,3,3,1,1,12
17,1,Clear,Highway,43,27,23,5,3,65
3,0,Clear,Urban,88,4,2,1,1,13
0,0,Clear,Highway,86,7,1,1,2,19
23,0,Fog,Urban,73,23,7,1,2,14
13,1,Clear,Suburban,82,19,9,3,3,23
9,0,Clear,Urban,35,30,13,3,3,83
15,0,Clear,Highway,74,24,11,4,3,38
3,0,Clear,Highway,71,10,2,0,1,12
19,0,Clear,Urban,24,54,24,7,3,85
3,1,Fog,Highway,72,8,1,0,1,2
20,1,Clear,Urban,87,15,10,2,3,14
5,0,Rain,Suburban,70,9,3,1,1,4
8,0,Clear,Highway,35,39,22,3,3,83
8,0,Fog,Highway,47,46,10,5,6,43
12,0,Rain,Urban,83,12,5,1,2,36
22,1,Fog,Suburban,89,19,9,2,4,12
21,0,Clear,Suburban,86,20,14,4,4,24
16,0,Fog,Urban,70,21,9,1,3,22
15,0,Clear,Urban,73,16,8,3,4,36
22,0,Clear,Highway,53,13,14,4,3,48
19,0,Rain,Highway,59,47,13,6,6,59
14,0,Clear,Suburban,75,18,13,4,4,38
8,1,Clear,Highway,56,32,13,4,5,56
19,0,Clear,Highway,51,37,15,5,2,59
22,0,Clear,Highway,54,17,8,4,2,41
14,1,Clear,Suburban,67,21,6,4,2,31
0,0,Clear,Urban,77,7,4,0,1,5
3,1,Clear,Urban,64,2,1,1,2,7
1,1,Clear,Urban,65,8,2,1,1,13
20,0,Clear,Suburban,86,15,6,1,2,40
0,1,Clear,Highway,73,3,3,1,2,9
2,0,Clear,Highway,68,4,2,0,1,8
8,0,Clear,Suburban,28,31,23,6,3,84
3,0,Clear,Urban,77,7,1,0,2,14
17,0,Clear,Suburban,22,41,14,6,4,93
8,1,Clear,Suburban,49,33,15,5,3,42
9,1,Clear,Urban,48,38,11,6,2,60
4,1,Rain,Suburban,78,6,3,0,2,8
15,0,Clear,Highway,40,24,10,3,4,47
2,1,Clear,Urban,69,4,4,1,1,5
8,1,Clear,Urban,54,37,14,6,6,64
12,0,Clear,Suburban,76,21,6,1,4,38
6,0,Clear,Suburban,72,15,12,4,4,40
18,0,Clear,Urban,26,37,16,3,3,72
23,0,Clear,Suburban,73,12,13,4,2,30
1,0,Clear,Suburban,84,6,3,0,2,14
11,0,Rain,Suburban,83,24,6,4,4,32
8,0,Clear,Urban,51,57,16,6,6,66
10,0,Clear,Urban,82,16,6,4,3,39
15,0,Clear,Suburban,55,27,6,3,2,46
18,1,Clear,Urban,54,43,16,5,2,51
9,1,Clear,Suburban,40,25,11,5,3,64
23,1,Clear,Highway,73,18,14,1,2,14
2,0,Rain,Suburban,89,9,1,0,2,11
2,1,Clear,Urban,86,5,3,0,2,4
19,0,Clear,Urban,56,45,23,4,6,58
0,0,Clear,Urban,66,4,1,0,1,14
9,0,Rain,Urban,45,38,24,3,4,44
12,0,Rain,Suburban,84,28,8,1,2,23
13,1,Clear,Highway,89,16,5,3,2,30
6,0,Clear,Suburban,68,17,13,4,3,26
0,0,Fog,Suburban,79,3,1,0,1,10
3,0,Clear,Highway,82,5,1,1,1,11
11,0,Clear,Urban,51,14,12,4,2,47
18,0,Fog,Highway,44,33,22,3,5,45
20,0,Fog,Suburban,89,22,12,4,2,12
19,1,Clear,Urban,47,27,16,6,5,44
8,0,Clear,Suburban,38,30,17,5,4,72
1,0,Clear,Suburban,83,3,4,1,2,14
5,1,Clear,Urban,75,2,4,1,2,13
23,0,Rain,Urban,64,24,14,4,3,32
19,0,Rain,Urban,56,34,21,3,3,67
13,0,Fog,Highway,84,16,12,4,4,25
5,0,Clear,Urban,80,8,3,0,2,18
18,0,Fog,Highway,80,55,16,6,3,33
20,0,Fog,Urban,88,24,5,1,4,29
5,0,Rain,Suburban,89,10,1,0,1,9
9,1,Fog,Urban,74,40,23,4,3,25
23,1,Rain,Suburban,75,11,5,1,4,12
22,0,Clear,Urban,86,22,6,1,2,31
22,0,Clear,Suburban,64,26,5,2,2,20
0,0,Fog,Suburban,79,5,1,0,2,4
22,0,Clear,Highway,48,29,7,2,4,47
6,0,Rain,Highway,62,17,5,4,3,21
22,1,Clear,Urban,81,15,11,1,4,17
19,1,Fog,Urban,79,39,21,3,4,30
19,0,Clear,Highway,20,34,20,5,2,95
9,0,Clear,Urban,20,58,15,4,2,85
7,0,Clear,Urban,41,59,16,4,4,68
11,0,Rain,Urban,76,23,13,3,3,35
12,0,Rain,Highway,89,21,7,2,3,16
1,0,Clear,Urban,88,9,2,1,2,12
9,0,Clear,Highway,20,59,12,3,5,80
10,0,Clear,Urban,81,25,7,1,3,37
15,0,Rain,Highway,86,20,7,4,2,16
8,0,Fog,Highway,67,33,16,6,4,36
16,0,Clear,Suburban,80,19,14,3,2,21
12,0,Clear,Highway,82,13,14,3,3,36
20,1,Clear,Urban,83,14,13,1,3,25
22,1,Clear,Urban,68,12,12,2,2,22
7,0,Rain,Urban,58,52,23,7,2,56
9,1,Clear,Urban,53,32,21,5,6,45
23,0,Clear,Suburban,56,21,10,4,2,46
3,1,Rain,Highway,69,8,1,0,1,6
20,0,Clear,Highway,61,20,12,4,2,22
2,1,Clear,Suburban,80,8,4,1,1,9
16,0,Rain,Highway,67,27,9,1,4,22
0,0,Fog,Urban,69,6,1,0,2,8
17,1,Clear,Suburban,74,35,24,5,3,38
6,0,Clear,Suburban,85,29,12,4,3,25
3,0,Rain,Suburban,72,4,4,1,1,5
19,0,Clear,Suburban,58,50,18,5,5,61
19,1,Rain,Urban,45,25,12,5,4,52
18,0,Fog,Urban,89,37,11,6,4,37
4,0,Clear,Suburban,61,11,4,1,1,9
17,0,Clear,Suburban,52,42,19,7,6,53
5,0,Rain,Urban,80,11,2,1,1,7
17,0,Clear,Urban,59,58,14,7,2,60
22,0,Clear,Highway,55,17,9,4,2,42
14,1,Rain,Highway,83,14,7,2,4,27
1,0,Rain,Highway,69,8,3,0,1,13
14,0,Clear,Suburban,72,21,6,4,4,34
22,1,Clear,Urban,87,15,10,1,4,26
21,0,Clear,Highway,88,18,13,2,4,31
7,1,Clear,Urban,41,28,17,6,2,44
10,0,Clear,Suburban,87,27,10,1,4,38
11,1,Clear,Suburban,86,23,9,1,4,19
12,1,Clear,Suburban,79,20,5,4,4,23
6,0,Fog,Suburban,88,25,14,3,2,12
23,0,Clear,Urban,83,13,8,4,2,34
10,0,Clear,Highway,86,27,5,3,3,27
16,1,Fog,Suburban,79,11,12,2,4,8
17,0,Rain,Highway,57,36,13,4,5,45
22,0,Clear,Suburban,64,20,13,1,2,29
7,0,Clear,Highway,59,42,17,3,3,56
17,0,Clear,Suburban,59,44,15,6,3,63
19,0,Clear,Urban,53,51,21,7,4,54
17,0,Rain,Suburban,50,36,20,3,3,59
16,0,Rain,Highway,72,17,5,4,4,17
16,1,Fog,Urban,63,16,13,1,4,16
0,0,Clear,Highway,60,10,1,0,1,14
4,1,Clear,Urban,67,8,4,0,1,11
15,0,Rain,Urban,68,13,14,1,2,39
18,1,Clear,Suburban,53,39,19,6,3,46
1,0,Clear,Highway,68,5,3,0,2,9
19,0,Clear,Urban,45,44,22,3,3,60
19,0,Clear,Urban,23,55,16,7,6,76
2,0,Rain,Highway,65,11,3,1,1,13
0,0,Clear,Suburban,70,9,3,1,2,19
12,0,Clear,Highway,40,29,11,4,2,47
18,0,Fog,Urban,46,43,23,7,4,42
5,0,Clear,Highway,66,11,1,1,1,14
5,0,Rain,Highway,66,10,3,0,1,12
2,0,Fog,Suburban,82,4,1,0,2,11
1,1,Clear,Highway,70,8,3,1,2,4
14,0,Clear,Urban,88,20,10,4,4,21
6,1,Clear,Suburban,76,20,7,2,2,25
3,1,Clear,Urban,66,4,2,0,1,4
7,0,Fog,Urban,44,55,24,6,2,42
0,1,Rain,Suburban,61,4,2,1,1,7
9,0,Clear,Urban,28,37,10,5,6,94
15,0,Clear,Suburban,40,13,9,3,3,41
18,0,Fog,Highway,46,55,21,4,4,45
4,1,Clear,Urban,79,2,3,0,2,4
11,1,Clear,Highway,68,14,10,4,2,19
2,0,Clear,Highway,65,9,1,1,1,8
0,0,Clear,Urban,70,9,1,0,1,7
11,0,Clear,Suburban,79,17,10,2,4,21
13,0,Clear,Suburban,56,12,12,4,2,46
15,0,Rain,Suburban,61,19,9,1,2,30
8,0,Clear,Urban,23,56,16,6,6,91
1,0,Clear,Urban,64,6,2,0,2,19
7,0,Clear,Highway,42,49,15,5,2,58
10,0,Clear,Highway,68,22,8,3,3,27
16,0,Clear,Suburban,45,20,12,1,2,44
2,0,Clear,Urban,62,9,2,1,2,10
6,0,Rain,Urban,62,29,7,2,4,16
17,0,Clear,Urban,29,44,17,4,6,76
23,0,Clear,Urban,73,13,14,1,4,27
15,1,Clear,Urban,84,21,7,1,4,22
19,0,Clear,Urban,44,51,10,4,5,60
2,0,Clear,Suburban,64,5,1,1,1,12
6,1,Clear,Urban,84,12,12,1,4,29
19,1,Clear,Urban,45,36,21,7,5,65
23,0,Clear,Urban,63,16,10,1,4,38
5,0,Clear,Urban,71,5,4,0,2,8
20,1,Fog,Suburban,72,13,6,3,3,15
3,1,Clear,Highway,62,5,3,0,2,9
21,0,Clear,Urban,77,20,14,2,3,24
13,0,Clear,Highway,75,17,8,1,2,24
3,0,Clear,Highway,67,5,2,1,2,6
15,0,Clear,Urban,70,16,8,4,3,25
22,0,Rain,Suburban,77,18,5,1,3,30
23,0,Fog,Highway,62,28,13,1,4,22
13,1,Rain,Urban,64,17,11,1,2,12
11,0,Clear,Highway,89,19,5,2,3,37
15,1,Clear,Highway,79,9,5,2,3,23
14,1,Clear,Suburban,67,17,12,4,3,33
21,1,Rain,Highway,64,12,12,2,3,22
4,1,Clear,Highway,65,8,1,0,1,9
12,0,Rain,Highway,67,21,14,2,3,33
21,0,Clear,Suburban,48,24,10,1,4,43
19,0,Clear,Urban,42,35,24,3,5,60
12,1,Clear,Urban,61,12,5,4,3,14
12,0,Clear,Urban,82,12,14,2,4,24
14,1,Clear,Urban,80,18,11,2,3,31
2,0,Clear,Suburban,72,10,1,1,2,15
19,1,Clear,Urban,59,26,22,6,2,67
6,1,Clear,Suburban,76,22,13,2,3,32
7,0,Clear,Suburban,53,49,12,4,6,56
3,0,Rain,Urban,60,7,1,1,2,11
23,1,Rain,Urban,87,11,9,3,4,22
23,1,Clear,Urban,75,18,8,4,2,25
7,0,Rain,Highway,72,44,11,3,2,40
12,0,Clear,Highway,83,20,14,2,4,39
13,0,Rain,Urban,70,29,9,3,4,16
0,0,Fog,Suburban,82,3,4,0,1,4
9,1,Rain,Highway,63,31,21,4,4,39
21,0,Clear,Highway,88,19,9,1,4,28
15,0,Clear,Urban,75,18,5,2,4,33
9,0,Clear,Urban,34,57,18,6,6,90
20,0,Rain,Urban,83,25,6,3,3,29
16,0,Rain,Highway,73,28,12,2,3,28
4,0,Clear,Urban,69,8,1,1,2,5
10,0,Clear,Urban,54,29,9,2,2,49
23,1,Clear,Suburban,85,22,13,1,3,16
23,0,Clear,Highway,87,24,11,2,3,21
17,0,Clear,Highway,31,46,24,5,5,71
12,0,Rain,Urban,68,15,11,4,2,37
8,0,Clear,Urban,22,48,10,3,6,92
3,1,Clear,Urban,87,4,2,0,1,4
12,1,Rain,Suburban,88,9,9,3,4,11
23,1,Clear,Urban,70,9,11,3,3,34
5,0,Rain,Urban,65,7,2,0,2,4
3,0,Clear,Urban,72,6,1,1,1,11
4,0,Rain,Urban,60,8,1,1,2,6
23,0,Clear,Suburban,46,14,7,2,2,49
14,1,Clear,Suburban,82,20,9,2,2,23
6,0,Clear,Highway,50,18,10,3,2,48
0,0,Rain,Suburban,81,8,3,1,2,11
0,0,Rain,Urban,81,4,2,0,1,14
23,0,Clear,Suburban,76,13,13,3,3,28
18,0,Clear,Suburban,52,56,10,3,2,58
9,0,Rain,Urban,48,36,19,5,2,56
6,0,Clear,Highway,81,27,7,1,2,22
13,0,Clear,Urban,69,26,14,1,4,24
16,0,Clear,Suburban,80,27,12,4,3,20
9,1,Clear,Suburban,42,31,18,4,2,60
22,0,Fog,Urban,61,24,11,1,2,19
13,0,Clear,Suburban,60,27,11,3,3,40
12,1,Clear,Urban,65,19,10,1,2,26
16,0,Fog,Highway,62,16,12,2,3,15
11,1,Clear,Suburban,81,15,13,2,2,28
19,1,Clear,Urban,49,44,18,5,5,67
2,0,Rain,Urban,78,10,4,1,1,13
1,0,Rain,Highway,80,11,1,1,1,12
0,0,Clear,Urban,73,10,4,1,2,10
16,0,Clear,Urban,40,18,8,3,4,42
11,1,Clear,Urban,80,11,11,2,4,27
4,0,Rain,Suburban,63,4,3,1,2,10
12,0,Clear,Suburban,61,24,14,1,3,33
6,0,Clear,Urban,75,23,10,2,4,39
21,1,Rain,Urban,79,11,11,3,3,26
8,0,Rain,Highway,26,46,13,6,4,75
3,0,Clear,Urban,83,8,2,0,1,13
14,0,Clear,Highway,87,25,10,4,3,27
1,0,Rain,Highway,74,4,3,1,2,8
23,0,Clear,Urban,60,18,11,4,4,32
14,0,Clear,Suburban,74,26,8,2,3,24
17,0,Fog,Suburban,56,41,20,5,5,41
7,0,Clear,Suburban,22,54,11,7,6,97
14,0,Rain,Suburban,80,15,13,4,4,29
22,0,Rain,Urban,63,25,10,3,2,24
12,0,Rain,Suburban,81,14,8,4,2,37
1,1,Clear,Urban,64,8,2,0,2,4
8,1,Rain,Highway,87,41,12,5,3,31
9,0,Clear,Suburban,40,47,20,3,3,60
20,0,Clear,Suburban,74,14,6,4,4,28
9,0,Clear,Suburban,27,54,10,6,6,90
11,0,Rain,Suburban,62,26,13,1,3,34
7,0,Clear,Urban,22,33,14,6,3,88
1,0,Clear,Suburban,64,6,2,1,2,12
0,0,Clear,Suburban,62,7,2,0,1,16
8,0,Clear,Urban,31,53,24,6,5,92
5,0,Clear,Urban,73,11,2,1,2,5
8,1,Rain,Urban,69,40,15,5,2,33
12,1,Fog,Suburban,64,10,10,4,3,15
7,0,Rain,Urban,50,56,22,5,3,69
11,0,Rain,Suburban,67,21,11,1,3,17
20,1,Clear,Urban,74,19,13,1,2,18
18,0,Rain,Suburban,34,50,10,5,3,74
12,0,Clear,Urban,78,25,13,3,4,29
8,0,Clear,Urban,27,42,20,5,6,89
19,0,Clear,Suburban,47,34,19,7,5,59
5,1,Clear,Urban,85,2,3,0,2,6
4,0,Clear,Urban,87,7,2,0,2,18
17,1,Rain,Highway,43,27,23,4,3,46
12,0,Clear,Highway,55,26,9,4,3,43
15,1,Rain,Highway,71,16,8,2,2,23
13,0,Clear,Highway,58,29,10,3,3,48
4,0,Fog,Suburban,66,5,3,0,2,7
22,0,Clear,Urban,76,17,12,2,4,22
2,0,Clear,Highway,76,8,2,0,1,10
12,1,Clear,Suburban,79,13,7,4,2,16
1,0,Clear,Urban,61,7,2,0,1,12
6,0,Fog,Urban,84,14,10,1,3,28
0,0,Clear,Highway,83,9,1,1,1,12
10,0,Clear,Urban,78,28,6,2,2,35
11,1,Clear,Highway,74,20,10,2,4,14
23,0,Rain,Urban,83,29,11,4,3,36
15,1,Clear,Highway,83,16,7,4,2,32
3,1,Rain,Urban,69,3,3,0,2,3
9,0,Clear,Highway,59,58,18,3,4,59
17,1,Clear,Urban,55,26,24,4,4,69
9,0,Clear,Highway,34,37,21,3,3,74
2,0,Clear,Highway,85,8,3,0,1,9
16,0,Rain,Suburban,85,15,11,3,3,17
21,0,Clear,Suburban,72,12,14,1,3,30
16,1,Clear,Suburban,86,14,5,1,4,21
14,0,Clear,Urban,68,20,11,1,3,27
7,0,Clear,Urban,30,39,10,5,2,91
18,0,Clear,Urban,56,45,16,3,4,51
14,0,Clear,Suburban,51,25,7,2,3,47
1,0,Clear,Highway,86,5,4,0,1,13
10,0,Clear,Urban,82,22,11,1,3,34
0,0,Clear,Suburban,64,5,3,1,1,11
9,0,Clear,Urban,36,31,18,6,4,87
14,0,Clear,Urban,85,27,13,4,4,24
5,1,Rain,Urban,77,8,3,1,1,2
5,1,Clear,Highway,83,8,1,1,1,10
22,0,Clear,Suburban,46,25,8,4,3,47
10,1,Clear,Urban,66,20,11,3,2,21
11,0,Rain,Suburban,79,19,13,4,3,28
18,1,Rain,Urban,60,41,12,5,6,35
7,0,Clear,Highway,34,34,13,5,3,80
18,0,Clear,Highway,44,41,20,3,5,51
12,0,Clear,Suburban,85,24,10,2,2,34
3,0,Clear,Urban,67,5,2,0,1,17
1,1,Clear,Suburban,71,3,1,0,2,10
0,0,Clear,Highway,65,10,1,1,2,10
9,0,Clear,Urban,45,59,12,4,2,52
16,1,Fog,Urban,82,20,14,2,4,12
23,0,Clear,Highway,81,18,11,1,2,21
7,1,Fog,Suburban,89,31,16,4,5,27
21,1,Fog,Urban,82,13,8,2,2,12
16,0,Clear,Highway,65,28,7,1,4,32
7,0,Clear,Highway,55,38,15,4,2,63
11,1,Fog,Urban,88,12,9,3,2,15
15,1,Clear,Highway,86,10,6,3,3,22
19,1,Clear,Suburban,52,35,16,3,2,48
12,0,Fog,Urban,62,15,11,1,2,14
20,0,Fog,Urban,72,18,6,1,4,13
5,0,Clear,Suburban,71,4,3,1,2,14
1,1,Clear,Urban,62,7,4,0,2,12
13,1,Clear,Urban,66,23,11,2,3,23
7,1,Clear,Suburban,41,44,12,4,4,60
19,0,Clear,Urban,39,32,13,7,3,77
23,0,Clear,Suburban,82,29,10,4,4,30
6,0,Clear,Urban,69,19,8,1,4,40
15,1,Fog,Urban,62,16,5,2,4,16
12,0,Rain,Urban,78,29,8,1,4,16
22,0,Clear,Highway,60,14,12,2,3,29
7,0,Rain,Urban,45,49,15,5,5,41
14,0,Clear,Urban,82,25,9,2,4,34
9,0,Fog,Urban,41,58,22,6,5,48
0,1,Rain,Urban,82,4,4,0,2,4
10,0,Clear,Urban,61,26,11,2,2,30
9,0,Clear,Suburban,50,40,23,7,5,69
23,1,Fog,Suburban,72,21,6,1,2,12
19,0,Clear,Urban,50,41,20,7,3,50
0,0,Clear,Urban,86,3,2,1,1,11
23,1,Clear,Urban,68,19,6,3,2,14
4,1,Fog,Urban,65,8,1,0,1,4
12,1,Clear,Highway,75,22,10,3,4,23
16,0,Clear,Urban,45,17,13,2,2,46
21,1,Rain,Suburban,83,12,9,2,2,19
2,1,Clear,Highway,80,7,4,0,2,4
11,0,Clear,Urban,81,14,7,3,2,39
5,0,Fog,Suburban,88,5,2,1,1,9
18,0,Fog,Urban,76,50,17,5,2,40
15,0,Fog,Urban,86,27,11,2,4,20
15,0,Clear,Urban,50,29,8,2,4,43
8,0,Clear,Highway,44,33,14,3,2,53
4,0,Clear,Highway,88,10,3,1,1,11
13,0,Rain,Highway,78,22,9,1,4,28
8,0,Clear,Urban,33,36,12,4,3,78
20,0,Clear,Highway,84,15,10,3,4,26
18,1,Fog,Urban,63,41,20,5,6,25
4,0,Rain,Suburban,88,4,1,0,2,9
6,1,Fog,Highway,81,16,14,1,4,19
17,1,Clear,Urban,45,30,13,7,2,46
7,0,Rain,Urban,41,43,22,6,3,50
9,0,Rain,Urban,50,47,17,3,2,52
10,0,Clear,Urban,84,12,14,3,3,31
21,1,Clear,Suburban,86,16,8,2,4,16
21,1,Clear,Urban,71,23,8,3,2,18
10,0,Clear,Highway,74,18,7,1,3,26
19,0,Rain,Urban,83,56,13,7,3,40
21,0,Clear,Highway,53,25,14,3,2,43
8,0,Rain,Suburban,56,44,18,4,6,67
1,0,Clear,Suburban,80,3,1,1,1,7
1,1,Rain,Urban,74,7,3,1,1,2
9,1,Clear,Suburban,60,25,11,7,5,36
16,0,Clear,Suburban,61,18,5,4,4,37
12,1,Clear,Suburban,87,21,13,1,2,28
6,1,Clear,Suburban,75,19,5,2,4,28
23,0,Rain,Suburban,85,18,12,3,4,27
23,0,Clear,Urban,69,26,5,3,3,39
0,1,Clear,Urban,69,6,2,1,2,6
11,0,Clear,Suburban,64,18,7,3,4,35
8,0,Rain,Highway,54,56,21,5,4,66
21,0,Fog,Urban,86,24,12,2,3,15
13,1,Fog,Highway,88,21,5,3,4,12
6,0,Clear,Suburban,64,13,14,2,2,29
13,1,Clear,Suburban,68,12,5,1,3,30
8,0,Clear,Highway,31,31,23,3,2,98
19,0,Clear,Urban,35,44,18,4,6,76
22,1,Clear,Suburban,78,12,7,1,3,16
18,1,Clear,Highway,52,31,16,7,2,43
2,0,Clear,Suburban,89,11,4,1,2,13
15,1,Clear,Suburban,75,13,11,2,4,21
13,0,Clear,Urban,82,23,9,1,3,23
10,0,Clear,Suburban,86,14,5,3,3,24
21,1,Fog,Urban,73,21,13,3,4,16
9,0,Clear,Urban,53,36,22,4,5,62
9,1,Clear,Suburban,71,25,19,5,5,36
21,0,Clear,Suburban,79,14,9,4,2,25
8,0,Clear,Urban,35,37,13,7,3,87
21,0,Clear,Suburban,44,12,7,2,2,43
8,1,Clear,Suburban,59,31,24,4,2,42
9,0,Clear,Suburban,46,54,21,5,4,51
10,1,Clear,Suburban,80,13,12,3,4,29
20,0,Clear,Highway,83,12,12,3,4,39
20,0,Clear,Urban,49,25,14,1,2,46
5,0,Fog,Highway,71,9,3,1,1,4
22,0,Clear,Suburban,43,28,14,2,2,42
14,0,Clear,Suburban,52,29,8,1,4,44
14,0,Clear,Suburban,87,26,13,1,3,23
22,1,Clear,Urban,88,9,6,2,4,22
0,0,Clear,Highway,65,8,3,1,2,14
15,0,Clear,Suburban,77,25,11,4,3,33
21,0,Clear,Urban,65,20,14,3,4,25
13,1,Rain,Suburban,69,12,13,1,4,24
21,0,Clear,Urban,50,29,7,1,3,45
17,0,Clear,Highway,34,35,18,4,6,85
9,1,Clear,Urban,41,47,11,7,2,62
1,1,Clear,Urban,74,4,1,1,1,10
22,0,Clear,Urban,47,23,9,1,3,48
20,1,Clear,Urban,69,19,14,3,4,30
2,0,Clear,Urban,88,7,1,0,2,10
21,0,Clear,Highway,41,20,8,3,3,44
8,1,Clear,Highway,58,34,11,3,2,62
1,0,Clear,Suburban,80,4,3,1,1,9
13,0,Fog,Suburban,82,13,10,1,4,13
10,1,Rain,Suburban,80,14,9,4,2,27
5,0,Rain,Highway,89,10,1,1,2,10
0,0,Fog,Highway,86,6,3,0,1,9
10,0,Fog,Urban,67,12,11,1,4,25
11,0,Rain,Suburban,84,29,8,4,3,20
19,0,Clear,Urban,25,43,11,5,5,89
4,0,Clear,Suburban,62,10,1,1,1,19
14,1,Clear,Urban,83,23,13,2,3,33
16,0,Clear,Suburban,59,14,14,4,3,43
1,1,Clear,Suburban,74,7,1,1,1,6
23,1,Clear,Urban,67,20,9,3,4,31
23,1,Clear,Urban,60,10,9,3,4,20
20,1,Clear,Suburban,76,21,5,3,4,33
1,0,Clear,Suburban,84,7,3,0,2,13
19,0,Clear,Urban,37,51,19,7,6,83
19,1,Clear,Suburban,44,35,22,4,2,65
7,0,Rain,Suburban,53,44,13,4,3,53
2,1,Clear,Highway,77,5,4,0,1,13
7,0,Clear,Urban,52,31,21,5,3,62
12,0,Fog,Highway,65,28,12,4,4,28
23,0,Fog,Highway,74,15,13,2,3,13
22,0,Rain,Suburban,86,18,11,1,3,27
11,0,Clear,Suburban,58,20,7,4,3,45
13,0,Clear,Highway,73,21,5,1,3,23
16,1,Fog,Highway,64,23,14,3,3,10
2,1,Clear,Urban,79,5,2,1,2,7
5,1,Rain,Urban,88,8,1,0,1,2
15,0,Clear,Urban,68,20,6,4,4,31
17,1,Clear,Suburban,44,34,19,7,3,65
1,0,Clear,Suburban,82,11,3,1,2,14
4,0,Clear,Highway,87,11,3,1,1,10
15,1,Clear,Urban,78,12,12,4,2,18
15,0,Rain,Suburban,88,24,5,3,3,18
7,0,Clear,Urban,59,51,22,3,2,56
6,0,Clear,Urban,47,20,5,2,3,41
16,0,Clear,Urban,61,29,5,3,3,37
19,1,Clear,Suburban,57,36,10,3,4,47
9,1,Clear,Urban,87,40,21,4,5,35
12,0,Clear,Urban,72,28,8,4,2,40
19,0,Fog,Suburban,43,34,23,3,6,48
23,0,Clear,Urban,77,26,5,2,4,20
7,0,Clear,Suburban,44,59,10,6,6,56
9,0,Fog,Suburban,54,41,21,4,4,45
1,0,Clear,Suburban,79,8,1,0,2,13
12,0,Clear,Urban,87,26,10,4,2,40
19,0,Clear,Highway,55,50,17,7,3,59
7,0,Rain,Urban,36,48,10,3,6,71
0,0,Clear,Suburban,60,10,3,0,2,10
0,1,Clear,Highway,70,4,1,0,1,3
13,0,Rain,Highway,68,25,12,4,2,35
7,1,Clear,Urban,56,32,22,5,5,42
12,0,Rain,Suburban,81,24,14,4,2,16
5,0,Clear,Highway,68,7,2,0,1,10
3,0,Rain,Highway,64,4,3,1,2,15
23,0,Clear,Highway,69,26,6,3,4,31
15,0,Clear,Urban,86,28,5,1,3,24
3,1,Clear,Highway,87,5,1,1,2,8
5,0,Clear,Highway,78,7,2,0,1,7
10,0,Clear,Urban,55,28,13,3,2,49
2,0,Clear,Highway,61,6,2,0,2,17
5,1,Clear,Highway,78,4,4,0,1,9
23,0,Clear,Suburban,43,20,9,4,2,45
1,0,Fog,Urban,87,8,1,1,1,6
1,0,Clear,Highway,87,8,2,0,2,18
18,0,Clear,Highway,33,44,12,7,3,91
13,0,Rain,Suburban,74,15,7,3,2,28
19,0,Clear,Urban,31,58,24,4,2,85
13,0,Clear,Suburban,52,25,14,3,4,43
10,0,Rain,Suburban,70,18,12,1,2,21
20,0,Rain,Suburban,66,22,7,1,3,38
13,0,Clear,Suburban,54,23,7,3,3,45
20,0,Clear,Highway,59,27,7,3,4,43
22,1,Fog,Highway,75,16,8,2,2,19
13,0,Rain,Highway,78,26,11,1,4,17
3,1,Clear,Urban,80,4,2,0,2,3
6,1,Clear,Highway,84,17,14,3,3,24
20,0,Clear,Highway,63,27,14,1,3,26
16,1,Rain,Urban,71,16,10,3,4,16
5,0,Clear,Urban,77,3,4,1,1,5
7,0,Clear,Suburban,56,34,21,7,3,62
9,0,Clear,Suburban,52,46,20,3,6,62
2,0,Clear,Suburban,83,8,4,1,1,9
1,1,Clear,Highway,68,8,4,0,1,10
7,1,Clear,Highway,40,31,19,7,2,44
15,0,Clear,Urban,45,24,13,2,3,46
20,0,Clear,Highway,89,14,12,1,2,39
21,0,Clear,Urban,86,27,12,2,4,24
13,1,Rain,Suburban,73,15,8,1,2,12
8,1,Fog,Suburban,79,32,22,6,4,24
21,0,Rain,Urban,62,15,6,1,2,38
12,0,Clear,Urban,64,29,11,2,2,27
8,1,Clear,Urban,52,35,24,6,4,47
2,0,Clear,Urban,82,3,1,0,1,9
15,1,Clear,Highway,75,16,6,3,4,18
18,0,Fog,Urban,41,33,16,6,6,49
10,0,Clear,Suburban,70,21,11,3,2,29
8,0,Clear,Highway,58,58,13,3,3,57
2,0,Clear,Highway,71,9,3,0,1,13
20,0,Clear,Suburban,57,15,8,3,2,46
19,1,Rain,Urban,63,32,20,5,5,36
20,0,Fog,Suburban,67,15,11,4,2,17
14,1,Clear,Urban,72,21,8,3,3,32
0,0,Clear,Urban,88,5,2,1,2,18
11,0,Clear,Suburban,83,12,11,4,2,32
7,0,Clear,Highway,45,35,22,4,6,58
11,0,Clear,Suburban,75,28,6,3,2,27
15,1,Fog,Suburban,73,15,10,4,3,17
18,0,Rain,Suburban,53,38,16,6,4,70
3,1,Clear,Suburban,65,4,1,0,2,10
5,0,Clear,Highway,67,5,1,1,1,12
13,0,Clear,Suburban,50,29,11,2,3,49
14,0,Clear,Suburban,76,12,6,1,2,39
2,0,Fog,Suburban,60,11,1,1,2,4
11,0,Fog,Urban,75,23,8,4,3,24
6,1,Clear,Urban,63,16,12,3,4,23
18,0,Clear,Suburban,45,54,22,6,6,52
5,0,Clear,Urban,77,11,4,1,1,19
0,0,Fog,Urban,60,7,1,0,1,11
10,0,Clear,Highway,71,24,5,1,3,34
1,1,Clear,Highway,85,6,3,1,2,10
22,0,Clear,Suburban,73,12,6,2,3,32
20,0,Rain,Highway,83,12,14,4,4,21
5,0,Clear,Urban,67,11,3,0,2,16
14,0,Clear,Urban,74,25,8,2,3,39
9,0,Clear,Urban,44,57,19,5,3,57
23,0,Fog,Highway,86,26,12,4,4,15
17,0,Rain,Suburban,45,43,24,5,2,70
2,1,Rain,Highway,75,6,1,1,2,5
3,1,Fog,Urban,72,4,3,1,2,4
4,0,Clear,Urban,60,4,4,0,2,12
4,0,Clear,Urban,81,10,1,1,1,7
9,0,Fog,Suburban,48,53,21,3,2,58
16,1,Rain,Suburban,83,13,8,3,4,13
22,0,Clear,Suburban,46,24,13,1,2,49
0,0,Clear,Suburban,76,11,3,1,2,19
10,0,Clear,Urban,77,23,8,2,3,22
5,1,Clear,Urban,85,2,2,1,1,4
8,0,Fog,Suburban,80,34,12,3,2,31
3,1,Clear,Urban,70,7,3,1,1,11
6,1,Clear,Suburban,71,9,9,4,2,16
12,0,Clear,Suburban,49,18,13,3,4,46
5,0,Clear,Suburban,88,6,1,1,2,12
17,0,Clear,Highway,22,57,12,5,5,99
7,0,Rain,Suburban,50,38,17,7,6,66
8,0,Clear,Suburban,26,49,21,5,6,92
17,0,Clear,Urban,27,37,23,4,6,77
16,0,Clear,Suburban,66,24,5,3,2,40
9,0,Clear,Highway,46,36,12,3,6,57
13,0,Clear,Suburban,81,21,11,2,4,40
5,0,Clear,Urban,71,6,4,1,1,13
3,1,Clear,Highway,84,8,3,1,2,13
11,1,Clear,Suburban,81,12,10,1,3,22
20,0,Clear,Highway,60,29,7,4,3,22
10,0,Fog,Highway,84,18,6,1,3,28
2,0,Rain,Suburban,80,6,2,0,2,7
2,1,Clear,Highway,70,5,1,0,1,11
1,1,Clear,Urban,77,4,2,1,2,5
15,0,Fog,Highway,81,13,9,1,4,15
21,0,Clear,Highway,84,18,6,2,3,39
19,0,Clear,Suburban,42,33,24,3,2,61
21,0,Rain,Highway,62,18,13,2,3,30
21,0,Rain,Urban,81,16,6,2,2,24
20,1,Clear,Suburban,78,23,6,1,4,21
3,0,Clear,Highway,65,5,1,1,2,12
22,0,Clear,Highway,79,27,6,3,2,36
7,1,Clear,Suburban,56,38,19,4,4,42
17,0,Clear,Suburban,58,46,14,5,2,54
18,0,Clear,Highway,22,36,19,7,3,76
20,0,Clear,Urban,70,16,5,1,3,25
5,0,Clear,Suburban,88,6,3,1,1,12
12,1,Clear,Suburban,81,10,13,4,2,31
15,0,Fog,Suburban,60,15,11,3,3,17
23,1,Fog,Urban,75,20,12,2,3,19
20,0,Clear,Urban,68,16,9,4,3,31
8,0,Fog,Urban,53,49,19,5,6,44
1,0,Clear,Urban,73,6,1,1,2,11
0,0,Rain,Suburban,73,8,2,1,1,14
21,1,Clear,Highway,85,13,14,2,4,19
13,0,Rain,Suburban,75,12,12,2,2,26
18,0,Rain,Highway,40,30,19,4,2,65
22,0,Clear,Highway,84,24,7,1,2,28
19,0,Fog,Suburban,71,49,14,3,4,40
2,0,Clear,Suburban,77,8,3,0,2,6
3,0,Clear,Highway,85,5,3,1,1,9
21,1,Rain,Highway,89,20,9,4,4,20
19,0,Clear,Urban,48,35,24,6,6,52
13,1,Rain,Urban,60,18,5,4,3,20
21,0,Clear,Urban,79,23,8,2,3,22
8,0,Clear,Suburban,41,34,14,4,2,50
12,0,Rain,Highway,69,25,12,1,2,39
14,0,Clear,Suburban,55,29,9,1,4,46
14,0,Fog,Highway,70,27,5,1,3,14
12,0,Clear,Urban,71,20,13,2,4,20
19,0,Clear,Urban,27,44,14,4,5,90
17,0,Clear,Suburban,47,50,11,6,2,62
21,0,Clear,Urban,84,28,8,4,4,32
0,0,Clear,Urban,69,11,1,0,1,12
2,0,Rain,Suburban,81,7,2,0,1,13
6,0,Rain,Highway,67,23,11,4,4,34
7,0,Clear,Urban,36,44,22,4,4,71
20,0,Rain,Suburban,76,25,11,4,2,16
3,0,Clear,Urban,61,5,1,1,2,15
18,0,Clear,Urban,28,52,24,6,5,99
10,0,Clear,Suburban,60,16,14,2,3,28
18,1,Clear,Suburban,61,45,19,5,5,38
0,0,Clear,Urban,89,9,4,0,1,5
5,0,Clear,Suburban,83,10,1,0,1,13
16,0,Clear,Highway,41,19,12,3,2,42
1,0,Rain,Urban,84,4,1,1,1,4
12,1,Clear,Highway,63,16,8,1,3,32
21,0,Clear,Highway,68,24,5,2,3,34
13,0,Clear,Highway,83,22,9,1,2,40
9,0,Clear,Suburban,59,30,11,7,3,51
10,0,Rain,Suburban,86,21,12,3,4,20
5,0,Clear,Highway,83,9,4,0,2,11
4,1,Clear,Urban,64,7,2,0,1,9
8,1,Rain,Urban,49,28,15,3,3,49
23,0,Clear,Urban,59,20,7,3,2,42
12,0,Clear,Urban,53,26,10,4,3,49
17,0,Rain,Highway,36,58,20,6,2,72
23,1,Clear,Urban,77,14,11,4,3,29
11,1,Clear,Urban,75,16,13,1,2,26
1,0,Clear,Highway,88,8,3,0,2,15
21,1,Clear,Suburban,78,12,14,4,3,20
0,0,Clear,Suburban,67,7,2,1,2,7
14,0,Clear,Urban,84,13,8,1,2,20
16,0,Clear,Highway,89,19,5,2,4,32
5,0,Clear,Urban,62,5,2,0,1,6
20,0,Clear,Suburban,85,22,12,1,4,23
18,1,Clear,Urban,43,43,12,3,3,67
21,0,Clear,Suburban,53,24,11,1,3,48
3,0,Clear,Urban,86,4,2,1,1,9
6,1,Clear,Highway,62,16,11,3,4,34
10,0,Clear,Suburban,68,19,12,4,4,20
18,1,Clear,Highway,54,44,11,7,2,63
20,0,Clear,Suburban,88,25,5,1,4,25
3,0,Clear,Urban,75,11,4,0,2,15
14,0,Rain,Urban,64,28,8,3,4,39
16,0,Clear,Urban,71,14,12,4,2,29
14,0,Clear,Highway,58,21,11,2,2,41
5,0,Clear,Suburban,87,8,3,0,2,19
23,0,Fog,Suburban,73,28,11,4,4,12
17,0,Clear,Suburban,56,59,22,7,5,51
3,0,Clear,Urban,72,8,2,1,2,11
6,1,Clear,Urban,66,16,9,1,2,20
13,0,Clear,Highway,66,18,9,3,2,39
20,0,Clear,Urban,66,14,9,2,3,28
8,0,Clear,Urban,25,34,13,3,2,80
17,1,Rain,Urban,69,26,15,7,4,34
8,1,Rain,Highway,75,36,17,4,6,32
2,0,Fog,Suburban,61,5,4,0,2,4
13,0,Clear,Urban,40,29,6,2,3,45
23,1,Clear,Highway,75,21,5,1,2,29
10,0,Fog,Urban,64,25,12,1,2,24
23,1,Fog,Suburban,82,22,10,1,3,16
1,0,Fog,Urban,81,3,1,0,1,6
3,0,Clear,Highway,85,3,2,1,2,9
23,1,Clear,Suburban,89,14,8,1,4,21
3,0,Clear,Suburban,70,10,2,1,2,14
17,0,Clear,Urban,31,30,11,6,2,92
4,0,Clear,Urban,76,9,4,1,1,14
0,1,Clear,Urban,79,7,1,1,1,7
6,0,Fog,Urban,66,12,11,4,4,12
0,0,Clear,Highway,68,11,2,1,1,12
22,1,Rain,Highway,88,18,7,2,2,23
23,0,Rain,Urban,83,24,14,4,4,24
17,0,Clear,Suburban,56,30,19,4,2,58
20,0,Rain,Suburban,60,17,5,1,3,21
6,1,Clear,Urban,60,12,5,4,3,31
20,1,Fog,Urban,70,19,13,4,3,12
23,0,Clear,Suburban,73,23,10,4,3,26
0,0,Rain,Highway,87,4,1,0,1,4
19,0,Clear,Suburban,26,32,10,4,4,74
2,1,Clear,Highway,63,4,3,0,1,6
23,1,Rain,Highway,72,19,5,4,2,27
0,1,Clear,Suburban,80,4,1,1,2,9
5,1,Clear,Highway,71,3,3,0,1,5
5,0,Rain,Urban,86,7,2,1,2,4
18,0,Clear,Urban,22,50,13,7,2,98
1,0,Fog,Urban,60,5,2,1,2,10
9,0,Clear,Urban,55,54,19,5,3,54
20,0,Clear,Suburban,72,24,6,2,2,39
10,0,Clear,Highway,41,24,7,3,2,44
2,1,Fog,Highway,83,7,4,1,2,4
12,0,Clear,Highway,62,29,10,2,3,33
5,0,Rain,Urban,76,9,4,0,2,8
12,0,Clear,Highway,73,17,11,3,2,23
2,1,Clear,Suburban,66,3,1,1,2,10
15,0,Clear,Urban,48,16,12,3,3,48
5,0,Clear,Urban,77,6,2,0,1,10
21,0,Rain,Suburban,73,26,14,2,2,32
8,1,Clear,Urban,40,27,23,5,5,67
14,0,Rain,Urban,77,26,12,2,4,34
21,0,Clear,Highway,76,14,10,3,4,27
8,0,Clear,Urban,54,50,12,4,4,50
7,0,Clear,Suburban,33,44,21,4,6,90
6,0,Rain,Urban,72,22,5,1,4,26
4,0,Rain,Urban,89,7,1,1,2,12
7,1,Rain,Suburban,59,37,22,3,6,48
18,0,Clear,Suburban,20,39,12,7,6,88
17,0,Clear,Suburban,33,48,15,5,4,82
7,0,Clear,Highway,32,33,16,5,2,85
15,1,Clear,Suburban,81,18,11,3,3,28
18,0,Fog,Highway,55,54,16,5,3,45
16,0,Clear,Suburban,55,29,9,4,2,49
4,1,Clear,Urban,84,4,1,0,1,6
3,0,Rain,Highway,82,5,3,1,1,13
7,0,Clear,Suburban,21,57,22,7,4,97
19,0,Clear,Urban,55,52,21,5,5,64
6,1,Clear,Highway,81,14,10,3,3,28
7,0,Clear,Urban,25,47,18,3,3,84
10,0,Clear,Highway,74,16,12,2,4,30
7,0,Clear,Suburban,37,46,19,7,4,83
21,0,Rain,Urban,64,18,8,3,4,16
13,1,Clear,Urban,72,20,12,3,4,31
8,1,Clear,Suburban,55,43,20,4,6,42
23,1,Clear,Highway,62,14,9,4,4,15
4,0,Clear,Highway,65,10,3,0,2,15
3,0,Clear,Highway,83,9,1,0,1,8
10,0,Clear,Suburban,42,22,5,4,4,49
16,0,Fog,Highway,74,13,6,1,2,23
12,1,Fog,Urban,62,9,5,2,2,18
6,0,Rain,Suburban,76,16,6,2,3,37
9,1,Rain,Suburban,82,42,11,5,4,31
13,1,Clear,Suburban,75,21,5,2,3,30
9,0,Clear,Suburban,25,44,11,4,5,72
16,0,Clear,Highway,51,12,12,4,4,49
13,0,Clear,Highway,50,27,11,3,3,44
2,0,Clear,Urban,61,10,1,1,1,8
10,0,Clear,Urban,51,19,8,4,4,42
19,0,Clear,Highway,22,58,10,6,3,95
13,0,Clear,Suburban,41,28,5,2,2,49
7,1,Clear,Highway,65,28,21,4,6,40
12,0,Clear,Suburban,53,28,14,3,4,41
11,0,Clear,Urban,81,19,9,4,4,23
2,0,Clear,Urban,85,4,3,0,2,9
8,0,Clear,Highway,42,52,21,6,5,64
12,0,Clear,Suburban,77,14,6,2,4,30
4,0,Clear,Suburban,80,7,4,1,2,10
5,0,Clear,Urban,83,11,3,1,1,18
22,1,Clear,Urban,77,17,9,4,2,25
8,1,Clear,Urban,55,24,18,6,4,50
8,1,Clear,Highway,68,33,12,5,3,35
15,1,Fog,Suburban,73,11,12,4,2,17
3,1,Clear,Highway,61,4,2,1,1,9
22,1,Clear,Highway,75,12,11,4,4,14
18,0,Clear,Highway,59,40,22,5,3,57
16,0,Clear,Urban,59,17,9,2,4,49
19,0,Clear,Highway,23,37,19,7,4,92
6,0,Clear,Urban,63,20,13,3,3,30
21,0,Clear,Highway,53,21,12,1,3,41
18,1,Rain,Highway,51,34,16,3,4,49
22,0,Clear,Urban,47,27,14,1,3,45
15,1,Clear,Suburban,77,20,11,2,2,24
4,0,Clear,Highway,69,11,1,1,2,12
22,0,Clear,Highway,44,22,12,1,4,45
20,0,Clear,Highway,44,15,6,1,4,45
13,1,Clear,Urban,87,21,10,3,4,30
6,1,Clear,Suburban,62,21,5,2,3,21
12,0,Rain,Suburban,86,23,14,3,4,30
2,0,Rain,Highway,72,7,2,0,1,8
23,0,Clear,Suburban,45,29,11,1,4,47
6,0,Clear,Suburban,76,29,7,2,4,32
12,0,Clear,Urban,46,27,13,2,4,46
6,0,Clear,Urban,85,29,13,3,3,37
9,0,Clear,Highway,27,54,16,5,2,71
14,1,Clear,Urban,80,21,7,3,2,23
16,1,Clear,Urban,79,14,11,3,3,26
9,0,Fog,Suburban,70,50,21,7,4,40
0,1,Clear,Highway,67,6,4,1,1,10
4,1,Clear,Highway,70,6,4,0,1,10
19,0,Clear,Suburban,25,36,10,5,3,71
20,0,Rain,Highway,64,23,6,1,2,21
19,0,Rain,Urban,21,39,14,6,2,75
3,0,Clear,Urban,72,7,1,1,2,16
3,0,Fog,Highway,86,4,1,0,1,3
13,1,Rain,Urban,85,16,7,3,2,11
0,0,Clear,Urban,70,9,2,1,1,5
13,1,Clear,Urban,67,11,8,2,3,16
20,0,Clear,Suburban,63,22,9,3,4,39
6,0,Fog,Urban,84,13,8,3,4,15
12,0,Clear,Suburban,83,13,9,4,3,39
14,0,Rain,Urban,89,29,9,4,3,21
21,0,Rain,Suburban,63,26,5,3,2,19
18,0,Clear,Urban,37,43,16,6,2,76
22,0,Clear,Highway,85,19,12,4,2,33
1,0,Fog,Highway,70,7,1,1,2,9
10,0,Clear,Suburban,69,25,13,2,4,24
16,0,Clear,Highway,81,17,10,2,2,40
13,1,Clear,Urban,72,11,10,2,4,26
2,0,Fog,Urban,77,4,4,0,2,4
3,1,Clear,Urban,76,4,3,1,1,11
2,0,Clear,Urban,81,10,2,1,1,17
23,0,Clear,Highway,83,25,7,4,3,20
9,0,Fog,Highway,87,42,24,4,4,37
13,0,Clear,Highway,71,22,9,1,3,27
22,1,Clear,Suburban,78,9,12,4,4,21
4,0,Clear,Suburban,64,11,1,1,1,13
17,0,Clear,Suburban,29,59,24,7,3,94
5,1,Clear,Suburban,79,8,1,1,2,6
21,0,Clear,Urban,72,26,12,4,2,23
11,0,Fog,Suburban,78,25,6,3,3,14
6,1,Clear,Highway,63,17,8,1,2,20
13,0,Clear,Highway,73,17,10,3,3,32
20,0,Clear,Highway,71,26,5,3,4,29
1,1,Rain,Urban,69,2,2,1,1,4
11,0,Clear,Urban,67,16,14,3,4,39
20,0,Clear,Urban,89,14,8,2,3,30
10,0,Clear,Urban,56,26,5,1,3,43
6,0,Rain,Suburban,63,16,11,4,2,20
6,1,Clear,Suburban,69,15,8,1,4,16
9,0,Clear,Suburban,56,47,14,7,5,60
2,0,Clear,Suburban,82,4,2,0,2,14
22,0,Clear,Highway,50,26,13,4,3,45
17,0,Clear,Highway,29,59,21,5,3,77
4,0,Clear,Suburban,81,7,4,0,1,17
14,1,Clear,Suburban,86,14,11,4,3,19
15,0,Clear,Suburban,71,21,10,2,3,20
5,0,Clear,Suburban,85,10,4,0,1,16
3,0,Clear,Highway,79,6,2,1,2,16
10,0,Fog,Suburban,76,29,11,3,2,24
0,0,Rain,Highway,63,8,4,0,1,12
3,0,Clear,Urban,63,11,4,0,2,7
13,0,Rain,Suburban,61,17,7,3,4,22
16,0,Clear,Highway,60,18,10,4,2,26
15,0,Rain,Suburban,81,27,5,2,3,36
17,0,Clear,Urban,29,49,22,7,2,83
19,0,Clear,Highway,26,40,15,3,4,79
20,0,Rain,Highway,77,18,9,3,3,38
9,0,Rain,Suburban,25,59,22,6,6,78
6,1,Rain,Highway,79,15,5,4,4,11
5,1,Clear,Highway,86,6,2,0,1,4
7,0,Rain,Highway,58,46,16,3,2,70
16,1,Rain,Highway,69,16,12,4,3,14
23,0,Clear,Suburban,61,20,10,1,3,26
7,0,Rain,Urban,48,31,22,5,3,41
18,0,Clear,Suburban,51,50,24,3,6,54
18,0,Clear,Highway,49,50,22,4,6,53
10,1,Clear,Highway,83,23,5,2,4,16
23,0,Clear,Urban,54,23,10,2,3,46
4,0,Clear,Highway,88,3,3,0,1,19
10,1,Clear,Urban,69,14,7,3,2,16
22,1,Clear,Urban,86,17,12,1,3,31
21,0,Clear,Urban,60,25,11,2,2,27
11,0,Rain,Urban,79,21,6,2,3,24
10,0,Clear,Urban,64,20,6,2,4,31
21,1,Clear,Highway,60,19,6,4,2,21
15,0,Clear,Highway,66,28,5,1,4,23
8,0,Rain,Urban,30,58,10,3,6,78
20,0,Clear,Highway,80,19,7,3,4,30
19,1,Clear,Urban,88,40,17,3,4,35
5,0,Clear,Urban,76,4,4,0,1,9
19,1,Clear,Suburban,56,32,11,4,4,51
10,0,Clear,Highway,74,23,14,3,4,32
4,1,Rain,Urban,76,7,3,1,1,6
21,0,Rain,Suburban,85,22,8,4,2,23
2,1,Clear,Highway,74,3,1,0,2,8
11,0,Clear,Highway,68,22,12,4,2,24
11,0,Rain,Highway,85,13,7,1,2,23
5,0,Clear,Suburban,61,10,1,0,2,11
21,0,Rain,Urban,85,29,10,2,4,36
16,0,Rain,Highway,70,13,10,3,4,24
8,0,Clear,Highway,36,57,15,7,3,85
15,1,Clear,Suburban,67,20,9,1,4,15
22,0,Fog,Highway,60,14,12,4,3,15
15,1,Clear,Urban,84,20,13,4,4,27
23,1,Clear,Urban,83,21,11,4,3,34
14,0,Clear,Suburban,74,13,10,2,2,22
20,0,Clear,Highway,46,28,8,1,3,47
15,1,Clear,Urban,76,15,7,2,2,21
12,1,Clear,Highway,89,18,14,1,3,25
4,1,Clear,Highway,61,7,2,0,1,12
17,0,Rain,Urban,43,58,22,4,2,44
6,0,Clear,Highway,58,26,13,4,2,44
11,0,Clear,Urban,79,16,10,2,4,30
13,0,Clear,Urban,72,29,8,3,4,28
19,0,Clear,Suburban,40,39,20,7,2,64
5,0,Clear,Urban,77,5,1,1,1,17
8,0,Rain,Suburban,56,31,13,4,4,49
4,1,Clear,Highway,89,4,4,0,1,5
2,0,Rain,Urban,80,7,3,1,2,12
6,0,Clear,Urban,75,28,6,4,4,30
20,0,Clear,Urban,42,28,6,3,4,41
1,0,Clear,Highway,60,6,4,0,2,8
19,0,Clear,Highway,58,40,22,6,4,58
8,1,Rain,Urban,55,26,22,7,2,50
14,0,Clear,Urban,68,25,10,1,3,24
18,0,Clear,Suburban,55,44,18,4,6,65
12,1,Clear,Urban,73,19,12,4,3,18
15,0,Clear,Urban,63,24,6,3,3,37
7,0,Clear,Suburban,50,48,15,4,4,70
17,0,Clear,Highway,28,52,12,5,2,78
22,0,Clear,Highway,86,15,10,3,3,39
8,0,Clear,Suburban,31,49,23,6,4,96
18,0,Clear,Suburban,33,30,15,3,4,83
3,0,Clear,Highway,61,4,1,0,1,18
19,0,Clear,Urban,49,45,15,3,2,50
17,0,Clear,Suburban,41,46,12,3,5,64
20,0,Clear,Highway,55,20,14,3,2,46
5,1,Clear,Urban,71,2,4,0,2,13
14,1,Fog,Highway,81,21,6,1,4,9
16,1,Rain,Suburban,88,12,10,2,4,12
12,0,Clear,Suburban,68,24,8,1,2,22
2,1,Fog,Suburban,89,5,3,0,1,4
7,0,Clear,Suburban,54,51,20,7,2,64
9,0,Clear,Suburban,59,45,11,5,5,61
13,1,Clear,Suburban,73,22,10,2,2,25
8,0,Clear,Urban,23,38,24,7,3,99
23,0,Clear,Suburban,80,22,11,3,2,28
3,0,Rain,Suburban,71,3,1,0,1,12
16,0,Clear,Highway,74,18,5,1,2,36
14,0,Rain,Urban,64,26,11,1,3,21
0,0,Clear,Suburban,88,7,2,0,1,15
6,0,Clear,Highway,47,13,14,3,3,44
9,1,Rain,Urban,47,34,22,4,2,49
0,0,Clear,Highway,79,7,2,1,1,11
6,0,Clear,Suburban,74,24,11,4,4,25
4,1,Clear,Highway,77,5,4,1,1,6
8,1,Rain,Urban,69,40,21,7,2,28
1,0,Clear,Urban,78,8,2,1,1,10
8,1,Clear,Highway,51,44,16,7,3,43
12,0,Clear,Urban,41,18,7,1,4,43
11,1,Clear,Highway,76,9,12,1,4,27
2,1,Clear,Urban,83,3,1,0,1,11
4,0,Rain,Urban,79,10,1,1,1,8
3,0,Clear,Highway,67,10,3,0,1,14
21,1,Clear,Urban,80,16,10,3,4,28
3,0,Clear,Urban,65,8,1,0,1,6
8,1,Rain,Highway,77,28,24,3,6,37
6,1,Clear,Urban,68,16,14,2,4,32
13,0,Clear,Urban,59,16,13,1,2,43
18,1,Clear,Urban,59,34,19,7,5,64
8,0,Clear,Suburban,41,48,14,4,6,54
22,1,Clear,Urban,62,10,10,4,2,17
3,1,Rain,Suburban,65,4,1,0,2,7
20,0,Fog,Urban,64,24,13,3,2,15
19,1,Clear,Highway,86,26,19,4,2,40
4,0,Fog,Suburban,82,8,2,0,1,7
19,0,Clear,Suburban,55,59,11,6,2,52
1,1,Clear,Suburban,81,4,1,0,2,4
10,1,Rain,Highway,83,12,10,1,2,23
23,0,Clear,Urban,71,29,6,1,4,27
7,0,Fog,Highway,56,30,17,5,6,54
15,0,Clear,Suburban,76,22,8,4,2,36
20,0,Clear,Highway,68,28,13,4,4,26
8,0,Rain,Suburban,40,51,14,7,6,60
20,0,Clear,Suburban,74,13,14,2,2,22
11,0,Clear,Urban,56,18,12,2,3,49
9,1,Clear,Urban,52,40,15,5,5,53
8,1,Clear,Suburban,83,30,14,7,3,40
10,1,Clear,Suburban,62,20,5,2,3,19
8,0,Rain,Urban,50,54,24,4,4,66
15,0,Clear,Suburban,81,21,8,2,3,35
17,0,Clear,Suburban,24,58,13,5,3,74
17,1,Clear,Urban,54,41,13,4,6,61
0,0,Clear,Suburban,80,3,3,0,2,12
2,0,Clear,Urban,81,8,3,0,1,19
13,0,Clear,Highway,58,19,10,1,3,46
16,0,Rain,Suburban,68,26,7,2,2,35
3,0,Clear,Suburban,61,8,4,0,1,13
4,0,Clear,Urban,62,11,2,1,2,7
9,0,Rain,Highway,48,44,10,6,4,57
3,0,Fog,Highway,72,11,2,0,2,6
5,0,Rain,Urban,89,5,3,1,1,12
18,0,Clear,Urban,54,47,18,4,4,68
6,0,Clear,Suburban,65,19,10,2,2,28
7,0,Rain,Urban,46,56,23,6,5,56
11,0,Fog,Suburban,84,25,8,4,4,15
5,1,Clear,Urban,79,8,2,1,2,6
13,1,Clear,Urban,84,18,13,1,3,33
20,1,Clear,Urban,61,9,7,3,3,20
21,0,Clear,Urban,69,23,8,2,2,33
7,0,Fog,Suburban,51,45,18,5,4,43
4,0,Rain,Suburban,71,10,3,1,1,9
16,0,Clear,Highway,75,21,11,3,2,28
9,0,Rain,Suburban,53,40,12,7,6,59
18,0,Fog,Urban,43,40,24,6,6,46
19,0,Clear,Highway,48,32,10,6,2,61
18,1,Clear,Suburban,41,28,24,5,4,48
14,0,Clear,Urban,71,18,6,2,4,32
12,0,Clear,Suburban,67,13,8,1,4,39
16,0,Clear,Suburban,57,22,10,2,4,41
18,1,Clear,Suburban,40,45,16,7,3,65
16,0,Rain,Urban,74,12,10,4,3,20
14,1,Clear,Urban,84,22,6,1,2,21
0,0,Clear,Highway,61,7,2,1,1,10
2,1,Clear,Urban,68,4,3,1,1,4
21,0,Fog,Highway,61,12,9,3,3,27
3,0,Rain,Urban,72,3,4,1,2,15
12,1,Clear,Suburban,64,14,12,4,3,18
0,0,Clear,Highway,64,10,4,0,2,6
20,0,Clear,Highway,60,27,13,1,4,24
9,0,Clear,Urban,37,45,16,6,6,81
12,0,Rain,Urban,75,20,9,2,4,25
22,0,Clear,Highway,74,16,6,1,3,23
18,0,Clear,Urban,53,46,24,4,5,50
12,0,Clear,Urban,60,19,12,1,3,39
11,0,Clear,Suburban,44,15,8,4,4,48
22,0,Fog,Suburban,64,22,6,3,3,25
12,0,Rain,Suburban,71,25,9,1,2,35
14,1,Clear,Urban,70,21,5,2,3,30
10,0,Clear,Highway,84,15,14,1,4,27
19,0,Rain,Highway,45,41,18,3,6,49
14,0,Clear,Urban,72,21,10,3,2,30
8,0,Clear,Urban,46,42,19,7,5,55
6,1,Rain,Urban,61,12,14,4,2,16
2,0,Clear,Urban,65,8,1,0,2,10
17,0,Clear,Highway,41,46,10,4,6,63
12,0,Clear,Suburban,58,13,11,3,2,49
18,0,Fog,Highway,53,45,10,4,6,58
20,0,Clear,Urban,65,21,9,3,3,33
23,0,Clear,Suburban,73,26,10,4,2,40
6,0,Rain,Highway,71,15,11,4,4,26
10,1,Clear,Urban,61,19,6,3,4,32
9,0,Rain,Suburban,59,46,22,7,3,66
17,0,Rain,Urban,58,34,20,6,6,52
16,1,Clear,Urban,69,11,13,2,4,33
20,0,Rain,Highway,87,24,12,2,4,33
23,0,Fog,Urban,66,19,13,1,2,27
5,0,Clear,Highway,76,7,4,1,2,12
7,0,Clear,Urban,32,37,22,3,3,73
13,0,Clear,Suburban,76,25,11,4,4,21
0,1,Rain,Urban,64,8,1,0,2,10
7,0,Clear,Urban,24,52,24,4,2,86
14,1,Clear,Suburban,84,22,10,4,3,28
21,0,Clear,Highway,80,12,13,2,2,30
1,0,Fog,Suburban,60,3,3,1,2,7
9,0,Clear,Highway,30,56,11,3,3,91
8,1,Clear,Urban,55,43,21,4,3,47
1,0,Clear,Urban,85,11,2,1,1,13
3,1,Clear,Urban,72,4,3,0,2,8
1,0,Rain,Highway,77,4,4,1,1,13
4,0,Fog,Highway,79,8,2,1,1,8
7,0,Clear,Suburban,32,31,12,7,6,93
1,0,Fog,Urban,67,11,2,0,2,6
17,0,Clear,Highway,38,42,10,7,2,92
6,1,Clear,Highway,64,17,11,2,4,34
6,1,Rain,Urban,83,11,11,2,2,19
4,0,Rain,Suburban,78,4,3,1,2,14
0,0,Clear,Suburban,65,8,1,1,2,13
13,1,Rain,Urban,68,22,5,3,3,22
4,1,Clear,Urban,76,2,3,1,2,4
8,0,Clear,Suburban,59,59,21,4,5,61
3,0,Clear,Highway,80,10,1,1,1,14
19,0,Clear,Highway,34,37,16,5,3,81
15,1,Clear,Highway,87,19,13,1,2,22
5,1,Clear,Suburban,87,5,4,0,2,9
4,1,Clear,Suburban,82,8,1,1,2,4
1,0,Clear,Suburban,85,3,2,0,1,6
17,1,Rain,Suburban,49,37,18,6,5,43
2,0,Clear,Urban,87,5,4,1,1,10
22,0,Clear,Suburban,77,17,7,2,2,36
5,1,Fog,Highway,68,8,3,1,1,2
3,1,Clear,Suburban,73,4,4,0,1,4
11,0,Clear,Suburban,86,21,8,2,3,23
10,0,Clear,Highway,41,26,8,3,4,46
10,1,Rain,Urban,66,21,11,1,4,23
18,0,Clear,Highway,52,38,12,6,4,52
17,0,Clear,Urban,57,36,21,5,3,64
21,0,Clear,Highway,62,16,5,1,3,38
2,0,Fog,Urban,83,6,1,0,1,6
10,0,Rain,Suburban,61,12,8,3,2,31
11,0,Clear,Suburban,83,22,14,3,4,36
9,1,Clear,Suburban,68,44,19,6,3,37
11,0,Clear,Highway,72,22,13,2,3,35
2,0,Clear,Urban,61,6,3,0,1,14
15,1,Rain,Urban,62,20,7,4,4,25
1,0,Clear,Urban,84,11,1,0,1,13
9,0,Rain,Highway,56,37,15,3,4,59
8,0,Clear,Urban,32,53,17,3,3,90
7,0,Clear,Urban,31,51,22,5,2,94
9,1,Rain,Highway,58,36,14,3,6,48
4,0,Clear,Highway,73,11,3,1,2,12
3,0,Clear,Suburban,75,6,4,0,2,18
0,0,Fog,Urban,62,8,3,0,2,10
16,0,Clear,Suburban,64,26,6,4,3,28
19,1,Fog,Suburban,77,44,21,4,5,33
7,1,Clear,Urban,41,25,16,7,6,56
4,0,Clear,Highway,71,3,4,0,2,8
6,0,Clear,Highway,71,29,8,3,2,36
17,0,Clear,Suburban,33,36,17,5,6,78
14,0,Clear,Highway,74,12,7,2,2,37
5,0,Clear,Highway,73,3,2,0,2,8
15,1,Clear,Suburban,88,14,6,2,4,32
15,0,Rain,Suburban,83,22,14,4,2,36
21,0,Clear,Highway,64,25,12,2,2,28
12,1,Rain,Urban,89,11,13,3,3,24
23,1,Clear,Urban,87,18,12,2,3,24
0,0,Rain,Urban,81,9,1,1,2,9
1,0,Clear,Urban,64,6,2,1,1,15
21,0,Clear,Urban,82,25,5,3,3,24
8,1,Clear,Highway,55,45,21,3,2,43
13,0,Clear,Highway,45,24,6,4,3,49
2,0,Rain,Suburban,81,3,3,0,2,6
22,0,Fog,Suburban,84,17,12,4,4,21
3,1,Rain,Urban,65,8,2,1,1,3
10,0,Clear,Highway,63,26,8,4,2,29
16,0,Clear,Highway,74,16,6,4,4,21
14,1,Clear,Suburban,66,11,11,3,2,16
17,0,Clear,Suburban,29,44,24,4,4,82
1,0,Rain,Urban,65,8,3,0,2,10
12,0,Rain,Highway,87,26,5,1,2,21
4,1,Fog,Urban,84,3,1,1,1,7
4,0,Clear,Highway,66,9,3,1,2,12
10,1,Fog,Suburban,84,11,7,4,3,16
2,1,Fog,Urban,73,6,3,0,2,4
22,0,Fog,Suburban,63,20,5,3,4,18
13,0,Clear,Highway,50,19,10,3,3,48
22,0,Fog,Highway,85,17,13,3,3,29
1,0,Clear,Highway,81,5,3,0,2,13
16,0,Clear,Suburban,62,24,6,2,2,27
13,0,Rain,Urban,63,15,14,2,3,26
21,1,Clear,Highway,81,17,7,4,2,16
23,0,Clear,Suburban,42,12,8,2,4,41
18,1,Clear,Suburban,58,40,13,6,4,47
23,0,Clear,Suburban,55,12,14,2,4,41
23,0,Rain,Highway,83,14,6,4,2,28
1,0,Clear,Suburban,65,9,2,0,2,17
8,1,Clear,Highway,47,46,10,6,5,56
0,1,Clear,Highway,74,4,4,0,2,13
18,0,Clear,Highway,46,53,14,4,5,51
10,0,Clear,Highway,65,23,14,3,3,28
21,1,Clear,Urban,62,12,6,2,2,21
7,0,Rain,Suburban,55,51,16,4,3,68
2,0,Rain,Highway,79,10,1,1,1,5
5,1,Clear,Urban,60,7,1,1,1,13
22,1,Clear,Suburban,80,20,10,3,3,21
17,1,Clear,Highway,47,26,18,5,5,62
3,0,Clear,Urban,64,7,3,1,1,14
8,1,Clear,Urban,52,29,24,4,5,46
11,0,Rain,Highway,79,14,11,3,4,17
11,0,Clear,Urban,41,20,12,4,2,46
5,0,Rain,Urban,71,9,1,1,1,13
17,0,Clear,Highway,39,54,15,7,6,83
13,1,Clear,Urban,76,20,6,3,2,19
21,0,Rain,Suburban,78,19,8,1,4,19
5,0,Fog,Urban,77,5,1,1,1,4
22,0,Clear,Urban,78,27,12,1,3,34
23,1,Fog,Highway,67,21,11,4,2,13
13,0,Clear,Highway,82,16,6,2,2,27
2,0,Rain,Highway,71,10,1,1,1,5
23,0,Clear,Urban,78,24,9,3,3,23
10,0,Clear,Suburban,72,21,14,4,2,24
22,0,Clear,Suburban,73,26,11,2,4,25
22,1,Clear,Urban,69,16,9,1,2,32
19,0,Clear,Suburban,33,55,20,3,4,95
22,1,Fog,Highway,60,9,8,1,3,15
6,0,Clear,Highway,83,14,14,2,4,20
4,0,Clear,Urban,67,10,1,1,1,6
21,0,Clear,Suburban,45,19,11,1,3,49
21,0,Clear,Suburban,70,18,6,2,4,32
6,0,Clear,Highway,52,13,7,3,2,42
16,0,Clear,Highway,55,18,9,4,4,41
9,0,Clear,Urban,30,47,17,6,6,84
10,0,Clear,Suburban,78,21,7,3,4,24
13,1,Rain,Highway,74,10,6,3,3,12
3,0,Clear,Suburban,78,5,1,0,2,8
12,0,Clear,Urban,89,22,8,4,3,24
11,1,Fog,Highway,61,18,6,1,3,16
3,0,Clear,Highway,77,6,4,1,1,19
11,0,Clear,Highway,89,17,14,2,4,36
13,1,Clear,Suburban,81,19,11,3,4,32
7,1,Clear,Urban,47,37,16,6,3,48
5,0,Clear,Suburban,72,9,2,1,2,5
8,1,Clear,Suburban,48,24,14,6,5,51
6,0,Clear,Urban,80,13,9,4,2,33
6,0,Rain,Urban,61,16,8,2,3,24
18,0,Rain,Urban,42,39,12,5,4,45
0,0,Clear,Urban,78,9,4,0,1,14
0,0,Fog,Highway,79,3,1,1,1,4
8,1,Rain,Highway,53,43,11,4,5,42
18,0,Rain,Urban,45,47,14,4,3,47
7,0,Clear,Highway,34,54,15,6,2,74
5,0,Clear,Urban,83,5,1,0,1,8
8,0,Clear,Highway,24,42,14,3,4,90
16,0,Clear,Urban,59,23,11,1,2,47
22,0,Clear,Urban,57,29,7,3,3,47
20,0,Clear,Suburban,81,14,9,1,3,39
23,0,Clear,Suburban,72,17,9,2,4,20
17,1,Clear,Suburban,50,30,12,7,3,47
4,0,Clear,Suburban,76,3,1,0,1,13
21,0,Fog,Suburban,63,15,12,3,4,23
10,0,Fog,Suburban,74,12,10,3,4,13
13,0,Fog,Urban,68,14,13,3,3,29
8,0,Clear,Highway,50,57,18,4,6,66
12,0,Rain,Urban,85,21,9,1,2,37
12,0,Clear,Suburban,80,24,13,4,3,23
19,1,Clear,Urban,61,32,13,4,4,39
16,0,Fog,Suburban,76,14,5,3,2,17
11,0,Rain,Suburban,79,20,12,1,3,30
23,0,Fog,Urban,68,15,6,2,2,28
7,1,Clear,Highway,40,26,23,4,3,44
20,1,Rain,Urban,72,22,5,4,2,16
18,0,Clear,Highway,56,44,11,7,4,62
12,1,Clear,Highway,72,9,11,1,4,22
23,1,Clear,Highway,66,15,13,3,4,14
15,0,Rain,Highway,67,13,5,2,3,26
9,0,Clear,Highway,28,51,11,3,3,89
9,0,Fog,Urban,73,56,20,4,6,36
19,1,Clear,Urban,53,42,13,3,5,63
18,0,Fog,Urban,52,59,21,6,2,48
6,0,Clear,Urban,88,19,11,1,2,32
19,1,Clear,Urban,45,36,14,6,5,53
7,0,Fog,Suburban,50,46,14,3,2,55
13,1,Clear,Urban,69,18,9,4,2,32
0,0,Fog,Urban,78,11,4,1,1,6
0,0,Clear,Highway,65,5,4,1,1,9
22,0,Rain,Urban,62,26,12,2,3,23
12,1,Clear,Urban,71,20,6,3,4,14
16,1,Clear,Suburban,65,12,5,3,4,34
22,0,Clear,Urban,79,24,9,1,4,40
18,0,Clear,Highway,28,55,12,5,4,83
6,1,Clear,Highway,82,16,11,3,2,30
19,0,Rain,Suburban,75,51,20,6,2,40
8,1,Clear,Suburban,46,37,19,5,5,58
10,0,Rain,Urban,80,28,5,3,4,35
13,0,Rain,Highway,60,21,7,2,3,20
14,1,Clear,Urban,73,12,14,3,2,30
2,0,Rain,Suburban,75,5,2,0,1,11
2,1,Rain,Highway,85,2,3,1,1,8
17,1,Clear,Highway,58,35,12,7,3,44
14,0,Fog,Suburban,68,14,12,1,2,13
13,0,Clear,Urban,78,27,14,1,3,23
6,0,Rain,Highway,62,16,7,4,3,22
21,1,Clear,Suburban,68,18,5,4,3,18
20,0,Clear,Suburban,84,23,14,1,4,32
12,1,Rain,Urban,63,23,13,2,4,19
9,0,Rain,Suburban,46,47,11,4,5,61
21,0,Clear,Urban,44,24,12,3,2,41
15,1,Clear,Suburban,68,20,13,4,4,16
2,0,Fog,Highway,72,9,4,1,1,9
2,0,Clear,Highway,87,4,4,0,1,7
1,0,Clear,Highway,73,4,3,1,1,5
23,0,Clear,Highway,46,25,5,1,3,43
1,0,Rain,Urban,72,9,3,0,1,6
14,0,Clear,Urban,49,23,10,3,3,45
3,1,Rain,Urban,66,8,4,0,1,9
12,0,Rain,Urban,79,21,10,4,4,36
3,0,Clear,Highway,71,9,3,1,2,18
17,0,Clear,Urban,37,47,12,4,6,78
7,0,Clear,Highway,28,59,22,6,6,90
17,0,Rain,Suburban,43,32,23,4,3,41
5,0,Clear,Suburban,68,5,4,1,2,13
21,1,Clear,Suburban,81,21,11,2,2,28
14,1,Clear,Highway,64,16,12,1,3,32
10,0,Clear,Urban,41,22,5,2,2,42
5,0,Clear,Urban,82,5,4,1,1,9
17,0,Clear,Highway,38,50,13,6,2,94
14,1,Clear,Suburban,64,14,6,4,2,15
16,1,Clear,Highway,81,13,10,4,2,21
17,0,Clear,Urban,29,37,13,6,4,94
7,1,Rain,Highway,40,32,20,5,4,44
12,0,Fog,Highway,89,18,10,2,2,21
23,0,Clear,Urban,52,29,7,4,3,47
10,1,Clear,Urban,82,15,14,2,4,32
3,0,Clear,Urban,88,5,3,0,1,5
23,1,Clear,Urban,64,11,8,3,4,16
0,1,Clear,Suburban,67,8,3,0,2,8
23,1,Rain,Urban,74,15,8,3,3,24
19,1,Clear,Urban,57,35,24,7,4,64
18,0,Clear,Suburban,29,58,13,5,2,72
22,0,Clear,Urban,43,21,10,2,3,43
3,0,Clear,Suburban,77,9,4,1,2,18
1,0,Rain,Urban,77,9,2,1,1,6
20,0,Clear,Suburban,68,27,13,4,3,27
20,0,Clear,Suburban,44,18,11,1,2,43
16,0,Clear,Suburban,73,14,5,4,3,26
20,0,Clear,Suburban,46,26,11,3,2,42
15,1,Fog,Urban,82,20,10,3,3,15
7,0,Clear,Highway,35,31,12,6,2,77
14,0,Clear,Highway,84,22,8,4,2,36
19,1,Fog,Urban,75,37,12,6,3,31
7,0,Clear,Highway,50,58,22,5,4,50
10,1,Clear,Suburban,77,22,10,1,3,14
23,1,Clear,Highway,66,20,14,3,4,25
18,0,Clear,Suburban,24,56,18,6,2,87
18,0,Clear,Highway,33,57,17,4,4,99
3,0,Rain,Urban,68,3,1,0,2,6
19,0,Clear,Suburban,46,57,24,6,3,52
20,0,Clear,Urban,57,26,6,4,2,44
14,1,Clear,Urban,81,18,11,3,3,31
0,0,Rain,Urban,61,5,4,1,1,15
5,0,Fog,Urban,72,11,2,0,1,10
6,0,Clear,Highway,82,26,12,4,4,25
2,0,Clear,Suburban,89,4,4,0,2,17
13,0,Clear,Suburban,45,12,14,1,2,43
3,0,Clear,Urban,60,3,2,0,2,16
10,1,Clear,Urban,87,11,10,4,3,22
1,1,Clear,Suburban,80,7,4,0,2,5
0,0,Clear,Urban,63,6,1,0,2,13
9,0,Clear,Urban,35,48,17,6,2,99
2,1,Clear,Highway,83,4,4,1,2,7
0,1,Rain,Highway,66,8,3,1,1,4
17,0,Clear,Urban,29,42,22,3,6,87
9,0,Clear,Highway,38,45,11,5,5,77
2,0,Clear,Urban,65,10,2,0,2,5
13,0,Clear,Highway,47,18,14,2,4,49
6,0,Fog,Highway,76,12,5,2,3,22
18,0,Clear,Urban,56,50,12,4,2,67
11,1,Clear,Urban,87,16,10,1,3,15
11,1,Clear,Highway,87,23,13,1,3,18
1,0,Fog,Urban,76,7,4,1,1,7
8,0,Rain,Highway,44,55,15,7,2,46
1,0,Rain,Highway,61,7,1,1,1,4
22,0,Clear,Highway,82,25,12,1,4,30
10,0,Fog,Suburban,89,25,11,4,2,22
22,0,Rain,Highway,89,12,7,2,4,16
9,1,Rain,Urban,42,41,24,6,3,46
15,1,Clear,Suburban,89,13,5,4,2,26
15,1,Clear,Highway,86,19,5,3,3,31
5,0,Clear,Urban,70,4,1,1,1,14
8,1,Rain,Suburban,70,36,13,7,6,39
22,0,Clear,Highway,72,12,12,3,2,27
20,0,Clear,Highway,57,19,14,4,4,46
0,1,Clear,Urban,88,7,4,1,1,3
21,0,Clear,Urban,56,16,9,3,4,47
3,0,Fog,Suburban,61,9,4,1,1,9
12,0,Rain,Urban,69,25,9,3,4,24
10,1,Rain,Highway,82,14,14,3,4,11
3,0,Rain,Suburban,73,7,4,1,1,10
14,0,Clear,Highway,41,24,7,3,3,42
0,1,Rain,Highway,71,4,4,0,1,10
21,1,Clear,Highway,75,16,13,2,4,30
8,0,Clear,Urban,37,52,24,5,4,96
23,0,Fog,Urban,80,27,12,3,4,23
3,0,Clear,Suburban,80,11,1,0,1,5
9,0,Clear,Urban,35,36,14,7,5,82
20,1,Clear,Urban,67,21,9,4,2,14
20,0,Clear,Suburban,70,25,5,4,3,36
17,1,Clear,Urban,58,46,10,3,3,51
10,0,Rain,Highway,68,23,11,4,2,23
0,1,Clear,Suburban,66,2,3,1,2,9
17,0,Fog,Suburban,65,42,18,6,6,38
13,0,Fog,Urban,77,25,5,4,2,16
7,0,Fog,Highway,79,36,15,6,5,33
18,1,Clear,Suburban,65,32,14,5,2,36
9,1,Rain,Highway,69,31,20,6,2,39
21,0,Fog,Urban,73,26,10,2,3,12
2,1,Clear,Highway,82,2,2,0,2,11
8,0,Clear,Urban,39,41,10,5,4,80
22,0,Clear,Suburban,54,27,7,4,3,43
16,1,Rain,Suburban,80,16,6,2,4,17
15,0,Clear,Highway,62,23,11,3,3,32
21,0,Clear,Suburban,86,13,5,4,3,24
3,0,Clear,Urban,80,11,2,0,2,10
13,1,Clear,Highway,84,22,5,1,3,25
17,0,Clear,Urban,50,49,17,6,2,56
22,1,Clear,Highway,80,22,11,1,4,21
8,1,Clear,Highway,49,34,22,4,3,63
18,0,Clear,Suburban,55,46,12,6,2,63
23,0,Clear,Suburban,84,18,5,3,2,31
6,1,Clear,Urban,68,16,6,1,2,30
22,0,Clear,Urban,61,23,12,1,2,25
5,1,Clear,Suburban,77,7,2,0,1,11
18,1,Clear,Urban,87,33,19,3,4,36
6,1,Clear,Urban,65,13,14,2,2,25
12,1,Clear,Highway,62,21,14,1,2,14
13,0,Clear,Highway,43,14,12,3,2,43
0,0,Clear,Highway,76,6,3,0,1,11
17,0,Rain,Highway,57,46,12,6,5,49
2,0,Clear,Suburban,65,11,1,1,1,5
18,0,Clear,Suburban,20,56,12,7,3,89
16,1,Clear,Urban,60,10,7,1,3,30
15,0,Clear,Urban,52,17,5,2,4,45
5,1,Rain,Urban,74,6,2,0,1,7
19,0,Rain,Highway,51,40,17,7,3,69
11,1,Clear,Suburban,89,16,6,3,2,20
14,0,Rain,Highway,78,23,11,1,3,20
3,0,Rain,Highway,72,5,3,1,2,6
19,0,Clear,Highway,55,53,11,6,3,50
3,0,Clear,Suburban,82,9,3,1,1,19
4,1,Clear,Urban,79,6,4,0,1,10
3,0,Clear,Suburban,60,6,1,0,2,19
0,0,Rain,Highway,71,10,1,0,1,14
8,1,Clear,Highway,59,45,22,3,4,52
2,1,Rain,Highway,82,6,1,1,1,6
14,0,Clear,Urban,70,21,6,2,4,26
4,1,Clear,Urban,60,4,4,0,1,8
1,0,Clear,Highway,73,4,3,0,1,12
19,1,Clear,Urban,47,29,20,3,4,44
6,0,Clear,Urban,52,16,5,1,3,45
2,0,Clear,Suburban,65,6,3,0,2,18
7,1,Clear,Urban,48,35,14,7,6,65
6,0,Clear,Highway,81,18,9,3,2,39
16,0,Fog,Urban,70,16,14,4,2,27
0,1,Rain,Highway,72,8,4,0,1,9
21,0,Clear,Suburban,88,17,8,4,2,39
3,1,Rain,Highway,88,6,1,0,1,4
19,0,Clear,Urban,20,38,13,7,2,88
0,0,Clear,Highway,76,3,2,1,2,7
6,1,Clear,Urban,75,16,12,2,3,19
4,1,Clear,Suburban,82,4,4,1,2,9
17,1,Clear,Suburban,56,37,23,6,3,60
15,1,Fog,Suburban,80,23,14,4,2,14
20,1,Clear,Suburban,84,12,13,1,3,28
11,0,Clear,Urban,65,28,12,1,4,22
16,0,Rain,Suburban,63,28,6,1,3,22
17,0,Clear,Highway,56,34,19,3,3,64
16,0,Clear,Urban,51,14,7,1,4,49
21,0,Clear,Urban,71,20,9,4,2,22
18,0,Clear,Suburban,41,34,19,6,4,67
17,0,Rain,Urban,28,30,14,7,5,75
4,0,Clear,Urban,89,9,3,0,2,14
17,0,Rain,Highway,42,31,15,7,3,45
11,0,Clear,Suburban,88,28,12,4,2,25
19,0,Clear,Suburban,38,34,12,4,6,96
9,1,Rain,Highway,75,43,19,3,2,36
0,0,Fog,Suburban,60,4,2,1,2,6
2,0,Clear,Suburban,69,3,4,1,2,9
17,0,Rain,Highway,40,59,24,7,2,62
0,0,Clear,Urban,83,6,2,0,1,18
9,0,Clear,Suburban,32,55,21,7,2,98
17,1,Clear,Highway,54,30,20,4,4,49
2,0,Clear,Urban,86,8,1,1,1,6
17,0,Clear,Urban,21,54,19,4,3,81
5,0,Clear,Suburban,63,4,3,1,1,19
23,0,Clear,Suburban,52,18,6,2,3,42
23,0,Clear,Suburban,45,23,7,1,2,45
10,0,Rain,Urban,68,12,13,4,4,28
21,0,Clear,Urban,43,22,14,3,3,48
13,1,Rain,Highway,73,19,11,2,2,20
9,1,Clear,Urban,48,40,24,5,3,65
11,0,Clear,Suburban,65,20,6,4,3,32
19,0,Clear,Urban,40,54,10,7,6,66
19,0,Clear,Highway,23,39,23,4,6,98
5,1,Fog,Highway,71,3,1,0,1,3
5,1,Clear,Highway,88,4,3,0,2,6
23,0,Clear,Urban,57,19,9,2,4,48
1,0,Rain,Urban,70,6,3,1,1,6
15,0,Rain,Highway,62,24,11,1,3,16
18,0,Fog,Suburban,56,42,12,7,5,48
10,0,Clear,Suburban,73,28,9,1,2,20
7,0,Clear,Highway,43,55,10,3,3,58
18,0,Clear,Urban,48,44,20,7,4,70
9,1,Rain,Suburban,75,24,11,7,6,39
15,1,Clear,Highway,66,12,7,1,2,18
20,0,Clear,Suburban,61,19,14,1,2,31
20,0,Fog,Suburban,82,18,12,3,2,20
2,0,Clear,Urban,71,11,2,0,1,17
16,0,Rain,Suburban,62,27,6,1,3,28
1,0,Rain,Suburban,79,10,1,0,2,11
1,0,Clear,Suburban,80,7,1,1,2,8
23,0,Clear,Highway,75,29,14,1,2,31
17,0,Clear,Urban,27,46,21,6,4,91
3,0,Clear,Highway,62,6,4,1,2,12
10,1,Clear,Suburban,77,18,5,1,2,20
11,0,Rain,Suburban,71,26,5,3,3,25
20,0,Rain,Highway,78,12,14,1,4,35
21,0,Clear,Urban,86,14,6,3,4,30
11,0,Rain,Highway,81,28,8,4,3,36
23,0,Clear,Suburban,72,16,9,3,4,26
14,0,Rain,Urban,62,12,6,3,3,20
22,0,Clear,Highway,86,23,5,1,4,31
0,0,Clear,Highway,75,4,3,0,1,17
21,1,Clear,Highway,69,12,12,3,3,23
1,0,Clear,Highway,71,3,4,1,2,9
3,0,Rain,Highway,89,5,1,0,1,11
23,0,Clear,Highway,60,13,11,2,4,34
9,1,Clear,Urban,47,30,23,5,3,45
8,0,Clear,Suburban,55,46,17,4,3,52
21,1,Clear,Suburban,86,10,7,3,2,17
13,1,Fog,Highway,74,19,8,4,4,19
21,0,Clear,Urban,70,24,14,2,3,32
14,1,Rain,Highway,74,21,5,1,3,16
5,1,Fog,Urban,83,7,1,1,2,3
13,1,Clear,Urban,77,14,8,3,3,33
6,0,Fog,Suburban,81,27,13,2,3,21
0,0,Rain,Urban,66,10,3,1,1,6
0,0,Clear,Highway,74,6,1,1,2,12
0,0,Clear,Suburban,82,6,4,0,1,7
11,0,Clear,Urban,45,21,8,1,2,42
5,0,Clear,Suburban,67,10,2,1,1,8
3,0,Fog,Urban,65,6,4,1,2,10
10,1,Clear,Suburban,70,23,8,4,4,32
23,1,Clear,Highway,61,12,12,2,4,19
19,0,Rain,Suburban,43,30,15,7,5,43
19,0,Clear,Highway,51,57,15,4,3,56
1,0,Rain,Suburban,77,4,3,0,1,7
14,1,Clear,Urban,69,20,13,4,2,22
13,0,Clear,Suburban,40,14,12,1,3,44
3,0,Rain,Highway,76,5,4,1,2,6
23,0,Clear,Highway,88,14,6,2,4,36
3,0,Clear,Urban,88,9,4,0,1,16
1,0,Clear,Urban,71,8,3,1,1,18
15,0,Clear,Suburban,56,13,8,3,4,41
7,0,Rain,Highway,50,54,23,6,5,43
5,0,Fog,Urban,70,7,3,1,1,4
15,1,Clear,Urban,75,18,7,2,4,34
14,0,Clear,Suburban,57,28,8,2,4,41
0,0,Clear,Suburban,81,4,4,1,2,13
19,0,Clear,Suburban,45,55,18,4,5,70
7,0,Clear,Highway,35,55,15,5,5,74
10,1,Fog,Urban,61,15,7,3,2,18
20,0,Fog,Urban,62,14,7,1,2,15
19,0,Clear,Urban,45,36,21,5,6,66
5,0,Clear,Highway,67,4,3,1,1,10
2,0,Clear,Highway,80,6,3,1,2,12
5,0,Rain,Suburban,65,6,3,0,2,6
11,0,Clear,Urban,66,19,7,2,4,37
20,0,Rain,Highway,72,21,12,1,2,31
4,0,Clear,Highway,68,4,3,1,2,11
17,0,Clear,Suburban,29,49,15,5,3,85
4,1,Clear,Urban,66,5,2,0,1,9
5,0,Clear,Urban,69,3,1,0,1,12
19,1,Clear,Urban,58,44,20,4,4,63
17,0,Rain,Urban,48,57,14,6,6,44
21,0,Clear,Highway,46,28,7,3,4,46
3,0,Rain,Urban,61,10,3,0,1,8
22,0,Clear,Suburban,84,12,14,2,3,28
9,0,Clear,Highway,51,49,19,4,2,60
3,1,Clear,Suburban,71,5,2,0,1,4
23,0,Clear,Highway,47,14,7,1,2,48
21,0,Clear,Suburban,65,16,7,4,2,39
12,0,Rain,Urban,88,26,13,2,2,16
4,0,Clear,Highway,87,9,1,0,2,15
0,0,Rain,Urban,60,7,2,1,1,14
20,0,Rain,Suburban,75,29,14,2,3,26
9,0,Clear,Urban,55,38,19,4,2,65
21,1,Rain,Urban,63,16,14,4,3,19
6,0,Rain,Highway,87,29,11,4,4,27
3,0,Rain,Suburban,84,3,2,1,2,12
3,0,Clear,Highway,86,10,1,0,2,7
23,0,Rain,Suburban,76,15,10,1,2,37
3,0,Clear,Urban,68,6,1,1,2,7
8,0,Clear,Suburban,23,47,20,5,2,73
21,0,Clear,Suburban,68,24,14,2,2,22
10,0,Clear,Urban,79,18,14,3,3,29
9,0,Clear,Suburban,56,51,18,6,4,66
21,0,Clear,Highway,55,14,7,1,2,46
18,0,Rain,Suburban,56,54,10,5,5,56
12,1,Clear,Highway,75,16,9,4,3,32
10,1,Clear,Urban,81,18,9,4,2,28
16,1,Clear,Urban,65,10,9,1,2,27
4,0,Rain,Highway,66,7,1,1,1,4
14,0,Clear,Urban,49,17,14,4,2,49
19,0,Clear,Highway,41,52,10,5,6,58
6,0,Rain,Urban,63,23,6,1,2,31
12,0,Clear,Urban,67,29,10,1,3,33
18,0,Clear,Highway,55,43,19,3,4,60
10,0,Rain,Urban,73,21,10,2,4,28
18,0,Rain,Urban,34,46,24,3,6,74
18,0,Clear,Suburban,31,58,16,7,6,73
22,0,Clear,Suburban,58,23,7,4,4,47
5,0,Clear,Highway,69,7,1,0,1,15
12,0,Clear,Urban,64,19,10,2,4,26
8,1,Clear,Urban,53,36,11,4,2,47
2,0,Clear,Urban,83,6,1,0,1,19
3,1,Clear,Suburban,67,7,3,1,2,11
22,0,Clear,Suburban,71,28,9,4,4,25
7,0,Clear,Urban,54,33,20,4,5,62
2,1,Clear,Urban,72,3,3,1,1,6
12,0,Clear,Urban,71,21,5,4,2,27
11,1,Clear,Highway,86,17,6,2,2,24
1,1,Clear,Suburban,79,3,1,1,1,13
22,1,Clear,Highway,60,23,5,1,2,18
23,0,Clear,Suburban,70,25,6,4,4,23
10,1,Rain,Highway,86,16,6,4,3,25
13,0,Clear,Suburban,82,27,13,2,3,24
3,0,Clear,Urban,69,6,4,1,1,15
0,1,Rain,Highway,85,8,2,1,1,3
10,1,Clear,Highway,66,20,11,1,2,30
4,0,Clear,Urban,80,3,4,0,2,14
18,1,Clear,Urban,48,45,23,7,2,60
21,0,Clear,Highway,59,16,8,1,3,48
3,1,Clear,Highway,62,8,2,1,1,7
18,0,Clear,Urban,21,58,21,7,2,90
14,0,Clear,Highway,61,17,14,4,4,28
15,0,Fog,Highway,87,21,14,1,4,27
1,0,Clear,Urban,84,6,1,1,2,8
6,0,Clear,Highway,53,15,12,1,2,45
9,0,Rain,Urban,42,56,14,6,6,60
11,1,Rain,Urban,79,21,11,4,3,25
5,1,Rain,Urban,81,7,1,1,1,8
2,0,Rain,Highway,65,3,2,1,2,7
7,0,Clear,Highway,41,57,16,6,4,50
8,0,Clear,Highway,54,51,23,6,4,64
12,0,Clear,Urban,89,16,10,1,2,39
23,0,Rain,Highway,72,26,13,4,4,31
20,0,Clear,Urban,46,17,5,2,2,47
11,0,Clear,Highway,69,25,9,3,2,35
17,0,Clear,Highway,42,40,15,6,4,67
14,0,Clear,Suburban,56,23,14,4,3,44
0,0,Clear,Suburban,80,7,1,0,2,12
18,0,Clear,Urban,41,56,15,7,2,58
18,0,Clear,Urban,51,42,10,7,2,68
8,0,Clear,Urban,22,54,20,4,6,74
11,0,Rain,Highway,89,13,9,4,4,38
2,0,Clear,Suburban,66,4,1,1,1,6
12,0,Clear,Suburban,41,29,8,3,2,46
11,1,Clear,Suburban,62,12,9,2,4,27
22,0,Clear,Urban,73,24,10,4,2,33
2,0,Clear,Urban,72,9,1,1,1,9
20,0,Clear,Urban,45,26,7,1,3,46
7,0,Clear,Suburban,34,41,20,4,4,90
1,0,Clear,Urban,86,5,4,1,1,18
16,0,Clear,Suburban,84,19,7,2,4,24
4,1,Clear,Highway,79,8,2,1,2,11
9,1,Clear,Suburban,81,44,10,3,6,38
4,0,Clear,Suburban,76,5,2,1,2,18
12,0,Clear,Urban,74,15,11,3,3,24
5,0,Rain,Suburban,65,9,4,0,2,12
13,1,Clear,Urban,84,19,10,4,2,21
16,1,Clear,Highway,80,20,13,2,3,28
19,0,Clear,Urban,41,57,24,6,4,56
22,0,Clear,Suburban,51,13,7,1,3,44
21,0,Rain,Suburban,83,26,10,1,3,38
20,0,Clear,Suburban,55,18,7,1,3,41
12,0,Clear,Urban,55,23,12,4,3,45
7,1,Fog,Urban,83,28,10,7,5,31
18,0,Clear,Highway,49,31,24,4,6,64
15,0,Clear,Urban,85,17,12,3,2,31
10,1,Rain,Highway,67,17,7,1,3,20
3,0,Clear,Highway,75,10,4,1,1,11
12,0,Clear,Urban,66,19,13,1,2,35
7,0,Clear,Suburban,37,45,17,3,6,77
4,0,Clear,Highway,74,7,1,0,2,9
21,0,Rain,Urban,75,22,6,1,4,19
10,0,Clear,Highway,52,27,7,2,2,41
0,0,Rain,Highway,85,4,3,0,1,9
22,1,Clear,Highway,67,18,10,1,3,21
0,0,Clear,Suburban,71,6,4,1,1,6
20,0,Clear,Suburban,51,21,13,3,2,45
23,0,Clear,Urban,82,15,13,4,2,29
13,1,Clear,Urban,72,17,7,1,3,19
19,0,Rain,Highway,26,57,12,6,5,72
23,0,Clear,Urban,54,27,11,1,4,47
6,1,Fog,Highway,66,10,5,3,3,8
23,1,Clear,Urban,72,20,8,1,4,24
21,0,Clear,Suburban,83,29,8,2,4,38
16,0,Clear,Urban,76,21,10,2,4,33
17,0,Clear,Highway,54,30,21,5,3,52
7,1,Fog,Urban,69,46,16,7,3,21
18,0,Clear,Highway,21,53,16,3,4,98
13,0,Fog,Suburban,80,17,12,4,3,28
4,0,Clear,Urban,62,6,2,0,1,14
10,1,Clear,Urban,85,23,14,4,3,30
23,0,Fog,Urban,78,29,11,4,3,22
8,0,Clear,Urban,55,43,10,3,6,67
7,0,Fog,Highway,60,44,20,4,4,36
3,0,Clear,Urban,83,3,3,1,2,18
20,1,Clear,Urban,79,20,11,3,3,32
5,1,Fog,Urban,83,7,3,0,1,3
10,0,Clear,Urban,73,21,6,1,3,38
14,0,Clear,Urban,53,13,14,2,3,49
21,0,Clear,Highway,43,22,7,4,3,41
16,0,Fog,Highway,64,18,12,3,2,27
17,0,Clear,Urban,53,52,19,4,5,64
19,0,Clear,Suburban,21,57,19,5,6,93
23,0,Clear,Urban,52,24,12,1,3,48
3,0,Rain,Urban,84,11,3,1,1,4
10,0,Clear,Urban,64,22,10,4,2,23
17,0,Clear,Suburban,35,53,13,4,4,84
21,0,Rain,Highway,83,12,14,2,4,39
16,0,Fog,Urban,62,26,11,3,2,12
1,0,Clear,Highway,72,7,2,0,2,16
6,0,Clear,Urban,86,18,5,2,4,34
1,0,Clear,Highway,60,11,1,0,1,18
1,1,Clear,Urban,80,6,3,0,1,12
17,0,Clear,Urban,38,55,24,4,3,84
4,0,Clear,Highway,63,7,2,1,1,12
9,0,Clear,Urban,49,49,20,4,3,56
23,1,Clear,Highway,60,14,12,3,3,25
9,0,Clear,Urban,30,46,13,7,3,72
7,0,Clear,Urban,53,56,10,6,6,69
18,0,Clear,Urban,43,50,22,6,3,61
17,1,Fog,Urban,73,44,17,7,2,21
22,1,Clear,Urban,70,22,12,4,4,14
4,0,Clear,Urban,76,5,2,1,2,7
20,0,Clear,Urban,70,12,7,1,2,30
16,0,Rain,Urban,82,14,12,4,3,25
22,0,Rain,Highway,77,18,5,1,3,18
22,1,Clear,Suburban,72,21,13,3,4,28
9,0,Clear,Urban,48,54,12,4,5,56
2,0,Fog,Highway,81,5,3,1,1,8
14,0,Clear,Urban,79,19,11,1,2,27
13,0,Clear,Urban,68,18,13,1,4,26
11,0,Rain,Urban,66,14,13,4,2,19
19,0,Clear,Urban,22,42,11,5,4,96
1,1,Clear,Urban,78,4,2,1,1,4
0,0,Clear,Highway,68,5,3,1,1,16
8,0,Rain,Urban,51,51,14,3,6,44
9,1,Rain,Urban,61,24,24,4,2,34
15,0,Clear,Urban,89,27,11,1,4,27
7,0,Clear,Highway,29,34,12,7,2,86
10,1,Rain,Urban,78,12,14,3,4,11
23,0,Clear,Urban,63,25,7,4,3,39
20,0,Clear,Suburban,87,12,14,1,3,31
9,1,Clear,Urban,46,40,12,3,5,53
15,0,Fog,Urban,70,29,5,3,4,22
3,0,Clear,Highway,87,4,2,0,1,11
9,0,Rain,Highway,49,39,13,5,2,48
12,0,Clear,Suburban,84,25,7,2,3,31
15,0,Clear,Urban,71,25,12,1,2,38
8,1,Clear,Highway,42,32,11,6,3,69
23,1,Clear,Urban,66,13,7,1,4,22
1,0,Rain,Urban,62,11,2,0,1,7
10,0,Clear,Suburban,53,15,5,3,3,43
6,0,Fog,Suburban,69,16,13,3,2,21
13,1,Clear,Urban,86,22,12,1,2,14
23,0,Clear,Suburban,61,17,11,3,4,29
0,1,Fog,Highway,68,3,2,0,2,5
10,1,Rain,Urban,86,16,12,4,2,16
22,0,Clear,Highway,86,14,10,3,3,24
8,0,Clear,Urban,39,55,12,6,6,86
7,0,Clear,Highway,30,50,24,5,6,73
21,1,Clear,Highway,71,20,11,2,3,20
3,0,Rain,Urban,82,9,4,1,1,5
6,0,Clear,Urban,72,12,5,2,3,31
6,0,Clear,Highway,53,18,9,4,4,41
13,1,Clear,Suburban,71,16,8,2,2,31
14,1,Clear,Highway,80,21,12,3,2,33
17,0,Clear,Urban,23,51,16,5,2,93
19,0,Clear,Suburban,49,30,13,5,4,69
12,0,Clear,Suburban,41,20,12,4,3,44
18,0,Fog,Urban,57,41,16,5,2,54
20,0,Rain,Highway,65,13,10,3,2,16
17,1,Clear,Urban,59,33,21,5,5,64
18,0,Rain,Highway,52,59,14,3,5,59
4,0,Clear,Highway,83,7,4,0,1,10
2,0,Clear,Suburban,65,9,2,0,2,13
8,1,Rain,Urban,78,36,22,7,4,40
18,0,Clear,Urban,43,43,23,3,2,63
9,0,Rain,Suburban,51,34,11,6,2,56
20,1,Clear,Suburban,78,19,8,1,3,33
0,0,Clear,Highway,85,5,4,0,2,14
12,0,Rain,Highway,82,13,7,2,2,35
15,1,Clear,Urban,89,23,12,2,2,30
13,0,Clear,Suburban,44,15,14,2,3,42
12,0,Rain,Urban,86,12,13,2,2,21
9,0,Clear,Suburban,50,46,17,7,4,56
7,0,Clear,Highway,38,36,19,7,2,83
10,0,Clear,Highway,71,28,7,4,2,29
4,1,Clear,Highway,76,6,4,0,2,12
13,0,Clear,Highway,69,18,10,2,3,20
12,1,Rain,Urban,62,20,14,4,2,14
21,0,Clear,Urban,63,17,14,3,3,34
17,0,Clear,Suburban,59,50,13,5,5,54
11,1,Fog,Suburban,76,13,12,4,3,15
22,0,Clear,Highway,67,16,5,2,2,36
23,0,Clear,Urban,84,24,12,4,3,38
17,0,Clear,Suburban,37,47,18,5,6,79
20,0,Clear,Urban,55,12,7,2,3,49
18,1,Fog,Suburban,70,45,19,6,6,31
11,0,Clear,Urban,72,26,6,4,2,37
4,0,Clear,Highway,61,5,3,0,1,13
22,0,Clear,Highway,51,23,5,3,3,47
13,0,Clear,Highway,83,29,12,1,2,31
6,0,Clear,Urban,68,24,12,4,2,30
10,1,Clear,Urban,81,15,7,2,4,23
7,0,Clear,Urban,35,51,22,5,4,99
3,1,Clear,Suburban,78,4,1,0,2,11
16,0,Fog,Urban,79,24,14,4,4,23
1,1,Clear,Suburban,77,7,3,1,1,3
19,0,Clear,Suburban,45,47,10,3,4,59
18,1,Clear,Highway,58,40,18,4,4,51
18,0,Rain,Highway,24,53,16,7,5,77
16,0,Rain,Urban,74,18,12,1,3,22
12,0,Clear,Highway,81,29,11,3,4,32
2,0,Fog,Urban,77,8,4,1,1,6
7,1,Rain,Urban,84,41,14,7,5,28
9,0,Fog,Highway,74,31,12,3,6,31
4,1,Clear,Suburban,85,3,3,0,2,10
20,0,Clear,Urban,84,20,7,3,3,33
8,0,Rain,Urban,76,31,18,7,6,40
3,1,Clear,Highway,88,4,3,1,2,7
3,0,Rain,Urban,70,4,1,0,2,8
5,0,Clear,Urban,74,7,2,0,1,12
13,0,Clear,Highway,65,15,11,4,2,38
5,0,Clear,Urban,80,8,1,1,2,10
22,0,Clear,Suburban,57,29,14,2,4,44
21,1,Rain,Suburban,65,18,7,1,4,12
0,0,Rain,Suburban,73,8,3,0,1,8
15,1,Clear,Suburban,78,16,7,4,4,23
7,0,Clear,Suburban,58,52,17,7,5,63
2,0,Clear,Suburban,85,5,4,0,2,8
13,0,Clear,Urban,57,12,13,3,2,48
21,0,Clear,Suburban,80,21,13,3,3,21
9,0,Clear,Suburban,31,30,24,7,2,85
23,1,Clear,Highway,60,16,6,3,4,21
22,0,Fog,Highway,66,29,6,1,3,12
9,0,Clear,Suburban,38,33,11,3,3,85
6,0,Clear,Urban,50,16,9,1,3,41
3,0,Clear,Urban,71,8,2,1,1,12
12,0,Rain,Highway,67,18,9,4,3,38
19,0,Rain,Suburban,38,47,19,5,4,76
11,0,Clear,Urban,40,29,8,4,2,42
11,0,Clear,Urban,86,19,9,4,2,26
9,0,Rain,Urban,55,31,14,5,6,45
4,0,Clear,Suburban,76,3,4,1,1,5
13,0,Clear,Suburban,52,27,10,1,2,41
14,1,Clear,Suburban,84,19,6,4,4,32
6,1,Rain,Urban,79,12,6,3,3,12
8,1,Rain,Urban,61,27,14,6,2,29
2,0,Clear,Suburban,84,9,1,0,1,6
15,0,Fog,Urban,72,17,12,1,4,18
2,0,Clear,Suburban,76,7,2,0,2,18
19,0,Clear,Suburban,21,30,15,6,6,80
18,0,Clear,Highway,50,46,10,7,2,69
13,1,Rain,Urban,63,13,12,3,4,12
20,0,Clear,Suburban,72,29,7,1,3,31
17,0,Clear,Urban,46,50,17,3,2,65
10,0,Clear,Urban,44,21,8,4,2,49
6,0,Clear,Urban,71,23,6,3,2,26
5,1,Rain,Urban,63,4,1,0,2,7
5,1,Clear,Suburban,81,3,1,1,2,9
1,0,Fog,Suburban,76,5,1,1,1,3
4,0,Clear,Urban,62,9,3,0,1,12
1,0,Clear,Urban,75,4,1,0,2,13
20,1,Clear,Suburban,70,12,5,1,3,20
19,0,Fog,Suburban,73,50,12,5,5,35
11,0,Rain,Urban,63,19,13,2,3,24
6,0,Clear,Highway,80,22,7,3,4,27
2,0,Clear,Urban,78,6,2,1,1,8
23,0,Clear,Highway,70,17,5,1,2,34
11,1,Clear,Highway,61,20,6,1,3,28
5,1,Clear,Urban,75,6,3,1,1,9
12,1,Rain,Highway,83,11,11,1,3,22
11,0,Clear,Urban,49,29,5,1,3,49
20,0,Rain,Urban,81,12,11,2,4,26
0,1,Rain,Urban,78,4,1,1,1,8
0,0,Rain,Suburban,70,3,2,0,1,14
10,0,Clear,Urban,67,13,14,4,4,39
0,0,Clear,Urban,87,3,1,0,2,10
11,0,Rain,Urban,84,15,14,1,3,37
20,0,Clear,Highway,42,12,8,4,4,41
4,0,Clear,Suburban,60,3,4,1,2,5
5,0,Clear,Suburban,75,11,1,0,2,15
7,0,Rain,Urban,52,55,24,6,2,41
14,0,Clear,Suburban,78,25,9,1,3,36
10,0,Clear,Urban,75,19,10,3,4,20
8,1,Fog,Highway,71,33,18,5,4,29
5,0,Clear,Suburban,75,5,4,1,2,7
19,0,Clear,Suburban,46,44,12,4,5,59
20,0,Rain,Highway,60,18,13,2,3,32
22,0,Clear,Highway,72,19,7,4,2,37
22,0,Clear,Highway,81,22,14,2,2,39
8,0,Fog,Suburban,89,59,11,6,5,32
7,1,Clear,Highway,45,28,22,4,3,44
5,1,Rain,Suburban,81,4,2,1,2,5
20,0,Rain,Urban,83,21,7,4,2,22
3,0,Rain,Highway,66,5,1,0,2,5
21,1,Clear,Urban,82,17,13,2,4,34
21,1,Fog,Urban,89,12,8,4,4,16
14,0,Clear,Urban,70,19,9,1,3,35
23,0,Clear,Urban,62,19,11,3,4,31
0,0,Rain,Suburban,66,4,1,0,2,15
12,0,Rain,Suburban,63,25,6,1,4,16
15,0,Clear,Urban,83,18,12,1,2,29
0,1,Clear,Urban,80,4,3,1,1,12
23,1,Rain,Highway,83,16,13,4,4,14
18,0,Clear,Urban,26,30,19,6,2,76
9,0,Clear,Highway,24,43,11,5,4,85
18,0,Clear,Highway,22,32,12,7,4,85
12,0,Rain,Highway,84,21,9,4,3,32
11,0,Rain,Highway,76,28,8,4,4,16
14,1,Clear,Highway,64,15,9,4,2,14
3,0,Clear,Urban,76,5,3,1,1,14
13,0,Clear,Suburban,66,24,5,1,2,39
2,0,Clear,Urban,83,3,3,1,1,5
12,0,Clear,Highway,76,27,5,3,4,22
22,0,Clear,Suburban,74,20,9,1,3,33
14,0,Clear,Suburban,86,20,12,2,3,21
6,0,Fog,Highway,83,23,5,1,2,20
0,0,Clear,Suburban,61,8,4,0,2,7
19,0,Rain,Highway,58,48,15,3,3,56
21,0,Clear,Highway,65,14,8,4,2,21
9,1,Rain,Highway,66,36,13,6,3,31
11,1,Clear,Urban,84,11,13,3,2,21
23,0,Clear,Urban,59,26,9,3,4,48
7,1,Clear,Urban,55,35,11,6,4,50
17,1,Rain,Highway,73,43,14,4,3,33
7,0,Clear,Suburban,35,35,22,3,2,85
21,1,Clear,Suburban,62,23,13,4,3,18
3,1,Clear,Urban,89,2,2,0,2,7
18,1,Clear,Highway,78,46,12,4,3,39
7,1,Clear,Highway,59,40,24,7,6,52
22,0,Clear,Suburban,86,22,10,3,4,40
5,1,Clear,Suburban,79,5,3,0,2,10
4,0,Clear,Suburban,89,3,4,1,1,16
15,0,Clear,Suburban,79,23,11,2,3,39
22,0,Rain,Suburban,81,12,5,4,4,20
16,1,Rain,Urban,83,12,13,3,2,12
10,0,Fog,Suburban,78,24,10,2,3,16
2,1,Clear,Urban,63,5,2,0,1,4
23,1,Fog,Urban,60,16,11,1,2,9
10,0,Rain,Suburban,74,29,8,3,4,19
0,1,Fog,Highway,84,6,4,0,1,3
21,0,Rain,Suburban,78,17,13,2,2,18
7,0,Fog,Suburban,74,51,11,4,6,33
9,0,Clear,Highway,46,50,21,5,5,59
18,0,Clear,Suburban,34,54,10,6,3,76
10,0,Fog,Suburban,86,16,6,1,3,23
6,0,Rain,Urban,66,15,9,4,4,20
4,0,Fog,Highway,65,4,2,0,1,9
12,1,Clear,Suburban,89,12,9,3,2,23
13,1,Rain,Suburban,64,21,10,2,3,27
18,0,Clear,Suburban,24,45,17,3,4,95
2,0,Clear,Highway,89,6,3,1,1,6
1,0,Clear,Suburban,70,7,3,0,2,14
22,1,Clear,Highway,80,23,14,1,2,26
0,0,Clear,Urban,81,6,4,0,2,10
16,0,Clear,Highway,75,16,11,1,4,20
16,1,Clear,Urban,76,16,7,3,4,18
21,0,Clear,Suburban,62,25,10,3,3,40
22,0,Clear,Highway,75,13,6,4,3,31
13,0,Clear,Highway,62,14,14,2,4,24
6,1,Rain,Urban,61,14,13,4,4,16
1,1,Clear,Urban,78,7,2,0,2,12
1,0,Fog,Urban,77,8,4,0,1,6
7,1,Clear,Highway,73,26,15,6,6,35
4,1,Clear,Urban,61,5,1,0,2,13
18,0,Rain,Urban,45,45,14,5,2,51
12,0,Clear,Highway,61,16,10,4,3,27
8,0,Fog,Suburban,49,46,10,4,5,49
11,0,Fog,Urban,73,22,11,2,4,20
14,0,Fog,Suburban,85,22,5,2,2,24
2,0,Clear,Urban,62,6,4,0,2,15
14,1,Rain,Urban,60,20,9,3,4,20
1,0,Rain,Urban,60,4,1,1,2,10
18,0,Clear,Highway,47,57,20,6,2,61
19,0,Clear,Suburban,32,34,19,5,4,82
4,0,Clear,Highway,72,6,3,0,2,17
16,0,Clear,Urban,60,16,13,2,3,27
21,0,Clear,Urban,54,26,12,3,2,47
6,0,Rain,Suburban,69,27,5,2,2,38
5,0,Rain,Urban,74,3,2,1,1,10
4,0,Clear,Urban,84,5,4,0,1,19
2,0,Fog,Suburban,81,5,3,0,1,3
1,1,Rain,Highway,78,5,4,1,2,4
1,1,Clear,Suburban,77,4,2,0,1,11
10,0,Rain,Suburban,76,26,14,2,3,27
19,0,Clear,Highway,38,40,21,3,2,88
0,1,Clear,Urban,85,3,3,1,1,4
23,0,Clear,Highway,75,20,11,4,3,39
3,0,Clear,Suburban,88,4,3,1,1,6
5,0,Clear,Suburban,61,6,4,0,2,5
0,0,Clear,Urban,80,3,4,1,2,6
2,1,Clear,Highway,82,5,2,1,2,6
18,0,Fog,Suburban,47,56,12,5,3,45
18,1,Clear,Highway,46,32,24,5,2,45
16,0,Rain,Urban,87,28,13,2,2,31
22,0,Clear,Suburban,78,17,5,1,4,35
0,0,Clear,Highway,75,6,3,0,2,6
2,1,Rain,Suburban,84,2,1,0,2,3
12,0,Clear,Urban,56,25,11,2,4,46
12,0,Rain,Suburban,75,14,10,4,2,38
10,0,Clear,Highway,47,18,8,4,2,45
6,0,Clear,Urban,54,25,12,1,2,43
22,0,Rain,Urban,87,29,12,1,2,25
7,0,Clear,Urban,41,56,10,6,4,67
9,0,Rain,Highway,42,52,24,3,4,44
6,0,Clear,Highway,60,22,10,1,2,22
10,0,Clear,Highway,84,22,14,1,3,22
11,1,Rain,Urban,89,16,13,2,2,16
10,0,Clear,Suburban,79,29,12,1,2,30
22,0,Rain,Highway,79,24,14,4,4,18
13,0,Clear,Urban,50,18,14,4,3,47
16,0,Fog,Suburban,88,27,7,4,2,22
17,0,Clear,Highway,39,34,16,5,4,81
23,0,Fog,Suburban,70,29,13,2,2,20
15,0,Clear,Highway,82,23,5,2,2,25
3,0,Rain,Urban,81,7,4,1,2,9
15,0,Clear,Urban,60,16,8,1,3,36
11,1,Rain,Highway,89,13,8,2,4,19
0,1,Fog,Suburban,75,7,1,0,1,4
17,0,Clear,Suburban,33,35,14,6,5,90
0,0,Clear,Suburban,76,9,1,1,2,18
2,0,Clear,Urban,78,3,3,1,2,10
19,0,Clear,Urban,42,52,18,7,5,64
9,1,Clear,Urban,49,42,14,6,2,49
1,0,Rain,Highway,78,11,1,0,1,4
19,0,Clear,Suburban,37,38,18,6,5,76
6,0,Clear,Suburban,53,15,7,2,3,45
15,0,Clear,Highway,63,13,12,3,2,27
1,1,Fog,Urban,79,4,3,0,1,2
3,0,Clear,Suburban,77,10,4,0,2,6
0,0,Clear,Suburban,73,10,4,0,1,19
15,0,Rain,Highway,68,22,12,1,2,32
6,0,Clear,Highway,76,14,5,4,2,21
9,1,Clear,Highway,47,30,15,4,2,63
8,1,Clear,Highway,54,38,11,4,6,59
5,0,Clear,Highway,86,8,4,1,2,6
16,0,Rain,Suburban,62,19,14,4,2,20
4,0,Clear,Urban,82,7,2,0,2,16
7,0,Clear,Highway,21,34,24,3,4,92
0,1,Rain,Urban,65,3,1,0,2,10
22,0,Clear,Suburban,69,20,6,1,2,33
23,1,Clear,Urban,70,12,12,4,2,32
4,1,Rain,Highway,76,8,2,0,2,8
14,1,Clear,Highway,71,11,5,4,3,14
4,0,Clear,Highway,80,4,2,1,1,15
5,0,Clear,Urban,63,11,1,0,1,13
8,0,Clear,Urban,44,30,13,6,2,66
18,1,Clear,Urban,59,43,18,7,6,51
11,0,Clear,Suburban,75,22,14,1,3,39
1,0,Clear,Highway,69,5,4,0,2,18
17,0,Clear,Urban,34,47,16,4,6,73
23,0,Clear,Highway,48,17,9,1,2,49
12,1,Clear,Urban,76,22,6,4,3,25
16,0,Rain,Suburban,62,14,13,3,3,21
2,0,Clear,Suburban,74,5,4,1,1,5
3,0,Clear,Highway,83,3,4,0,1,11
13,0,Clear,Urban,81,15,11,1,3,35
22,1,Clear,Highway,85,11,14,4,2,21
18,1,Clear,Suburban,55,34,11,5,3,62
15,1,Clear,Urban,76,15,6,2,4,14
1,0,Rain,Suburban,67,10,4,0,2,12
7,0,Clear,Urban,49,51,17,3,4,57
16,0,Fog,Urban,61,26,14,1,3,19
18,0,Clear,Urban,56,34,16,4,5,59
14,0,Clear,Suburban,56,25,12,2,3,46
12,1,Rain,Highway,65,18,8,2,2,20
0,0,Clear,Urban,67,6,2,1,1,8
18,0,Rain,Highway,54,34,15,3,2,58
15,1,Clear,Urban,75,11,11,3,4,19
5,1,Rain,Highway,89,5,2,1,1,10
17,1,Clear,Urban,45,26,12,3,6,69
17,1,Rain,Urban,45,41,11,6,5,43
5,0,Clear,Suburban,78,5,2,0,2,8
23,0,Clear,Urban,66,15,8,3,2,36
22,0,Clear,Suburban,52,26,9,4,2,41
18,0,Clear,Urban,40,45,10,7,3,54
20,1,Clear,Highway,84,16,11,2,2,21
5,0,Clear,Urban,87,10,1,1,1,18
1,0,Clear,Suburban,77,6,2,0,2,14
5,1,Clear,Urban,89,7,1,0,1,3
1,0,Clear,Suburban,76,8,4,1,1,18
19,1,Clear,Urban,43,44,12,5,4,45
1,0,Clear,Highway,80,8,1,1,1,7
14,0,Clear,Urban,87,19,7,3,2,24
12,0,Clear,Suburban,63,13,8,2,4,39
4,1,Clear,Urban,62,5,3,1,2,5
13,0,Clear,Suburban,80,24,12,1,4,28
20,1,Rain,Urban,65,15,7,1,3,14
13,1,Clear,Highway,78,14,8,4,3,18
1,0,Clear,Highway,77,10,3,0,1,9
4,0,Clear,Suburban,61,6,4,0,2,10
6,0,Clear,Suburban,79,26,7,1,2,34
16,0,Clear,Suburban,65,15,13,1,4,39
4,0,Clear,Suburban,87,8,1,0,2,6
22,1,Clear,Highway,70,12,12,1,4,30
23,0,Clear,Urban,80,29,11,3,3,28
1,1,Clear,Highway,65,7,3,1,2,7
22,0,Clear,Urban,69,18,7,3,3,37
11,1,Rain,Urban,60,15,5,3,4,16
16,1,Clear,Suburban,74,23,9,1,2,16
15,0,Clear,Highway,86,15,11,4,2,33
19,0,Clear,Highway,25,44,12,3,5,99
7,1,Clear,Suburban,44,27,19,7,4,59
13,0,Rain,Highway,68,20,11,1,3,16
6,1,Clear,Urban,89,17,5,2,3,16
21,0,Rain,Suburban,71,25,14,2,3,38
10,0,Rain,Suburban,64,17,6,2,3,25
14,0,Clear,Suburban,66,24,11,1,3,27
8,0,Rain,Suburban,40,50,14,5,3,61
10,0,Clear,Suburban,68,26,9,2,3,31
14,0,Clear,Highway,68,23,9,3,2,21
9,0,Rain,Urban,40,31,10,3,2,52
16,0,Clear,Urban,50,21,11,2,4,47
2,0,Rain,Suburban,73,7,2,0,1,10
7,0,Rain,Urban,58,31,13,4,3,66
10,0,Clear,Urban,80,14,7,1,3,38
14,0,Clear,Highway,46,16,9,1,2,48
2,0,Clear,Urban,85,4,2,0,1,15
13,0,Rain,Urban,85,22,10,4,2,34
10,0,Clear,Suburban,59,16,13,1,3,48
20,0,Clear,Suburban,51,20,13,2,3,46
15,0,Clear,Urban,77,24,12,2,2,22
4,0,Clear,Urban,66,6,1,0,2,18
14,0,Clear,Highway,79,18,5,1,4,30
13,1,Clear,Highway,80,11,12,4,3,34
0,1,Rain,Urban,81,7,2,0,2,7
18,0,Rain,Highway,54,43,15,4,2,62
3,1,Rain,Suburban,61,4,3,1,1,4
19,0,Clear,Urban,56,47,23,4,5,64
5,0,Clear,Suburban,70,6,2,0,1,5
1,0,Fog,Suburban,73,4,3,1,1,9
2,1,Clear,Urban,78,6,1,1,2,3
17,0,Clear,Highway,41,52,23,6,4,56
8,0,Rain,Urban,46,44,13,3,3,60
17,0,Clear,Urban,57,54,13,3,4,58
18,0,Clear,Highway,24,33,11,6,6,73
6,0,Fog,Urban,60,26,6,4,4,25
2,1,Clear,Suburban,85,2,2,0,2,3
14,0,Clear,Suburban,58,13,12,3,2,43
11,0,Clear,Suburban,63,24,7,3,2,40
0,0,Rain,Urban,71,5,3,1,1,5
15,0,Clear,Urban,49,15,10,4,3,47
8,0,Clear,Urban,25,38,13,4,2,76
23,0,Clear,Urban,41,14,5,3,3,49
11,0,Clear,Highway,72,27,10,3,4,25
6,1,Clear,Highway,72,21,12,2,2,18
7,0,Fog,Urban,47,55,12,3,5,49
11,1,Rain,Highway,81,20,14,2,3,24
14,0,Rain,Urban,62,21,11,2,3,32
13,1,Clear,Highway,85,20,10,3,3,21
9,0,Clear,Highway,42,33,20,4,2,52
3,1,Fog,Urban,63,7,2,0,1,1
1,0,Clear,Urban,69,4,4,1,2,18
10,0,Clear,Suburban,59,23,13,4,2,49
4,1,Clear,Suburban,64,8,3,1,2,11
12,0,Clear,Urban,55,28,10,4,4,47
17,0,Fog,Urban,69,38,19,3,2,39
1,0,Clear,Urban,64,5,3,1,2,5
23,0,Fog,Urban,73,29,9,3,2,15
10,1,Clear,Suburban,72,14,5,3,2,16
4,0,Rain,Urban,66,10,2,0,1,14
15,0,Clear,Suburban,61,27,10,2,2,21
14,1,Fog,Highway,67,21,7,2,3,16
19,0,Clear,Highway,28,33,23,5,6,93
3,0,Rain,Urban,78,11,4,0,1,4
3,0,Rain,Urban,85,9,4,0,1,14
7,1,Clear,Urban,59,39,11,6,3,61
15,0,Fog,Highway,75,17,9,4,3,18
20,0,Clear,Suburban,85,29,13,2,3,33
18,0,Clear,Urban,37,36,24,3,4,88
6,1,Fog,Highway,78,10,6,3,3,12
3,0,Fog,Urban,65,3,3,1,2,11
3,1,Clear,Suburban,70,5,4,0,1,4
16,0,Clear,Suburban,62,20,8,2,3,33
2,1,Rain,Urban,80,5,1,1,1,10
18,1,Clear,Highway,47,36,17,3,6,42
23,0,Rain,Urban,68,28,8,4,3,30
19,1,Clear,Urban,43,33,23,7,3,50
19,0,Fog,Urban,41,33,13,5,5,57
23,0,Clear,Urban,41,16,9,3,4,42
17,1,Clear,Urban,57,45,20,6,6,65
20,0,Clear,Suburban,62,27,8,2,3,37
13,1,Clear,Highway,86,14,12,2,4,19
1,0,Clear,Suburban,67,9,2,0,2,16
23,0,Rain,Urban,65,20,7,2,4,32
9,0,Fog,Urban,71,32,17,7,3,36
21,0,Clear,Urban,67,25,5,2,4,34
7,0,Clear,Suburban,34,42,23,5,5,82
11,1,Clear,Suburban,82,16,13,1,2,29
13,0,Clear,Suburban,71,25,10,2,2,36
21,0,Clear,Suburban,51,23,12,2,3,42
0,0,Rain,Suburban,83,5,3,0,1,6
12,0,Clear,Suburban,77,22,9,4,3,22
13,0,Clear,Highway,71,24,11,3,4,29
19,0,Clear,Highway,55,35,12,3,6,61
12,0,Rain,Urban,63,15,12,2,2,29
15,0,Clear,Urban,86,24,7,4,3,23
6,0,Rain,Suburban,75,14,13,2,3,24
7,1,Clear,Urban,51,29,10,7,4,68
16,0,Clear,Urban,75,21,7,2,4,20
20,0,Fog,Urban,78,26,5,4,3,14
5,0,Clear,Highway,62,11,3,1,2,11
19,0,Clear,Highway,28,47,21,6,6,79
6,0,Clear,Suburban,71,15,12,2,4,31
20,0,Clear,Highway,54,19,7,1,3,42
13,0,Clear,Urban,88,14,12,1,2,37
20,0,Clear,Urban,55,16,11,2,3,48
3,1,Clear,Highway,75,6,4,0,1,7
0,0,Rain,Urban,68,6,4,1,1,4
19,0,Rain,Highway,43,32,10,6,6,48
9,0,Rain,Suburban,55,59,10,4,3,65
7,0,Rain,Highway,35,54,15,3,2,72
23,0,Rain,Urban,62,17,13,3,3,26
15,0,Clear,Highway,60,15,11,1,3,39
20,1,Clear,Suburban,86,22,9,1,4,33
13,0,Clear,Urban,40,27,6,3,2,44
7,0,Clear,Suburban,27,58,19,7,3,90
22,0,Rain,Suburban,68,13,5,4,4,16
8,0,Rain,Highway,51,35,20,3,5,53
5,0,Clear,Highway,84,4,4,1,1,19
21,0,Rain,Urban,62,29,8,1,3,36
23,0,Clear,Urban,71,12,13,3,2,34
9,0,Rain,Highway,49,55,20,3,4,70
5,0,Clear,Urban,85,11,4,0,1,12
7,0,Clear,Urban,43,52,21,6,4,70
18,0,Fog,Suburban,48,47,19,6,3,48
0,0,Rain,Urban,63,9,1,1,1,15
8,1,Clear,Urban,49,28,18,6,2,60
17,0,Fog,Highway,89,57,17,4,4,37
3,1,Clear,Urban,76,7,4,1,1,11
0,1,Fog,Urban,86,8,1,1,2,1
4,0,Rain,Highway,71,10,3,0,2,7
10,0,Clear,Highway,76,23,9,1,3,39
8,0,Clear,Suburban,37,37,16,6,3,92
6,0,Clear,Highway,48,24,12,1,2,44
14,0,Clear,Suburban,70,28,5,3,3,29
10,1,Clear,Highway,84,13,5,3,3,21
2,0,Clear,Highway,77,5,4,1,1,18
3,0,Clear,Urban,72,7,1,1,1,5
19,1,Clear,Suburban,43,28,21,3,6,44
22,0,Clear,Urban,73,17,12,4,3,25
13,1,Clear,Urban,87,17,7,4,4,15
16,0,Clear,Suburban,44,16,11,3,4,46
4,1,Clear,Highway,86,2,4,1,2,7
16,0,Clear,Suburban,72,13,10,3,4,27
15,0,Clear,Suburban,67,28,9,3,4,31
4,1,Clear,Urban,76,8,3,0,1,10
20,0,Clear,Urban,78,29,12,4,3,34
1,0,Clear,Suburban,67,7,4,1,1,18
8,0,Clear,Urban,37,45,18,3,6,86
7,0,Clear,Highway,23,50,21,5,4,87
2,0,Clear,Suburban,80,10,1,1,1,8
15,0,Clear,Highway,65,21,12,3,4,39
10,0,Rain,Suburban,69,29,9,4,4,27
3,0,Clear,Suburban,88,4,1,1,2,13
4,0,Clear,Suburban,68,4,3,1,2,11
1,1,Clear,Highway,82,4,4,1,1,8
13,0,Rain,Urban,88,16,6,2,4,32
4,1,Clear,Urban,66,6,4,1,1,7
20,0,Rain,Suburban,82,28,8,2,3,28
22,1,Fog,Highway,68,16,8,3,2,15
18,0,Clear,Highway,32,39,11,7,6,91
10,0,Rain,Urban,84,24,6,1,3,25
5,0,Clear,Urban,64,11,1,0,1,12
5,0,Rain,Urban,61,6,4,1,2,12
21,0,Clear,Highway,40,21,13,4,3,47
1,1,Fog,Urban,72,8,3,1,2,7
1,0,Rain,Highway,85,5,1,0,1,12
20,0,Clear,Urban,63,20,5,3,4,35
18,0,Clear,Urban,54,43,24,5,6,61
5,0,Rain,Highway,60,3,3,0,1,8
19,0,Rain,Urban,41,40,24,3,5,52
17,1,Clear,Urban,58,24,24,7,5,46
2,0,Clear,Urban,60,6,1,1,2,16
16,0,Clear,Suburban,50,24,12,1,4,43
4,1,Clear,Urban,67,4,1,1,2,5
14,1,Clear,Urban,87,23,14,4,4,16
4,0,Rain,Suburban,75,10,2,0,2,9
3,1,Clear,Suburban,77,3,2,0,2,3
5,1,Fog,Highway,73,5,4,0,1,4
1,1,Clear,Urban,87,3,4,1,1,10
8,0,Clear,Highway,23,49,16,4,6,92
13,0,Clear,Urban,88,16,7,1,3,27
20,1,Clear,Suburban,71,15,13,2,2,14
10,0,Clear,Urban,79,22,11,1,3,32
21,0,Clear,Urban,87,18,11,1,3,36
1,0,Clear,Highway,86,11,2,1,1,12
14,0,Fog,Highway,72,19,7,3,3,15
10,0,Clear,Highway,86,18,12,4,3,25
17,1,Clear,Urban,43,35,14,4,2,55
15,1,Clear,Highway,77,17,6,3,4,21
4,0,Clear,Highway,76,8,2,1,1,5
0,1,Rain,Suburban,81,3,1,0,2,8
7,0,Clear,Urban,22,56,21,7,5,71
20,0,Clear,Highway,60,22,6,4,2,38
1,0,Clear,Highway,62,6,1,0,2,12
3,0,Clear,Highway,70,8,4,1,2,9
0,0,Clear,Urban,89,11,4,1,1,18
16,0,Clear,Highway,52,13,10,2,3,48
10,0,Clear,Highway,70,26,9,3,4,26
10,0,Clear,Urban,65,13,9,1,4,24
19,0,Fog,Suburban,51,59,10,6,6,48
20,0,Rain,Urban,61,15,6,3,2,38
9,1,Clear,Urban,49,46,15,6,3,47
15,0,Clear,Suburban,81,14,8,1,2,40
17,1,Rain,Highway,56,43,15,5,4,54
19,0,Fog,Highway,52,44,14,6,3,50
4,1,Clear,Suburban,81,7,2,1,2,12
20,0,Rain,Highway,81,16,14,2,3,32
2,0,Fog,Urban,70,3,4,1,2,3
11,0,Rain,Suburban,66,21,8,2,4,24
16,0,Fog,Urban,77,26,10,4,4,14
5,1,Clear,Suburban,86,8,3,1,1,8
0,1,Clear,Urban,85,4,2,1,1,4
14,0,Rain,Highway,89,28,12,1,2,22
9,0,Clear,Suburban,44,43,17,7,5,69
13,0,Clear,Suburban,87,25,7,3,3,28
12,0,Clear,Urban,73,17,14,4,3,39
15,0,Clear,Highway,88,19,11,1,2,33
19,1,Clear,Highway,50,46,10,7,3,56
19,0,Rain,Urban,54,34,24,7,3,60
17,0,Rain,Urban,50,56,11,4,3,44
2,1,Clear,Urban,89,4,2,0,1,10
22,0,Clear,Urban,54,15,6,4,3,42
0,0,Clear,Highway,70,10,2,1,2,18
10,0,Fog,Urban,79,13,12,4,3,19
0,0,Clear,Highway,81,3,4,1,2,14
20,0,Rain,Suburban,87,27,9,1,2,24
15,0,Clear,Urban,48,12,10,4,4,49
12,0,Clear,Suburban,77,23,6,4,3,22
23,0,Clear,Urban,69,24,5,3,3,35
18,1,Clear,Highway,52,25,20,6,6,54
5,0,Clear,Suburban,83,10,1,1,2,14
14,0,Fog,Urban,84,21,5,2,4,13
12,0,Fog,Urban,86,22,8,2,4,27
3,1,Clear,Urban,70,6,3,0,2,3
7,0,Clear,Highway,37,49,20,5,6,80
16,0,Clear,Suburban,59,16,6,2,3,44
0,0,Clear,Urban,74,5,2,0,1,6
19,1,Clear,Suburban,45,32,22,4,4,49
3,0,Clear,Highway,65,6,3,0,2,5
10,0,Rain,Highway,77,29,6,2,4,22
20,1,Rain,Urban,89,18,8,1,4,27
18,0,Clear,Suburban,28,32,18,4,6,91
20,1,Rain,Highway,86,20,9,3,4,26
10,0,Clear,Urban,43,19,14,3,3,43
8,0,Clear,Highway,52,50,19,6,4,58
15,1,Clear,Highway,89,10,8,1,3,20
1,1,Clear,Suburban,74,4,4,1,1,3
12,1,Fog,Highway,61,20,9,2,2,13
6,1,Clear,Suburban,65,9,11,3,3,18
17,1,Clear,Urban,56,27,24,6,5,46
9,0,Fog,Urban,69,31,22,4,5,40
8,0,Clear,Suburban,56,36,12,6,4,58
11,0,Clear,Urban,64,14,5,2,3,33
16,1,Clear,Urban,74,20,11,3,2,15
17,0,Clear,Urban,23,55,16,7,6,94
22,1,Clear,Urban,61,20,14,1,4,25
11,0,Clear,Suburban,89,17,10,1,3,28
3,0,Clear,Urban,62,3,4,0,1,15
19,1,Clear,Suburban,55,36,12,4,6,68
2,1,Clear,Highway,88,4,2,0,2,3
4,0,Rain,Suburban,81,8,1,0,2,15
2,1,Clear,Urban,73,6,1,1,2,10
23,1,Clear,Highway,81,9,5,4,4,15
18,0,Fog,Urban,60,33,19,4,2,38
1,0,Clear,Urban,86,8,2,0,1,9
18,0,Clear,Urban,46,42,22,5,4,53
9,0,Clear,Suburban,46,34,23,5,2,63
17,0,Clear,Suburban,58,38,11,6,5,68
10,1,Clear,Urban,60,19,8,4,3,17
3,1,Rain,Highway,83,7,4,1,2,5
0,1,Clear,Urban,85,5,2,1,2,10
8,0,Rain,Highway,22,58,17,6,2,74
10,0,Rain,Urban,75,16,13,2,4,28
22,0,Clear,Suburban,41,18,8,4,2,45
4,0,Rain,Suburban,87,8,3,0,2,9
14,0,Clear,Urban,50,25,5,1,3,47
19,0,Rain,Urban,54,53,18,6,5,64
0,1,Rain,Highway,60,8,3,1,1,10
8,0,Clear,Urban,26,38,22,5,3,99
14,1,Clear,Suburban,73,19,8,3,4,15
13,0,Clear,Urban,64,21,8,3,2,40
15,0,Clear,Suburban,61,28,8,3,4,40
9,0,Clear,Urban,52,55,11,4,2,69
19,1,Clear,Urban,67,44,18,3,3,39
6,1,Clear,Suburban,72,13,9,3,2,34
3,1,Clear,Urban,66,2,3,0,2,9
9,0,Clear,Urban,23,43,17,7,2,73
16,0,Fog,Suburban,72,22,10,1,4,12
2,0,Clear,Suburban,72,3,4,0,1,12
8,1,Clear,Suburban,53,40,18,6,2,53
18,1,Rain,Urban,48,30,11,7,5,53
15,0,Rain,Highway,83,12,9,3,2,24
16,0,Rain,Urban,83,29,5,1,2,28
17,0,Clear,Urban,31,48,17,5,5,81
12,1,Rain,Urban,84,11,9,2,4,12
4,0,Fog,Urban,73,8,3,1,2,11
20,0,Clear,Urban,84,24,14,3,3,37
4,1,Clear,Highway,88,5,1,0,1,3
17,1,Clear,Highway,50,25,17,3,3,62
17,0,Rain,Highway,40,51,23,5,2,69
0,0,Clear,Highway,79,4,1,1,2,19
9,0,Clear,Suburban,34,35,14,4,5,74
10,0,Clear,Highway,43,12,14,3,4,48
6,0,Clear,Highway,74,27,12,1,3,31
3,1,Fog,Urban,71,5,3,1,1,3
6,1,Clear,Suburban,65,14,8,3,4,28
19,0,Clear,Urban,56,35,17,4,5,66
9,0,Clear,Highway,42,43,21,7,2,51
6,0,Clear,Suburban,54,28,11,1,4,49
1,1,Rain,Suburban,89,3,1,1,2,2
15,0,Clear,Urban,74,21,13,3,3,33
19,0,Fog,Urban,59,46,20,6,6,43
8,0,Fog,Urban,72,37,23,4,6,34
14,0,Clear,Urban,68,27,14,4,2,28
0,0,Clear,Highway,63,6,3,0,1,12
14,0,Clear,Urban,85,13,5,4,3,34
18,0,Clear,Urban,49,30,12,5,5,51
12,1,Clear,Highway,80,23,11,1,3,25
3,0,Rain,Urban,71,6,3,1,2,8
20,1,Clear,Highway,88,9,7,3,2,16
0,0,Fog,Highway,71,6,3,1,2,4
2,0,Fog,Suburban,88,9,2,0,2,4
14,0,Clear,Highway,57,13,7,1,3,47
15,0,Rain,Urban,86,23,10,2,3,20
17,0,Clear,Suburban,49,38,18,4,2,63
0,1,Rain,Suburban,66,4,2,0,2,7
16,0,Rain,Highway,83,19,10,1,2,20
15,0,Clear,Highway,79,25,9,3,4,33
17,0,Fog,Urban,72,43,23,3,4,38
22,0,Clear,Suburban,82,27,7,1,2,38
20,0,Clear,Highway,89,18,13,3,2,20
1,0,Clear,Urban,72,6,2,1,1,11
16,0,Rain,Suburban,67,22,14,1,4,36
10,1,Clear,Highway,66,12,8,3,4,27
9,1,Rain,Urban,67,35,21,4,6,33
17,1,Clear,Suburban,56,26,17,6,6,60
6,0,Clear,Urban,44,13,7,2,3,42
3,1,Rain,Suburban,77,8,4,1,1,7
14,0,Clear,Highway,88,16,10,1,2,30
17,0,Fog,Urban,63,57,22,4,6,30
7,0,Clear,Suburban,39,45,22,4,6,84
20,0,Clear,Urban,62,12,10,4,4,29
4,1,Clear,Highway,78,4,4,1,2,9
13,0,Rain,Suburban,66,29,6,2,2,36
17,0,Clear,Suburban,34,54,19,6,2,94
13,1,Rain,Suburban,64,9,11,4,4,11
2,0,Clear,Suburban,76,5,1,0,2,11
1,1,Fog,Suburban,76,5,2,0,2,7
11,0,Clear,Highway,89,25,9,4,3,22
1,0,Fog,Suburban,87,10,1,1,2,3
15,0,Clear,Highway,65,28,7,4,2,37
2,0,Clear,Urban,86,9,4,1,2,16
2,1,Clear,Urban,62,3,3,0,2,4
10,0,Clear,Urban,50,27,7,1,3,42
5,0,Clear,Suburban,62,10,4,0,2,7
16,0,Clear,Suburban,75,12,12,4,4,34
14,0,Clear,Urban,88,25,9,1,2,28
14,0,Rain,Suburban,85,23,8,3,2,16
19,0,Clear,Urban,39,44,20,4,5,84
0,0,Clear,Urban,74,6,3,0,2,19
13,1,Rain,Highway,70,19,7,4,4,13
0,1,Clear,Highway,70,4,2,0,2,6
16,0,Clear,Suburban,52,14,11,1,2,45
13,1,Clear,Highway,72,17,10,4,2,24
11,1,Clear,Suburban,75,10,5,3,2,22
0,0,Clear,Urban,74,8,2,0,1,9
15,0,Clear,Highway,64,14,10,4,3,36
1,0,Clear,Suburban,61,3,2,1,1,12
5,0,Rain,Suburban,82,8,4,0,1,10
21,0,Clear,Urban,77,25,5,3,4,21
16,1,Clear,Urban,67,16,8,4,4,26
0,1,Clear,Highway,75,3,4,0,1,9
11,0,Clear,Urban,84,23,7,1,3,31
8,0,Clear,Highway,30,48,23,6,3,90
9,0,Clear,Highway,39,42,17,5,2,97
12,0,Clear,Highway,88,13,10,1,3,37
15,1,Clear,Suburban,78,21,13,3,2,27
7,1,Clear,Urban,47,32,13,7,3,42
3,0,Rain,Highway,86,10,3,1,1,6
14,0,Rain,Urban,60,18,10,1,3,17
3,0,Rain,Urban,89,9,3,1,1,12
1,0,Clear,Highway,73,11,4,0,2,7
22,0,Clear,Urban,66,20,5,2,3,27
11,0,Rain,Suburban,82,23,8,1,2,35
12,0,Clear,Urban,86,29,12,2,4,26
1,0,Rain,Urban,65,10,3,0,2,15
2,0,Clear,Suburban,71,3,1,0,2,16
2,0,Clear,Urban,86,5,3,1,2,15
0,0,Clear,Urban,71,5,4,1,2,9
11,0,Clear,Urban,85,27,5,4,2,31
23,0,Rain,Suburban,64,24,12,2,3,30
0,1,Clear,Highway,61,5,3,1,2,6
11,0,Clear,Highway,80,13,9,3,3,23
22,1,Fog,Highway,69,19,9,3,3,18
23,1,Clear,Highway,88,13,14,2,2,30
15,0,Clear,Urban,48,16,8,4,3,49
18,0,Rain,Urban,44,46,18,3,2,60
13,0,Rain,Highway,87,20,12,3,4,22
7,0,Clear,Urban,33,43,23,5,6,81
4,0,Rain,Suburban,71,9,3,0,1,15
3,0,Clear,Urban,85,5,4,1,2,7
18,0,Fog,Highway,45,35,14,4,4,45
0,1,Fog,Urban,69,8,3,1,1,4
19,0,Rain,Highway,53,51,21,6,6,55
8,0,Rain,Highway,56,42,24,3,5,51
22,0,Clear,Highway,67,18,5,4,3,34
13,0,Clear,Suburban,45,27,10,3,4,41
17,1,Rain,Urban,47,32,17,3,3,53
17,0,Clear,Highway,38,42,10,6,5,72
4,0,Clear,Highway,81,3,3,1,2,14
12,0,Rain,Suburban,67,16,14,1,3,28
11,0,Clear,Highway,49,13,9,4,4,43
12,0,Clear,Urban,61,22,5,1,4,27
8,0,Fog,Urban,49,55,17,5,3,57
17,0,Clear,Highway,38,52,21,6,5,96
10,0,Rain,Urban,80,12,12,3,3,26
12,0,Clear,Suburban,81,17,9,1,2,37
19,0,Clear,Urban,28,59,24,3,3,81
12,0,Clear,Urban,70,19,11,1,3,29
6,1,Clear,Suburban,75,15,5,4,2,21
18,1,Clear,Suburban,58,32,16,5,6,50
15,0,Clear,Highway,89,19,10,1,3,40
4,0,Clear,Suburban,68,5,1,0,2,14
14,0,Clear,Urban,68,16,11,1,4,23
4,0,Clear,Urban,61,5,1,0,2,9
11,0,Rain,Suburban,63,18,12,2,2,20
11,0,Clear,Suburban,41,23,9,4,4,43
8,1,Clear,Suburban,84,26,23,5,4,36
20,0,Rain,Urban,66,19,7,3,2,39
20,0,Rain,Urban,64,21,6,3,3,36
11,1,Clear,Suburban,63,21,13,4,3,17
18,1,Rain,Suburban,72,38,15,6,2,28
14,0,Clear,Highway,74,26,7,1,3,35
8,0,Clear,Highway,44,38,18,4,2,60
1,0,Fog,Suburban,89,8,3,0,2,10
7,1,Clear,Suburban,56,27,15,5,4,67
15,0,Clear,Urban,82,28,9,2,4,29
17,0,Clear,Urban,57,55,16,4,2,53
0,0,Rain,Urban,83,7,3,0,2,12
12,1,Clear,Urban,80,12,8,1,4,14
13,0,Clear,Highway,63,19,9,3,3,31
2,0,Clear,Suburban,64,5,4,1,2,11
4,0,Rain,Suburban,88,7,3,0,2,14
5,0,Rain,Urban,74,4,2,0,1,12
8,1,Rain,Urban,87,28,22,6,5,35
21,0,Clear,Highway,68,19,14,1,2,25
10,0,Fog,Suburban,63,23,10,4,4,28
15,1,Clear,Highway,79,21,9,1,3,21
18,0,Rain,Suburban,30,51,13,5,4,78
13,1,Clear,Suburban,76,23,14,3,3,21
20,0,Clear,Urban,73,14,5,2,4,37
16,1,Clear,Urban,61,22,14,1,2,30
2,0,Clear,Urban,63,3,3,1,2,7
12,0,Clear,Urban,57,18,12,3,3,43
10,1,Rain,Urban,71,9,10,3,2,12
9,1,Clear,Suburban,47,46,14,3,6,60
0,0,Clear,Suburban,84,8,3,1,1,13
20,1,Clear,Suburban,60,16,7,3,2,21
8,0,Clear,Highway,21,33,22,6,4,98
19,0,Fog,Suburban,55,40,24,6,5,47
13,0,Clear,Highway,61,15,14,2,2,21
1,0,Rain,Highway,76,10,1,0,2,5
0,0,Clear,Highway,77,11,3,0,1,14
3,1,Clear,Suburban,86,6,4,0,2,4
9,1,Clear,Highway,51,32,10,7,6,61
5,0,Clear,Suburban,64,10,1,1,2,17
3,1,Clear,Highway,61,8,1,1,2,12
6,0,Fog,Highway,71,20,12,1,3,12
0,0,Rain,Urban,80,7,1,1,1,4
15,0,Clear,Urban,76,13,6,4,4,33
13,0,Clear,Urban,71,18,14,3,4,21
1,0,Clear,Highway,64,6,4,1,1,14
13,1,Fog,Suburban,71,10,9,3,4,11
7,1,Rain,Urban,88,38,22,6,4,33
16,0,Clear,Highway,40,13,8,3,2,43
20,1,Clear,Highway,79,16,12,1,3,28
1,1,Clear,Suburban,86,8,4,1,2,13
22,0,Clear,Urban,88,14,5,2,3,21
12,1,Clear,Urban,69,17,7,3,2,20
14,0,Fog,Suburban,73,23,5,4,3,28
15,1,Clear,Urban,83,12,7,2,2,18
11,0,Clear,Highway,80,24,10,2,4,26
4,1,Fog,Urban,78,7,4,0,2,4
20,0,Clear,Highway,81,15,9,3,3,36
1,0,Clear,Suburban,67,8,1,0,2,15
11,0,Clear,Highway,68,23,6,3,3,28
2,0,Clear,Urban,63,8,2,0,2,11
12,0,Clear,Suburban,60,24,12,2,2,37
15,1,Clear,Highway,89,20,12,4,4,23
7,0,Rain,Urban,35,38,19,3,4,75
7,1,Rain,Urban,49,30,14,6,4,48
13,0,Clear,Highway,72,14,7,4,2,27
16,1,Clear,Highway,86,21,6,3,2,19
3,0,Clear,Urban,82,4,2,0,1,19
22,0,Clear,Urban,80,18,10,1,4,24
22,0,Clear,Urban,68,14,9,2,2,38
0,0,Clear,Highway,63,4,2,0,1,16
9,0,Clear,Urban,40,46,10,5,4,51
22,0,Clear,Suburban,50,15,9,3,4,49
0,0,Clear,Highway,65,11,2,1,2,6
21,0,Clear,Suburban,66,25,5,2,3,36
18,0,Clear,Suburban,38,36,15,7,5,95
23,0,Clear,Highway,81,12,11,2,2,33
13,0,Clear,Highway,47,27,6,2,4,48
7,0,Fog,Suburban,81,35,12,5,4,37
9,0,Rain,Urban,58,30,22,6,3,63
13,1,Clear,Urban,73,19,12,2,3,28
13,0,Clear,Suburban,85,28,8,1,3,29
9,0,Clear,Suburban,32,37,21,4,3,75
2,0,Clear,Suburban,77,6,4,0,2,6
10,0,Clear,Suburban,41,22,9,4,2,47
5,1,Rain,Suburban,81,8,4,0,1,3
21,0,Clear,Urban,76,15,5,4,2,32
16,1,Clear,Suburban,81,19,9,3,3,30
10,1,Clear,Suburban,84,14,7,1,3,28
3,0,Clear,Suburban,70,10,1,1,2,9
3,1,Clear,Urban,78,6,4,1,2,11
16,0,Rain,Suburban,63,20,13,2,4,29
23,0,Clear,Suburban,48,25,12,1,4,47
13,0,Clear,Highway,49,13,9,2,4,45
23,1,Clear,Highway,60,16,5,4,4,31
15,0,Rain,Suburban,70,24,6,1,3,22
15,1,Clear,Suburban,88,21,11,2,2,21
0,0,Clear,Urban,89,10,2,1,2,18
21,0,Clear,Suburban,68,28,10,1,2,25
6,0,Clear,Highway,46,24,14,4,3,41
7,0,Clear,Suburban,35,54,22,3,2,74
19,1,Clear,Highway,57,32,19,7,6,51
17,1,Clear,Highway,46,27,15,7,3,50
23,1,Clear,Suburban,72,18,13,3,4,30
6,0,Clear,Suburban,55,20,8,1,4,42
3,1,Clear,Highway,85,5,3,1,1,8
7,0,Clear,Urban,38,51,13,7,5,77
15,1,Rain,Urban,86,20,13,1,3,23
12,0,Clear,Suburban,86,18,9,1,3,35
14,0,Clear,Highway,56,24,6,4,3,41
2,0,Clear,Suburban,72,3,1,1,1,15
11,1,Clear,Suburban,79,12,5,2,2,26
19,1,Rain,Urban,69,37,17,3,3,28
4,1,Clear,Suburban,71,8,2,1,2,6
19,0,Clear,Suburban,26,52,10,4,5,98
11,1,Clear,Urban,77,16,12,2,2,18
6,1,Clear,Urban,64,12,12,4,3,19
8,0,Rain,Suburban,46,59,15,3,6,43
15,1,Clear,Highway,61,11,11,3,4,24
12,1,Clear,Urban,77,20,7,3,3,14
8,0,Clear,Suburban,23,48,10,4,5,81
22,0,Clear,Highway,52,17,5,1,3,47
6,1,Clear,Urban,63,9,13,2,4,25
3,1,Clear,Highway,82,3,3,1,2,10
16,1,Clear,Urban,79,22,14,4,4,14
1,0,Fog,Highway,88,9,3,1,1,4
15,0,Clear,Suburban,67,15,6,4,3,37
12,0,Clear,Highway,49,29,9,3,2,45
6,0,Clear,Highway,47,20,12,2,2,41
2,0,Fog,Highway,81,8,1,0,2,7
6,1,Clear,Highway,85,11,14,1,3,14
2,0,Rain,Suburban,77,9,3,1,1,12
20,1,Rain,Highway,78,13,14,2,4,12
14,0,Clear,Urban,67,22,10,2,4,31
1,0,Clear,Highway,87,5,3,0,2,6
23,1,Rain,Urban,80,23,13,2,2,15
0,1,Clear,Highway,65,2,1,1,1,9
21,1,Fog,Urban,84,17,7,4,3,18
6,0,Clear,Suburban,86,18,8,3,2,32
11,0,Fog,Highway,87,14,5,1,4,20
1,0,Clear,Urban,88,7,4,1,1,14
0,1,Clear,Urban,89,8,1,1,2,5
4,0,Clear,Suburban,65,6,2,1,1,7
19,1,Clear,Urban,51,26,12,3,2,45
18,1,Clear,Highway,52,34,23,5,5,45
9,0,Clear,Urban,21,53,24,3,4,94
16,1,Rain,Urban,82,21,14,1,3,14
0,0,Clear,Highway,71,8,2,0,1,14
9,0,Fog,Urban,65,51,11,5,5,37
17,1,Clear,Highway,46,44,12,7,3,67
4,0,Rain,Highway,66,9,4,1,2,4
16,0,Rain,Urban,73,29,9,4,4,16
11,1,Clear,Urban,84,12,6,3,4,26
7,0,Clear,Suburban,51,35,18,5,2,51
12,1,Rain,Urban,88,12,8,4,4,20
9,0,Clear,Suburban,37,45,15,4,3,97
15,0,Rain,Urban,87,23,8,1,4,32
4,0,Clear,Highway,62,10,1,1,1,7
14,1,Rain,Urban,85,16,14,3,3,12
7,1,Rain,Urban,77,44,13,6,6,40
2,0,Clear,Highway,70,5,3,1,2,18
23,0,Fog,Urban,87,13,13,2,2,14
22,0,Clear,Suburban,88,22,7,4,3,22
9,0,Clear,Urban,55,37,18,3,6,57
19,0,Fog,Highway,67,40,21,6,4,37
9,0,Clear,Highway,55,35,22,4,5,62
15,0,Clear,Urban,43,16,7,2,4,44
3,1,Clear,Urban,76,3,2,0,2,11
3,0,Clear,Highway,60,4,3,0,2,19
8,0,Rain,Highway,26,44,24,3,4,72
1,0,Clear,Highway,71,5,2,1,1,7
21,0,Fog,Suburban,81,20,13,2,3,28
3,0,Rain,Urban,66,5,2,1,1,9
0,1,Clear,Highway,78,3,3,0,2,11
9,1,Rain,Suburban,75,32,13,3,3,29
5,1,Clear,Highway,81,6,4,0,2,7
11,0,Clear,Urban,43,12,12,2,2,49
9,0,Clear,Suburban,45,33,24,5,2,64
22,0,Clear,Urban,88,24,13,1,4,40
3,0,Clear,Urban,75,11,2,0,1,19
4,1,Clear,Urban,77,4,1,0,1,6
1,0,Rain,Suburban,69,10,3,1,1,10
22,0,Clear,Urban,81,26,12,1,2,36
14,0,Clear,Highway,63,18,14,3,3,25
14,1,Clear,Highway,87,22,7,4,3,21
15,1,Fog,Suburban,86,13,14,1,2,12
21,1,Rain,Suburban,78,12,6,1,2,11
22,0,Clear,Urban,77,23,6,3,2,33
11,0,Clear,Suburban,49,14,5,2,4,44
10,0,Fog,Highway,74,18,11,4,2,23
10,0,Clear,Highway,78,13,9,3,4,21
17,1,Clear,Suburban,53,36,13,7,4,58
19,0,Clear,Suburban,48,51,22,4,5,61
16,0,Clear,Urban,59,17,5,3,2,43
11,0,Clear,Highway,86,29,10,3,4,25
6,0,Rain,Suburban,84,25,5,1,3,38
3,0,Rain,Highway,61,9,2,1,1,8
4,0,Clear,Suburban,89,11,1,0,1,11
13,0,Rain,Suburban,61,25,13,1,2,20
19,0,Clear,Suburban,51,35,16,6,4,64
10,1,Fog,Urban,82,9,13,2,3,15
20,0,Clear,Suburban,59,25,11,3,4,47
20,1,Rain,Suburban,80,12,8,1,3,23
4,0,Clear,Suburban,63,7,2,0,1,11
8,0,Clear,Suburban,39,34,24,4,5,96
20,1,Clear,Urban,77,9,10,4,2,16
22,0,Clear,Suburban,45,15,13,4,4,43
7,1,Fog,Urban,87,36,20,3,6,39
2,0,Clear,Urban,78,9,2,0,2,15
5,0,Clear,Suburban,60,11,4,0,1,13
13,0,Rain,Suburban,72,29,11,2,4,36
15,0,Clear,Urban,80,26,14,1,2,39
11,1,Clear,Suburban,64,19,11,2,4,23
6,1,Clear,Suburban,64,15,5,2,3,20
17,0,Clear,Suburban,21,40,24,5,6,90
18,1,Clear,Urban,58,39,21,6,4,44
19,0,Clear,Suburban,31,39,22,4,6,83
23,0,Clear,Highway,74,20,8,1,2,36
6,0,Clear,Urban,58,12,9,4,3,41
19,0,Rain,Suburban,59,48,12,5,5,54
6,0,Rain,Urban,87,26,12,3,2,18
5,1,Rain,Highway,78,2,3,1,2,9
12,1,Clear,Suburban,83,12,12,1,2,24
5,0,Clear,Highway,77,4,2,1,2,15
22,1,Clear,Highway,88,19,10,2,4,16
15,0,Fog,Suburban,77,29,13,1,2,23
18,1,Fog,Suburban,70,45,23,6,6,37
23,0,Rain,Suburban,71,17,9,3,2,16
19,1,Clear,Urban,45,40,16,5,5,44
20,0,Clear,Urban,78,13,12,2,4,39
16,1,Clear,Urban,61,11,14,3,4,20
23,0,Clear,Highway,87,14,6,1,3,36
13,1,Clear,Highway,73,14,6,4,3,15
19,0,Fog,Highway,61,52,24,7,4,38
16,0,Fog,Suburban,74,27,6,3,4,26
4,0,Clear,Urban,63,5,2,1,2,14
13,1,Clear,Urban,78,22,8,4,4,32
12,1,Clear,Suburban,88,15,14,3,2,27
19,0,Clear,Highway,33,56,23,5,2,96
19,0,Clear,Urban,34,41,13,3,4,91
6,0,Clear,Urban,42,21,13,1,4,46
6,1,Rain,Highway,64,12,11,2,4,17
6,0,Clear,Urban,78,22,11,4,2,20
23,0,Clear,Highway,65,23,13,1,2,26
4,1,Clear,Urban,65,3,2,0,1,12
9,1,Clear,Highway,65,27,13,4,4,36
10,0,Clear,Urban,74,19,11,2,2,31
16,1,Clear,Urban,79,20,12,3,3,27
8,0,Clear,Suburban,38,42,24,4,4,86
13,1,Fog,Urban,85,23,11,1,3,18
14,1,Clear,Urban,61,16,11,2,2,20
7,0,Rain,Urban,46,35,20,5,4,41
11,0,Clear,Suburban,42,12,9,2,3,43
7,1,Clear,Urban,46,33,10,5,3,58
1,0,Fog,Urban,83,3,3,1,1,10
0,1,Clear,Highway,65,4,4,1,2,10
13,0,Rain,Suburban,85,19,13,3,2,16
2,1,Rain,Highway,85,4,2,0,1,4
9,1,Clear,Urban,47,33,19,3,5,67
9,0,Clear,Urban,21,54,12,4,6,92
23,1,Fog,Urban,87,20,5,1,4,10
18,0,Rain,Highway,21,46,23,7,6,78
18,0,Clear,Suburban,49,41,24,4,2,70
11,0,Fog,Suburban,75,18,6,4,3,16
18,0,Clear,Urban,29,37,16,7,3,87
21,0,Clear,Highway,58,27,12,1,3,41
14,0,Clear,Suburban,77,20,8,1,3,23
22,0,Clear,Highway,61,26,8,3,3,25
20,1,Rain,Urban,81,21,12,3,4,25
22,0,Clear,Highway,53,24,13,3,2,46
16,0,Clear,Suburban,45,17,5,1,3,45
5,1,Clear,Suburban,84,7,2,0,1,12
16,0,Clear,Urban,62,16,10,3,4,21
14,0,Rain,Highway,72,24,11,3,3,39
21,0,Clear,Urban,70,15,12,4,2,36
19,1,Rain,Suburban,50,45,15,5,3,52
15,1,Clear,Suburban,60,19,6,3,3,18
23,0,Clear,Urban,59,13,14,4,2,44
13,0,Clear,Suburban,65,19,13,4,4,34
4,0,Rain,Highway,74,6,4,0,2,4
22,1,Clear,Suburban,75,12,10,1,3,18
16,0,Rain,Suburban,72,14,12,3,2,32
13,0,Clear,Suburban,88,29,7,1,2,26
14,1,Clear,Highway,82,20,6,1,2,27
0,0,Clear,Highway,79,7,3,0,1,16
16,1,Rain,Suburban,88,20,8,4,4,20
2,0,Clear,Suburban,71,6,3,1,1,16
9,0,Rain,Suburban,84,59,22,4,4,40
17,0,Fog,Urban,56,41,19,3,5,43
13,1,Clear,Urban,69,20,11,1,3,19
12,0,Clear,Highway,44,29,7,2,2,47
13,1,Fog,Suburban,63,12,8,2,3,17
0,1,Clear,Urban,81,2,1,1,2,6
4,0,Clear,Urban,79,7,4,1,1,17
19,0,Clear,Urban,58,42,12,7,3,56
9,0,Fog,Urban,48,59,15,7,3,45
20,0,Rain,Highway,70,26,9,1,2,22
5,0,Clear,Urban,86,5,1,0,1,14
20,0,Clear,Highway,44,13,12,2,4,49
12,1,Clear,Urban,72,12,13,3,4,32
15,0,Fog,Urban,68,23,5,2,4,27
11,1,Clear,Suburban,78,23,9,4,4,25
9,0,Fog,Suburban,84,36,21,3,3,37
14,1,Clear,Suburban,80,12,8,2,2,29
10,1,Clear,Urban,81,20,9,3,4,23
17,1,Clear,Urban,45,47,22,7,3,57
5,0,Clear,Highway,65,8,3,1,1,13
18,0,Clear,Suburban,29,31,10,4,4,83
6,1,Clear,Urban,65,18,6,3,4,32
21,1,Fog,Suburban,89,21,12,1,3,10
13,0,Clear,Highway,76,28,10,2,2,30
8,1,Clear,Highway,80,44,20,6,2,39
9,0,Clear,Suburban,39,34,11,5,3,94
4,0,Clear,Urban,67,6,4,0,2,7
10,0,Clear,Highway,59,23,8,4,2,42
23,0,Clear,Highway,49,26,10,1,3,43
14,0,Rain,Urban,75,20,12,1,3,39
14,1,Clear,Highway,82,15,13,1,2,25
20,0,Fog,Highway,79,19,10,2,4,19
8,1,Clear,Urban,49,26,13,4,3,42
11,0,Clear,Suburban,65,19,9,4,2,27
0,0,Clear,Suburban,83,11,1,1,2,17
11,0,Clear,Suburban,59,26,5,1,2,44
16,1,Clear,Urban,70,16,6,2,3,23
10,0,Clear,Urban,43,14,6,3,3,49
6,1,Clear,Urban,64,9,14,1,2,30
12,1,Clear,Highway,70,23,12,4,3,18
6,0,Fog,Highway,69,24,14,4,4,13
7,0,Rain,Suburban,55,30,21,6,5,66
7,0,Fog,Highway,88,56,24,4,2,33
9,1,Rain,Suburban,62,40,14,3,3,40
0,1,Clear,Urban,86,3,3,1,1,4
11,0,Clear,Suburban,50,27,7,3,2,49
12,0,Rain,Urban,75,18,10,2,3,38
2,1,Rain,Urban,85,8,3,1,1,3
2,0,Clear,Suburban,65,7,1,0,2,15
10,0,Rain,Urban,68,19,11,4,2,24
12,0,Clear,Highway,49,27,14,4,2,49
5,0,Clear,Urban,71,8,3,0,1,6
3,1,Clear,Highway,71,2,2,1,1,5
22,0,Clear,Highway,84,22,8,1,3,27
3,0,Clear,Urban,80,3,2,0,2,11
9,0,Clear,Highway,32,40,20,4,6,84
17,0,Clear,Suburban,57,36,20,3,3,58
22,0,Clear,Urban,89,19,8,4,4,32
0,0,Clear,Highway,68,10,2,0,2,7
2,0,Clear,Suburban,85,9,3,0,1,6
13,1,Fog,Highway,89,19,11,1,3,16
10,0,Fog,Suburban,60,20,7,2,3,17
17,0,Fog,Highway,51,37,19,7,4,51
7,0,Clear,Urban,32,53,11,6,4,89
19,0,Clear,Suburban,24,41,22,4,3,73
12,0,Fog,Urban,73,16,6,2,4,21
14,0,Clear,Urban,73,26,9,3,2,38
11,0,Clear,Urban,79,25,13,2,2,36
13,1,Fog,Highway,60,19,12,2,4,8
8,0,Rain,Highway,50,46,21,4,4,47
14,1,Clear,Highway,75,12,7,1,2,15
5,0,Clear,Highway,75,8,3,1,1,7
6,0,Rain,Suburban,69,14,13,1,3,32
21,0,Clear,Urban,55,14,8,4,4,43
11,0,Clear,Highway,42,21,10,4,2,44
2,0,Clear,Urban,72,11,4,1,2,7
13,1,Clear,Highway,68,18,6,2,3,30
13,0,Clear,Urban,89,22,11,4,2,32
3,0,Fog,Highway,66,3,1,1,2,3
5,0,Rain,Urban,60,3,2,1,2,13
16,0,Clear,Highway,76,29,7,3,4,22
23,0,Rain,Highway,69,21,11,3,4,24
4,0,Clear,Urban,82,4,4,1,1,13
8,1,Clear,Urban,55,44,11,4,4,60
23,1,Clear,Urban,84,10,5,3,4,32
16,0,Clear,Suburban,88,29,5,1,3,25
7,0,Clear,Suburban,54,43,22,3,5,69
20,1,Clear,Suburban,86,14,5,2,4,32
17,1,Clear,Suburban,50,35,23,6,6,46
2,0,Clear,Urban,60,4,3,0,1,16
0,0,Clear,Suburban,62,7,2,0,2,6
2,1,Clear,Suburban,75,6,2,0,1,8
10,0,Clear,Urban,70,25,8,4,4,33
21,0,Clear,Urban,55,15,8,3,3,45
6,0,Rain,Suburban,63,15,14,2,2,32
10,0,Clear,Suburban,79,25,13,4,3,32
10,0,Clear,Highway,57,19,9,4,2,45
11,0,Clear,Suburban,62,12,11,2,3,34
14,0,Clear,Urban,54,19,8,1,4,46
12,1,Clear,Urban,67,18,5,3,4,28
23,0,Clear,Highway,80,24,7,1,2,40
19,1,Clear,Urban,41,41,17,6,6,44
14,0,Clear,Urban,61,12,14,3,2,30
23,0,Clear,Highway,71,18,10,3,4,29
13,0,Clear,Suburban,46,25,12,3,3,49
8,0,Rain,Urban,23,51,11,3,3,72
6,0,Clear,Highway,67,13,11,3,4,34
20,1,Fog,Suburban,67,16,11,2,3,16
17,1,Clear,Urban,52,33,23,6,4,67
0,0,Clear,Urban,85,8,2,1,2,19
5,0,Clear,Suburban,72,4,1,1,1,6
0,0,Clear,Highway,60,11,1,1,2,9
2,0,Clear,Suburban,87,7,2,0,2,9
13,0,Clear,Suburban,44,25,10,4,4,41
17,0,Clear,Highway,52,58,24,6,5,50
0,1,Rain,Suburban,86,4,2,0,1,10
9,0,Fog,Urban,54,34,18,4,6,49
15,0,Rain,Urban,66,28,7,1,2,36
16,1,Clear,Highway,86,9,9,3,4,26
23,1,Clear,Highway,88,15,12,1,2,23
4,0,Clear,Suburban,79,3,2,0,1,17
19,0,Clear,Suburban,27,33,13,5,6,73
20,0,Clear,Urban,78,25,6,2,2,20
0,0,Clear,Suburban,69,11,1,0,1,12
2,0,Rain,Urban,67,11,3,0,1,12
13,0,Clear,Urban,52,19,8,1,2,45
6,0,Rain,Suburban,67,15,6,2,2,25
11,0,Clear,Highway,50,16,11,2,4,42
16,0,Clear,Suburban,79,19,11,4,2,30
0,1,Clear,Suburban,89,5,2,0,2,11
20,0,Clear,Urban,44,29,7,1,2,41
15,0,Fog,Highway,65,14,6,2,4,16
19,0,Clear,Highway,22,56,13,7,3,75
22,0,Clear,Highway,63,15,8,3,3,40
1,0,Clear,Highway,88,10,4,1,1,8
16,1,Clear,Suburban,66,16,6,2,3,22
5,0,Clear,Highway,85,10,3,1,1,13
11,0,Clear,Highway,42,24,13,4,2,45
6,0,Clear,Highway,46,19,10,3,4,44
19,0,Clear,Highway,42,32,20,7,2,61
2,0,Rain,Highway,65,5,1,0,2,5
4,1,Clear,Urban,61,2,2,1,2,4
15,1,Rain,Suburban,62,22,7,2,2,25
3,0,Clear,Highway,65,7,3,0,2,14
3,0,Rain,Urban,67,11,4,1,2,15
2,0,Clear,Urban,69,6,2,0,1,12
14,0,Clear,Suburban,59,25,7,1,4,45
4,0,Rain,Suburban,70,9,1,1,1,4
1,0,Rain,Urban,73,11,4,1,1,4
23,0,Clear,Suburban,57,22,9,4,3,41
10,0,Fog,Suburban,77,29,14,3,4,12
10,0,Fog,Highway,67,18,5,3,4,24
8,0,Clear,Urban,44,49,14,3,5,59
18,1,Fog,Urban,86,35,16,4,4,27
7,0,Rain,Urban,42,59,15,4,4,51
14,1,Clear,Highway,75,10,7,2,3,31
12,1,Clear,Highway,82,15,11,4,3,34
15,0,Clear,Highway,88,24,11,1,3,35
15,1,Clear,Urban,72,17,8,2,4,30
23,1,Clear,Suburban,67,16,13,1,2,21
10,0,Clear,Suburban,50,28,5,3,4,46
1,0,Clear,Suburban,84,7,4,0,1,17
4,0,Clear,Suburban,70,10,3,0,1,9
14,0,Clear,Highway,66,16,7,2,3,28
10,0,Clear,Urban,79,20,5,3,2,28
5,0,Clear,Suburban,70,6,2,0,2,9
7,0,Rain,Highway,31,58,19,4,4,77
21,0,Rain,Suburban,67,13,12,2,2,31
22,1,Clear,Urban,63,20,14,2,2,16
22,0,Clear,Urban,48,19,14,1,2,41
13,0,Fog,Suburban,85,19,7,1,2,29
10,0,Clear,Urban,78,25,9,1,4,30
14,0,Clear,Highway,49,18,9,4,2,46
20,0,Clear,Suburban,61,21,7,2,3,38
18,1,Clear,Highway,50,26,23,7,6,63
9,0,Fog,Highway,58,46,19,5,4,43
0,1,Rain,Highway,89,7,2,0,1,8
22,0,Rain,Suburban,89,24,5,3,2,25
7,0,Clear,Highway,29,35,10,4,4,95
4,1,Clear,Urban,83,4,1,1,1,13
12,0,Rain,Highway,60,18,9,4,4,36
3,0,Rain,Suburban,76,7,4,1,1,6
1,1,Rain,Urban,64,7,2,1,1,7
10,0,Clear,Urban,68,24,13,3,4,22
17,1,Rain,Suburban,59,37,10,5,3,44
22,0,Clear,Urban,57,23,7,1,4,41
13,1,Rain,Highway,89,15,9,2,2,25
13,0,Fog,Suburban,88,18,5,2,2,27
11,0,Clear,Urban,76,21,8,4,3,23
8,0,Rain,Highway,50,42,11,5,2,44
10,0,Fog,Suburban,82,14,10,1,2,12
11,1,Clear,Urban,88,20,12,3,3,32
4,1,Clear,Suburban,64,2,2,0,2,7
6,0,Clear,Urban,67,22,7,2,3,21
22,0,Clear,Highway,72,15,5,1,4,33
7,1,Clear,Urban,66,37,15,6,2,39
7,0,Clear,Highway,50,53,16,3,4,54
21,0,Clear,Urban,77,14,9,4,4,33
8,0,Rain,Highway,49,36,13,7,5,45
21,1,Clear,Suburban,79,18,10,1,2,14
7,0,Rain,Suburban,49,33,18,6,3,44
7,1,Clear,Urban,41,40,17,5,3,54
15,1,Clear,Highway,68,11,12,1,4,18
5,0,Rain,Highway,81,3,4,1,1,12
14,0,Clear,Suburban,46,19,6,2,3,43
5,0,Fog,Suburban,76,4,2,0,2,6
9,1,Clear,Suburban,51,33,17,3,2,62
19,0,Fog,Urban,58,52,18,3,5,59
2,0,Rain,Urban,89,3,3,0,2,10
7,1,Rain,Suburban,59,45,14,5,2,44
9,0,Rain,Urban,31,49,11,7,4,78
19,0,Clear,Suburban,59,36,22,5,4,53
12,1,Rain,Highway,77,9,7,2,2,20
7,0,Clear,Suburban,30,51,18,6,4,90
3,1,Clear,Suburban,84,6,4,1,2,12
10,1,Fog,Suburban,75,18,11,4,4,12
3,0,Clear,Suburban,69,8,2,0,2,8
22,0,Clear,Urban,41,12,14,2,2,49
17,1,Clear,Urban,41,38,11,3,5,60
15,1,Clear,Urban,77,13,7,1,4,18
6,0,Fog,Suburban,86,27,12,1,4,27
13,0,Rain,Suburban,83,15,13,1,2,38
23,0,Clear,Suburban,70,25,11,3,2,22
15,0,Fog,Urban,65,22,13,2,4,12
11,0,Clear,Highway,40,13,11,1,4,41
18,1,Fog,Urban,75,44,24,5,2,29
9,0,Clear,Urban,49,31,23,5,4,68
2,0,Rain,Suburban,74,4,4,1,1,4
22,0,Clear,Urban,60,27,7,3,2,22
10,0,Rain,Highway,81,18,11,3,3,16
3,1,Clear,Highway,73,7,2,0,2,8
14,1,Rain,Suburban,65,14,7,1,2,11
20,0,Clear,Suburban,56,23,8,2,3,44
17,1,Fog,Highway,73,38,20,3,6,24
12,0,Clear,Urban,65,17,9,3,2,25
7,0,Clear,Urban,29,56,18,6,6,83
15,0,Clear,Suburban,63,13,6,3,2,28
20,0,Clear,Urban,42,25,6,4,2,49
8,0,Fog,Highway,44,31,24,5,5,49
6,1,Clear,Urban,80,22,8,1,2,26
20,0,Clear,Highway,63,28,9,4,3,40
14,0,Clear,Highway,67,14,5,3,3,24
8,0,Clear,Suburban,22,42,18,5,3,92
12,1,Clear,Highway,84,16,5,2,3,25
10,0,Clear,Suburban,80,19,13,4,4,39
11,1,Clear,Suburban,76,12,14,2,4,20
11,0,Rain,Highway,76,12,10,4,3,29
23,1,Rain,Urban,72,12,10,4,4,26
23,0,Clear,Highway,67,29,10,3,3,26
8,0,Clear,Urban,21,40,15,5,4,81
4,0,Rain,Highway,77,4,2,1,1,12
2,0,Clear,Suburban,70,5,4,1,2,16
12,1,Clear,Suburban,73,10,13,1,2,19
1,0,Fog,Highway,74,7,2,1,2,3
7,1,Clear,Highway,51,45,23,3,4,49
22,0,Clear,Urban,63,12,7,4,4,26
10,0,Rain,Urban,79,19,12,3,3,33
19,1,Rain,Suburban,68,36,13,5,6,40
18,0,Clear,Highway,38,50,20,6,6,72
7,0,Clear,Urban,57,58,21,5,2,54
22,0,Fog,Highway,69,28,11,4,4,17
7,0,Clear,Urban,31,51,18,3,3,76
18,0,Clear,Suburban,29,43,15,5,2,83
5,0,Clear,Urban,62,3,2,1,2,18
16,0,Rain,Suburban,70,17,11,4,4,18
12,0,Clear,Highway,68,25,14,2,3,20
5,0,Fog,Highway,83,10,4,0,2,9
3,0,Clear,Highway,82,7,3,1,2,6
23,0,Clear,Suburban,69,17,8,4,4,27
12,0,Clear,Suburban,70,28,8,2,4,39
10,0,Clear,Suburban,51,29,11,2,2,45
6,0,Clear,Urban,87,28,6,2,3,21
21,0,Fog,Suburban,72,17,9,2,3,17
1,1,Rain,Urban,64,8,2,1,1,8
3,0,Clear,Highway,88,11,4,0,1,12
0,1,Rain,Suburban,76,2,3,0,1,5
12,0,Rain,Urban,82,21,12,1,4,23
11,0,Clear,Highway,77,23,5,4,2,33
20,0,Rain,Suburban,83,20,5,3,2,36
15,1,Clear,Urban,60,16,5,1,2,16
21,0,Clear,Highway,71,21,10,3,3,32
6,0,Rain,Urban,86,13,8,2,2,39
8,0,Clear,Highway,56,47,16,7,2,68
4,0,Clear,Urban,86,7,3,1,2,16
6,1,Clear,Highway,63,16,5,4,3,23
9,0,Rain,Urban,49,31,14,5,6,50
13,1,Rain,Suburban,65,18,5,1,2,16
23,0,Fog,Suburban,71,13,13,1,4,13
22,1,Clear,Urban,79,12,6,4,3,14
11,1,Clear,Urban,89,17,10,1,2,32
12,0,Clear,Highway,82,27,10,2,2,23
4,0,Clear,Suburban,63,6,1,0,2,19
9,0,Clear,Urban,21,47,22,6,5,72
21,0,Clear,Suburban,51,26,10,1,4,49
10,0,Rain,Urban,87,22,7,2,2,38
2,0,Rain,Suburban,66,7,1,1,2,15
19,0,Clear,Suburban,27,58,13,4,5,81
17,0,Clear,Urban,40,52,12,5,4,70
9,0,Fog,Highway,71,53,16,3,3,30
5,0,Rain,Suburban,73,9,4,1,1,7
12,0,Fog,Highway,87,22,14,4,4,26
20,0,Clear,Highway,53,19,7,1,2,46
1,0,Clear,Urban,70,5,3,0,2,10
1,0,Clear,Urban,74,7,3,1,1,13
5,0,Clear,Highway,85,7,3,0,1,17
1,1,Clear,Urban,73,4,3,0,2,13
7,0,Fog,Suburban,45,42,10,4,4,51
10,1,Clear,Highway,84,23,13,4,3,31
9,1,Clear,Urban,68,40,11,6,5,40
8,0,Rain,Urban,39,52,14,6,2,72
3,1,Clear,Highway,85,5,1,1,1,7
17,1,Clear,Suburban,56,32,17,3,4,67
21,0,Clear,Suburban,57,20,7,2,2,43
19,0,Fog,Urban,88,58,13,3,5,35
3,0,Rain,Suburban,74,5,3,0,1,11
2,0,Rain,Suburban,60,8,2,0,1,14
23,0,Clear,Highway,83,29,5,4,4,37
14,0,Clear,Urban,80,28,11,3,2,25
0,0,Clear,Urban,63,10,1,0,1,15
10,0,Clear,Urban,78,26,6,4,2,39
21,0,Clear,Highway,79,27,7,4,4,38
8,0,Clear,Suburban,37,42,16,4,3,81
0,0,Clear,Urban,69,7,1,0,1,6
17,0,Clear,Urban,40,51,15,4,2,52
11,0,Fog,Urban,75,24,9,3,2,21
13,1,Rain,Urban,87,14,9,3,3,14
10,0,Clear,Highway,63,15,7,3,2,24
9,0,Clear,Suburban,25,44,15,5,3,86
6,0,Clear,Suburban,40,26,5,4,3,45
5,0,Rain,Suburban,85,3,3,1,1,14
17,1,Clear,Highway,52,32,11,3,6,61
20,0,Fog,Urban,83,16,11,3,3,16
6,0,Clear,Highway,52,21,6,1,4,44
15,1,Clear,Urban,80,15,11,1,2,32
14,1,Fog,Highway,77,11,13,1,2,10
3,0,Fog,Suburban,64,7,3,0,2,9
4,0,Clear,Urban,87,4,2,0,2,12
22,0,Clear,Suburban,42,13,7,4,3,45
14,0,Rain,Highway,85,22,14,3,2,37
19,1,Clear,Urban,52,37,15,6,6,67
3,0,Rain,Urban,76,10,4,0,1,8
20,0,Clear,Urban,50,21,9,1,4,46
23,0,Rain,Highway,75,22,9,1,3,16
3,0,Clear,Highway,77,4,4,0,2,8
5,0,Clear,Urban,84,11,4,0,2,18
3,0,Rain,Urban,82,8,4,0,1,13
16,0,Clear,Urban,61,18,9,4,2,25
2,1,Clear,Urban,67,6,1,0,2,5
5,0,Clear,Highway,61,5,2,1,2,18
9,1,Clear,Highway,70,42,18,5,5,36
6,1,Clear,Suburban,68,23,12,3,3,34
9,1,Rain,Urban,85,36,19,7,6,33
10,0,Clear,Suburban,65,27,12,4,3,26
13,1,Fog,Highway,74,21,9,1,3,10
21,0,Rain,Suburban,72,20,6,4,4,36
21,1,Rain,Urban,62,23,7,3,3,12
10,1,Clear,Urban,62,10,13,4,3,25
2,0,Clear,Suburban,88,11,1,1,1,15
2,0,Clear,Highway,70,8,3,0,2,13
18,0,Clear,Urban,25,49,11,7,3,75
4,0,Fog,Highway,76,6,4,0,2,9
11,0,Rain,Highway,87,22,14,3,3,20
3,0,Clear,Highway,74,7,1,1,1,13
3,0,Clear,Urban,60,10,4,0,1,9
7,0,Clear,Urban,53,57,19,3,4,57
23,0,Clear,Urban,63,24,13,1,4,24
10,0,Clear,Highway,78,23,14,3,3,22
15,0,Clear,Suburban,59,29,12,3,3,46
15,1,Clear,Highway,84,10,14,4,3,19
9,0,Clear,Suburban,24,55,12,7,4,80
12,1,Clear,Highway,78,12,8,4,3,21
0,1,Rain,Suburban,86,8,2,0,1,7
12,1,Clear,Urban,74,13,11,4,2,23
16,0,Clear,Suburban,47,29,7,2,3,43
18,0,Clear,Highway,39,39,22,4,3,95
16,0,Rain,Suburban,74,17,13,4,3,34
21,1,Clear,Urban,79,16,7,1,4,23
13,0,Clear,Suburban,50,15,11,2,4,45
15,1,Clear,Highway,62,20,8,3,4,30
13,0,Rain,Highway,85,15,5,2,4,20
6,0,Clear,Urban,64,23,8,3,4,21
19,1,Rain,Highway,42,36,20,3,5,52
20,0,Rain,Suburban,83,12,9,2,4,39
2,0,Clear,Urban,89,4,4,0,1,8
7,0,Clear,Highway,52,44,21,3,5,66
5,0,Rain,Highway,70,7,1,1,2,5
20,0,Rain,Urban,72,24,8,1,2,28
1,1,Clear,Highway,83,5,3,1,2,8
0,0,Fog,Urban,85,7,4,0,2,10
17,1,Clear,Suburban,45,27,23,5,6,42
20,0,Clear,Suburban,79,21,13,1,3,33
4,0,Clear,Urban,64,10,2,0,2,8
9,1,Clear,Urban,44,32,10,3,6,45
8,0,Clear,Suburban,24,53,10,6,4,81
17,0,Clear,Urban,29,54,21,3,4,91
16,1,Clear,Urban,73,18,14,2,3,27
8,1,Clear,Urban,47,46,11,7,2,62
5,0,Clear,Urban,70,5,2,1,2,14
3,0,Clear,Highway,82,7,2,0,2,16
7,1,Clear,Urban,41,36,15,6,2,64
0,0,Clear,Suburban,62,8,2,1,2,7
5,1,Clear,Suburban,73,2,2,1,2,6
15,0,Clear,Urban,82,19,6,1,3,28
21,0,Clear,Urban,88,24,9,4,4,29
7,1,Clear,Suburban,53,45,10,5,5,44
23,1,Rain,Urban,86,22,10,3,4,16
15,0,Clear,Urban,66,15,10,2,3,22
14,0,Clear,Suburban,84,29,10,1,3,26
3,1,Clear,Highway,68,8,3,1,1,9
14,0,Rain,Highway,82,21,10,1,4,24
23,0,Clear,Urban,71,29,7,1,2,24
12,0,Clear,Highway,50,17,12,3,4,49
21,0,Clear,Highway,42,28,8,3,3,49
20,1,Clear,Highway,75,13,7,3,2,15
23,1,Clear,Suburban,77,17,6,1,4,15
21,1,Clear,Urban,82,9,13,4,2,17
7,0,Fog,Suburban,72,48,11,6,5,34
12,0,Clear,Urban,70,29,8,2,4,27
3,1,Clear,Highway,85,5,2,1,2,7
14,0,Clear,Highway,84,18,9,1,3,26
15,0,Clear,Highway,64,16,8,4,3,33
1,1,Clear,Urban,64,8,1,1,2,9
12,1,Clear,Urban,77,12,8,2,2,25
11,0,Clear,Urban,85,18,5,1,3,28
11,0,Clear,Suburban,88,13,12,3,4,37
8,0,Clear,Urban,25,33,22,6,3,79
19,0,Clear,Highway,39,41,21,7,4,81
17,1,Clear,Urban,40,44,13,3,2,45
15,0,Clear,Urban,87,27,13,1,3,20
15,0,Clear,Suburban,69,27,11,1,4,29
10,0,Clear,Suburban,44,29,6,3,2,49
13,1,Rain,Highway,86,20,7,3,4,16
6,0,Fog,Suburban,61,21,12,1,4,28
20,0,Rain,Suburban,80,29,8,4,2,29
11,1,Clear,Suburban,76,10,9,3,4,27
19,1,Clear,Highway,57,43,22,4,4,45
23,0,Clear,Urban,46,17,12,1,3,42
18,0,Clear,Highway,43,34,19,7,5,66
22,0,Clear,Suburban,43,20,7,2,4,47
7,0,Rain,Highway,60,59,18,7,5,40
15,1,Clear,Suburban,74,13,8,1,2,29
4,0,Rain,Suburban,84,11,3,1,1,11
3,0,Clear,Highway,66,6,4,1,1,11
10,0,Clear,Highway,86,13,5,3,3,22
20,0,Clear,Urban,89,29,7,4,4,33
3,1,Clear,Suburban,84,8,1,1,2,13
18,0,Clear,Urban,54,50,13,7,6,65
19,1,Clear,Suburban,40,40,12,6,6,62
6,0,Clear,Urban,75,29,5,1,4,28
6,0,Fog,Suburban,79,20,5,1,2,21
14,0,Clear,Highway,73,24,5,4,4,24
9,1,Clear,Highway,53,44,19,6,2,68
21,0,Rain,Highway,68,16,11,4,3,18
12,1,Clear,Urban,84,20,9,4,3,32
9,0,Clear,Highway,54,59,17,5,5,66
5,0,Clear,Urban,85,5,4,0,1,14
15,1,Clear,Highway,84,15,10,1,2,16
3,1,Clear,Urban,89,8,2,0,1,7
14,0,Clear,Urban,78,12,9,1,4,37
0,1,Clear,Highway,82,3,4,0,2,8
19,1,Clear,Suburban,58,39,20,6,2,67
2,1,Clear,Suburban,61,8,3,1,2,4
12,0,Clear,Suburban,82,12,10,4,3,32
12,0,Clear,Highway,89,27,11,4,2,34
16,0,Clear,Suburban,40,17,11,1,4,44
20,0,Rain,Suburban,72,22,5,2,3,24
20,0,Clear,Highway,82,26,6,2,3,24
12,0,Clear,Highway,85,23,6,4,3,28
1,1,Clear,Suburban,72,5,3,1,1,7
16,0,Clear,Urban,67,23,13,4,3,23
4,0,Clear,Highway,84,4,4,1,1,8
16,1,Clear,Suburban,71,11,7,2,4,34
14,1,Rain,Urban,87,13,6,1,3,24
21,0,Clear,Suburban,41,28,11,3,2,47
5,1,Clear,Highway,77,8,3,0,2,9
0,0,Rain,Suburban,70,11,1,1,2,9
0,1,Fog,Highway,73,6,2,1,2,3
7,1,Clear,Suburban,49,30,20,6,4,62
2,0,Rain,Urban,62,8,4,1,1,7
23,1,Clear,Suburban,72,18,10,3,4,34
11,0,Clear,Highway,70,25,8,2,4,23
23,1,Fog,Highway,76,14,13,2,4,15
7,0,Clear,Urban,28,53,15,4,5,95
16,1,Clear,Urban,87,12,10,2,3,21
18,1,Clear,Highway,55,39,24,7,5,52
8,0,Clear,Highway,23,33,15,4,4,87
3,0,Clear,Suburban,84,3,2,1,2,11
0,0,Clear,Highway,70,6,2,0,1,17
22,1,Rain,Urban,63,16,14,2,4,20
12,1,Clear,Highway,72,14,10,4,4,23
13,0,Clear,Urban,51,25,13,4,3,47
10,0,Rain,Urban,69,25,5,2,2,19
19,0,Clear,Urban,33,58,23,7,2,97
19,0,Rain,Urban,49,57,19,6,6,52
15,1,Clear,Highway,88,11,8,3,3,32
5,0,Clear,Suburban,85,10,1,0,2,18
22,0,Clear,Suburban,73,12,7,3,3,25
5,1,Rain,Urban,60,8,3,0,2,3
10,0,Clear,Urban,59,20,11,1,2,44
20,0,Clear,Suburban,61,23,5,1,3,39
23,1,Clear,Highway,81,9,13,1,2,20
7,0,Rain,Suburban,51,44,13,4,3,64
8,1,Clear,Urban,49,30,21,3,6,53
5,0,Fog,Urban,88,6,2,0,2,7
11,1,Clear,Suburban,70,20,10,1,2,30
23,1,Fog,Urban,66,9,13,2,4,18
16,0,Clear,Urban,62,18,10,1,4,29
9,1,Clear,Highway,64,26,18,3,2,37
17,0,Clear,Highway,39,50,12,6,3,92
10,1,Clear,Suburban,66,23,5,1,2,21
17,1,Fog,Urban,64,30,21,7,3,26
21,0,Clear,Highway,68,16,8,4,3,20
2,0,Clear,Urban,83,5,3,0,1,7
3,0,Clear,Highway,61,5,4,0,2,10
10,0,Fog,Highway,62,13,10,4,4,28
21,1,Clear,Suburban,88,15,12,1,3,28
5,1,Fog,Urban,68,5,1,1,1,2
10,1,Clear,Suburban,69,12,5,3,4,18
1,0,Clear,Urban,84,4,2,0,1,18
14,0,Clear,Suburban,57,16,9,3,4,44
13,0,Clear,Suburban,51,14,6,3,3,44
15,0,Clear,Highway,74,22,12,1,2,26
11,1,Clear,Highway,60,17,11,3,2,18
9,1,Clear,Suburban,45,28,11,6,5,68
1,0,Clear,Suburban,87,9,2,1,1,14
14,0,Clear,Highway,85,21,13,2,2,35
17,0,Clear,Urban,50,58,12,7,2,69
6,1,Rain,Suburban,68,16,12,3,4,16
15,0,Clear,Suburban,72,29,13,2,2,39
7,1,Rain,Highway,46,42,20,6,4,48
21,0,Rain,Highway,76,13,6,2,2,32
6,0,Fog,Suburban,68,27,14,4,3,28
13,0,Clear,Urban,43,16,13,1,3,42
4,0,Clear,Highway,83,9,2,0,2,9
21,1,Clear,Suburban,85,12,7,2,3,14
8,1,Rain,Highway,84,26,11,6,3,38
2,0,Fog,Suburban,77,6,4,0,2,11
22,0,Fog,Suburban,81,26,8,2,3,19
18,1,Clear,Urban,89,32,23,3,6,40
6,1,Clear,Suburban,75,20,8,3,3,26
5,1,Fog,Suburban,76,7,3,1,1,2
3,1,Clear,Highway,70,6,1,1,1,11
5,1,Clear,Highway,63,4,1,0,1,9
5,0,Clear,Highway,61,7,1,1,1,16
23,0,Clear,Suburban,72,12,11,3,2,30
8,0,Clear,Highway,33,30,18,5,3,96
4,0,Clear,Highway,60,11,2,1,2,10
4,0,Clear,Suburban,79,11,3,0,1,13
5,1,Rain,Highway,63,7,1,1,2,10
7,1,Rain,Highway,71,36,21,7,6,34
16,1,Clear,Urban,80,12,5,4,2,32
3,0,Clear,Highway,88,5,1,1,1,11
23,0,Clear,Urban,84,16,13,4,4,24
4,1,Clear,Highway,76,6,1,0,1,10
3,0,Fog,Highway,63,8,4,0,2,4
19,0,Clear,Urban,36,40,17,6,4,89
1,0,Clear,Urban,64,6,1,1,2,9
16,0,Clear,Highway,63,17,10,4,3,38
23,0,Rain,Highway,81,14,9,1,3,39
20,0,Rain,Suburban,81,29,14,4,4,38
14,0,Clear,Highway,78,13,13,1,3,37
7,1,Rain,Highway,67,45,24,4,2,36
18,0,Fog,Urban,47,59,10,4,6,58
4,0,Clear,Suburban,89,10,4,1,1,16
8,1,Clear,Suburban,47,26,11,4,3,64
9,0,Clear,Urban,39,35,10,5,2,96
13,0,Clear,Urban,50,25,13,4,4,42
3,0,Clear,Highway,60,11,4,0,2,10
2,0,Rain,Highway,68,10,2,1,1,9
9,1,Clear,Highway,49,36,18,3,5,49
13,0,Clear,Suburban,58,14,13,3,4,46
2,0,Clear,Suburban,87,9,4,0,2,13
0,1,Clear,Highway,73,8,2,1,2,12
19,1,Rain,Highway,55,36,20,3,2,44
20,0,Clear,Suburban,41,12,7,1,4,49
20,0,Clear,Highway,65,17,6,1,4,26
20,0,Clear,Highway,64,25,7,2,2,29
7,1,Clear,Urban,74,40,23,6,3,38
5,0,Clear,Urban,81,8,2,0,1,9
13,0,Fog,Suburban,62,28,11,3,3,13
22,0,Rain,Highway,81,26,13,3,2,29
18,1,Rain,Urban,43,44,21,7,3,51
4,1,Clear,Urban,67,3,3,0,2,9
2,0,Clear,Urban,61,7,1,1,1,16
11,0,Rain,Highway,88,24,12,4,3,27
0,1,Clear,Urban,71,4,3,1,2,9
22,0,Clear,Highway,79,16,14,1,2,21
17,0,Clear,Urban,46,54,14,5,4,51
0,0,Clear,Suburban,88,3,4,0,1,17
2,1,Clear,Suburban,70,4,2,1,2,5
10,0,Clear,Urban,61,24,11,4,4,20
23,0,Fog,Highway,72,18,13,3,2,24
11,0,Clear,Highway,71,27,12,4,4,21
15,1,Clear,Urban,69,9,10,3,3,21
12,0,Clear,Suburban,63,24,8,2,2,20
7,1,Clear,Urban,48,24,11,3,4,60
9,0,Clear,Urban,55,50,16,4,4,70
2,0,Clear,Urban,81,4,3,1,2,5
0,1,Clear,Urban,78,2,2,1,1,7
14,0,Clear,Suburban,41,13,6,3,3,47
5,0,Clear,Suburban,61,8,3,1,2,19
9,0,Rain,Highway,51,48,24,3,3,64
17,0,Fog,Urban,56,51,23,7,3,44
17,1,Fog,Urban,69,28,12,6,2,32
10,0,Clear,Highway,47,22,12,2,2,41
8,0,Clear,Urban,33,57,12,7,6,89
6,1,Clear,Urban,79,12,10,1,3,22
7,0,Clear,Highway,31,59,14,4,5,89
7,0,Clear,Suburban,59,35,18,3,5,67
11,0,Rain,Suburban,81,23,5,1,2,28
16,0,Fog,Suburban,71,23,13,1,4,16
2,0,Fog,Urban,67,11,4,1,2,7
16,0,Clear,Highway,61,25,9,2,3,39
1,0,Rain,Urban,80,4,3,0,2,8
20,1,Clear,Suburban,88,15,8,2,3,16
16,1,Rain,Highway,70,18,12,2,2,16
4,0,Clear,Urban,74,9,2,0,1,18
3,0,Clear,Urban,84,8,3,0,1,19
12,0,Rain,Highway,72,23,13,1,2,31
17,0,Clear,Urban,21,30,22,3,6,82
13,0,Clear,Highway,41,17,13,1,3,44
7,1,Clear,Suburban,45,26,16,4,4,46
19,0,Clear,Urban,54,57,17,3,3,55
14,0,Fog,Urban,81,22,10,2,3,21
14,0,Fog,Urban,75,14,12,1,4,12
16,0,Clear,Highway,41,20,6,3,4,47
10,1,Clear,Urban,81,21,12,3,3,16
20,1,Clear,Highway,62,11,6,1,3,23
22,1,Fog,Suburban,69,20,14,1,4,14
20,0,Clear,Urban,81,28,6,1,4,22
23,0,Clear,Urban,78,21,11,2,3,21
19,0,Rain,Highway,45,31,23,3,6,47
9,0,Clear,Urban,57,54,21,5,5,50
14,0,Clear,Suburban,68,13,6,2,3,28
2,0,Clear,Urban,60,8,4,1,1,15
11,0,Clear,Suburban,73,27,9,3,3,24
2,0,Clear,Suburban,68,6,2,1,1,5
18,0,Fog,Highway,41,30,21,7,6,55
22,1,Clear,Highway,81,16,14,2,3,30
8,1,Fog,Highway,82,31,18,5,5,36
23,0,Fog,Suburban,68,14,12,4,4,14
1,0,Rain,Urban,67,4,2,0,2,11
2,0,Clear,Suburban,62,9,1,0,2,10
14,0,Clear,Suburban,85,21,7,2,3,37
0,0,Clear,Suburban,65,7,2,0,2,14
17,0,Clear,Urban,30,49,20,7,5,71
19,1,Clear,Suburban,57,40,24,6,4,47
23,1,Rain,Urban,83,23,13,2,4,24
1,1,Rain,Highway,80,2,1,1,2,8
2,0,Clear,Urban,65,6,2,1,2,7
4,0,Clear,Highway,82,10,4,1,2,7
18,0,Rain,Urban,50,59,18,7,5,46
23,0,Clear,Urban,87,27,13,4,2,28
19,0,Clear,Highway,26,30,17,7,4,83
16,1,Rain,Suburban,62,16,10,1,2,22
15,1,Clear,Highway,69,12,5,4,4,23
1,0,Clear,Suburban,68,5,2,1,2,19
20,1,Clear,Urban,75,12,10,2,2,27
22,0,Fog,Urban,76,14,9,4,4,23
5,0,Clear,Suburban,63,5,4,1,1,12
16,0,Clear,Urban,85,14,6,2,3,29
2,1,Clear,Highway,67,4,3,1,1,4
23,0,Rain,Highway,80,18,13,2,4,34
8,0,Rain,Urban,48,41,20,6,3,46
11,1,Clear,Highway,75,16,7,3,2,15
8,0,Clear,Highway,39,37,14,3,4,87
22,0,Clear,Suburban,70,12,6,4,4,28
20,0,Clear,Urban,87,25,14,1,4,39
7,0,Clear,Highway,24,32,24,5,4,92
13,1,Fog,Urban,71,14,11,3,2,11
6,0,Clear,Suburban,62,28,10,4,4,29
17,0,Clear,Highway,59,57,15,5,6,51
12,1,Clear,Suburban,60,15,14,4,2,32
16,0,Clear,Highway,67,26,12,2,2,24
23,1,Clear,Urban,71,19,8,2,4,33
0,1,Clear,Urban,62,2,1,0,1,9
16,0,Rain,Urban,62,12,9,3,4,38
10,0,Clear,Highway,64,23,12,4,2,40
9,0,Rain,Highway,56,34,24,7,4,64
2,1,Clear,Suburban,87,7,2,0,2,13
23,0,Clear,Highway,44,24,8,4,4,46
19,1,Clear,Suburban,57,37,19,6,3,64
20,0,Fog,Highway,84,14,9,4,2,16
19,1,Rain,Highway,56,26,11,6,6,53
0,1,Rain,Highway,89,4,2,0,1,5
22,1,Rain,Suburban,74,14,14,4,3,20
16,0,Clear,Highway,81,19,5,4,4,32
19,0,Fog,Urban,63,32,24,4,2,33
14,1,Clear,Suburban,68,16,8,2,4,16
15,1,Clear,Suburban,83,10,9,2,4,32
13,0,Clear,Urban,63,22,14,1,4,37
13,0,Rain,Urban,80,29,9,3,4,28
10,0,Fog,Urban,66,12,5,3,4,12
1,0,Fog,Highway,70,5,3,1,2,10
2,1,Clear,Highway,87,8,4,1,2,7
11,0,Rain,Highway,80,22,9,2,2,26
19,0,Clear,Urban,42,49,19,3,4,66
19,0,Clear,Suburban,50,33,13,7,6,64
10,0,Clear,Urban,88,20,13,1,3,30
19,0,Clear,Suburban,30,47,12,5,3,80
9,0,Clear,Suburban,35,35,23,7,4,82
16,0,Fog,Highway,73,17,9,3,4,27
2,0,Rain,Urban,72,8,4,0,2,6
8,1,Rain,Urban,67,38,18,7,3,40
20,1,Clear,Highway,87,12,11,2,2,25
23,1,Rain,Suburban,75,22,10,2,3,22
11,0,Clear,Suburban,63,12,14,4,3,24
9,0,Rain,Urban,54,39,21,4,5,70
11,0,Rain,Urban,69,16,9,3,4,30
21,0,Rain,Highway,89,28,10,1,2,29
18,1,Clear,Urban,59,27,21,3,6,58
2,0,Clear,Highway,69,4,1,1,1,12
2,0,Clear,Urban,66,6,2,1,2,17
8,0,Clear,Highway,45,49,14,3,3,63
9,0,Rain,Highway,57,41,24,3,5,52
10,1,Clear,Suburban,81,16,11,3,3,20
21,0,Clear,Urban,55,12,8,1,2,45
17,0,Clear,Suburban,44,47,11,3,5,60
19,1,Clear,Suburban,79,41,14,7,5,37
5,0,Fog,Suburban,70,7,2,1,1,3
3,1,Fog,Highway,78,2,1,0,2,6
16,1,Rain,Suburban,74,12,10,1,2,12
14,1,Rain,Urban,88,17,10,3,3,13
8,0,Fog,Urban,56,56,16,3,2,53
8,0,Clear,Suburban,24,46,21,7,6,93
3,0,Clear,Suburban,62,8,1,0,1,11
9,1,Clear,Urban,48,28,12,5,6,53
10,0,Clear,Urban,70,25,14,4,3,35
4,0,Clear,Highway,68,6,1,0,1,8
17,0,Fog,Suburban,86,49,12,5,3,31
6,1,Rain,Suburban,87,23,12,2,4,11
5,1,Clear,Urban,69,6,2,0,1,9
4,0,Clear,Urban,85,9,1,1,1,19
22,1,Fog,Highway,77,16,10,3,3,19
9,0,Fog,Highway,82,58,15,3,5,32
7,0,Rain,Urban,24,46,18,5,5,74
11,0,Clear,Highway,81,20,8,4,4,40
9,1,Clear,Urban,43,33,15,7,2,62
13,1,Clear,Urban,60,14,13,2,4,26
15,1,Clear,Urban,89,12,14,3,3,23
7,0,Rain,Suburban,42,44,24,7,4,42
12,1,Clear,Urban,79,17,6,1,4,27
5,0,Clear,Suburban,86,9,4,1,1,6
22,0,Clear,Suburban,44,17,7,4,2,43
21,1,Clear,Highway,88,13,6,3,2,33
11,0,Rain,Suburban,60,14,13,4,4,23
8,1,Clear,Urban,40,36,22,3,5,52
9,0,Clear,Urban,26,35,17,3,4,91
12,0,Clear,Suburban,89,19,14,2,4,27
18,1,Rain,Highway,68,34,19,4,3,32
10,1,Rain,Suburban,65,23,6,3,2,20
4,0,Clear,Urban,77,7,1,1,2,9
7,0,Clear,Highway,42,37,10,4,3,70
11,0,Clear,Urban,70,16,10,1,2,37
20,0,Clear,Suburban,71,19,12,1,2,27
2,1,Rain,Highway,79,6,3,0,1,8
13,0,Clear,Highway,75,19,13,1,2,28
10,1,Rain,Highway,76,21,6,4,3,20
17,0,Rain,Highway,46,42,16,5,6,65
12,0,Clear,Highway,72,19,11,3,2,32
18,0,Clear,Urban,38,43,13,4,6,91
20,0,Clear,Highway,70,13,5,3,4,32
1,1,Clear,Suburban,63,8,3,1,1,11
22,1,Clear,Suburban,68,14,6,2,2,14
3,0,Clear,Urban,71,11,3,0,2,18
20,1,Clear,Urban,69,10,13,2,2,20
11,1,Clear,Suburban,75,16,14,3,2,18
13,1,Fog,Urban,62,20,7,1,2,13
18,0,Fog,Suburban,59,58,24,3,5,52
4,1,Rain,Highway,61,4,4,1,1,5
1,0,Clear,Urban,73,7,4,1,2,14
6,1,Clear,Highway,73,17,7,2,3,18
19,0,Clear,Highway,36,33,23,4,6,72
13,0,Clear,Suburban,60,14,14,3,2,24
9,1,Rain,Highway,52,25,20,4,3,53
7,0,Rain,Suburban,41,38,10,6,6,50
21,0,Clear,Urban,41,17,9,3,4,41
17,0,Clear,Highway,25,33,19,3,4,99
20,1,Rain,Urban,71,12,9,1,3,27
20,0,Clear,Suburban,54,28,6,4,4,47
5,0,Clear,Urban,62,5,2,1,2,13
1,0,Clear,Urban,75,4,1,0,2,8
18,0,Rain,Urban,24,32,13,3,5,72
20,0,Rain,Highway,87,15,13,1,2,24
11,1,Clear,Urban,78,14,8,4,2,21
5,0,Clear,Suburban,64,4,2,1,2,9
15,0,Fog,Highway,68,23,13,1,2,19
17,0,Clear,Suburban,30,54,21,6,2,79
19,0,Fog,Suburban,48,58,11,4,6,53
18,1,Clear,Suburban,66,44,18,5,3,35
15,0,Clear,Urban,43,19,5,3,3,47
21,0,Clear,Highway,85,19,14,3,2,38
12,0,Rain,Suburban,87,12,11,1,2,37
22,0,Clear,Urban,79,18,7,3,4,21
8,0,Clear,Urban,58,36,11,6,3,68
15,1,Clear,Suburban,82,9,11,4,4,17
2,0,Fog,Suburban,72,8,2,1,1,7
7,1,Clear,Urban,49,44,23,4,4,65
11,0,Clear,Highway,43,19,11,3,3,46
16,0,Clear,Urban,80,18,11,3,2,32
14,0,Rain,Urban,72,28,5,3,4,32
18,0,Clear,Highway,34,58,10,7,4,98
2,1,Clear,Highway,82,5,2,1,1,6
11,0,Clear,Suburban,80,13,14,3,4,38
1,0,Fog,Suburban,78,3,3,1,1,9
8,0,Rain,Urban,39,32,19,5,3,72
5,0,Clear,Urban,74,4,3,0,2,12
3,0,Rain,Suburban,70,4,3,0,2,5
4,1,Clear,Urban,60,2,3,0,2,7
20,0,Rain,Highway,75,23,11,4,4,32
2,0,Clear,Suburban,64,4,4,0,2,8
16,0,Clear,Urban,47,23,7,2,4,49
2,0,Rain,Highway,82,8,3,1,2,11
4,0,Clear,Suburban,82,4,1,0,1,8
17,0,Fog,Urban,75,48,12,3,6,32
19,0,Clear,Urban,45,51,24,4,3,53
11,1,Clear,Highway,71,12,6,2,4,23
15,0,Rain,Urban,86,12,7,2,2,37
1,0,Clear,Urban,78,5,1,1,2,6
17,0,Clear,Urban,31,45,23,5,5,92
0,1,Rain,Highway,60,7,2,1,2,8
3,1,Clear,Highway,69,8,1,1,2,6
19,0,Clear,Highway,55,50,19,6,4,51
1,1,Clear,Urban,78,8,1,0,2,5
9,0,Clear,Urban,24,57,19,3,4,87
5,0,Fog,Urban,80,9,3,1,2,10
4,1,Clear,Urban,66,4,4,0,1,11
21,1,Clear,Suburban,81,22,10,4,2,28
11,1,Clear,Urban,72,18,8,1,3,21
11,0,Clear,Urban,69,24,7,2,3,35
8,0,Clear,Highway,29,41,17,4,6,90
3,0,Clear,Urban,69,10,4,1,1,18
2,0,Rain,Urban,80,11,3,1,1,13
5,0,Clear,Suburban,67,4,2,1,1,17
1,0,Clear,Suburban,68,3,1,1,1,6
5,0,Rain,Suburban,71,11,1,1,1,8
1,1,Fog,Urban,79,8,2,1,2,3
11,0,Clear,Urban,46,18,14,4,3,44
22,0,Clear,Urban,80,27,5,4,2,35
23,1,Clear,Urban,65,22,7,1,2,34
9,0,Rain,Highway,59,34,16,7,6,44
22,0,Clear,Highway,70,18,10,4,3,40
6,0,Clear,Suburban,63,21,10,4,4,21
15,0,Clear,Urban,48,24,10,4,3,47
11,0,Clear,Urban,60,12,11,1,2,37
19,0,Clear,Suburban,53,40,20,7,3,55
19,0,Clear,Suburban,46,30,12,7,5,62
22,0,Clear,Suburban,73,27,14,3,3,40
18,0,Clear,Suburban,21,45,19,3,2,90
3,1,Clear,Suburban,89,4,3,0,2,7
22,0,Rain,Suburban,70,29,13,3,3,16
4,0,Clear,Highway,86,3,4,0,1,15
19,1,Clear,Urban,51,40,13,5,5,58
0,0,Rain,Highway,79,4,3,0,2,6
22,0,Clear,Suburban,60,24,7,4,3,29
11,0,Clear,Urban,88,21,7,4,3,31
17,0,Rain,Highway,53,40,18,3,6,63
20,0,Clear,Urban,75,25,11,2,3,30
9,1,Clear,Suburban,58,44,17,5,3,48
13,0,Rain,Suburban,75,15,12,3,4,19
18,0,Clear,Suburban,34,44,10,4,2,80
1,1,Rain,Urban,60,4,4,0,1,8
21,1,Clear,Urban,76,20,12,3,4,24
9,0,Clear,Highway,32,59,10,5,5,75
13,0,Rain,Urban,80,22,11,2,4,22
4,0,Rain,Urban,87,9,1,0,1,10
3,0,Clear,Highway,74,8,2,0,2,16
12,0,Clear,Highway,73,16,6,3,2,39
17,1,Clear,Urban,51,30,14,4,5,54
1,0,Clear,Suburban,70,11,2,1,2,8
6,0,Clear,Highway,77,19,14,1,4,28
18,0,Clear,Urban,38,57,16,6,2,97
2,0,Rain,Suburban,67,5,4,0,2,6
2,0,Rain,Suburban,65,7,1,1,2,10
22,0,Fog,Highway,87,25,10,4,4,15
0,0,Clear,Urban,78,6,3,0,1,19
20,0,Clear,Urban,77,12,6,4,2,37
12,0,Fog,Urban,71,19,13,3,4,12
17,0,Fog,Suburban,57,38,11,7,4,46
20,1,Clear,Highway,86,12,8,1,3,14
23,1,Clear,Suburban,62,16,9,4,3,30
11,1,Clear,Suburban,72,12,11,3,2,24
22,0,Clear,Suburban,54,17,9,4,4,46
11,0,Clear,Highway,69,23,14,1,3,33
2,0,Clear,Urban,84,3,2,1,1,14
21,1,Clear,Urban,83,19,5,2,3,25
4,1,Rain,Suburban,89,8,2,0,2,3
22,0,Clear,Urban,65,18,7,3,4,26
2,0,Clear,Suburban,63,9,4,0,1,8
20,0,Clear,Urban,45,22,8,1,4,46
6,0,Clear,Highway,59,23,11,2,2,47
2,1,Clear,Suburban,85,4,2,1,1,10
8,0,Clear,Urban,30,40,22,7,4,82
8,0,Clear,Urban,31,48,19,6,2,78
15,0,Clear,Urban,85,20,12,3,2,37
5,1,Clear,Highway,86,6,2,1,1,10
18,0,Clear,Urban,56,44,20,5,3,63
0,0,Clear,Highway,63,11,4,1,2,14
23,0,Clear,Urban,49,24,8,1,3,44
11,0,Clear,Suburban,62,28,14,1,3,37
2,0,Clear,Suburban,65,5,3,0,2,14
18,0,Rain,Highway,44,49,15,5,4,48
20,0,Rain,Suburban,78,27,14,4,4,29
21,1,Clear,Highway,70,22,11,1,4,17
0,0,Clear,Urban,72,3,1,1,1,19
21,0,Clear,Highway,86,28,6,4,4,36
5,1,Fog,Highway,75,2,2,0,2,4
8,0,Clear,Highway,20,46,18,7,3,73
18,0,Clear,Urban,41,30,14,7,6,68
6,0,Clear,Urban,74,17,8,4,4,22
18,0,Clear,Highway,42,46,10,7,4,53
15,0,Clear,Highway,74,12,12,2,2,37
3,1,Clear,Highway,61,2,1,0,1,11
22,0,Clear,Urban,56,27,7,3,2,47
22,1,Clear,Urban,71,10,12,2,3,16
3,1,Clear,Highway,68,2,1,0,1,13
17,0,Clear,Urban,20,45,13,6,2,99
0,0,Clear,Urban,85,10,1,0,1,18
19,0,Clear,Urban,52,41,18,4,3,68
15,0,Clear,Suburban,64,15,5,3,3,32
9,0,Clear,Highway,31,35,14,7,2,97
20,0,Clear,Suburban,70,26,7,1,4,22
11,0,Rain,Suburban,76,28,14,3,4,32
5,1,Clear,Urban,64,3,2,0,1,4
10,1,Clear,Urban,62,13,7,2,4,19
9,0,Clear,Suburban,48,59,20,4,3,66
16,0,Clear,Urban,71,23,7,4,4,20
10,0,Rain,Highway,84,16,11,1,4,32
22,1,Clear,Suburban,66,21,6,2,4,32
5,0,Clear,Highway,71,6,1,1,2,11
5,0,Clear,Urban,67,10,4,0,2,5
6,1,Fog,Highway,88,23,12,1,4,17
16,1,Fog,Highway,68,12,9,1,2,14
15,0,Clear,Urban,44,26,10,1,3,46
16,0,Clear,Suburban,79,16,11,2,4,28
18,0,Rain,Urban,48,40,14,6,5,52
20,0,Rain,Highway,76,19,13,3,4,16
0,0,Clear,Urban,60,4,2,1,1,8
0,0,Rain,Urban,75,5,3,0,1,11
4,1,Clear,Suburban,84,4,2,1,1,11
17,0,Clear,Suburban,32,41,11,4,5,91
1,1,Clear,Suburban,79,4,3,0,1,11
6,1,Rain,Suburban,69,19,11,4,4,19
4,0,Clear,Highway,72,8,4,0,2,16
5,0,Clear,Highway,89,11,2,1,1,15
13,0,Clear,Highway,74,29,9,3,2,34
12,0,Clear,Suburban,45,27,8,4,3,44
18,0,Rain,Suburban,57,56,15,6,6,51
2,0,Clear,Urban,61,4,3,0,2,6
20,0,Clear,Urban,63,28,13,2,2,31
3,0,Clear,Urban,74,6,1,1,1,12
12,0,Rain,Highway,80,21,8,4,4,38
20,0,Clear,Highway,49,22,12,1,3,47
9,0,Clear,Urban,28,50,24,3,6,79
12,0,Clear,Urban,77,29,9,2,2,30
8,0,Clear,Suburban,36,57,24,3,4,82
0,1,Clear,Urban,66,4,3,1,1,10
20,0,Rain,Urban,82,18,11,4,3,39
10,1,Clear,Highway,74,12,9,1,3,30
4,0,Clear,Urban,60,6,3,1,2,19
17,0,Rain,Highway,43,54,24,4,3,42
10,0,Rain,Highway,68,12,14,3,2,36
8,0,Clear,Urban,27,57,11,3,2,84
22,0,Rain,Urban,84,16,12,3,4,24
13,0,Clear,Suburban,88,20,9,4,3,35
9,0,Fog,Suburban,89,32,18,4,5,30
23,1,Clear,Suburban,77,14,9,1,2,28
13,1,Rain,Suburban,89,12,6,3,3,20
22,1,Clear,Urban,79,11,7,4,4,14
6,0,Clear,Suburban,79,22,8,4,4,31
13,0,Clear,Urban,76,12,7,1,4,21
17,0,Clear,Suburban,46,39,19,3,3,69
18,1,Rain,Suburban,42,25,24,7,3,43
10,0,Clear,Highway,46,13,11,2,3,45
17,0,Clear,Urban,54,33,19,7,6,57
2,0,Clear,Highway,70,4,4,1,2,7
15,0,Clear,Suburban,69,28,8,4,2,24
12,1,Clear,Suburban,78,19,10,1,4,30
7,1,Clear,Urban,40,36,16,7,3,55
11,1,Rain,Highway,87,9,11,3,3,13
4,0,Clear,Urban,64,5,2,1,2,16
3,0,Clear,Suburban,89,9,2,0,2,5
5,0,Clear,Urban,74,6,3,0,1,9
14,0,Rain,Urban,79,18,12,3,2,24
2,0,Clear,Suburban,72,6,4,0,1,6
19,1,Clear,Suburban,48,34,10,4,5,67
19,0,Clear,Highway,57,53,19,5,3,54
12,0,Clear,Highway,65,13,8,1,4,33
2,0,Clear,Urban,62,6,2,0,1,13
8,0,Clear,Urban,56,44,22,3,5,62
6,1,Rain,Urban,68,9,13,2,2,20
14,0,Rain,Urban,78,28,9,4,2,26
11,0,Clear,Urban,89,19,6,2,3,31
4,0,Clear,Highway,87,4,1,0,1,7
22,1,Fog,Urban,73,15,14,3,2,16
15,1,Clear,Urban,63,17,14,4,2,21
14,0,Clear,Suburban,87,21,8,1,4,20
1,1,Rain,Urban,60,8,1,1,1,7
15,1,Clear,Highway,63,23,7,1,3,23
20,0,Clear,Highway,87,20,10,3,2,35
1,0,Clear,Suburban,75,5,3,0,1,19
21,1,Rain,Urban,63,20,14,4,4,24
8,0,Clear,Suburban,20,59,20,3,3,72
5,0,Clear,Urban,83,8,4,0,2,7
12,0,Clear,Suburban,81,15,10,2,4,29
16,0,Clear,Urban,56,29,10,4,2,42
15,1,Clear,Highway,62,23,9,3,2,17
9,0,Clear,Suburban,37,53,11,3,2,91
14,0,Clear,Urban,70,21,13,1,3,38
9,0,Clear,Urban,29,45,17,4,2,91
21,1,Clear,Highway,78,18,14,3,2,14
19,0,Clear,Highway,57,43,12,4,5,67
9,0,Clear,Highway,23,41,12,6,3,94
21,0,Clear,Urban,84,12,8,1,3,40
2,1,Fog,Suburban,80,4,3,0,1,3
9,0,Clear,Highway,39,30,14,3,5,85
12,0,Clear,Suburban,58,28,8,2,2,48
22,0,Rain,Urban,61,14,8,1,2,35
23,0,Clear,Suburban,59,23,6,3,2,49
2,0,Clear,Suburban,61,8,3,0,2,15
0,0,Fog,Suburban,85,9,1,0,2,10
1,0,Clear,Urban,85,6,2,0,1,14
8,0,Clear,Suburban,31,42,11,4,4,84
7,1,Clear,Suburban,78,41,23,5,3,35
0,0,Clear,Suburban,69,7,2,1,1,5
17,0,Clear,Suburban,22,37,21,7,4,74
6,0,Clear,Urban,88,15,12,2,2,35
18,0,Clear,Urban,32,54,13,4,2,79
1,0,Rain,Urban,68,8,2,0,1,14
15,0,Clear,Urban,57,28,8,1,3,46
4,1,Rain,Suburban,82,6,3,0,1,3
1,1,Clear,Highway,68,8,1,1,1,10
3,0,Clear,Suburban,66,5,3,0,2,19
3,0,Fog,Urban,69,3,4,1,1,4
12,1,Clear,Highway,87,16,14,3,3,32
19,0,Clear,Suburban,21,49,20,6,6,77
16,0,Rain,Urban,88,20,9,1,4,39
4,0,Rain,Suburban,85,5,4,1,1,10
20,1,Rain,Highway,84,14,5,3,4,12
22,0,Rain,Suburban,76,22,11,3,3,24
19,1,Clear,Highway,45,43,21,5,6,68
2,0,Clear,Urban,76,8,1,0,1,13
0,1,Rain,Suburban,72,4,3,1,2,7
21,1,Clear,Suburban,88,13,14,4,4,26
17,1,Clear,Urban,58,39,10,4,6,64
10,1,Clear,Urban,80,18,13,3,3,16
20,1,Clear,Urban,75,11,11,4,4,33
13,0,Clear,Suburban,69,24,9,1,4,40
7,0,Clear,Urban,31,35,16,5,6,77
5,0,Clear,Highway,80,11,2,0,1,13
19,0,Fog,Suburban,48,31,10,4,5,45
13,0,Rain,Suburban,82,28,5,1,2,28
15,0,Fog,Highway,72,14,6,3,4,23
8,1,Clear,Urban,51,24,12,6,6,50
6,0,Rain,Highway,85,12,10,2,3,26
19,0,Rain,Urban,46,42,10,6,6,42
1,0,Clear,Suburban,83,11,1,1,2,17
20,1,Clear,Urban,71,15,6,3,3,30
18,0,Clear,Urban,25,59,20,4,2,86
9,0,Clear,Highway,26,54,12,6,3,73
15,0,Fog,Urban,80,29,5,3,3,23
8,1,Clear,Urban,76,45,23,3,5,39
22,0,Clear,Urban,84,29,14,4,2,33
8,1,Clear,Highway,52,36,12,3,3,57
12,1,Clear,Highway,80,16,5,4,4,30
17,1,Clear,Urban,85,28,15,7,3,39
21,1,Clear,Highway,76,16,13,2,3,23
3,1,Clear,Urban,75,4,1,1,1,10
0,1,Rain,Suburban,63,2,3,1,1,6
6,1,Rain,Highway,62,20,9,2,3,17
11,0,Clear,Suburban,76,29,10,3,3,20
16,0,Clear,Urban,66,25,10,1,3,26
5,0,Rain,Suburban,83,9,4,1,1,8
6,1,Rain,Suburban,66,15,7,4,3,14
22,1,Clear,Highway,88,9,5,4,2,26
7,1,Clear,Suburban,50,32,21,4,6,67
10,1,Clear,Urban,87,14,12,3,2,14
12,0,Clear,Highway,43,17,9,1,2,41
1,1,Rain,Suburban,77,4,3,1,1,4
10,1,Clear,Urban,78,16,12,2,2,19
9,0,Clear,Suburban,44,30,20,6,4,59
10,0,Clear,Suburban,88,28,14,3,3,35
3,0,Clear,Suburban,71,6,4,0,1,5
10,0,Clear,Suburban,82,24,10,2,3,22
9,1,Clear,Highway,75,28,12,3,6,40
3,1,Clear,Urban,80,4,2,0,2,3
15,1,Rain,Suburban,68,16,12,2,4,20
7,0,Fog,Urban,62,46,10,7,4,40
9,1,Clear,Urban,50,40,19,4,3,67
16,0,Clear,Urban,83,12,7,3,2,36
22,1,Clear,Urban,66,9,9,1,4,28
11,1,Clear,Suburban,85,12,8,4,3,33
4,1,Rain,Urban,85,5,1,0,2,4
23,0,Clear,Urban,59,19,8,1,4,43
7,0,Clear,Highway,26,55,20,6,4,80
8,1,Clear,Suburban,77,27,12,7,5,35
22,0,Clear,Suburban,76,20,7,4,2,30
5,1,Rain,Urban,89,6,1,0,1,8
11,0,Clear,Highway,79,21,13,3,4,23
16,0,Clear,Suburban,58,29,12,1,2,47
7,0,Clear,Highway,47,48,21,4,6,56
21,1,Rain,Urban,61,17,6,1,4,12
22,0,Rain,Highway,84,26,8,3,4,28
3,1,Fog,Suburban,62,7,2,1,2,6
17,0,Clear,Urban,36,37,20,6,5,83
15,0,Fog,Highway,76,27,7,1,4,25
7,0,Clear,Urban,20,39,20,5,4,73
22,0,Clear,Urban,86,19,12,3,2,37
9,0,Rain,Highway,51,55,17,5,2,53
15,0,Clear,Urban,80,23,13,3,4,25
5,1,Clear,Urban,69,5,3,0,1,11
11,1,Clear,Urban,79,20,13,4,2,17
13,0,Rain,Highway,65,23,5,3,2,31
11,1,Rain,Suburban,85,19,5,2,4,12
14,1,Clear,Suburban,87,19,6,1,2,29
13,0,Rain,Urban,64,19,8,2,4,25
18,0,Clear,Highway,31,56,10,5,4,94
12,0,Fog,Urban,88,17,11,1,2,19
19,1,Rain,Urban,66,47,19,5,2,36
11,0,Clear,Urban,55,22,8,3,4,48
12,1,Clear,Suburban,82,15,14,2,4,21
5,0,Clear,Urban,75,3,2,1,1,9
11,0,Clear,Highway,83,22,10,2,2,34
6,0,Clear,Highway,60,29,12,4,2,25
17,1,Rain,Urban,56,31,15,5,5,46
7,0,Clear,Suburban,44,40,13,6,5,69
20,0,Fog,Suburban,86,28,12,4,2,27
1,0,Fog,Highway,81,9,3,1,2,6
2,0,Clear,Urban,78,5,3,0,2,12
21,1,Clear,Highway,78,12,5,1,3,34
10,1,Rain,Highway,78,18,7,3,2,19
13,0,Clear,Highway,42,18,7,4,3,46
8,1,Clear,Highway,44,32,19,5,5,57
8,1,Clear,Urban,55,40,12,5,5,51
8,0,Clear,Highway,25,43,22,6,2,73
16,0,Clear,Suburban,87,28,11,4,2,25
21,1,Clear,Suburban,76,21,8,3,2,24
15,0,Clear,Suburban,57,16,6,4,3,43
6,0,Clear,Urban,48,24,7,4,2,49
21,0,Rain,Highway,75,21,7,4,2,22
16,0,Clear,Highway,44,15,9,4,3,43
0,1,Clear,Highway,70,2,2,0,1,4
10,0,Fog,Highway,73,15,11,1,3,17
9,1,Clear,Urban,40,36,11,4,3,50
3,0,Clear,Urban,85,10,4,0,2,9
23,1,Clear,Urban,76,13,10,3,2,28
19,0,Clear,Suburban,32,48,21,6,2,78
9,1,Fog,Urban,66,39,10,7,2,31
16,1,Fog,Urban,60,22,13,1,4,19
20,1,Clear,Urban,88,13,13,2,4,23
17,0,Clear,Urban,20,56,12,4,5,83
21,0,Clear,Urban,64,13,5,2,2,32
9,1,Clear,Suburban,43,25,15,5,6,56
17,0,Rain,Highway,46,57,10,5,3,60
0,0,Rain,Suburban,79,9,4,0,2,13
22,0,Rain,Highway,89,29,9,2,2,24
14,0,Clear,Urban,79,15,9,1,4,28
20,0,Clear,Urban,69,13,13,2,3,37
3,0,Clear,Urban,85,5,2,1,1,17
9,0,Rain,Suburban,40,37,10,7,2,58
17,0,Clear,Highway,44,44,19,3,4,54
9,1,Clear,Urban,54,34,21,6,2,48
2,0,Clear,Urban,63,11,4,1,1,18
13,0,Clear,Urban,60,24,7,3,4,30
16,0,Clear,Urban,49,19,9,4,2,41
13,0,Rain,Suburban,81,24,14,4,3,32
20,0,Fog,Suburban,89,19,5,3,3,24
14,0,Clear,Suburban,45,13,8,3,4,44
21,0,Clear,Urban,66,19,14,4,4,33
9,1,Rain,Urban,46,39,19,7,3,52
7,0,Clear,Highway,37,58,14,4,6,96
0,1,Rain,Suburban,86,5,4,1,1,4
2,0,Clear,Highway,79,4,3,1,2,14
19,1,Clear,Highway,52,44,23,3,5,58
22,0,Clear,Suburban,44,19,11,3,3,48
11,0,Clear,Urban,76,16,6,2,3,32
8,1,Rain,Urban,85,47,10,4,6,35
15,0,Clear,Suburban,58,21,9,2,4,46
15,0,Clear,Urban,84,14,11,1,4,30
11,0,Clear,Highway,61,21,11,4,4,36
15,0,Clear,Highway,85,20,12,2,2,25
12,0,Clear,Urban,77,16,12,2,4,25
0,1,Clear,Highway,64,8,3,0,2,4
2,0,Clear,Highway,86,5,2,1,1,14
15,1,Rain,Suburban,85,21,7,4,2,19
3,0,Fog,Highway,78,9,4,1,2,6
15,1,Clear,Highway,85,16,6,2,4,34
15,1,Clear,Urban,71,17,8,2,2,28
23,0,Clear,Urban,44,19,11,3,3,45
8,0,Clear,Urban,48,36,23,4,2,55
13,0,Rain,Highway,70,22,7,1,2,24
18,0,Clear,Urban,32,32,15,3,3,75
14,0,Clear,Suburban,55,22,7,1,4,47
1,0,Clear,Urban,73,3,3,1,1,17
19,0,Rain,Highway,59,58,13,3,3,66
3,0,Rain,Suburban,77,9,3,0,1,8
3,0,Clear,Urban,89,7,1,1,1,7
9,0,Clear,Suburban,31,43,18,7,3,79
1,0,Clear,Suburban,73,11,4,1,1,11
17,0,Clear,Highway,23,33,22,6,2,91
10,1,Clear,Urban,70,15,8,1,2,16
8,0,Clear,Highway,48,50,11,6,5,50
6,1,Clear,Suburban,76,17,12,1,4,18
20,0,Clear,Suburban,49,12,14,1,4,42
14,0,Clear,Urban,86,27,6,2,3,36
7,0,Clear,Suburban,32,59,20,6,4,82
12,0,Clear,Highway,70,13,6,2,3,36
8,1,Clear,Suburban,56,30,13,7,5,46
10,1,Rain,Suburban,66,13,9,4,3,16
22,0,Clear,Highway,41,28,9,2,3,43
8,0,Clear,Urban,33,47,11,6,2,90
18,0,Clear,Urban,52,55,12,5,3,59
16,1,Clear,Highway,82,15,11,1,2,32
4,0,Clear,Highway,85,5,4,0,1,14
23,0,Clear,Highway,46,22,13,1,2,46
1,0,Clear,Urban,69,10,3,0,2,12
10,1,Clear,Urban,61,15,12,1,4,23
23,0,Clear,Suburban,53,26,10,1,3,45
9,0,Clear,Suburban,51,39,13,6,5,51
23,0,Clear,Urban,41,17,6,1,3,44
16,1,Fog,Urban,70,14,9,3,4,15
3,0,Rain,Urban,74,8,4,0,2,9
8,0,Fog,Suburban,56,55,23,7,6,57
8,0,Clear,Highway,30,54,14,7,3,72
9,1,Clear,Suburban,84,44,21,4,2,37
13,0,Rain,Urban,85,23,7,1,2,27
17,0,Rain,Highway,30,39,21,3,4,76
22,1,Clear,Suburban,71,12,12,2,3,15
15,0,Fog,Suburban,84,19,13,3,4,24
0,0,Clear,Highway,78,5,2,0,2,13
12,0,Clear,Highway,66,22,12,3,4,37
9,0,Clear,Urban,25,44,10,3,4,80
22,1,Rain,Highway,65,17,9,1,3,24
9,0,Clear,Suburban,21,44,15,7,2,71
16,1,Clear,Urban,79,13,9,4,3,29
3,0,Clear,Suburban,78,5,1,1,2,18
1,0,Rain,Urban,88,6,4,1,2,8
7,0,Clear,Suburban,20,38,14,4,5,93
8,0,Clear,Highway,53,33,15,7,3,65
17,0,Clear,Urban,28,40,10,3,4,93
4,0,Rain,Urban,79,7,2,0,2,6
4,0,Clear,Highway,76,6,1,0,1,5
3,1,Rain,Highway,63,4,2,0,1,4
5,1,Clear,Urban,87,7,2,1,2,11
14,1,Clear,Suburban,66,17,6,4,3,18
4,0,Clear,Highway,80,8,2,0,1,13
20,0,Clear,Suburban,66,14,10,2,4,28
13,0,Clear,Suburban,89,15,6,3,4,29
1,0,Clear,Urban,64,3,4,1,1,5
5,0,Clear,Urban,83,8,4,1,2,19
15,0,Clear,Suburban,69,18,8,2,2,40
11,0,Clear,Suburban,60,14,11,4,2,25
6,0,Clear,Urban,59,26,11,4,3,49
8,0,Clear,Highway,51,50,14,3,5,70
0,0,Rain,Suburban,78,5,2,1,2,7
3,1,Clear,Highway,64,5,2,1,1,10
8,0,Clear,Suburban,30,48,12,4,4,92
20,0,Clear,Suburban,77,16,11,3,2,32
21,0,Clear,Urban,62,12,5,4,4,32
14,0,Clear,Suburban,88,21,14,1,3,26
11,1,Clear,Urban,72,21,13,2,4,16
6,0,Clear,Urban,45,22,9,4,3,47
8,1,Clear,Suburban,55,33,12,5,2,67
23,0,Clear,Suburban,65,21,5,3,3,37
19,0,Rain,Urban,59,59,21,3,5,45
5,0,Fog,Highway,63,3,1,1,1,9
19,0,Clear,Highway,26,56,23,3,2,96
12,1,Fog,Suburban,73,21,14,2,2,16
9,1,Clear,Suburban,47,46,14,4,3,56
11,0,Clear,Urban,81,25,12,4,3,31
17,1,Clear,Urban,64,32,12,3,3,35
4,0,Fog,Suburban,61,4,4,1,2,3
14,0,Fog,Urban,75,24,11,2,4,14
21,0,Clear,Highway,87,28,10,3,4,32
3,0,Clear,Urban,87,9,2,1,2,9
20,1,Rain,Suburban,87,23,9,3,3,24
16,0,Rain,Highway,62,13,7,2,2,23
7,1,Clear,Suburban,51,26,16,5,2,41
0,0,Clear,Suburban,78,11,1,0,1,6
0,0,Rain,Suburban,63,6,2,0,2,5
21,1,Clear,Suburban,89,20,10,2,2,32
6,1,Clear,Highway,62,15,13,3,3,23
7,0,Clear,Highway,39,31,22,6,4,91
7,0,Clear,Suburban,38,34,21,5,6,98
16,1,Clear,Suburban,66,20,9,1,2,30
1,1,Rain,Urban,66,4,1,1,2,7
22,0,Clear,Highway,55,12,7,2,4,43
10,1,Rain,Highway,60,23,9,3,4,21
23,0,Clear,Highway,69,23,13,4,2,39
11,1,Clear,Suburban,86,20,9,3,2,22
9,1,Clear,Urban,58,28,23,3,3,64
13,0,Clear,Urban,78,13,6,2,4,23
13,0,Rain,Urban,85,17,9,2,4,24
8,0,Clear,Urban,38,40,12,3,2,89
14,1,Rain,Urban,74,19,6,4,4,21
13,0,Clear,Suburban,62,29,8,1,3,29
11,1,Clear,Urban,81,16,5,1,4,14
5,0,Clear,Urban,69,11,2,0,2,19
4,0,Clear,Highway,72,10,3,0,1,10
12,1,Clear,Highway,70,16,8,4,4,28
10,0,Clear,Urban,81,28,5,1,3,24
16,1,Clear,Urban,62,17,6,2,2,16
15,0,Clear,Highway,77,13,12,4,3,40
2,0,Fog,Highway,83,8,3,1,1,9
4,0,Clear,Urban,69,7,1,1,2,9
18,0,Clear,Suburban,57,31,24,6,6,54
6,1,Clear,Suburban,63,14,5,1,2,34
21,0,Rain,Urban,87,20,11,1,3,26
7,0,Clear,Highway,31,58,11,7,4,90
17,0,Rain,Urban,81,42,24,5,5,40
13,0,Clear,Highway,58,17,8,2,2,41
19,0,Clear,Urban,34,47,15,3,2,86
10,0,Fog,Suburban,70,16,8,1,3,24
4,1,Clear,Suburban,62,4,3,0,1,11
10,1,Fog,Urban,84,12,14,3,4,12
5,0,Clear,Highway,89,10,1,0,1,11
10,1,Clear,Urban,69,15,9,4,4,20
3,0,Clear,Suburban,68,7,1,0,1,15
17,0,Clear,Highway,53,52,12,4,6,66
23,0,Rain,Urban,88,21,8,3,3,16
9,1,Clear,Urban,52,44,12,5,3,54
13,0,Rain,Highway,70,27,13,3,2,27
7,0,Fog,Urban,57,47,13,6,6,52
8,0,Clear,Highway,49,32,20,3,3,60
2,1,Clear,Suburban,76,8,2,0,2,11
22,1,Clear,Urban,68,21,13,1,3,25
12,0,Clear,Suburban,87,23,12,2,3,21
8,1,Clear,Suburban,53,27,14,4,6,67
23,0,Clear,Urban,82,23,14,4,4,35
21,0,Clear,Highway,65,25,8,1,4,33
15,1,Clear,Urban,60,22,9,4,2,19
6,0,Clear,Suburban,64,13,14,1,2,27
8,0,Rain,Highway,54,31,24,5,4,57
19,1,Clear,Highway,52,31,24,4,5,62
10,0,Clear,Highway,80,16,6,4,3,25
11,1,Clear,Highway,69,19,8,4,2,14
17,0,Clear,Suburban,37,38,24,7,2,86
13,0,Fog,Urban,67,17,7,4,2,13
14,1,Clear,Highway,67,16,12,1,3,18
15,1,Clear,Suburban,70,11,12,4,4,14
10,0,Clear,Highway,78,17,11,4,3,25
10,0,Clear,Urban,58,17,8,3,4,41
1,0,Clear,Suburban,70,8,4,1,1,6
15,0,Rain,Highway,79,27,7,1,2,29
0,1,Clear,Suburban,60,8,1,0,1,13
0,0,Rain,Urban,68,5,2,1,1,4
12,1,Clear,Urban,88,9,14,1,2,22
15,0,Clear,Urban,43,23,12,2,4,44
19,1,Clear,Suburban,45,40,18,4,6,56
1,1,Clear,Suburban,81,8,3,0,1,7
13,0,Rain,Suburban,89,12,7,3,4,31
20,0,Fog,Urban,70,13,7,3,4,22
12,0,Clear,Suburban,48,13,5,3,4,46
6,0,Clear,Urban,83,12,8,2,2,37
22,0,Clear,Urban,61,17,13,1,3,23
18,1,Rain,Suburban,59,37,12,4,2,46
21,1,Clear,Highway,89,21,6,3,2,16
0,0,Clear,Suburban,69,3,3,1,2,18
13,0,Clear,Suburban,75,24,13,3,3,40
7,1,Fog,Urban,69,32,11,7,6,23
11,0,Rain,Highway,78,22,5,1,2,35
10,0,Clear,Urban,89,28,6,4,2,27
14,1,Clear,Suburban,77,23,9,4,4,27
3,1,Clear,Urban,83,4,1,1,2,3
21,1,Clear,Highway,67,13,13,3,4,19
16,0,Clear,Urban,47,23,14,4,2,41
17,0,Clear,Urban,57,52,14,4,6,51
12,0,Clear,Urban,45,29,9,2,3,44
8,0,Clear,Highway,31,55,11,3,3,75
1,1,Clear,Suburban,61,6,1,1,2,12
14,0,Clear,Urban,80,28,5,2,2,24
8,1,Clear,Urban,47,30,16,4,4,51
19,0,Clear,Suburban,37,36,16,4,5,97
2,0,Clear,Urban,87,5,4,0,1,12
7,0,Clear,Suburban,58,59,11,7,3,55
9,1,Clear,Suburban,43,32,15,4,4,41
1,0,Clear,Suburban,60,9,1,1,1,18
22,1,Clear,Urban,66,16,11,2,3,26
1,0,Rain,Highway,89,7,2,0,1,4
19,0,Clear,Urban,56,44,22,6,4,56
10,1,Clear,Urban,79,23,7,2,4,30
6,0,Clear,Urban,74,14,12,1,4,24
6,0,Rain,Urban,69,14,8,2,4,28
10,0,Clear,Urban,88,17,9,2,3,36
13,0,Clear,Suburban,68,29,8,2,2,36
15,0,Rain,Urban,60,28,8,1,3,24
20,0,Rain,Urban,64,20,10,1,4,38
9,0,Clear,Highway,21,51,23,3,2,97
10,0,Clear,Highway,69,21,14,1,3,35
15,0,Clear,Urban,75,20,5,3,3,33
3,1,Clear,Urban,77,8,4,1,2,3
16,0,Clear,Suburban,74,16,12,2,2,26
14,0,Clear,Suburban,65,21,6,2,3,32
11,0,Fog,Highway,77,19,8,1,4,21
19,1,Rain,Suburban,50,32,19,3,2,48
19,1,Clear,Urban,42,39,14,5,6,51
12,0,Fog,Urban,87,26,9,3,3,22
20,0,Rain,Urban,81,27,13,3,4,16
2,0,Clear,Highway,71,4,4,0,1,17
8,0,Fog,Suburban,54,45,12,4,2,52
4,0,Clear,Urban,63,8,3,0,1,14
11,0,Clear,Highway,68,18,13,2,4,33
10,1,Clear,Highway,85,22,10,3,3,23
15,0,Clear,Urban,67,14,13,2,4,33
7,0,Clear,Urban,22,44,22,4,6,94
13,0,Clear,Urban,74,29,5,2,4,26
6,0,Clear,Highway,80,29,7,3,4,39
7,1,Clear,Highway,40,38,16,6,4,65
21,1,Clear,Urban,71,22,13,1,2,30
7,0,Clear,Suburban,30,59,19,7,3,95
8,0,Clear,Highway,28,50,24,4,2,78
7,0,Clear,Urban,55,59,16,7,2,57
18,0,Clear,Highway,20,43,12,6,4,95
4,0,Rain,Urban,89,3,3,0,2,11
12,0,Rain,Urban,79,21,7,4,3,24
4,1,Rain,Urban,77,3,1,0,1,7
11,0,Clear,Highway,86,13,5,2,2,35
17,0,Clear,Highway,36,33,21,4,3,98
21,1,Clear,Urban,64,13,14,2,4,18
23,1,Clear,Urban,70,13,8,4,2,30
4,1,Clear,Urban,77,6,3,0,2,4
10,0,Clear,Urban,84,19,12,2,2,29
13,1,Rain,Suburban,87,9,13,1,4,12
3,0,Clear,Suburban,79,8,2,1,2,7
23,0,Clear,Highway,58,26,7,2,3,43
14,0,Clear,Highway,76,14,6,1,3,22
20,1,Fog,Urban,65,14,10,1,4,15
19,1,Clear,Urban,50,41,18,4,4,63
15,0,Clear,Urban,83,13,5,3,2,25
17,0,Clear,Urban,43,41,24,3,4,59
5,0,Clear,Suburban,68,11,4,1,1,13
18,0,Clear,Highway,55,52,10,5,2,60
15,1,Clear,Highway,68,9,6,3,4,23
11,0,Rain,Urban,83,23,14,4,3,36
22,1,Clear,Suburban,76,21,11,1,2,22
13,0,Fog,Highway,69,21,7,4,4,16
20,1,Rain,Suburban,62,16,8,2,3,16
8,0,Clear,Suburban,34,44,14,3,5,73
22,1,Rain,Urban,75,16,12,2,3,12
10,1,Clear,Urban,84,21,9,3,4,16
19,1,Rain,Highway,40,38,10,6,5,48
20,0,Rain,Suburban,72,14,10,4,4,17
20,1,Rain,Highway,83,15,5,1,4,27
22,0,Clear,Urban,55,27,8,1,4,41
5,0,Clear,Urban,66,4,3,1,1,5
7,0,Clear,Urban,32,53,17,6,5,77
20,0,Fog,Suburban,60,24,12,3,3,19
1,1,Fog,Highway,61,8,3,0,1,1
21,1,Rain,Highway,61,15,7,3,2,17
18,1,Clear,Urban,47,36,21,3,2,69
14,0,Clear,Urban,70,21,8,1,4,20
20,0,Rain,Highway,79,12,13,3,3,20
0,0,Clear,Urban,62,6,3,0,1,9
22,1,Clear,Suburban,83,11,7,4,3,30
6,0,Clear,Urban,67,28,7,4,3,30
13,1,Clear,Urban,60,16,8,2,3,25
20,1,Rain,Urban,85,13,8,4,4,23
23,1,Clear,Highway,69,23,11,1,3,14
5,1,Clear,Highway,62,4,2,0,1,7
4,0,Clear,Highway,77,7,3,0,1,12
23,0,Clear,Suburban,65,14,5,4,4,22
16,0,Clear,Highway,76,18,10,4,2,25
19,1,Fog,Highway,65,24,23,4,5,26
11,0,Clear,Urban,77,20,14,2,2,38
17,0,Fog,Urban,69,49,16,5,5,37
5,0,Clear,Suburban,60,9,4,0,1,18
23,0,Clear,Urban,62,13,14,3,3,26
17,1,Rain,Urban,78,25,17,4,4,34
10,0,Clear,Suburban,45,15,7,2,4,42
20,0,Clear,Suburban,74,14,8,3,4,38
10,0,Fog,Highway,81,17,9,1,2,17
21,0,Fog,Suburban,77,20,8,2,2,22
3,0,Clear,Suburban,73,7,3,1,2,14
18,0,Clear,Urban,26,52,20,5,3,84
9,0,Clear,Suburban,59,54,24,6,2,52
16,0,Clear,Suburban,65,25,9,1,4,37
6,0,Clear,Highway,44,24,11,3,4,48
15,1,Clear,Suburban,79,18,7,1,3,31
4,0,Rain,Highway,78,9,1,1,1,15
20,1,Clear,Suburban,89,9,9,4,4,34
22,0,Rain,Urban,75,21,9,2,2,33
4,0,Clear,Urban,76,8,2,1,1,9
8,0,Clear,Urban,50,34,15,4,6,51
5,1,Clear,Urban,80,4,2,0,1,9
6,1,Clear,Suburban,82,12,5,2,4,28
12,0,Clear,Urban,65,15,13,4,3,30
8,1,Clear,Urban,59,30,24,3,5,51
11,1,Clear,Highway,65,21,5,3,3,14
9,1,Clear,Urban,54,42,24,5,4,65
10,0,Fog,Urban,89,20,10,3,4,28
20,0,Rain,Suburban,66,25,10,2,4,36
0,0,Clear,Suburban,63,3,4,0,1,18
1,1,Rain,Urban,82,6,3,0,2,7
8,0,Rain,Urban,55,45,12,7,6,54
19,0,Rain,Highway,29,34,22,3,4,77
3,1,Clear,Urban,74,4,4,0,1,7
13,0,Rain,Highway,63,17,8,4,4,35
16,0,Rain,Highway,75,19,8,4,2,31
2,1,Rain,Suburban,83,3,3,1,1,10
18,0,Clear,Suburban,39,54,22,5,5,89
1,0,Clear,Suburban,67,4,3,0,1,12
10,0,Rain,Highway,63,12,12,3,2,20
23,0,Clear,Urban,74,12,7,4,2,25
9,1,Clear,Highway,74,42,23,5,5,38
5,1,Clear,Suburban,62,8,2,1,1,11
20,1,Clear,Urban,68,18,13,4,3,29
0,0,Rain,Highway,71,6,4,0,1,4
8,0,Clear,Highway,41,38,15,4,4,63
1,0,Clear,Urban,75,11,4,0,1,8
15,0,Clear,Suburban,82,18,13,4,3,30
17,0,Clear,Urban,57,47,15,3,5,56
5,1,Clear,Suburban,64,4,1,0,2,12
3,0,Clear,Suburban,62,8,3,1,2,17
2,1,Rain,Highway,89,3,4,1,2,5
22,0,Fog,Urban,79,29,7,1,4,21
3,0,Rain,Suburban,65,3,4,1,2,5
22,1,Clear,Urban,65,12,13,2,4,23
6,1,Fog,Urban,77,16,9,2,3,8
3,1,Rain,Urban,69,7,1,0,1,2
18,1,Clear,Urban,78,30,10,4,2,38
0,0,Clear,Urban,64,4,1,0,2,14
17,0,Clear,Suburban,56,42,10,6,4,69
15,0,Clear,Highway,60,28,11,2,4,35
1,0,Clear,Suburban,64,3,3,0,1,17
19,0,Clear,Highway,24,40,24,7,5,96
16,0,Rain,Highway,63,21,10,1,3,39
6,0,Clear,Urban,64,22,7,1,3,32
13,0,Clear,Urban,82,25,6,3,3,27
17,1,Clear,Highway,43,24,22,3,6,69
13,0,Clear,Urban,75,16,13,4,2,38
15,0,Rain,Urban,83,28,8,4,3,36
21,0,Clear,Highway,55,28,10,3,2,42
12,0,Fog,Highway,82,18,9,1,2,20
17,0,Fog,Urban,45,57,23,5,3,43
13,0,Clear,Suburban,43,23,10,1,2,47
18,0,Rain,Highway,58,55,10,6,6,45
5,0,Clear,Urban,62,3,1,1,1,11
17,0,Fog,Suburban,51,55,10,5,2,56
20,0,Rain,Highway,70,27,12,1,3,20
4,1,Clear,Highway,80,4,3,0,1,4
17,0,Clear,Suburban,38,44,21,3,2,95
0,1,Clear,Suburban,80,8,3,1,2,8
8,1,Rain,Highway,46,26,10,4,2,46
1,0,Clear,Highway,67,4,2,0,2,13
4,0,Rain,Urban,78,4,2,1,2,7
23,0,Clear,Suburban,45,22,6,1,2,46
23,0,Clear,Urban,73,12,7,3,3,26
16,1,Clear,Highway,69,16,12,3,3,30
12,0,Clear,Highway,72,24,9,2,2,34
12,0,Clear,Highway,46,20,6,3,3,42
8,0,Clear,Urban,24,56,15,7,2,79
5,0,Clear,Suburban,76,11,3,1,1,7
22,0,Clear,Highway,46,26,8,1,2,46
9,0,Clear,Urban,43,48,12,7,6,55
10,0,Clear,Urban,88,28,11,2,2,24
11,1,Clear,Highway,61,15,5,3,2,25
3,0,Clear,Highway,62,9,1,1,2,15
14,0,Clear,Urban,50,15,5,4,4,41
14,0,Clear,Suburban,60,22,10,2,3,28
16,0,Clear,Suburban,55,29,11,1,2,48
6,0,Clear,Urban,84,12,12,4,2,23
10,0,Clear,Urban,55,16,6,2,4,44
8,0,Clear,Urban,53,33,13,6,2,66
21,1,Rain,Suburban,78,11,7,1,2,23
3,1,Fog,Urban,63,2,3,0,2,6
4,0,Rain,Suburban,74,7,2,0,1,13
14,1,Clear,Highway,89,10,13,2,4,28
19,0,Clear,Highway,31,44,15,7,6,71
11,0,Clear,Suburban,69,29,8,1,4,38
5,0,Rain,Urban,74,4,3,0,1,11
9,0,Clear,Suburban,59,57,15,3,6,60
3,0,Clear,Highway,69,5,3,1,2,19
20,1,Clear,Suburban,87,9,8,3,3,24
3,1,Rain,Highway,77,4,3,0,2,6
3,0,Clear,Highway,75,5,1,0,2,7
1,0,Clear,Highway,67,4,3,1,2,14
5,0,Clear,Highway,86,11,4,0,2,8
19,1,Fog,Suburban,83,28,10,7,2,37
10,0,Clear,Highway,67,24,10,4,3,26
8,0,Clear,Urban,37,36,16,6,4,71
8,1,Rain,Suburban,78,42,20,4,2,32
16,1,Clear,Urban,62,17,10,1,2,30
18,1,Fog,Suburban,41,29,19,7,6,41
10,0,Clear,Suburban,55,24,11,4,3,43
6,0,Clear,Urban,77,20,5,2,2,28
23,0,Clear,Urban,68,21,5,4,2,35
14,0,Clear,Urban,60,28,6,3,2,24
16,1,Clear,Suburban,85,16,12,1,3,24
5,1,Rain,Highway,86,4,2,0,1,6
22,0,Clear,Highway,46,27,9,1,4,41
22,1,Rain,Highway,77,17,5,1,2,24
7,1,Clear,Suburban,74,28,16,6,2,39
11,0,Fog,Highway,66,15,13,2,3,25
5,1,Clear,Highway,60,5,1,1,1,3
21,1,Clear,Urban,84,20,5,4,4,30
7,0,Clear,Urban,24,57,16,5,6,73
9,0,Clear,Suburban,42,36,10,4,4,65
5,0,Clear,Suburban,65,7,4,0,1,15
2,0,Clear,Suburban,65,10,1,1,1,16
23,1,Clear,Highway,77,10,13,3,2,32
14,0,Rain,Highway,63,20,14,2,2,37
3,1,Clear,Highway,81,4,3,0,2,7
17,0,Clear,Urban,38,34,16,7,5,80
16,1,Clear,Urban,77,22,5,4,4,18
23,0,Clear,Urban,78,21,11,3,3,32
17,1,Clear,Highway,59,32,21,5,6,65
4,0,Clear,Urban,74,8,3,0,2,10
19,0,Clear,Urban,35,44,24,6,4,93
9,0,Clear,Suburban,27,34,20,5,5,86
15,0,Clear,Urban,58,14,6,1,4,44
23,1,Clear,Suburban,64,17,5,4,4,21
22,0,Clear,Suburban,72,19,11,1,3,24
3,0,Clear,Highway,63,8,3,0,1,11
16,0,Clear,Highway,40,23,12,3,4,48
0,0,Rain,Suburban,65,9,4,1,1,6
7,0,Rain,Suburban,32,46,14,6,6,72
0,1,Fog,Urban,88,2,4,1,2,5
22,0,Clear,Suburban,53,29,5,4,2,41
17,0,Fog,Suburban,47,30,23,6,2,43
14,1,Clear,Suburban,67,21,11,3,2,14
23,1,Clear,Urban,86,17,12,4,2,17
2,0,Clear,Urban,89,5,1,0,1,10
10,0,Rain,Urban,88,14,12,1,4,16
4,0,Rain,Urban,65,10,2,0,2,4
16,0,Fog,Urban,73,26,7,2,2,14
3,1,Clear,Suburban,61,7,1,1,2,7
22,0,Clear,Suburban,70,22,5,2,3,29
14,1,Clear,Urban,77,11,6,3,2,25
7,0,Rain,Highway,40,56,15,7,6,68
21,0,Clear,Urban,83,25,10,2,3,26
1,0,Clear,Suburban,63,9,4,0,2,12
11,0,Clear,Urban,64,12,9,3,3,20
7,0,Clear,Urban,41,40,10,4,2,60
8,1,Clear,Urban,46,39,22,4,3,44
10,0,Clear,Suburban,53,18,5,3,2,49
20,1,Clear,Suburban,61,12,12,4,3,27
13,0,Rain,Urban,89,14,7,4,3,25
2,0,Rain,Suburban,67,4,1,1,2,12
14,0,Clear,Highway,42,23,13,1,2,46
3,1,Clear,Highway,89,4,1,1,1,7
9,0,Clear,Highway,33,49,11,6,2,86
0,0,Clear,Highway,62,11,2,0,1,11
9,0,Rain,Urban,49,45,13,3,3,57
20,0,Clear,Highway,83,26,6,3,2,24
10,0,Rain,Highway,79,21,6,3,2,16
3,1,Fog,Suburban,74,4,4,0,2,3
21,0,Clear,Urban,61,28,10,4,4,27
20,0,Clear,Highway,52,23,8,4,3,41
21,0,Rain,Highway,82,13,7,2,4,21
3,0,Fog,Highway,66,5,2,1,1,10
11,0,Fog,Suburban,84,24,11,3,3,29
1,1,Rain,Highway,83,4,2,0,1,10
16,0,Clear,Highway,81,22,9,1,3,40
11,0,Clear,Urban,56,13,9,2,3,49
11,0,Clear,Urban,51,27,14,1,3,45
8,1,Clear,Highway,47,34,17,5,3,58
2,0,Clear,Urban,66,9,1,1,2,19
14,0,Clear,Urban,65,28,11,4,2,26
20,0,Rain,Suburban,68,24,6,4,2,18
11,0,Clear,Suburban,71,13,7,3,3,32
2,0,Clear,Suburban,67,7,2,1,2,7
17,0,Clear,Highway,45,32,10,4,3,58
4,0,Clear,Highway,78,3,1,1,1,11
17,0,Clear,Urban,25,45,13,3,6,97
16,0,Clear,Suburban,86,27,7,1,2,33
7,1,Clear,Highway,56,28,17,3,4,65
23,0,Rain,Urban,70,27,5,2,3,28
21,0,Clear,Highway,70,16,6,2,2,40
15,0,Rain,Highway,83,28,11,4,2,20
7,0,Clear,Highway,31,39,23,3,3,88
9,0,Rain,Urban,48,57,20,4,3,56
12,0,Clear,Highway,66,20,13,4,2,31
1,1,Fog,Highway,78,4,3,0,2,6
23,0,Clear,Highway,74,23,6,4,4,38
7,0,Clear,Urban,23,51,18,6,6,92
9,1,Clear,Urban,62,24,15,7,3,39
1,0,Clear,Urban,71,7,2,0,1,7
18,1,Rain,Urban,54,43,11,7,5,49
0,0,Rain,Suburban,85,11,3,0,2,8
16,0,Rain,Highway,86,26,7,2,4,18
18,1,Rain,Highway,84,36,12,6,4,39
10,1,Fog,Suburban,88,22,8,4,3,18
10,1,Rain,Highway,72,16,12,1,4,19
9,0,Rain,Urban,43,32,13,6,3,64
6,1,Clear,Highway,89,16,8,1,2,34
11,0,Rain,Highway,73,25,12,4,3,20
10,0,Rain,Suburban,80,19,14,3,2,29
1,0,Clear,Urban,79,8,2,0,2,8
15,1,Rain,Urban,80,18,8,1,4,24
5,0,Clear,Suburban,67,3,3,0,2,9
21,1,Rain,Urban,62,16,6,3,4,20
12,0,Clear,Urban,71,15,7,3,3,36
9,0,Fog,Highway,65,57,11,4,3,39
15,0,Clear,Suburban,67,12,11,4,2,24
0,0,Fog,Suburban,84,5,2,0,1,8
10,0,Clear,Urban,65,27,9,1,3,37
15,0,Clear,Urban,61,26,14,1,2,36
10,0,Rain,Urban,61,13,6,3,3,38
14,0,Rain,Suburban,88,26,7,2,2,23
9,1,Clear,Urban,52,34,15,5,4,53
18,1,Clear,Urban,41,32,16,3,4,60
20,0,Clear,Highway,72,25,9,1,4,39
17,0,Fog,Urban,89,52,16,5,6,36
11,0,Clear,Urban,67,24,10,4,4,21
16,0,Fog,Suburban,87,16,10,1,3,16
8,0,Rain,Highway,40,44,22,6,6,55
5,0,Clear,Urban,72,7,4,1,2,7
10,0,Fog,Urban,63,24,14,2,4,16
7,0,Rain,Urban,50,38,15,7,4,66
10,0,Clear,Suburban,59,25,5,2,2,47
8,0,Clear,Suburban,47,40,20,7,3,62
12,0,Clear,Suburban,74,21,9,3,3,31
6,0,Clear,Urban,70,14,6,1,2,33
11,1,Clear,Highway,64,9,10,4,2,16
20,1,Clear,Highway,66,16,13,2,2,20
7,0,Rain,Urban,31,44,12,4,4,74
9,1,Clear,Urban,58,40,20,5,4,58
21,0,Clear,Suburban,59,17,9,4,2,47
11,0,Rain,Urban,62,23,10,4,3,33
18,1,Clear,Suburban,47,36,21,5,2,44
6,0,Clear,Highway,52,17,7,4,3,49
16,0,Clear,Suburban,75,29,12,1,2,32
20,1,Clear,Urban,73,21,13,3,2,21
5,0,Clear,Suburban,86,7,1,1,2,5
7,0,Clear,Suburban,40,40,18,7,3,59
14,0,Rain,Suburban,84,15,5,4,2,33
11,0,Clear,Urban,80,25,9,2,2,26
17,1,Clear,Suburban,51,28,11,7,5,53
1,0,Rain,Suburban,84,5,4,1,2,7
11,0,Clear,Suburban,89,23,14,3,4,40
1,0,Clear,Urban,66,8,2,1,2,13
18,1,Rain,Urban,53,39,24,7,2,46
14,0,Clear,Suburban,76,23,10,3,2,36
6,0,Rain,Suburban,71,16,6,1,4,38
9,0,Clear,Highway,37,53,16,3,6,85
10,1,Clear,Highway,63,11,13,2,3,22
9,0,Clear,Urban,38,36,20,6,6,86
3,0,Clear,Highway,60,3,3,0,1,10
15,0,Clear,Suburban,46,22,7,1,4,43
9,0,Clear,Suburban,20,36,18,4,3,74
23,1,Clear,Highway,69,23,12,2,4,29
10,1,Clear,Suburban,67,18,9,4,2,30
15,0,Rain,Urban,86,22,12,2,2,28
6,1,Clear,Urban,83,11,14,1,4,23
0,0,Clear,Suburban,76,8,4,1,1,12
23,1,Rain,Suburban,77,20,6,1,3,26
3,0,Clear,Suburban,67,9,2,1,2,11
20,1,Clear,Highway,70,20,7,4,4,23
2,0,Rain,Suburban,85,5,2,0,1,8
6,1,Fog,Urban,63,15,10,1,2,19
17,0,Clear,Highway,35,54,11,6,5,76
7,1,Clear,Highway,54,32,14,7,5,63
15,0,Fog,Urban,66,28,14,2,4,25
20,0,Rain,Suburban,88,26,10,2,3,17
22,0,Rain,Urban,78,26,8,2,4,28
17,1,Clear,Highway,71,36,11,4,6,40
10,0,Clear,Highway,72,23,7,1,2,30
15,0,Clear,Highway,48,16,8,4,3,49
8,0,Fog,Urban,50,58,14,7,3,43
16,1,Clear,Urban,62,10,14,1,2,21
13,0,Clear,Urban,86,19,6,3,3,34
6,0,Clear,Urban,51,20,5,1,4,41
15,0,Clear,Suburban,82,25,12,3,3,24
0,0,Clear,Suburban,76,4,1,0,2,5
18,0,Clear,Highway,59,58,12,6,2,69
2,0,Clear,Highway,63,11,2,1,2,9
10,0,Clear,Urban,84,28,13,3,3,29
20,1,Clear,Highway,77,23,14,1,2,14
17,0,Clear,Suburban,30,42,19,6,2,80
20,0,Clear,Highway,58,28,5,3,3,48
6,0,Clear,Highway,82,13,14,2,4,28
5,0,Clear,Highway,60,5,3,0,1,15
16,0,Rain,Urban,78,14,13,3,4,32
8,0,Clear,Urban,33,37,23,4,3,79
7,1,Rain,Suburban,85,32,17,3,6,36
10,1,Clear,Urban,82,12,6,3,3,21
17,1,Fog,Urban,60,25,18,5,3,34
9,1,Clear,Suburban,51,33,24,6,4,44
15,1,Clear,Urban,68,10,10,4,4,29
13,0,Clear,Urban,46,26,7,3,4,46
15,0,Clear,Urban,47,15,10,1,3,42
5,0,Fog,Urban,79,7,1,1,2,10
3,1,Clear,Suburban,78,8,3,0,1,9
20,0,Clear,Suburban,84,27,8,3,3,34
0,0,Fog,Urban,62,5,3,1,1,10
2,1,Clear,Suburban,84,5,4,1,1,10
7,0,Clear,Suburban,49,46,15,4,3,59
16,1,Clear,Suburban,67,13,6,4,3,27
6,1,Rain,Highway,67,9,8,4,3,13
19,1,Clear,Urban,84,28,14,3,4,37
3,0,Rain,Highway,67,6,2,0,1,5
7,1,Rain,Urban,41,31,10,7,6,55
14,0,Fog,Highway,70,17,11,1,3,27
10,0,Rain,Highway,60,13,11,1,2,23
3,1,Rain,Highway,71,6,4,1,2,4
19,0,Clear,Urban,22,38,10,7,2,74
18,1,Clear,Urban,41,30,11,7,3,69
7,0,Clear,Urban,24,41,18,3,5,88
22,1,Clear,Suburban,60,23,14,1,4,16
17,0,Fog,Highway,78,43,17,5,3,33
10,1,Fog,Suburban,82,14,7,3,2,19
10,0,Rain,Highway,83,15,6,1,4,18
6,0,Clear,Urban,73,17,7,1,3,23
17,0,Clear,Urban,45,40,20,3,6,62
4,0,Clear,Suburban,76,11,3,1,1,7
2,0,Clear,Highway,71,5,3,1,1,19
8,0,Clear,Suburban,36,46,12,7,6,71
16,1,Rain,Suburban,68,16,10,3,3,12
2,0,Rain,Urban,89,7,4,1,2,4
0,0,Clear,Suburban,63,3,4,1,2,17
16,1,Clear,Highway,61,11,12,2,2,16
20,0,Rain,Urban,60,17,5,2,4,34
9,0,Clear,Highway,41,30,20,4,6,51
19,0,Clear,Highway,24,45,12,4,6,79
13,1,Rain,Urban,75,15,10,2,2,20
1,0,Clear,Urban,76,11,4,1,1,8
22,0,Clear,Urban,85,26,14,4,3,32
18,1,Clear,Urban,58,24,20,6,2,54
15,1,Clear,Suburban,64,16,8,3,4,15
23,0,Clear,Highway,76,27,8,1,4,20
9,0,Clear,Highway,29,35,21,3,6,90
19,0,Clear,Urban,32,37,14,5,3,76
11,1,Clear,Suburban,66,12,6,1,4,15
7,0,Clear,Urban,45,34,16,6,6,52
11,1,Clear,Suburban,74,21,13,1,3,14
7,0,Clear,Suburban,59,34,14,3,2,70
9,0,Clear,Urban,25,55,18,3,4,77
19,0,Clear,Urban,37,41,15,4,2,72
18,0,Rain,Highway,55,36,13,3,2,62
15,1,Clear,Suburban,66,22,9,2,4,32
0,0,Rain,Urban,71,4,1,1,1,15
2,0,Clear,Urban,75,9,3,0,2,13
17,0,Clear,Suburban,27,44,23,3,3,90
6,0,Clear,Urban,74,12,12,4,4,28
5,0,Clear,Suburban,77,7,2,0,2,7
6,1,Fog,Suburban,71,20,14,3,3,13
10,0,Clear,Suburban,40,16,7,3,4,42
2,1,Clear,Highway,82,6,2,1,1,11
14,0,Clear,Highway,53,26,14,3,2,44
0,0,Clear,Urban,83,9,4,0,2,18
2,0,Rain,Urban,66,10,1,1,2,12
1,0,Clear,Urban,81,6,4,0,1,15
7,1,Clear,Highway,42,36,10,7,3,62
18,1,Clear,Suburban,53,28,10,4,5,43
4,0,Rain,Urban,74,11,2,1,1,5
2,0,Clear,Highway,62,10,4,1,2,7
21,0,Clear,Suburban,73,12,14,4,2,31
14,0,Clear,Urban,89,28,6,3,4,36
6,1,Clear,Urban,80,21,5,4,3,27
23,0,Fog,Urban,71,18,12,1,2,17
17,0,Clear,Urban,20,59,24,3,6,83
13,0,Clear,Urban,80,13,5,4,2,27
12,0,Rain,Highway,75,16,9,2,2,38
2,0,Clear,Urban,66,6,1,0,2,17
1,1,Rain,Urban,70,4,4,0,1,7
4,0,Clear,Urban,87,9,2,1,2,6
8,1,Clear,Urban,41,29,18,5,5,46
4,0,Fog,Suburban,84,3,3,1,2,3
1,1,Clear,Highway,66,5,4,1,2,11
3,1,Clear,Urban,78,8,1,1,2,3
17,1,Clear,Urban,72,24,18,7,5,37
22,0,Clear,Urban,48,28,14,2,3,45
12,1,Clear,Suburban,74,18,9,3,2,27
6,1,Clear,Suburban,82,20,8,4,2,18
9,0,Clear,Highway,29,57,12,3,6,80
3,0,Clear,Urban,78,10,1,0,2,19
9,0,Clear,Highway,41,51,13,6,4,55
1,0,Clear,Highway,85,11,3,1,1,7
3,0,Clear,Suburban,77,3,4,0,2,16
1,0,Rain,Highway,60,10,4,1,2,12
23,0,Clear,Suburban,57,20,8,3,4,46
2,0,Clear,Urban,73,3,2,0,2,11
12,0,Clear,Urban,67,26,12,3,4,39
10,0,Rain,Highway,67,28,13,3,3,23
5,0,Fog,Urban,62,6,3,1,2,10
10,1,Clear,Suburban,61,21,8,3,3,22
8,0,Clear,Highway,51,32,18,4,3,58
9,1,Clear,Highway,75,35,19,3,4,35
22,0,Rain,Highway,62,18,6,3,3,16
8,0,Clear,Highway,32,36,21,7,5,83
20,0,Rain,Urban,88,16,7,3,3,21
2,0,Clear,Urban,69,6,3,0,2,16
9,1,Clear,Suburban,58,28,18,5,5,47
9,1,Rain,Urban,49,26,13,3,3,42
22,1,Fog,Urban,75,12,11,2,3,13
19,0,Clear,Urban,20,54,15,7,6,93
22,0,Rain,Urban,68,27,12,3,3,24
4,1,Clear,Suburban,84,6,2,0,1,8
14,1,Clear,Suburban,71,19,9,4,2,16
1,0,Clear,Urban,73,6,2,1,2,16
13,1,Clear,Suburban,61,19,5,4,2,22
22,0,Clear,Highway,65,19,7,3,4,32
7,0,Clear,Suburban,55,35,11,4,4,60
21,0,Clear,Suburban,45,28,5,2,4,42
11,1,Clear,Highway,74,20,7,2,2,26
16,1,Clear,Urban,75,22,14,4,2,25
14,0,Rain,Highway,77,22,7,2,4,36
11,0,Clear,Suburban,74,24,12,4,4,36
17,0,Clear,Highway,46,53,21,6,3,53
6,0,Fog,Urban,66,21,10,2,3,17
14,0,Fog,Urban,71,13,8,1,3,21
5,0,Fog,Suburban,86,9,4,0,2,7
14,1,Fog,Urban,60,17,10,4,4,19
4,0,Clear,Urban,68,11,3,0,1,11
0,0,Rain,Urban,89,3,1,1,1,11
14,1,Clear,Suburban,80,12,10,2,3,19
10,0,Fog,Highway,85,21,8,1,4,25
2,1,Clear,Urban,78,3,1,1,1,4
6,0,Clear,Highway,71,23,11,3,4,40
8,0,Clear,Suburban,36,36,11,4,2,88
18,0,Clear,Suburban,55,41,16,7,3,64
19,0,Fog,Suburban,42,48,19,6,5,44
4,1,Rain,Urban,62,8,2,1,2,3
3,0,Fog,Suburban,68,4,3,1,1,11
22,0,Fog,Highway,66,20,14,2,4,20
23,1,Clear,Urban,83,22,7,1,3,30
8,0,Clear,Urban,56,32,13,6,6,56
11,0,Clear,Highway,77,19,10,3,2,24
5,0,Fog,Suburban,78,7,3,1,2,9
5,0,Clear,Suburban,66,8,3,0,2,6
12,1,Clear,Highway,61,14,6,3,3,16
4,0,Clear,Suburban,77,3,2,0,2,8
4,0,Clear,Suburban,71,3,1,0,1,9
11,0,Clear,Suburban,75,27,5,3,3,36
13,1,Clear,Suburban,79,15,10,4,4,20
19,0,Clear,Suburban,53,52,22,3,5,58
21,0,Clear,Urban,58,26,7,3,4,44
19,0,Clear,Suburban,28,36,18,3,3,88
9,0,Clear,Urban,22,51,14,7,4,80
9,1,Clear,Urban,55,29,21,4,4,50
15,0,Clear,Highway,88,17,13,2,4,28
23,1,Clear,Urban,62,22,14,3,2,14
16,0,Clear,Urban,59,21,12,2,4,48
9,1,Clear,Suburban,62,24,24,7,6,35
23,1,Clear,Suburban,70,13,9,3,4,28
17,0,Clear,Highway,42,53,22,6,2,62
20,0,Clear,Urban,73,17,13,2,2,39
20,0,Clear,Urban,51,12,14,1,4,44
6,1,Rain,Suburban,71,19,6,3,4,21
22,0,Clear,Urban,51,22,14,1,2,47
20,1,Clear,Highway,67,15,10,3,2,14
20,1,Fog,Suburban,64,20,8,4,2,13
1,0,Rain,Highway,82,9,2,1,1,5
13,0,Clear,Urban,72,24,13,1,3,28
20,0,Clear,Urban,75,20,13,4,3,29
13,0,Rain,Highway,68,25,11,4,4,16
13,0,Clear,Suburban,76,16,11,4,2,31
9,0,Rain,Urban,53,49,24,5,5,41
8,0,Clear,Urban,39,32,18,6,2,93
5,0,Clear,Highway,75,5,4,0,1,18
6,0,Rain,Suburban,67,19,12,4,3,28
8,0,Fog,Suburban,72,34,12,3,5,34
5,0,Clear,Highway,85,9,2,1,2,13
21,0,Clear,Highway,59,25,9,4,2,49
5,1,Rain,Urban,70,4,1,0,1,9
16,0,Clear,Suburban,64,14,10,2,3,39
1,0,Clear,Highway,70,3,1,0,2,14
7,0,Clear,Urban,20,52,21,4,2,77
2,1,Clear,Urban,86,3,4,0,1,11
6,0,Clear,Suburban,84,16,7,2,2,27
22,0,Clear,Urban,51,23,7,4,4,47
19,0,Fog,Urban,48,44,24,3,6,51
14,0,Clear,Urban,42,26,8,1,4,46
20,0,Clear,Highway,60,20,14,4,2,29
21,0,Rain,Highway,76,26,10,2,3,21
22,0,Clear,Highway,63,18,12,3,4,35
14,0,Clear,Suburban,62,29,5,2,4,26
3,0,Rain,Urban,80,10,2,1,1,4
14,0,Rain,Urban,62,22,9,1,4,30
20,0,Clear,Urban,83,15,6,2,4,31
2,0,Fog,Suburban,60,11,4,1,1,7
17,0,Clear,Urban,20,58,15,6,3,78
9,1,Rain,Urban,68,35,17,7,2,32
2,0,Fog,Highway,74,3,1,0,1,4
14,0,Clear,Urban,59,18,8,3,2,46
12,0,Fog,Highway,74,13,8,1,4,18
0,1,Clear,Highway,71,8,4,1,1,3
18,0,Clear,Urban,21,35,11,4,5,93
1,0,Clear,Highway,87,4,3,1,1,7
7,0,Clear,Suburban,22,32,12,3,5,95
6,0,Rain,Urban,88,14,12,2,2,39
15,0,Fog,Suburban,69,19,12,3,3,19
3,0,Clear,Highway,60,10,1,1,1,19
2,0,Rain,Highway,88,7,3,1,1,12
2,1,Clear,Urban,88,6,4,1,2,11
14,1,Rain,Urban,81,16,5,1,2,16
3,0,Fog,Highway,87,9,2,1,2,7
9,0,Clear,Highway,58,36,20,7,2,64
8,1,Clear,Urban,53,31,24,4,4,42
14,0,Rain,Highway,75,13,10,1,3,36
14,0,Clear,Urban,79,12,8,1,3,38
10,0,Rain,Highway,79,16,10,1,2,20
11,0,Clear,Suburban,63,29,7,1,4,40
12,1,Rain,Suburban,79,16,13,2,2,16
20,0,Clear,Urban,74,21,13,2,2,20
14,0,Clear,Highway,81,21,9,2,2,36
19,0,Rain,Highway,47,51,18,7,4,67
21,0,Clear,Highway,48,27,5,3,4,49
17,0,Rain,Highway,54,31,12,6,6,60
23,0,Clear,Urban,52,20,10,2,2,46
5,0,Clear,Highway,87,10,3,1,1,13
14,0,Clear,Highway,60,22,11,1,3,20
14,0,Clear,Urban,57,15,6,2,2,47
20,0,Clear,Suburban,71,15,13,1,4,26
7,0,Rain,Urban,50,33,18,6,2,68
8,1,Fog,Highway,85,24,13,5,6,37
1,1,Rain,Urban,62,4,3,1,2,9
0,0,Clear,Urban,86,9,3,1,1,13
13,1,Clear,Urban,80,22,13,3,3,16
20,1,Clear,Urban,71,11,5,1,2,25
9,1,Clear,Urban,50,35,23,6,2,44
22,0,Clear,Highway,55,16,7,4,3,49
12,0,Clear,Urban,65,22,13,2,2,32
17,1,Rain,Urban,40,39,16,5,3,45
13,0,Clear,Urban,60,23,7,2,3,33
5,0,Clear,Urban,76,5,2,1,1,13
12,1,Clear,Urban,89,10,11,4,4,15
3,0,Clear,Suburban,67,5,2,0,2,11
15,0,Rain,Urban,63,29,13,3,2,18
10,0,Clear,Highway,82,22,14,4,2,32
10,0,Clear,Suburban,54,17,12,3,2,49
14,1,Clear,Suburban,71,20,6,2,3,25
20,0,Rain,Urban,73,20,11,4,4,39
12,1,Rain,Suburban,82,12,9,4,3,14
14,0,Clear,Suburban,66,19,10,4,4,24
0,0,Fog,Highway,65,4,2,0,1,7
9,0,Clear,Urban,30,33,14,4,4,73
11,1,Clear,Highway,81,16,13,2,2,26
18,0,Clear,Highway,24,52,13,6,3,95
10,1,Fog,Highway,89,16,5,3,2,18
10,1,Rain,Highway,80,11,12,4,3,26
23,0,Clear,Urban,61,23,14,4,4,37
18,1,Clear,Suburban,50,29,11,7,5,60
18,1,Rain,Suburban,40,44,14,7,6,46
11,0,Clear,Suburban,69,15,8,2,4,24
8,0,Clear,Suburban,58,30,12,4,3,53
18,0,Clear,Urban,57,42,17,4,2,61
20,0,Rain,Suburban,64,20,13,2,3,39
4,0,Rain,Urban,78,3,2,0,1,12
4,0,Rain,Highway,76,8,4,1,2,14
21,1,Clear,Highway,79,17,12,2,3,16
14,0,Rain,Highway,85,26,7,1,4,25
1,0,Fog,Highway,79,10,2,0,2,11
9,0,Clear,Urban,39,42,20,4,5,94
9,0,Clear,Highway,54,56,21,5,6,62
2,0,Clear,Suburban,82,10,1,0,1,15
19,0,Clear,Suburban,48,37,17,7,5,56
21,0,Clear,Urban,53,21,10,1,2,49
15,0,Clear,Urban,77,15,11,2,4,33
17,0,Rain,Urban,53,56,23,4,6,63
3,1,Clear,Highway,75,6,1,0,2,8
10,1,Rain,Highway,72,20,12,3,4,25
15,0,Fog,Urban,76,16,9,3,2,28
0,1,Fog,Highway,86,7,3,1,1,2
18,0,Rain,Suburban,48,43,12,5,4,44
1,1,Clear,Urban,88,7,3,0,1,9
21,0,Clear,Highway,51,25,12,3,3,47
23,1,Clear,Urban,87,11,10,3,3,18
10,0,Clear,Suburban,77,14,7,3,2,32
0,1,Rain,Highway,71,7,4,1,1,4
2,0,Clear,Urban,83,4,3,0,1,19
4,1,Clear,Suburban,65,2,1,0,2,9
16,1,Clear,Suburban,85,18,10,4,4,19
14,0,Fog,Highway,72,16,11,2,4,23
12,1,Clear,Highway,82,10,6,4,3,17
3,0,Clear,Suburban,72,9,4,1,2,15
6,1,Rain,Highway,67,10,14,1,2,11
5,1,Clear,Suburban,82,4,1,1,1,10
20,0,Fog,Urban,82,15,14,3,2,25
17,0,Clear,Highway,59,45,23,7,2,63
21,0,Clear,Highway,89,17,8,1,4,40
5,0,Clear,Urban,73,6,1,0,1,18
17,1,Clear,Urban,48,46,12,6,2,64
3,0,Clear,Urban,87,4,2,1,1,13
21,0,Clear,Urban,71,12,6,3,2,33
7,0,Rain,Urban,32,53,15,6,2,75
23,1,Clear,Urban,80,12,9,2,4,18
16,0,Clear,Urban,56,12,14,1,3,45
4,0,Clear,Suburban,81,3,4,0,2,8
2,1,Fog,Highway,67,6,1,1,1,6
13,1,Clear,Urban,75,16,5,2,4,33
22,1,Clear,Suburban,79,17,9,2,2,20
14,0,Fog,Highway,88,25,9,1,2,13
19,0,Clear,Suburban,47,36,14,3,6,64
6,1,Clear,Suburban,66,20,10,3,2,30
6,1,Fog,Urban,82,17,12,3,2,9
0,0,Clear,Urban,81,4,3,1,2,10
9,0,Clear,Urban,35,35,16,7,2,94
18,1,Clear,Suburban,46,33,21,7,4,49
11,0,Clear,Highway,57,23,5,4,3,49
0,0,Clear,Urban,70,7,1,0,1,9
14,0,Fog,Suburban,74,24,9,2,2,27
19,0,Clear,Urban,22,54,19,6,2,71
21,0,Clear,Suburban,88,21,14,2,2,20
16,0,Clear,Highway,65,17,8,4,3,38
16,0,Clear,Urban,79,12,14,4,3,34
6,0,Rain,Urban,69,18,12,3,3,20
0,0,Clear,Urban,75,10,4,0,1,16
1,0,Clear,Urban,64,5,3,0,1,6
3,0,Clear,Highway,75,5,3,1,1,10
10,1,Clear,Urban,81,21,13,1,2,28
16,1,Clear,Highway,60,13,5,4,3,27
4,0,Clear,Urban,60,10,3,1,2,10
2,0,Clear,Highway,69,3,4,0,1,10
9,1,Rain,Urban,69,44,18,6,4,31
17,1,Clear,Urban,77,42,12,4,3,35
21,1,Fog,Urban,85,13,5,4,2,9
0,0,Clear,Urban,61,9,1,0,1,8
15,0,Clear,Urban,66,13,13,2,2,37
5,0,Clear,Highway,62,6,2,1,2,12
3,0,Clear,Suburban,65,3,1,0,1,9
5,0,Rain,Urban,84,3,2,0,1,12
16,0,Clear,Highway,52,15,9,4,4,49
20,0,Fog,Suburban,69,19,5,2,4,15
19,0,Rain,Highway,56,34,18,5,6,61
6,0,Clear,Highway,87,14,9,1,2,40
9,0,Clear,Suburban,21,45,22,7,5,81
9,1,Clear,Highway,52,31,17,7,4,69
14,0,Clear,Suburban,77,18,6,4,2,30
17,0,Clear,Highway,37,44,10,5,5,72
23,1,Clear,Highway,72,17,5,3,2,14
18,0,Clear,Highway,28,57,17,7,6,99
15,1,Clear,Suburban,74,12,5,2,3,14
20,1,Rain,Highway,75,13,5,1,3,22
16,1,Clear,Highway,74,19,10,1,4,15
14,0,Clear,Urban,68,21,5,3,4,21
9,0,Fog,Highway,64,54,23,4,2,39
5,0,Clear,Suburban,70,7,3,1,1,5
18,1,Clear,Suburban,56,36,19,5,6,69
13,1,Rain,Suburban,63,16,14,1,4,17
8,1,Clear,Highway,52,47,13,5,5,62
0,0,Clear,Highway,86,11,4,1,1,7
10,1,Rain,Urban,62,16,8,2,3,24
11,0,Clear,Urban,83,12,8,1,3,23
10,0,Clear,Highway,56,19,13,3,2,49
13,1,Clear,Urban,75,9,12,3,2,20
19,0,Clear,Urban,29,43,20,7,5,89
11,0,Fog,Urban,72,17,12,3,3,12
3,0,Clear,Urban,69,5,1,0,1,6
3,1,Rain,Suburban,76,7,1,1,2,4
17,0,Clear,Urban,21,52,22,5,5,71
2,0,Clear,Suburban,77,8,4,1,1,9
15,1,Clear,Highway,82,14,6,3,2,23
2,0,Clear,Urban,75,10,2,1,2,16
19,0,Clear,Urban,46,42,24,6,6,70
0,0,Clear,Highway,72,4,2,0,2,15
4,0,Clear,Urban,75,6,3,1,1,9
10,1,Clear,Suburban,77,19,12,4,4,26
14,1,Clear,Highway,76,10,14,2,3,15
11,1,Fog,Urban,73,19,7,4,4,18
23,0,Clear,Highway,49,19,10,4,2,43
11,0,Clear,Highway,66,12,12,4,3,23
9,0,Clear,Urban,43,53,20,4,4,53
1,0,Clear,Highway,89,9,1,1,1,7
3,0,Rain,Suburban,82,3,3,1,1,5
3,0,Clear,Highway,77,9,4,0,1,16
21,0,Rain,Highway,62,24,11,2,4,21
1,0,Fog,Urban,75,6,4,0,1,9
21,0,Clear,Urban,43,16,12,4,3,46
6,0,Clear,Urban,44,26,11,1,4,45
12,0,Fog,Urban,72,15,14,2,2,15
1,0,Clear,Suburban,70,6,3,0,2,6
8,0,Clear,Suburban,49,42,11,7,5,64
19,0,Clear,Urban,23,55,15,7,4,90
16,1,Clear,Urban,62,15,6,3,3,23
10,0,Clear,Suburban,69,16,7,2,2,34
13,0,Rain,Highway,80,27,12,4,3,19
13,1,Clear,Suburban,87,16,12,3,3,26
15,0,Clear,Urban,58,24,12,2,3,49
5,1,Clear,Suburban,66,3,4,1,2,11
2,0,Clear,Suburban,66,3,2,1,1,11
6,1,Clear,Suburban,65,20,8,1,2,14
4,1,Rain,Suburban,60,4,1,0,1,5
4,1,Clear,Suburban,81,3,2,1,2,10
13,0,Rain,Highway,88,12,10,4,4,23
14,0,Clear,Urban,68,21,11,3,2,24
13,0,Rain,Urban,61,27,13,2,2,32
16,1,Clear,Suburban,63,23,12,2,4,32
21,1,Clear,Suburban,64,19,9,2,3,31
15,0,Rain,Suburban,85,14,7,4,4,32
23,0,Rain,Highway,76,18,6,3,3,21
2,0,Clear,Urban,81,8,2,1,2,15
20,0,Clear,Urban,88,24,10,2,3,33
1,0,Clear,Urban,60,10,1,0,1,12
12,0,Clear,Urban,77,16,12,4,3,35
11,1,Clear,Suburban,89,11,6,4,2,32
6,0,Clear,Urban,52,15,11,4,4,48
3,0,Clear,Urban,67,7,4,1,2,5
12,0,Clear,Urban,77,20,12,4,2,21
3,0,Rain,Highway,70,3,2,1,2,10
13,0,Clear,Suburban,43,29,13,1,3,44
20,0,Clear,Suburban,79,27,5,1,2,33
6,0,Clear,Highway,45,16,12,1,2,42
9,1,Clear,Urban,41,28,12,6,4,54
14,0,Clear,Highway,58,26,10,2,2,48
13,1,Clear,Urban,86,21,10,3,3,18
0,1,Rain,Highway,71,8,1,0,2,7
3,0,Clear,Suburban,62,11,1,0,1,12
10,0,Clear,Urban,76,17,7,4,4,26
13,0,Rain,Urban,65,23,9,3,4,25
23,0,Clear,Highway,82,27,12,3,2,40
12,0,Clear,Highway,44,25,11,2,4,41
19,1,Fog,Highway,68,36,15,3,5,25
19,0,Clear,Highway,41,32,14,5,5,69
1,0,Clear,Highway,70,9,1,1,2,14
1,1,Clear,Suburban,69,8,2,0,1,8
17,0,Clear,Urban,28,47,10,7,4,99
9,0,Fog,Highway,46,56,21,4,4,45
14,0,Clear,Suburban,89,17,10,4,4,27
23,1,Clear,Urban,62,16,5,2,2,32
6,0,Clear,Highway,73,15,13,1,4,38
14,0,Rain,Suburban,67,18,13,1,2,32
3,0,Rain,Highway,72,10,2,1,2,14
0,0,Clear,Urban,70,11,4,1,1,15
3,0,Fog,Highway,87,5,3,0,2,9
23,0,Clear,Suburban,66,21,7,1,2,31
13,1,Clear,Suburban,88,9,13,3,3,25
19,0,Clear,Suburban,54,38,19,7,6,70
4,0,Clear,Urban,64,8,4,0,2,19
20,1,Clear,Suburban,63,19,6,3,2,18
13,0,Clear,Urban,67,16,9,1,3,26
10,1,Clear,Suburban,63,16,13,1,2,16
23,1,Clear,Urban,74,12,8,3,2,25
9,0,Clear,Highway,44,34,24,5,3,55
22,1,Clear,Highway,82,17,7,3,3,34
1,1,Clear,Urban,88,8,4,1,1,7
1,0,Rain,Suburban,89,8,3,1,2,8
18,0,Rain,Urban,35,55,19,5,5,73
22,1,Clear,Suburban,69,14,7,1,2,30
11,1,Clear,Highway,78,20,10,2,4,14
4,0,Clear,Highway,74,4,4,0,2,11
18,1,Clear,Suburban,41,45,20,3,4,46
8,0,Rain,Suburban,37,56,13,3,2,73
16,1,Clear,Urban,79,19,5,1,3,29
7,1,Clear,Urban,53,30,13,3,4,59
18,0,Fog,Suburban,50,35,12,5,4,48
6,0,Clear,Suburban,41,16,14,3,2,46
7,0,Clear,Urban,45,41,21,7,6,59
18,0,Clear,Urban,40,31,10,4,3,56
16,1,Rain,Urban,72,10,9,1,3,21
19,0,Fog,Suburban,76,33,17,5,3,37
6,0,Rain,Urban,78,23,9,4,3,24
16,0,Clear,Urban,43,28,8,1,3,44
23,1,Fog,Urban,63,16,14,4,3,19
6,0,Clear,Suburban,64,14,12,1,2,36
18,0,Clear,Suburban,46,30,10,3,5,68
15,1,Clear,Urban,73,20,8,2,3,31
8,0,Rain,Highway,55,30,21,3,5,54
23,0,Rain,Highway,83,25,5,1,2,39
20,0,Clear,Highway,58,29,5,2,4,46
16,0,Rain,Highway,80,20,13,4,2,25
18,0,Clear,Urban,27,30,20,3,2,73
12,0,Clear,Urban,62,28,13,2,4,22
21,0,Rain,Highway,75,24,8,4,4,25
5,1,Clear,Suburban,69,7,2,1,2,8
23,1,Clear,Urban,62,12,6,1,3,23
11,1,Clear,Suburban,73,13,10,4,3,14
11,0,Rain,Suburban,89,15,7,2,4,17
9,0,Clear,Suburban,29,44,13,6,2,87
4,1,Clear,Highway,71,5,1,1,2,4
9,0,Clear,Suburban,40,33,18,6,2,53
11,1,Rain,Urban,65,15,11,3,4,14
23,0,Rain,Highway,78,16,8,2,4,17
19,0,Clear,Suburban,57,41,23,7,5,59
16,0,Rain,Highway,85,28,10,1,2,38
19,0,Clear,Highway,32,33,15,4,2,97
1,0,Rain,Suburban,71,10,3,1,1,6
12,0,Fog,Highway,76,12,14,2,3,21
15,1,Rain,Suburban,80,11,6,3,2,25
10,1,Fog,Suburban,72,18,14,1,2,18
18,1,Fog,Urban,60,29,20,5,6,40
21,0,Clear,Suburban,58,20,11,2,4,44
20,1,Rain,Urban,68,22,5,3,2,14
22,1,Clear,Urban,79,12,11,2,3,28
3,0,Clear,Urban,66,5,1,0,2,11
3,1,Rain,Suburban,70,4,4,0,1,8
8,0,Clear,Suburban,21,37,24,6,3,83
20,0,Clear,Suburban,81,23,12,2,2,30
3,0,Rain,Urban,71,11,4,1,1,10
12,1,Fog,Urban,67,12,13,4,4,13
3,0,Clear,Suburban,61,4,4,1,1,17
5,0,Clear,Suburban,71,4,2,0,1,8
6,1,Clear,Urban,83,14,6,2,4,18
16,0,Rain,Urban,69,27,8,4,2,36
18,0,Clear,Suburban,32,53,12,7,4,71
10,0,Clear,Urban,52,26,6,4,3,48
16,0,Rain,Urban,88,29,13,1,3,35
19,0,Clear,Highway,37,51,20,4,2,71
18,0,Rain,Highway,40,54,23,4,3,44
12,0,Clear,Urban,81,22,6,3,2,34
19,0,Rain,Suburban,41,42,12,3,4,46
1,0,Clear,Highway,75,4,3,1,1,18
9,1,Rain,Highway,45,29,23,7,3,44
0,0,Rain,Suburban,87,11,3,0,1,11
13,0,Clear,Highway,47,21,12,2,3,42
23,0,Clear,Suburban,74,22,5,1,2,35
10,1,Clear,Urban,89,15,13,1,4,31
17,1,Clear,Urban,42,38,18,5,4,59
21,1,Rain,Suburban,80,17,5,1,4,20
21,0,Clear,Highway,74,17,9,3,3,30
3,1,Clear,Urban,61,2,1,1,1,7
15,0,Rain,Highway,82,18,13,1,4,32
7,1,Clear,Highway,81,24,13,5,3,35
6,1,Clear,Suburban,72,21,12,4,2,33
5,0,Fog,Suburban,82,9,3,0,1,9
8,0,Rain,Highway,40,39,20,6,2,52
0,1,Clear,Urban,66,8,2,1,2,11
3,1,Clear,Urban,76,6,3,0,1,7
11,1,Clear,Highway,72,10,5,4,4,25
20,0,Clear,Suburban,41,18,8,4,2,45
16,0,Clear,Urban,71,29,10,2,4,34
5,0,Fog,Suburban,77,9,1,0,1,4
3,0,Clear,Urban,64,5,1,0,1,12
1,0,Clear,Urban,87,11,2,1,2,9
18,1,Rain,Highway,45,40,23,7,6,53
10,0,Rain,Urban,87,25,9,4,3,39
18,0,Clear,Highway,23,53,14,3,2,86
6,1,Clear,Urban,72,20,13,4,4,26
12,1,Clear,Urban,71,12,12,1,2,29
14,0,Clear,Highway,40,12,11,3,4,44
4,1,Clear,Suburban,66,5,2,0,1,4
18,0,Clear,Highway,41,30,16,4,2,58
5,1,Clear,Urban,63,8,3,0,2,7
15,1,Clear,Highway,88,18,5,2,3,32
8,0,Clear,Highway,49,43,17,4,6,58
12,0,Clear,Suburban,43,28,9,1,4,42
8,1,Clear,Urban,55,25,17,4,3,50
21,0,Rain,Highway,67,17,10,1,3,39
23,0,Clear,Highway,81,12,7,3,3,36
17,0,Rain,Urban,43,41,17,7,2,65
12,1,Rain,Urban,78,16,5,4,4,23
17,1,Clear,Highway,59,31,21,3,6,65
0,1,Clear,Highway,80,4,4,1,1,11
9,1,Rain,Highway,84,32,17,4,3,38
17,0,Clear,Urban,30,55,16,7,6,83
15,0,Clear,Suburban,72,23,6,1,2,29
0,0,Clear,Highway,87,5,2,1,2,9
6,1,Rain,Highway,72,20,5,4,2,11
15,0,Rain,Suburban,78,12,6,3,3,30
6,1,Rain,Urban,86,12,14,3,4,24
15,0,Clear,Suburban,73,27,14,3,3,36
2,0,Clear,Highway,72,4,1,0,2,19
13,0,Clear,Suburban,64,17,11,3,3,31
23,0,Clear,Suburban,64,17,7,4,4,37
9,1,Rain,Suburban,59,26,15,3,5,52
11,0,Clear,Highway,57,15,7,3,3,45
9,1,Fog,Urban,81,41,24,3,3,23
23,1,Rain,Urban,61,16,11,4,2,24
4,0,Clear,Urban,62,10,4,0,1,6
17,0,Clear,Urban,48,52,14,3,3,56
7,0,Clear,Urban,22,51,12,7,3,84
22,0,Clear,Highway,81,12,6,1,4,30
20,0,Clear,Urban,85,28,8,1,3,25
10,1,Clear,Suburban,73,20,9,1,3,16
17,0,Clear,Highway,21,41,18,7,4,77
23,0,Clear,Suburban,50,15,13,4,2,42
16,0,Clear,Highway,86,20,11,4,2,21
6,0,Clear,Suburban,75,28,8,1,3,38
22,0,Clear,Urban,89,27,8,3,3,36
2,0,Clear,Highway,81,4,1,1,2,18
10,0,Clear,Highway,63,26,11,1,4,34
15,0,Clear,Urban,48,24,10,3,2,49
21,0,Rain,Highway,74,24,9,1,2,29
2,0,Clear,Urban,86,3,1,0,2,8
19,1,Clear,Highway,42,36,15,7,2,69
19,0,Clear,Suburban,48,30,21,6,5,58
16,0,Clear,Suburban,75,23,14,1,2,33
7,0,Clear,Urban,47,50,11,3,6,50
22,0,Rain,Highway,71,23,12,3,2,28
7,0,Clear,Suburban,49,41,21,5,6,63
0,0,Clear,Urban,68,4,2,1,2,6
21,1,Clear,Suburban,60,23,14,2,4,23
21,1,Rain,Suburban,82,17,14,4,3,22
22,1,Clear,Suburban,64,9,9,4,3,25
14,0,Clear,Urban,77,14,10,2,3,37
9,0,Fog,Highway,73,56,18,5,4,38
9,0,Clear,Highway,38,48,14,7,2,75
9,1,Clear,Highway,75,31,23,7,4,37
0,0,Clear,Urban,86,3,4,0,1,11
21,1,Clear,Suburban,86,20,13,3,3,15
11,1,Clear,Urban,68,11,10,2,4,30
14,0,Clear,Suburban,44,14,7,1,4,46
6,0,Clear,Highway,56,12,9,2,4,47
0,0,Clear,Suburban,77,9,3,0,2,5
5,0,Clear,Suburban,65,6,1,1,1,18
18,1,Clear,Highway,42,26,10,7,6,62
2,1,Clear,Highway,61,4,1,0,2,11
15,1,Rain,Urban,72,20,5,3,2,20
19,1,Rain,Urban,40,24,16,4,2,50
23,1,Clear,Urban,84,21,10,2,2,30
23,0,Clear,Urban,70,25,7,4,4,38
14,0,Clear,Highway,84,27,9,2,4,27
18,0,Fog,Highway,57,30,18,3,3,45
18,1,Clear,Urban,44,25,21,7,2,65
8,1,Clear,Urban,42,29,22,7,2,48
19,0,Rain,Highway,22,41,22,7,2,79
5,1,Clear,Urban,68,2,2,0,2,12
21,0,Fog,Suburban,82,18,13,2,2,24
0,1,Clear,Highway,74,6,2,0,2,4
7,0,Clear,Suburban,35,57,11,7,3,91
0,0,Clear,Suburban,81,6,4,1,1,19
7,1,Fog,Urban,70,46,13,6,5,36
17,1,Clear,Highway,69,33,21,7,2,36
2,1,Clear,Urban,77,7,3,1,1,3
6,0,Clear,Highway,67,28,12,4,4,25
21,0,Clear,Suburban,82,20,9,3,2,21
3,0,Rain,Urban,75,3,3,0,2,15
23,0,Fog,Urban,86,21,6,1,3,15
11,0,Clear,Urban,74,13,11,4,3,39
10,0,Rain,Suburban,82,19,11,2,2,19
12,0,Clear,Urban,61,24,14,1,4,35
1,1,Fog,Highway,65,5,2,0,2,5
23,0,Clear,Suburban,85,14,8,1,4,25
3,1,Rain,Highway,73,6,4,0,1,7
19,0,Clear,Highway,22,45,11,3,3,87
18,0,Fog,Suburban,43,58,14,7,2,52
1,0,Clear,Suburban,77,6,1,1,2,19
2,1,Clear,Highway,61,8,2,0,2,11
3,0,Clear,Highway,84,11,4,1,2,17
23,0,Rain,Highway,80,27,11,1,4,31
23,1,Rain,Urban,68,20,8,3,2,11
16,1,Clear,Suburban,89,9,6,4,4,25
6,1,Clear,Urban,72,11,13,4,4,14
17,0,Rain,Suburban,42,38,12,7,2,50
5,0,Clear,Suburban,83,4,3,1,2,16
0,0,Fog,Suburban,68,11,4,0,2,7
17,1,Clear,Urban,51,42,17,7,5,56
23,0,Clear,Urban,84,23,10,3,3,22
22,0,Clear,Urban,56,15,9,3,2,43
20,0,Clear,Urban,48,15,7,1,4,41
10,1,Clear,Urban,73,15,5,4,3,30
19,0,Fog,Highway,85,39,12,4,4,37
9,0,Clear,Suburban,45,32,19,3,3,56
12,1,Clear,Highway,78,19,10,2,3,21
10,1,Clear,Suburban,65,11,13,1,2,33
4,0,Clear,Urban,78,3,2,0,1,5
2,0,Clear,Highway,63,5,3,1,1,19
6,0,Rain,Urban,79,14,7,4,4,16
12,0,Clear,Highway,74,20,7,4,3,20
1,1,Clear,Highway,84,8,1,1,2,7
23,0,Rain,Suburban,74,27,13,2,3,32
19,0,Clear,Urban,42,50,12,5,4,70
13,0,Rain,Highway,72,24,12,1,2,22
5,0,Rain,Urban,70,4,3,1,1,13
23,1,Clear,Suburban,62,16,14,4,3,31
16,0,Fog,Urban,76,12,13,4,3,12
14,0,Clear,Urban,86,19,11,1,3,33
22,0,Clear,Suburban,70,28,14,4,3,20
3,0,Fog,Suburban,70,10,4,0,1,7
22,0,Clear,Highway,84,27,7,2,3,25
23,0,Rain,Highway,80,15,7,2,2,36
22,0,Clear,Suburban,84,15,10,4,2,37
5,1,Clear,Highway,69,4,4,1,2,12
5,0,Clear,Urban,89,5,4,1,2,9
1,0,Rain,Suburban,65,9,3,0,1,14
18,0,Rain,Suburban,49,31,20,4,5,57
15,0,Rain,Urban,83,13,5,2,2,35
8,1,Clear,Highway,54,40,12,3,5,67
1,0,Fog,Highway,73,4,1,1,1,7
15,0,Clear,Urban,82,15,7,3,2,28
1,0,Clear,Urban,65,10,2,1,1,9
15,0,Clear,Urban,77,13,9,1,4,32
13,0,Clear,Urban,51,19,5,4,3,43
21,0,Clear,Highway,68,12,9,3,3,28
1,0,Rain,Suburban,79,4,4,1,1,12
11,1,Rain,Urban,78,20,12,4,3,19
15,0,Clear,Urban,63,17,6,3,2,33
18,1,Clear,Suburban,55,30,21,5,4,59
21,1,Clear,Suburban,66,19,7,3,2,27
23,0,Fog,Suburban,72,23,5,3,3,28
18,0,Clear,Urban,46,34,19,4,5,69
3,0,Clear,Urban,63,6,3,1,2,19
9,0,Clear,Urban,49,37,16,5,6,70
4,0,Clear,Urban,69,7,1,0,2,6
6,0,Fog,Urban,76,25,13,3,2,12
16,0,Rain,Urban,62,18,6,2,2,29
6,1,Clear,Suburban,89,14,7,1,4,34
17,0,Clear,Suburban,31,34,17,3,3,73
3,1,Rain,Urban,73,8,1,1,1,7
23,0,Rain,Highway,60,17,10,1,2,24
16,0,Clear,Urban,73,24,7,2,4,26
11,0,Clear,Highway,65,12,12,3,2,25
21,1,Clear,Urban,83,19,10,2,3,33
12,0,Clear,Suburban,72,26,11,3,2,29
21,0,Clear,Highway,69,26,11,1,3,21
16,0,Clear,Suburban,66,23,12,2,2,23
12,0,Clear,Urban,58,13,9,4,3,47
17,0,Rain,Highway,44,50,24,4,5,54
7,1,Rain,Suburban,54,32,13,3,5,42
3,0,Rain,Urban,85,5,3,0,2,12
15,0,Clear,Urban,75,22,14,2,3,22
13,1,Clear,Suburban,77,22,10,2,4,17
14,1,Rain,Urban,82,11,9,3,4,23
20,0,Clear,Urban,65,27,8,3,3,30
15,1,Fog,Suburban,64,16,10,4,2,19
15,1,Clear,Urban,65,16,14,1,2,22
6,0,Clear,Urban,69,25,14,2,3,30
9,0,Rain,Urban,58,57,11,3,6,70
22,0,Rain,Suburban,62,12,6,4,3,32
19,0,Rain,Urban,57,58,13,4,6,61
2,0,Clear,Highway,74,7,2,0,1,13
6,1,Rain,Suburban,83,23,14,2,4,18
10,0,Fog,Highway,74,12,5,3,4,16
2,0,Clear,Highway,74,11,4,1,2,8
6,0,Clear,Urban,87,23,12,3,2,24
10,0,Clear,Urban,78,15,9,3,4,38
18,0,Clear,Highway,41,53,14,3,3,62
16,0,Clear,Highway,51,24,14,3,4,49
7,0,Clear,Suburban,59,52,23,4,5,53
23,0,Clear,Urban,51,24,12,2,3,48
4,0,Clear,Urban,89,10,1,1,1,5
8,0,Clear,Urban,59,33,22,3,6,55
22,1,Clear,Suburban,65,14,13,3,4,27
2,0,Clear,Suburban,72,11,4,1,2,6
21,1,Rain,Suburban,80,20,13,2,3,16
16,0,Clear,Suburban,71,20,10,2,3,39
7,0,Fog,Suburban,71,41,17,6,4,38
6,1,Clear,Urban,84,23,12,3,4,21
20,1,Fog,Highway,85,20,14,4,3,18
20,0,Clear,Urban,61,12,11,2,4,31
23,0,Clear,Urban,66,16,7,2,2,39
17,0,Clear,Urban,40,37,14,3,4,55
2,0,Fog,Highway,77,11,3,1,1,10
11,0,Rain,Suburban,65,29,5,2,3,30
20,1,Clear,Suburban,66,22,13,1,4,18
0,0,Clear,Urban,81,9,3,0,1,7
20,0,Clear,Urban,65,25,12,4,2,25
9,0,Clear,Urban,42,52,18,6,4,53
23,0,Fog,Suburban,78,15,11,3,2,28
14,0,Clear,Suburban,68,23,9,1,4,23
9,0,Clear,Suburban,39,54,23,6,2,95
23,0,Clear,Suburban,54,20,9,3,4,49
4,1,Clear,Suburban,65,8,4,0,1,13
13,0,Rain,Suburban,67,28,11,1,2,19
13,0,Clear,Urban,62,24,7,1,2,40
19,1,Fog,Highway,71,43,11,6,2,39
5,0,Clear,Urban,73,6,4,1,2,8
23,0,Clear,Highway,79,12,5,4,2,37
3,0,Clear,Highway,85,4,3,1,2,8
8,0,Rain,Urban,41,48,17,3,2,53
3,0,Clear,Suburban,79,3,2,1,2,11
0,0,Clear,Suburban,66,3,1,0,1,14
0,0,Fog,Suburban,89,10,1,0,2,9
9,0,Clear,Urban,49,56,22,5,3,56
11,0,Clear,Suburban,61,24,11,1,2,21
10,0,Fog,Highway,88,14,8,3,3,20
16,0,Rain,Suburban,71,13,8,2,2,21
16,0,Clear,Suburban,78,13,9,4,3,25
15,0,Clear,Urban,70,25,6,3,3,36
13,1,Rain,Urban,66,12,13,4,3,20
16,0,Clear,Suburban,87,20,9,2,3,34
19,0,Rain,Urban,29,45,20,5,3,79
13,0,Fog,Urban,74,22,14,3,4,28
14,1,Clear,Highway,67,17,11,3,4,24
23,1,Clear,Highway,64,16,7,2,4,22
5,1,Fog,Suburban,82,4,1,1,2,6
15,0,Clear,Urban,75,17,12,2,4,24
13,1,Clear,Suburban,75,16,12,4,2,28
22,0,Clear,Highway,79,15,8,1,3,31
18,0,Clear,Highway,30,58,19,5,5,76
21,0,Clear,Highway,61,17,7,3,3,24
7,0,Clear,Urban,23,58,19,3,2,98
7,0,Clear,Urban,49,49,13,7,5,62
7,0,Clear,Urban,44,37,17,3,5,67
11,0,Clear,Urban,83,14,12,3,3,20
1,0,Rain,Suburban,76,7,2,1,2,6
2,0,Clear,Suburban,83,5,4,1,2,17
20,1,Clear,Urban,89,10,12,3,3,16
21,0,Rain,Suburban,63,13,6,1,4,25
22,1,Clear,Urban,70,22,12,4,4,33
3,0,Clear,Urban,86,4,2,1,2,15
14,1,Clear,Suburban,87,21,5,1,4,23
15,0,Clear,Suburban,69,12,10,2,3,25
2,0,Clear,Suburban,72,7,4,0,1,5
12,0,Clear,Suburban,70,28,11,2,2,39
23,1,Clear,Urban,79,22,6,1,3,22
3,1,Fog,Highway,68,7,1,0,1,5
11,1,Clear,Urban,87,15,6,2,2,18
17,0,Clear,Suburban,27,33,15,3,2,95
16,0,Clear,Suburban,69,13,5,3,2,32
2,1,Rain,Urban,78,6,4,1,1,3
4,0,Clear,Urban,79,9,1,0,2,9
22,1,Fog,Urban,85,13,8,4,2,16
12,0,Clear,Highway,82,28,11,3,3,27
8,0,Rain,Suburban,28,46,22,5,5,78
7,1,Clear,Suburban,54,35,19,7,4,52
11,0,Clear,Urban,43,23,11,2,4,49
13,1,Clear,Suburban,64,15,13,4,4,22
15,0,Clear,Highway,43,29,14,2,3,46
23,0,Clear,Urban,67,29,9,3,3,27
15,0,Clear,Highway,72,29,12,4,2,33
11,0,Clear,Highway,68,13,8,3,3,22
15,0,Clear,Suburban,44,22,12,2,4,42
16,1,Rain,Urban,67,21,11,2,2,27
16,0,Clear,Suburban,66,16,8,4,3,31
8,0,Clear,Urban,37,48,18,5,4,78
3,0,Clear,Suburban,67,9,1,1,1,17
21,0,Clear,Highway,71,22,12,2,3,37
5,0,Clear,Suburban,87,10,3,0,2,13
12,0,Clear,Highway,71,19,10,3,2,20
4,0,Clear,Suburban,80,3,1,1,2,18
3,0,Clear,Suburban,62,11,2,1,2,18
13,1,Clear,Suburban,65,22,10,3,2,32
10,0,Rain,Highway,68,12,7,2,4,16
20,1,Clear,Highway,83,14,8,1,2,22
0,0,Rain,Suburban,60,3,4,1,1,8
19,0,Rain,Highway,27,56,11,3,6,72
13,0,Clear,Highway,67,24,7,3,4,22
12,0,Clear,Suburban,67,14,12,1,3,20
12,1,Rain,Urban,77,20,7,1,2,12
19,0,Clear,Highway,48,44,14,3,6,58
5,0,Clear,Urban,71,4,1,0,1,6
14,1,Clear,Suburban,64,19,12,3,3,21
11,0,Clear,Urban,74,27,5,4,4,31
20,0,Rain,Highway,86,16,6,2,4,24
6,0,Clear,Suburban,74,28,7,2,2,35
20,1,Clear,Urban,67,12,14,4,2,28
4,1,Clear,Urban,69,4,1,0,1,11
9,0,Clear,Urban,59,55,11,3,3,52
6,1,Clear,Suburban,70,9,14,1,3,20
19,0,Clear,Suburban,40,41,13,4,4,70
19,0,Clear,Urban,28,55,17,4,2,97
5,0,Clear,Suburban,64,11,2,1,2,8
18,0,Clear,Suburban,44,51,17,5,3,67
19,0,Clear,Urban,45,41,19,5,4,61
9,0,Rain,Suburban,52,31,21,3,3,64
5,0,Clear,Highway,77,6,1,1,1,5
15,0,Rain,Suburban,81,28,7,4,4,22
2,1,Rain,Suburban,75,2,3,0,1,5
10,0,Clear,Suburban,86,12,5,1,2,40
0,0,Clear,Highway,76,5,2,0,2,17
22,0,Clear,Urban,40,27,9,2,3,43
17,1,Clear,Highway,48,40,15,7,4,48
23,1,Clear,Urban,73,14,7,1,2,34
11,0,Clear,Suburban,44,28,6,2,4,44
16,0,Clear,Suburban,79,28,5,1,4,36
13,1,Fog,Suburban,60,19,5,2,2,16
6,1,Clear,Urban,83,16,13,3,2,34
17,1,Clear,Suburban,55,42,11,4,5,56
13,1,Clear,Highway,86,14,7,2,3,26
8,0,Clear,Highway,20,48,20,7,5,83
11,0,Clear,Suburban,63,28,14,3,4,23
23,0,Fog,Suburban,74,20,14,1,3,19
17,0,Rain,Urban,40,45,20,6,2,69
0,1,Clear,Highway,79,2,1,0,2,8
9,1,Clear,Urban,46,31,14,6,4,62
12,0,Clear,Suburban,53,18,12,2,4,46
7,0,Clear,Highway,28,58,10,4,4,79
21,0,Rain,Highway,70,21,11,4,2,23
0,0,Clear,Suburban,87,4,3,1,1,13
5,0,Clear,Urban,74,3,3,1,1,7
5,0,Clear,Highway,85,4,4,1,2,12
22,1,Clear,Urban,73,10,7,1,3,32
17,0,Clear,Highway,33,45,12,3,5,98
0,0,Clear,Urban,64,4,4,1,1,13
7,1,Rain,Highway,75,37,23,4,6,40
5,1,Clear,Urban,75,7,4,1,1,7
15,1,Fog,Urban,89,19,7,2,4,11
7,0,Clear,Urban,26,57,19,4,3,78
20,0,Clear,Urban,56,29,8,1,2,42
20,1,Clear,Urban,66,12,14,1,2,24
1,0,Rain,Urban,77,7,3,0,1,8
4,0,Clear,Highway,62,4,1,0,1,8
3,0,Clear,Highway,68,8,1,1,1,7
10,0,Clear,Urban,86,24,7,4,2,33
5,1,Rain,Urban,85,5,3,1,2,2
6,0,Rain,Suburban,80,12,8,3,3,36
18,0,Clear,Highway,40,37,15,4,2,54
4,0,Clear,Urban,70,6,2,1,1,19
3,0,Clear,Urban,70,6,3,0,2,7
1,0,Clear,Urban,80,7,2,0,1,16
4,0,Clear,Urban,89,10,2,1,1,5
3,0,Rain,Urban,81,5,1,1,2,8
4,1,Rain,Highway,83,2,3,0,2,2
20,0,Rain,Suburban,61,15,11,2,4,34
7,0,Clear,Highway,46,43,15,7,6,69
9,1,Clear,Highway,45,37,24,5,3,67
15,1,Clear,Suburban,80,11,9,2,3,25
5,0,Clear,Suburban,62,10,2,1,1,7
13,0,Rain,Suburban,84,12,12,3,3,23
6,0,Clear,Suburban,88,23,8,1,4,26
20,0,Rain,Highway,61,25,8,3,3,20
21,1,Clear,Urban,74,22,13,1,4,32
6,0,Fog,Urban,80,24,5,4,2,18
12,0,Rain,Urban,87,12,8,2,2,18
8,0,Fog,Highway,48,41,20,7,5,45
17,0,Rain,Suburban,41,42,11,3,4,46
22,0,Clear,Suburban,84,27,10,2,2,34
16,0,Clear,Suburban,63,15,6,2,2,25
12,0,Clear,Suburban,60,26,10,3,2,39
4,0,Clear,Urban,61,9,1,0,1,5
10,0,Clear,Urban,52,20,8,2,2,41
5,1,Clear,Suburban,86,6,2,0,1,4
6,0,Fog,Urban,89,21,8,4,2,12
8,0,Rain,Highway,51,55,17,4,5,50
11,0,Clear,Highway,64,17,10,1,3,37
0,1,Clear,Suburban,68,7,1,0,2,8
1,1,Rain,Highway,72,7,1,0,2,7
20,0,Rain,Highway,83,20,8,2,2,21
16,0,Clear,Suburban,59,26,10,4,2,48
8,0,Rain,Urban,55,41,17,5,6,67
15,1,Rain,Highway,72,20,12,1,3,17
9,0,Rain,Highway,54,36,15,7,4,41
21,0,Clear,Suburban,89,26,6,2,3,21
21,1,Rain,Highway,64,20,7,3,2,24
23,0,Rain,Suburban,70,26,7,2,4,20
23,1,Clear,Highway,80,23,12,2,3,14
10,1,Rain,Urban,63,12,13,4,2,19
1,0,Clear,Highway,73,4,1,0,1,5
3,0,Clear,Urban,63,3,1,0,2,18
4,0,Rain,Urban,85,10,4,1,2,5
16,0,Clear,Highway,54,28,7,3,4,43
15,0,Clear,Highway,83,22,11,4,2,20
2,0,Clear,Highway,67,7,4,0,1,13
2,1,Clear,Highway,84,4,1,1,1,4
0,0,Clear,Urban,82,10,3,1,1,15
21,1,Rain,Urban,78,16,5,1,4,20
8,0,Fog,Suburban,47,58,14,3,2,42
16,0,Clear,Highway,69,21,13,1,4,39
2,1,Clear,Suburban,60,3,3,1,1,6
10,0,Clear,Highway,70,12,7,2,4,23
0,0,Clear,Highway,61,4,4,1,1,8
16,1,Clear,Highway,79,20,6,2,3,14
13,0,Clear,Suburban,61,21,6,4,3,26
2,0,Fog,Highway,76,9,2,1,1,9
5,0,Clear,Suburban,83,3,3,1,1,6
1,0,Clear,Highway,62,10,3,0,1,16
3,0,Clear,Urban,67,4,2,1,1,18
19,0,Clear,Urban,45,54,14,7,3,66
20,1,Clear,Highway,67,22,7,4,2,29
2,1,Clear,Urban,87,3,3,0,2,11
14,0,Clear,Suburban,87,13,9,1,3,31
19,1,Clear,Urban,56,40,19,5,3,42
5,0,Rain,Highway,73,4,3,1,1,10
15,0,Clear,Urban,52,21,6,3,4,45
10,0,Fog,Highway,79,27,5,1,4,19
3,0,Clear,Suburban,69,4,4,1,1,7
14,0,Rain,Suburban,89,15,13,3,3,31
5,1,Clear,Urban,71,5,1,1,1,7
21,0,Clear,Urban,63,12,10,1,3,26
12,0,Clear,Highway,73,17,7,3,3,30
11,0,Clear,Highway,81,20,7,3,4,32
11,1,Clear,Urban,73,20,6,4,3,23
21,0,Rain,Highway,87,12,9,1,3,29
21,1,Clear,Urban,69,23,14,1,3,15
3,0,Clear,Urban,61,7,3,0,1,9
6,0,Clear,Highway,47,21,5,1,3,49
0,1,Rain,Suburban,76,5,1,1,2,5
23,0,Clear,Suburban,80,19,11,1,3,26
8,0,Clear,Highway,26,35,16,3,5,73
9,0,Clear,Highway,57,58,24,7,6,53
1,0,Clear,Suburban,86,10,4,0,1,14
19,0,Rain,Highway,57,59,10,5,3,64
1,1,Clear,Highway,70,8,1,0,2,13
0,0,Clear,Highway,62,11,1,1,1,13
9,0,Clear,Suburban,45,51,19,5,3,56
6,0,Clear,Urban,64,17,5,3,3,37
19,0,Clear,Highway,22,30,10,5,6,75
6,0,Clear,Suburban,56,14,13,4,3,46
18,0,Clear,Highway,31,56,13,3,3,72
1,1,Clear,Highway,62,8,2,1,2,9
0,0,Clear,Highway,89,11,1,0,1,16
6,0,Clear,Suburban,72,29,13,1,4,31
12,0,Clear,Urban,62,21,5,1,4,30
17,0,Clear,Urban,47,59,18,7,4,58
8,1,Clear,Highway,58,40,11,7,4,42
0,0,Fog,Suburban,70,6,3,0,1,9
17,1,Rain,Highway,76,34,18,6,2,39
18,0,Clear,Urban,29,34,14,6,2,91
5,0,Clear,Suburban,86,11,3,1,2,19
18,0,Rain,Suburban,24,47,24,7,2,76
20,1,Clear,Urban,86,21,10,3,4,19
7,0,Clear,Urban,38,44,22,3,5,80
5,0,Clear,Highway,76,8,3,1,2,12
22,1,Rain,Urban,78,10,13,1,2,11
6,0,Clear,Highway,80,27,5,4,3,39
8,0,Clear,Highway,31,32,23,5,5,89
12,0,Rain,Urban,79,18,7,4,4,37
18,1,Clear,Suburban,61,33,16,4,3,39
2,1,Fog,Suburban,89,8,4,1,1,4
17,0,Clear,Urban,39,53,14,3,4,90
23,0,Rain,Suburban,75,15,9,2,2,31
19,0,Rain,Suburban,24,49,19,4,2,72
6,0,Rain,Highway,81,26,8,3,3,29
2,0,Rain,Urban,60,4,3,0,1,6
1,0,Fog,Urban,76,5,4,0,2,6
11,0,Clear,Highway,74,13,11,3,3,40
14,0,Clear,Urban,60,13,6,4,3,38
11,0,Rain,Suburban,67,22,12,4,2,30
21,0,Clear,Urban,71,16,9,4,4,31
6,0,Clear,Urban,86,26,7,3,4,40
7,0,Clear,Urban,25,51,13,5,4,98
17,0,Fog,Highway,53,56,12,7,5,43
3,0,Clear,Suburban,89,8,2,0,2,13
11,0,Clear,Highway,67,18,10,4,4,23
2,0,Clear,Suburban,83,4,1,0,2,8
20,1,Clear,Highway,77,12,6,4,3,21
6,1,Clear,Suburban,85,9,12,2,2,16
14,0,Clear,Urban,70,20,14,3,2,33
7,1,Clear,Highway,43,24,21,6,4,69
20,0,Clear,Urban,64,26,5,4,4,22
8,0,Fog,Suburban,42,31,21,7,5,57
12,0,Clear,Suburban,62,29,13,3,2,30
2,0,Clear,Urban,88,5,1,0,1,17
20,0,Clear,Highway,81,20,10,4,3,36
5,0,Clear,Urban,81,3,4,1,2,12
17,1,Clear,Highway,52,28,14,6,5,66
19,0,Clear,Highway,50,45,18,6,4,58
0,0,Clear,Urban,71,5,1,0,1,10
8,0,Clear,Urban,40,42,16,6,4,54
11,1,Clear,Highway,65,20,14,4,2,14
12,0,Fog,Urban,80,20,11,3,3,12
8,1,Clear,Highway,69,29,15,5,5,39
6,1,Clear,Suburban,86,12,6,1,4,19
2,0,Clear,Highway,81,7,3,0,2,19
2,0,Clear,Highway,85,8,2,0,1,10
13,0,Rain,Suburban,64,29,14,2,2,23
23,0,Rain,Suburban,76,29,7,2,2,28
22,1,Clear,Suburban,70,20,12,4,2,26
4,0,Fog,Highway,60,9,3,1,1,9
3,1,Clear,Highway,64,2,2,1,1,7
8,1,Clear,Urban,55,36,13,6,5,59
0,0,Clear,Highway,72,9,3,0,1,17
20,0,Clear,Suburban,70,12,6,3,4,39
11,0,Clear,Urban,60,26,8,4,2,36
10,1,Clear,Highway,78,16,11,1,3,14
6,1,Clear,Highway,61,9,8,4,2,18
4,0,Clear,Urban,86,11,4,1,2,12
9,0,Fog,Highway,40,50,14,4,6,43
13,0,Rain,Highway,73,22,6,2,4,28
4,1,Clear,Highway,60,7,2,0,1,4
18,0,Clear,Highway,31,31,17,3,2,83
10,0,Rain,Urban,72,16,9,3,2,36
8,0,Clear,Highway,35,34,16,4,6,85
14,0,Clear,Suburban,66,28,7,4,3,40
13,0,Rain,Urban,63,22,6,4,4,33
14,1,Clear,Urban,70,13,10,2,3,34
1,0,Clear,Urban,71,9,2,0,1,5
22,0,Clear,Urban,49,17,9,2,4,45
16,0,Rain,Suburban,87,23,7,4,2,35
4,0,Clear,Urban,63,7,3,1,1,17
13,0,Clear,Highway,42,20,14,3,4,41
3,0,Rain,Highway,68,10,3,1,2,7
16,0,Clear,Urban,51,14,12,2,3,46
15,0,Clear,Suburban,83,22,10,1,4,26
19,0,Clear,Urban,43,35,19,6,6,61
16,0,Clear,Highway,47,20,6,3,4,48
12,0,Clear,Highway,86,16,7,3,4,22
10,0,Clear,Urban,73,22,13,3,4,40
16,1,Clear,Suburban,86,23,13,4,3,29
18,0,Clear,Suburban,32,50,20,7,3,85
4,0,Clear,Highway,87,10,2,0,1,6
18,0,Rain,Urban,47,50,11,3,2,42
1,0,Clear,Highway,69,7,4,0,2,11
0,0,Clear,Highway,85,9,3,0,1,13
3,1,Clear,Highway,84,8,3,1,2,4
19,0,Rain,Highway,45,57,10,4,2,57
12,1,Fog,Suburban,89,16,13,4,2,16
16,0,Clear,Urban,78,18,6,1,2,23
3,1,Clear,Suburban,83,3,2,0,1,9
10,0,Clear,Urban,40,29,13,2,2,48
3,0,Clear,Highway,83,10,3,0,1,9
4,0,Rain,Highway,86,5,4,0,2,8
22,0,Clear,Urban,80,29,7,3,3,35
3,1,Clear,Highway,66,3,2,1,1,12
2,0,Clear,Highway,70,8,1,1,2,7
21,0,Clear,Highway,74,23,12,1,4,32
7,0,Clear,Urban,23,46,13,5,3,90
8,0,Clear,Highway,34,42,14,3,5,81
22,1,Clear,Suburban,83,16,14,1,4,19
7,0,Clear,Urban,23,37,12,6,5,73
4,0,Clear,Urban,87,7,3,1,1,19
0,0,Clear,Highway,79,3,4,1,2,9
8,1,Fog,Suburban,73,34,16,5,4,25
1,0,Rain,Urban,72,4,4,1,1,10
20,0,Clear,Highway,60,13,11,2,3,37
8,0,Fog,Urban,49,40,10,5,4,45
16,0,Clear,Suburban,89,14,8,2,2,29
7,1,Clear,Urban,58,43,18,7,4,58
0,1,Clear,Urban,69,6,4,1,2,12
17,0,Clear,Urban,25,36,20,7,2,73
21,0,Fog,Urban,64,15,5,4,3,15
9,1,Clear,Highway,57,34,18,7,5,56
21,0,Clear,Urban,88,20,13,2,3,23
8,0,Clear,Urban,44,51,14,4,5,65
10,1,Clear,Suburban,78,10,14,4,3,15
2,1,Rain,Highway,61,7,1,1,1,5
6,0,Rain,Urban,72,19,11,2,2,38
14,0,Rain,Suburban,65,13,13,2,2,28
19,0,Rain,Highway,33,37,10,3,4,78
21,1,Rain,Suburban,75,9,5,1,4,22
16,1,Clear,Highway,66,12,8,3,3,23
23,1,Clear,Highway,74,16,6,4,4,30
22,1,Clear,Highway,65,9,6,4,4,22
5,0,Fog,Suburban,76,8,2,0,1,7
23,0,Rain,Urban,80,19,8,1,3,28
10,0,Rain,Urban,86,20,7,3,4,16
21,1,Clear,Suburban,65,15,6,4,4,27
19,0,Clear,Highway,31,33,19,7,2,89
0,1,Fog,Highway,73,2,3,1,2,4
19,0,Clear,Urban,27,35,22,4,5,71
13,0,Clear,Highway,63,13,6,2,4,37
1,0,Clear,Suburban,76,10,2,0,1,5
18,0,Rain,Suburban,42,34,24,4,3,66
0,0,Clear,Urban,66,6,1,0,1,10
15,0,Fog,Urban,85,16,8,1,3,24
3,1,Clear,Urban,71,4,4,0,1,11
8,0,Clear,Suburban,20,42,14,5,3,98
23,1,Clear,Suburban,89,15,10,3,2,24
15,1,Clear,Urban,79,19,14,3,3,14
17,0,Clear,Highway,21,36,21,7,6,74
10,0,Clear,Highway,77,26,7,1,2,40
15,0,Rain,Highway,70,26,14,1,3,29
5,0,Clear,Urban,80,7,4,0,2,12
5,0,Rain,Urban,88,4,4,0,1,12
13,0,Clear,Urban,72,15,13,1,4,35
4,0,Fog,Suburban,60,5,4,1,1,11
0,0,Clear,Suburban,66,10,4,1,2,11
2,1,Rain,Urban,74,7,3,0,1,4
18,0,Rain,Suburban,56,55,19,7,2,57
2,0,Clear,Suburban,65,7,1,0,2,13
12,0,Rain,Urban,87,26,6,2,3,32
17,0,Rain,Urban,50,53,13,5,3,57
9,0,Clear,Highway,58,44,17,7,3,53
6,0,Clear,Suburban,89,29,10,3,3,22
14,0,Rain,Urban,78,15,14,2,2,32
5,0,Clear,Urban,78,10,4,0,2,12
0,0,Clear,Urban,68,6,4,0,1,11
1,1,Clear,Highway,75,6,4,1,2,4
22,0,Clear,Urban,52,26,10,2,4,45
16,0,Clear,Urban,65,12,10,1,2,23
5,1,Rain,Highway,73,8,2,0,2,5
23,0,Rain,Highway,88,17,8,4,4,23
5,1,Clear,Urban,71,4,2,1,1,9
1,0,Clear,Highway,79,8,2,0,1,15
11,1,Clear,Highway,86,17,8,3,3,16
0,1,Clear,Suburban,74,4,2,0,2,7
17,1,Rain,Urban,70,30,13,5,3,29
18,1,Fog,Urban,71,34,22,4,5,25
8,0,Rain,Suburban,55,56,10,5,6,52
7,0,Clear,Suburban,25,46,23,5,4,76
20,0,Clear,Urban,65,16,7,2,2,21
6,1,Clear,Suburban,72,11,12,4,2,24
4,0,Clear,Urban,68,5,3,1,2,13
12,0,Clear,Suburban,67,23,10,4,3,38
23,0,Clear,Highway,70,19,5,2,4,24
16,0,Clear,Highway,76,14,14,3,4,32
5,0,Clear,Highway,68,4,3,0,1,12
7,0,Clear,Highway,29,45,20,5,3,80
11,0,Clear,Urban,50,14,12,2,4,49
4,1,Clear,Highway,83,8,2,1,2,11
2,0,Clear,Highway,79,9,2,0,1,11
12,1,Rain,Highway,71,9,10,1,4,12
15,0,Fog,Urban,61,28,12,4,3,20
18,0,Rain,Highway,51,33,21,3,2,53
12,0,Clear,Suburban,48,24,7,4,3,42
3,0,Clear,Urban,61,9,1,0,2,15
10,0,Clear,Urban,78,21,12,4,2,30
7,1,Clear,Urban,51,34,13,4,5,46
1,0,Clear,Suburban,74,9,1,1,2,15
22,0,Clear,Urban,75,28,6,1,3,34
13,0,Clear,Urban,64,29,11,2,3,22
3,0,Clear,Highway,88,4,3,1,2,15
13,0,Fog,Highway,87,12,13,2,2,22
22,0,Rain,Suburban,82,25,8,2,4,36
0,1,Clear,Urban,67,5,2,1,1,7
2,0,Clear,Urban,70,7,3,0,2,18
18,1,Rain,Suburban,42,40,10,5,5,44
11,1,Clear,Urban,78,16,7,4,2,21
1,1,Clear,Highway,71,5,3,0,2,12
23,0,Clear,Urban,73,16,10,1,2,22
18,1,Fog,Suburban,69,32,15,7,5,33
12,0,Clear,Highway,73,15,11,4,4,31
5,0,Fog,Highway,66,8,2,1,1,4
23,0,Clear,Suburban,73,22,5,3,4,29
3,0,Clear,Highway,77,4,4,1,2,9
13,0,Clear,Highway,52,24,14,2,2,43
2,0,Rain,Urban,78,8,1,1,2,15
15,0,Clear,Highway,74,24,9,1,3,34
13,0,Clear,Suburban,69,26,6,3,4,32
11,0,Clear,Urban,86,20,8,3,4,28
21,0,Clear,Highway,64,19,13,1,3,23
18,0,Rain,Urban,52,44,17,7,3,60
7,0,Clear,Suburban,33,45,21,6,4,87
9,1,Clear,Highway,51,33,10,5,6,56
19,0,Rain,Suburban,44,31,12,7,5,61
12,0,Rain,Suburban,74,17,5,4,4,25
12,1,Rain,Urban,78,19,13,4,4,18
17,1,Clear,Urban,51,31,17,4,2,65
3,1,Clear,Urban,65,3,3,0,2,8
3,1,Clear,Urban,70,8,3,0,1,12
23,0,Clear,Highway,86,24,12,4,4,38
9,0,Rain,Urban,25,50,10,4,4,72
10,0,Rain,Urban,69,13,13,2,4,24
8,0,Clear,Urban,41,51,22,6,3,70
21,0,Clear,Highway,88,26,8,2,2,34
18,1,Clear,Suburban,54,31,17,4,6,44
11,0,Clear,Highway,64,21,13,1,4,30
13,0,Clear,Suburban,70,23,7,1,4,29
21,0,Clear,Suburban,82,18,8,3,3,36
9,0,Clear,Suburban,47,31,20,5,5,68
6,0,Clear,Urban,82,25,14,2,4,28
8,0,Clear,Urban,39,35,21,5,4,81
10,1,Clear,Highway,61,19,9,1,2,33
18,0,Clear,Suburban,41,44,20,4,3,59
10,1,Clear,Urban,77,17,7,3,2,19
20,1,Fog,Urban,85,12,14,1,3,11
23,0,Clear,Urban,68,12,5,2,4,29
9,1,Clear,Urban,53,46,11,4,4,49
12,0,Clear,Urban,83,19,14,2,4,24
3,0,Rain,Urban,84,11,1,0,1,13
17,0,Fog,Urban,89,40,23,4,3,37
23,0,Rain,Highway,70,28,7,3,2,37
18,0,Rain,Urban,45,52,16,4,4,65
8,1,Clear,Highway,50,42,23,7,4,45
13,1,Clear,Urban,82,15,13,2,3,25
9,0,Clear,Highway,35,36,16,6,2,73
9,1,Clear,Urban,69,33,18,6,2,39
4,0,Clear,Highway,71,10,3,1,1,8
12,0,Rain,Urban,64,29,5,4,4,38
23,0,Rain,Highway,84,29,7,1,2,29
23,0,Clear,Suburban,45,14,9,1,2,48
6,1,Clear,Suburban,86,20,14,3,3,32
4,1,Fog,Suburban,62,3,2,1,2,1
6,0,Fog,Urban,63,25,9,4,2,23
13,0,Clear,Suburban,73,29,7,1,3,32
12,0,Clear,Urban,79,20,11,2,4,22
6,0,Rain,Suburban,68,24,10,2,4,36
20,0,Clear,Suburban,45,22,14,4,2,48
20,0,Fog,Suburban,62,22,14,4,4,14
22,1,Clear,Suburban,87,13,5,1,4,33
9,0,Clear,Suburban,37,39,21,7,5,90
2,0,Fog,Suburban,78,6,4,1,1,6
1,1,Clear,Highway,82,8,4,0,1,7
16,0,Clear,Highway,73,12,11,4,2,40
3,0,Fog,Highway,87,10,2,0,2,9
13,1,Clear,Suburban,79,20,14,3,4,32
15,0,Clear,Suburban,40,25,11,4,4,46
10,0,Clear,Urban,82,22,9,1,4,29
21,1,Clear,Suburban,75,12,12,2,2,33
11,0,Fog,Highway,64,16,8,4,2,24
22,0,Clear,Urban,44,15,13,3,4,46
14,0,Clear,Highway,52,28,10,1,3,41
1,0,Clear,Urban,86,4,3,1,1,17
3,0,Clear,Suburban,83,6,2,0,2,15
2,0,Clear,Suburban,87,4,2,0,2,14
17,1,Clear,Urban,55,46,13,4,2,67
22,0,Clear,Suburban,65,24,10,3,2,24
11,1,Clear,Urban,67,16,14,1,4,17
11,1,Clear,Urban,84,13,6,3,3,25
0,1,Clear,Highway,74,6,3,1,2,11
23,1,Clear,Highway,65,17,9,3,2,16
12,0,Clear,Urban,83,26,11,4,3,38
11,0,Clear,Suburban,54,21,12,2,4,41
19,0,Clear,Urban,44,54,14,5,2,65
8,0,Clear,Urban,28,49,23,7,2,81
1,0,Fog,Urban,61,8,2,1,2,11
3,1,Fog,Suburban,66,5,2,0,1,5
1,0,Clear,Highway,67,8,1,1,1,6
19,0,Rain,Urban,33,43,19,3,5,73
17,0,Fog,Urban,52,32,14,7,4,52
5,1,Clear,Highway,65,3,2,1,1,11
4,0,Rain,Urban,88,10,1,0,2,6
17,0,Clear,Highway,57,54,16,4,6,60
21,0,Rain,Urban,76,26,8,1,3,22
10,0,Clear,Suburban,86,29,5,4,3,38
6,0,Clear,Urban,56,21,9,1,3,47
9,1,Clear,Suburban,42,44,24,7,2,56
9,0,Fog,Urban,51,54,21,4,2,58
21,0,Clear,Urban,85,14,14,1,3,26
2,0,Clear,Highway,66,9,4,1,1,9
19,0,Clear,Suburban,58,55,10,4,5,56
17,0,Clear,Urban,46,56,11,3,2,58
21,0,Clear,Highway,63,15,9,3,4,23
13,0,Clear,Highway,58,26,6,4,3,46
0,0,Clear,Highway,89,3,4,1,2,11
19,1,Clear,Suburban,58,31,20,7,5,44
19,0,Clear,Urban,51,35,13,3,3,57
20,0,Rain,Urban,72,22,5,4,3,28
8,1,Fog,Highway,68,36,13,7,2,38
20,0,Clear,Highway,84,15,8,3,2,30
13,0,Clear,Highway,63,14,12,3,3,39
16,0,Clear,Urban,48,20,7,1,3,46
3,1,Fog,Suburban,61,8,3,0,2,6
5,0,Clear,Suburban,87,7,2,0,2,10
5,0,Clear,Suburban,61,10,3,1,1,11
1,0,Fog,Urban,88,5,1,0,1,11
3,0,Clear,Highway,74,7,3,0,1,17
14,0,Clear,Highway,40,29,13,4,2,49
5,0,Clear,Highway,84,8,2,1,2,19
16,0,Clear,Suburban,66,26,11,4,3,22
5,0,Fog,Urban,89,4,3,0,1,10
0,0,Clear,Highway,63,7,1,1,1,7
11,0,Clear,Suburban,75,22,8,4,2,25
4,1,Clear,Urban,76,3,2,0,1,11
17,1,Clear,Suburban,57,40,20,3,5,44
19,0,Fog,Highway,59,44,17,7,6,42
6,0,Clear,Urban,58,24,9,4,2,43
20,0,Clear,Suburban,74,21,11,1,4,29
23,0,Clear,Urban,78,15,10,4,3,24
17,1,Clear,Highway,50,32,11,7,6,63
3,0,Clear,Suburban,74,11,3,0,1,17
20,0,Clear,Suburban,83,17,10,4,4,33
15,0,Clear,Highway,72,16,9,2,3,36
14,0,Clear,Highway,76,14,14,4,3,25
17,0,Clear,Urban,44,52,19,3,5,53
14,1,Clear,Highway,66,17,9,1,4,21
20,0,Clear,Highway,88,13,11,4,4,30
1,1,Rain,Suburban,69,5,3,1,1,9
0,0,Clear,Suburban,76,6,1,0,2,13
3,0,Clear,Highway,85,9,1,1,1,13
8,1,Rain,Urban,79,25,20,4,6,34
12,0,Clear,Urban,46,29,14,4,4,45
16,0,Clear,Highway,85,25,7,4,4,34
3,0,Rain,Urban,81,8,3,0,2,10
23,0,Rain,Suburban,67,16,8,1,2,18
15,0,Rain,Highway,73,13,5,1,2,24
8,0,Clear,Urban,56,45,18,6,3,63
4,1,Clear,Urban,78,8,2,0,1,9
21,1,Clear,Urban,78,16,13,1,4,28
16,1,Clear,Urban,86,14,12,3,2,31
17,0,Clear,Urban,46,53,16,3,3,62
8,1,Fog,Urban,80,35,16,5,2,31
15,0,Clear,Highway,53,14,10,3,2,49
11,0,Clear,Urban,44,28,13,4,4,44
16,0,Clear,Suburban,53,19,9,2,3,49
15,0,Clear,Highway,49,12,8,3,4,49
13,0,Clear,Urban,69,24,5,1,3,25
8,0,Fog,Urban,73,57,17,3,3,30
10,0,Rain,Urban,60,24,10,3,3,32
2,1,Clear,Suburban,87,2,1,1,2,3
21,0,Rain,Urban,60,20,13,2,4,34
17,0,Rain,Urban,54,40,22,6,4,52
2,1,Rain,Suburban,87,7,1,1,1,3
2,1,Rain,Suburban,73,5,4,0,1,9
8,0,Clear,Urban,37,33,10,5,5,91
1,1,Fog,Suburban,76,8,2,1,2,4
21,0,Clear,Urban,86,25,12,2,3,21
21,1,Clear,Suburban,67,17,10,3,3,26
13,0,Fog,Highway,68,12,7,3,2,16
4,0,Clear,Urban,74,8,3,1,1,11
21,0,Clear,Urban,56,29,7,4,4,45
14,0,Fog,Highway,74,18,13,2,2,12
14,0,Clear,Suburban,70,15,14,2,3,36
5,1,Rain,Suburban,69,4,3,1,2,7
22,0,Rain,Highway,84,26,5,2,4,38
16,0,Rain,Highway,73,27,8,1,3,17
4,0,Clear,Urban,78,5,3,0,1,6
16,0,Clear,Urban,79,13,8,4,3,34
6,1,Clear,Suburban,84,20,14,1,2,20
9,0,Rain,Suburban,42,52,23,6,5,64
8,1,Clear,Highway,75,41,16,4,6,37
5,0,Rain,Urban,61,9,3,0,1,8
2,0,Clear,Urban,84,9,4,1,2,10
3,0,Rain,Suburban,86,6,2,0,2,7
11,0,Clear,Suburban,68,23,11,3,4,39
17,0,Clear,Highway,33,39,14,6,5,88
4,0,Rain,Urban,78,4,2,1,1,14
20,0,Clear,Highway,89,26,7,3,2,21
2,0,Clear,Urban,74,10,1,1,2,16
1,0,Clear,Urban,62,4,1,0,1,18
13,0,Clear,Suburban,74,23,8,4,3,33
17,0,Rain,Suburban,49,31,17,6,5,61
13,0,Clear,Suburban,67,28,5,3,3,32
4,0,Rain,Urban,80,10,1,1,2,13
20,0,Rain,Suburban,75,17,10,3,4,30
0,0,Fog,Highway,89,11,3,1,2,3
20,1,Clear,Urban,62,17,7,3,3,30
15,0,Rain,Highway,81,15,8,2,2,29
3,1,Clear,Highway,84,2,2,0,1,9
9,0,Rain,Urban,42,56,19,7,4,52
18,0,Clear,Highway,23,32,10,4,2,77
19,0,Clear,Urban,26,50,18,3,5,99
4,0,Clear,Highway,87,6,4,0,1,5
23,0,Clear,Suburban,79,12,7,3,4,21
8,0,Clear,Highway,29,36,20,7,2,78
8,1,Fog,Suburban,82,45,10,5,3,21
0,0,Clear,Suburban,71,3,3,0,2,14
10,0,Clear,Highway,86,26,14,3,2,27
20,0,Rain,Urban,82,16,10,4,2,31
7,1,Clear,Suburban,46,40,20,7,5,49
7,0,Fog,Highway,65,52,12,6,2,31
15,0,Clear,Suburban,54,22,8,4,2,43
12,1,Rain,Highway,89,15,12,1,3,19
7,0,Clear,Urban,45,59,18,3,3,56
17,1,Clear,Urban,54,28,21,3,2,68
15,0,Rain,Highway,83,27,12,1,2,19
3,0,Clear,Suburban,74,4,4,1,2,19
10,0,Clear,Suburban,45,13,11,4,2,41
0,0,Clear,Urban,82,3,1,0,1,7
22,0,Fog,Suburban,69,12,12,3,2,12
13,1,Clear,Suburban,89,20,6,1,4,30
10,0,Clear,Suburban,89,17,5,2,4,24
17,1,Clear,Urban,40,37,23,5,6,47
12,0,Clear,Urban,77,13,7,2,3,20
6,1,Clear,Urban,85,23,5,1,4,33
21,0,Clear,Suburban,57,21,11,1,3,42
21,0,Clear,Urban,50,22,6,4,2,45
19,1,Clear,Urban,48,38,10,7,6,67
19,1,Clear,Urban,55,30,10,7,2,42
16,0,Fog,Urban,79,12,10,4,3,25
13,0,Clear,Urban,88,12,11,2,3,31
14,0,Rain,Highway,72,26,11,4,3,20
1,0,Clear,Urban,61,11,3,0,2,12
19,0,Clear,Suburban,38,36,16,7,4,71
17,0,Rain,Highway,30,55,15,7,6,74
1,0,Fog,Urban,65,5,2,0,1,8
7,1,Clear,Highway,59,44,20,5,2,64
20,0,Clear,Suburban,71,16,6,2,3,22
12,0,Rain,Urban,72,26,11,3,2,23
22,0,Rain,Highway,72,19,13,3,3,37
6,0,Clear,Urban,81,27,14,2,4,23
10,0,Clear,Highway,44,13,12,3,3,41
6,0,Clear,Urban,76,13,11,3,2,37
4,1,Clear,Highway,77,2,3,1,1,7
11,0,Clear,Highway,86,26,13,4,4,30
23,0,Rain,Suburban,80,27,6,2,3,28
11,0,Clear,Urban,88,28,7,1,3,22
11,0,Clear,Suburban,86,27,11,1,2,28
20,1,Rain,Urban,79,16,13,3,4,23
8,0,Clear,Highway,48,30,16,4,6,52
1,1,Clear,Suburban,61,8,1,1,1,9
23,0,Rain,Urban,61,27,10,1,3,16
9,0,Clear,Highway,36,30,10,5,2,72
3,0,Clear,Suburban,71,6,2,0,2,12
2,0,Fog,Suburban,80,6,1,0,1,4
17,1,Rain,Highway,42,24,14,3,3,46
11,1,Clear,Urban,80,12,10,4,3,18
22,1,Clear,Urban,74,23,8,4,4,34
18,0,Clear,Highway,34,57,20,3,6,95
21,0,Clear,Urban,54,14,9,3,2,48
22,0,Clear,Suburban,43,27,10,4,3,46
3,0,Clear,Highway,82,7,4,1,2,16
13,0,Rain,Highway,71,29,6,3,3,20
4,1,Clear,Urban,64,3,4,1,1,9
23,0,Rain,Suburban,88,27,7,4,2,24
2,1,Clear,Suburban,63,3,1,1,1,9
19,0,Clear,Urban,48,59,13,7,3,57
7,0,Clear,Highway,38,59,10,4,2,84
2,0,Clear,Highway,65,7,1,1,1,8
16,0,Clear,Highway,40,24,10,1,4,44
16,0,Clear,Suburban,89,29,7,4,4,26
14,1,Clear,Highway,87,12,11,1,2,19
18,0,Clear,Urban,21,46,19,7,5,85
0,0,Clear,Suburban,60,3,1,0,2,15
22,0,Clear,Urban,73,14,5,3,4,40
16,1,Clear,Highway,74,21,8,2,3,27
10,0,Rain,Suburban,60,12,10,3,4,32
20,1,Rain,Highway,66,11,10,3,4,14
23,0,Clear,Urban,61,27,7,4,3,28
22,0,Clear,Urban,69,17,12,3,2,35
17,0,Clear,Suburban,47,42,16,6,6,65
14,1,Clear,Urban,65,9,14,4,4,16
13,0,Clear,Urban,51,26,13,4,3,47
15,1,Fog,Highway,88,11,7,2,3,17
0,1,Clear,Urban,84,6,2,0,2,5
2,0,Clear,Urban,61,8,3,1,2,5
5,0,Clear,Urban,89,8,3,0,1,16
0,0,Rain,Highway,75,4,3,1,2,12
18,0,Clear,Suburban,54,31,16,7,2,69
10,0,Rain,Highway,72,29,14,4,4,36
22,1,Rain,Urban,78,22,14,3,4,20
20,0,Rain,Urban,72,13,8,3,2,38
18,1,Clear,Urban,53,34,19,6,2,56
4,0,Fog,Urban,65,10,2,0,1,3
19,0,Clear,Suburban,47,58,13,4,6,61
12,1,Clear,Suburban,76,15,12,3,2,15
5,0,Clear,Suburban,88,3,4,0,1,8
8,0,Clear,Highway,34,34,20,7,6,80
2,1,Clear,Urban,79,5,3,0,1,8
8,0,Clear,Urban,23,52,13,3,4,94
17,1,Clear,Urban,48,46,22,6,4,56
14,0,Fog,Highway,89,21,14,3,2,19
19,0,Clear,Suburban,59,30,23,3,2,64
0,1,Rain,Urban,69,4,4,0,1,3
12,1,Clear,Highway,89,18,11,2,3,22
6,0,Clear,Suburban,73,12,10,4,3,33
21,0,Clear,Suburban,72,18,12,4,3,28
19,0,Clear,Highway,28,36,18,5,5,71
14,1,Fog,Suburban,60,20,13,2,2,10
4,1,Clear,Highway,73,6,4,0,1,8
21,0,Fog,Urban,75,29,7,2,3,23
2,1,Fog,Suburban,64,6,2,1,2,2
0,0,Clear,Highway,85,4,1,0,1,14
16,1,Clear,Highway,69,17,10,1,3,16
14,1,Clear,Highway,80,10,13,2,3,14
15,1,Clear,Highway,85,23,6,1,2,18
14,0,Clear,Highway,85,15,9,2,4,26
1,0,Clear,Suburban,84,6,1,0,2,5
1,0,Clear,Urban,87,6,1,0,2,11
20,0,Clear,Urban,85,18,13,3,2,36
21,1,Clear,Suburban,81,19,12,4,3,21
15,0,Clear,Urban,71,23,6,1,4,26
7,1,Rain,Highway,49,36,15,6,6,53
1,0,Clear,Urban,80,8,2,0,2,19
13,1,Clear,Suburban,63,15,8,1,4,14
16,0,Fog,Suburban,80,17,9,4,3,12
17,1,Clear,Suburban,45,24,16,5,4,67
21,1,Clear,Urban,68,11,5,1,2,32
14,0,Clear,Urban,74,15,14,2,3,22
6,1,Clear,Highway,70,22,6,1,2,30
9,0,Fog,Suburban,71,45,14,7,4,33
18,1,Clear,Urban,46,32,14,4,6,56
7,1,Clear,Suburban,53,47,13,4,6,63
15,0,Clear,Highway,41,16,9,4,4,46
6,1,Clear,Urban,80,16,14,2,3,33
15,0,Rain,Highway,72,22,9,3,4,33
4,1,Clear,Suburban,67,4,2,1,2,9
12,0,Fog,Urban,89,24,13,2,4,18
23,1,Rain,Urban,83,20,8,4,3,26
18,0,Clear,Highway,26,53,14,5,4,98
22,0,Rain,Highway,72,14,14,4,4,28
9,0,Clear,Suburban,45,46,10,7,4,70
3,0,Clear,Urban,78,9,3,1,1,14
18,0,Clear,Urban,24,48,24,6,5,93
18,0,Clear,Suburban,59,40,24,4,6,57
5,1,Clear,Urban,68,4,3,1,2,5
21,0,Clear,Urban,81,22,13,1,2,40
5,0,Clear,Suburban,84,3,1,1,1,15
13,1,Fog,Suburban,71,19,6,4,4,19
17,1,Rain,Highway,73,36,11,6,5,39
16,1,Clear,Suburban,65,16,14,2,4,25
4,0,Clear,Highway,63,10,1,1,2,14
16,0,Clear,Highway,62,13,8,2,4,37
2,0,Clear,Suburban,80,4,4,1,1,17
14,0,Clear,Highway,71,14,10,1,2,32
3,0,Fog,Highway,60,5,3,0,1,10
9,0,Clear,Highway,54,54,11,3,2,57
21,0,Clear,Urban,83,28,12,1,2,27
10,0,Clear,Urban,50,17,12,3,4,47
21,0,Rain,Urban,60,13,13,1,4,27
23,0,Fog,Urban,87,27,11,3,4,18
21,0,Clear,Suburban,55,21,10,4,2,43
23,0,Clear,Highway,67,13,11,3,3,35
12,0,Clear,Urban,70,12,7,1,4,40
2,1,Clear,Urban,68,4,1,1,2,13
13,0,Clear,Highway,61,16,13,4,3,37
17,0,Clear,Urban,23,49,21,7,4,83
0,0,Clear,Urban,80,7,4,1,2,6
1,0,Fog,Highway,67,10,2,0,1,7
18,0,Clear,Suburban,40,51,10,7,5,67
4,0,Clear,Urban,74,7,1,0,1,6
21,0,Clear,Highway,81,26,13,2,4,26
11,1,Clear,Suburban,88,12,8,1,2,23
5,0,Clear,Urban,71,8,4,0,2,5
4,0,Clear,Urban,69,5,2,0,1,13
0,0,Clear,Highway,62,3,2,0,2,19
3,1,Clear,Suburban,78,4,1,1,2,9
7,0,Clear,Urban,36,53,11,3,6,83
7,0,Rain,Suburban,59,40,12,4,3,57
17,0,Clear,Urban,55,38,19,3,4,52
6,0,Clear,Urban,60,23,12,1,2,24
20,0,Rain,Suburban,61,27,6,3,2,16
20,0,Clear,Highway,57,14,13,4,2,42
10,0,Clear,Urban,69,27,9,2,4,26
5,1,Clear,Urban,81,5,3,1,1,3
9,1,Clear,Suburban,58,41,13,6,6,41
22,0,Clear,Urban,44,23,5,2,2,44
6,1,Clear,Suburban,83,14,11,3,4,23
22,1,Rain,Highway,81,16,8,1,2,24
16,1,Rain,Highway,77,11,7,4,4,20
0,0,Clear,Suburban,75,8,2,1,2,9
16,0,Clear,Urban,43,28,11,1,3,43
16,0,Clear,Urban,84,29,9,2,3,21
8,0,Fog,Suburban,41,48,13,5,6,54
15,0,Fog,Suburban,75,23,7,3,4,29
22,0,Clear,Suburban,69,19,13,1,2,32
16,0,Rain,Suburban,82,12,11,4,3,36
6,0,Clear,Highway,46,28,5,1,2,41
1,1,Clear,Suburban,79,4,3,0,1,4
7,0,Clear,Suburban,24,47,21,3,5,97
14,1,Clear,Urban,73,17,11,4,4,20
21,0,Clear,Urban,74,25,8,3,3,29
8,0,Clear,Highway,33,34,23,3,3,89
17,0,Clear,Highway,21,55,10,3,5,73
9,1,Clear,Suburban,41,34,13,6,2,43
15,0,Clear,Urban,76,18,7,4,3,36
5,0,Clear,Suburban,86,9,3,0,1,16
22,0,Rain,Urban,62,13,6,4,3,27
21,0,Clear,Highway,47,18,6,2,2,45
12,0,Clear,Suburban,81,14,11,2,3,25
19,0,Rain,Highway,42,41,18,6,6,60
11,0,Rain,Urban,81,21,9,2,4,24
11,0,Clear,Urban,86,25,5,2,2,33
11,0,Clear,Urban,88,29,8,3,3,35
10,0,Clear,Highway,80,24,11,1,2,37
20,0,Rain,Suburban,81,19,11,4,3,25
8,0,Clear,Urban,27,39,16,6,3,80
17,0,Clear,Suburban,47,37,19,6,4,67
19,0,Clear,Urban,34,48,21,3,2,96
10,0,Clear,Highway,82,26,5,4,4,38
13,1,Clear,Suburban,87,14,9,1,4,22
21,1,Clear,Highway,64,16,10,3,4,28
6,1,Clear,Suburban,75,13,8,2,4,27
5,1,Clear,Urban,69,8,2,1,2,5
2,1,Clear,Suburban,64,6,3,0,1,10
21,1,Clear,Urban,63,15,10,4,2,21
14,0,Clear,Suburban,77,18,9,1,2,27
2,1,Clear,Urban,66,8,2,1,1,8
9,0,Clear,Suburban,54,57,21,7,5,70
6,0,Clear,Suburban,51,23,11,2,4,45
17,0,Rain,Highway,51,30,12,6,3,52
8,0,Clear,Urban,50,54,21,7,5,59
15,0,Clear,Suburban,86,29,11,4,3,20
17,0,Clear,Highway,20,53,22,6,5,77
17,0,Fog,Highway,57,32,12,7,6,47
3,1,Clear,Suburban,73,8,3,0,2,13
11,0,Rain,Urban,85,19,14,4,2,32
15,0,Fog,Highway,78,22,7,2,2,16
16,0,Clear,Urban,82,14,11,2,4,35
9,0,Rain,Highway,46,31,18,7,2,70
11,0,Clear,Highway,47,13,13,4,2,49
5,0,Rain,Suburban,78,4,3,1,1,15
13,1,Clear,Highway,81,20,7,4,4,30
15,0,Clear,Urban,67,13,13,3,4,24
8,0,Clear,Highway,32,57,21,7,3,87
22,0,Clear,Urban,78,24,12,3,2,28
4,0,Fog,Urban,68,4,3,1,1,4
9,0,Clear,Urban,33,45,20,5,5,91
3,1,Rain,Urban,83,4,2,0,2,2
1,0,Clear,Suburban,85,7,4,1,1,12
12,0,Rain,Urban,75,27,7,4,2,24
0,0,Clear,Suburban,80,3,3,1,1,19
13,1,Rain,Suburban,82,20,11,2,2,16
14,1,Clear,Highway,85,9,13,2,3,14
10,1,Fog,Highway,75,18,8,4,3,9
7,1,Clear,Suburban,84,42,21,5,3,37
8,0,Clear,Highway,50,56,12,5,6,55
3,0,Clear,Highway,63,9,1,1,2,16
12,0,Clear,Suburban,72,25,13,2,2,28
22,0,Rain,Highway,74,21,8,4,3,26
2,0,Clear,Urban,71,4,4,0,1,17
8,0,Clear,Urban,57,47,12,7,3,64
8,0,Rain,Suburban,38,48,12,4,5,72
18,0,Fog,Highway,43,58,20,3,5,57
13,1,Clear,Suburban,75,20,11,1,2,28
14,1,Clear,Suburban,77,12,5,2,4,24
8,0,Clear,Suburban,54,55,21,7,4,57
20,0,Fog,Highway,63,17,8,1,4,18
18,0,Clear,Urban,59,42,16,5,6,59
20,1,Rain,Urban,71,17,14,2,3,26
11,0,Fog,Suburban,86,21,14,2,3,28
18,0,Clear,Highway,59,59,24,5,2,57
9,0,Clear,Highway,42,58,16,5,5,55
8,0,Clear,Suburban,44,31,18,5,2,70
8,0,Fog,Suburban,78,48,21,5,5,32
6,0,Clear,Highway,62,18,7,1,2,23
10,1,Fog,Suburban,79,14,11,3,3,9
7,1,Clear,Highway,40,29,10,7,2,62
13,1,Clear,Suburban,72,17,10,4,2,16
15,0,Rain,Suburban,89,21,10,2,3,24
18,0,Fog,Suburban,51,32,22,5,4,51
14,1,Clear,Urban,66,12,14,3,2,32
17,0,Rain,Urban,40,30,12,4,5,47
21,0,Fog,Suburban,64,26,6,3,2,24
17,0,Clear,Suburban,26,56,16,3,6,71
17,1,Clear,Urban,41,30,11,3,6,58
18,0,Clear,Highway,29,35,18,6,3,83
23,0,Fog,Urban,89,18,8,2,2,19
0,0,Clear,Suburban,75,5,1,1,1,16
7,0,Rain,Urban,48,52,17,7,3,69
6,1,Clear,Highway,84,22,8,2,4,19
0,1,Clear,Urban,88,8,1,1,2,7
21,0,Clear,Suburban,69,18,10,4,3,39
7,1,Clear,Urban,59,40,11,3,5,43
16,0,Clear,Suburban,73,21,12,2,3,40
4,0,Fog,Urban,83,11,3,1,1,4
18,0,Clear,Suburban,56,52,21,3,6,60
7,0,Clear,Suburban,21,56,11,3,3,99
23,0,Rain,Urban,66,14,13,3,2,38
23,1,Clear,Highway,74,11,11,3,2,20
8,0,Clear,Suburban,36,57,19,6,4,82
7,0,Clear,Urban,53,56,23,4,2,56
19,0,Clear,Highway,49,43,14,5,3,52
2,0,Clear,Suburban,68,6,2,0,2,17
10,0,Clear,Urban,41,25,5,1,4,49
3,0,Rain,Suburban,66,8,4,1,1,4
16,0,Clear,Highway,67,19,14,2,3,31
17,0,Clear,Highway,23,49,10,3,3,79
21,0,Clear,Highway,73,12,6,4,4,39
4,0,Clear,Urban,67,10,3,1,2,5
23,0,Clear,Urban,86,26,5,4,2,28
22,1,Clear,Highway,85,16,13,4,4,21
4,0,Rain,Urban,88,6,2,0,2,11
19,0,Clear,Urban,28,30,24,3,5,91
4,1,Clear,Highway,82,5,1,0,2,13
4,0,Clear,Suburban,76,8,4,1,1,10
4,0,Fog,Highway,73,11,3,1,1,9
12,0,Fog,Suburban,73,27,7,1,2,22
14,0,Clear,Suburban,47,15,10,4,2,43
10,1,Clear,Urban,66,11,10,3,4,20
20,0,Clear,Urban,57,13,11,1,4,45
9,0,Clear,Urban,39,51,16,5,6,73
18,0,Clear,Urban,42,56,17,6,4,56
7,0,Rain,Urban,54,31,10,5,3,57
1,0,Rain,Urban,68,10,3,0,1,4
2,0,Rain,Suburban,77,8,2,0,2,12
21,1,Clear,Urban,66,20,9,3,2,24
23,0,Fog,Suburban,68,15,8,2,4,28
20,0,Clear,Urban,66,23,9,1,2,28
9,0,Rain,Suburban,45,46,20,4,3,64
20,0,Fog,Suburban,79,23,10,2,4,21
11,1,Rain,Highway,81,20,6,2,4,14
4,0,Clear,Suburban,75,4,3,1,1,7
23,0,Fog,Urban,80,25,12,2,4,22
13,1,Clear,Highway,70,14,13,1,4,14
13,1,Clear,Urban,63,20,10,3,3,25
1,1,Rain,Suburban,82,2,3,1,1,4
9,1,Clear,Suburban,58,26,16,4,3,67
19,0,Rain,Urban,51,56,17,4,5,56
14,1,Clear,Suburban,89,12,7,1,2,27
10,0,Clear,Highway,71,18,12,4,3,28
19,0,Clear,Urban,44,42,16,4,6,50
5,0,Clear,Highway,81,4,4,0,1,6
11,0,Clear,Highway,87,17,8,3,3,31
20,0,Fog,Highway,77,20,8,3,3,21
17,1,Clear,Suburban,43,40,19,4,2,57
17,0,Clear,Urban,36,40,18,7,5,84
3,0,Clear,Urban,85,4,4,1,2,8
13,0,Clear,Urban,89,26,13,3,2,38
20,0,Clear,Highway,53,27,10,4,4,43
16,1,Clear,Urban,77,14,8,2,3,21
8,0,Rain,Highway,42,41,23,7,4,43
2,1,Clear,Urban,81,6,2,1,2,11
6,0,Clear,Highway,67,19,5,2,2,32
18,1,Clear,Urban,87,26,24,3,4,36
9,0,Fog,Suburban,81,52,11,4,5,33
5,0,Clear,Suburban,81,3,1,0,2,17
11,0,Clear,Highway,81,21,11,2,4,24
1,0,Rain,Highway,70,3,3,1,1,10
6,1,Clear,Urban,74,21,9,3,3,28
19,0,Clear,Urban,33,59,12,3,3,83
6,0,Clear,Highway,44,21,14,2,3,42
11,1,Rain,Highway,89,12,8,3,4,18
7,0,Clear,Urban,42,57,23,5,2,50
12,0,Clear,Highway,87,12,5,3,4,30
6,0,Rain,Suburban,77,12,9,2,3,34
17,0,Clear,Highway,33,33,16,5,6,95
23,1,Clear,Suburban,75,10,12,3,4,18
5,0,Clear,Suburban,85,11,2,0,1,8
18,1,Clear,Urban,59,29,21,5,6,44
22,1,Clear,Highway,68,10,7,2,4,28
10,0,Clear,Urban,54,29,5,4,4,41
11,0,Fog,Urban,78,16,7,2,2,24
11,0,Clear,Highway,64,27,5,2,4,29
6,0,Clear,Urban,63,26,8,4,3,28
14,0,Fog,Urban,68,13,14,1,4,15
3,0,Clear,Highway,65,11,1,0,2,5
2,0,Clear,Suburban,76,9,1,1,1,5
22,0,Clear,Suburban,82,26,14,2,4,33
10,0,Clear,Highway,82,26,12,4,2,24
15,0,Clear,Highway,69,13,6,3,2,20
14,0,Clear,Urban,40,12,6,3,2,48
8,0,Clear,Urban,57,49,16,6,5,64
19,0,Clear,Urban,23,55,23,7,2,82
12,0,Clear,Highway,63,24,6,2,4,35
19,1,Clear,Highway,52,39,11,4,5,55
18,0,Clear,Suburban,42,42,20,4,4,59
3,1,Clear,Highway,60,6,1,0,2,13
21,1,Clear,Urban,65,17,8,1,4,21
18,1,Clear,Urban,40,44,11,5,5,69
16,1,Clear,Suburban,77,18,8,3,4,32
5,0,Rain,Highway,68,3,2,1,1,8
11,1,Clear,Highway,85,16,11,1,3,32
2,0,Clear,Highway,74,4,3,0,2,17
5,0,Clear,Urban,71,5,3,1,1,13
21,0,Clear,Suburban,81,13,8,4,2,26
6,0,Clear,Urban,43,22,11,4,3,44
8,0,Clear,Urban,50,53,13,5,6,58
21,0,Clear,Suburban,68,19,13,2,2,30
19,1,Rain,Highway,57,25,16,7,2,55
13,0,Clear,Highway,44,17,5,4,4,49
20,1,Clear,Highway,88,16,14,3,4,14
4,0,Clear,Urban,89,5,1,0,2,11
10,1,Clear,Suburban,83,16,8,3,2,16
2,0,Rain,Suburban,64,10,4,0,2,15
12,0,Clear,Urban,81,20,14,4,4,40
5,0,Rain,Highway,80,6,3,1,1,8
5,1,Clear,Highway,80,8,4,1,1,5
19,1,Fog,Urban,74,26,10,7,2,34
6,0,Clear,Suburban,78,21,13,3,4,24
4,0,Clear,Highway,71,5,1,1,1,17
6,0,Rain,Urban,82,27,5,1,4,37
9,1,Clear,Urban,59,29,20,5,4,56
20,0,Clear,Suburban,47,29,6,3,4,46
13,1,Clear,Highway,74,17,6,2,4,26
18,1,Fog,Highway,84,32,12,7,2,37
21,0,Clear,Highway,67,28,6,1,2,31
3,0,Clear,Highway,71,3,2,1,2,19
23,0,Rain,Urban,66,29,13,3,2,21
0,1,Rain,Highway,75,8,2,0,2,8
23,1,Clear,Highway,68,14,5,1,4,25
11,1,Rain,Highway,84,20,10,2,3,25
7,0,Clear,Urban,29,41,22,6,6,76
7,0,Clear,Suburban,33,56,16,4,3,86
9,0,Clear,Highway,26,33,23,3,2,80
22,0,Fog,Highway,87,21,9,4,2,19
10,0,Rain,Suburban,89,27,6,4,3,22
6,1,Fog,Urban,63,13,10,1,2,12
17,0,Clear,Urban,35,53,19,5,4,93
20,1,Clear,Suburban,87,12,9,4,3,34
19,1,Clear,Highway,66,30,15,7,2,38
8,0,Rain,Highway,47,47,13,7,2,52
21,1,Clear,Urban,88,17,8,2,3,19
14,0,Clear,Suburban,82,22,9,3,4,32
2,0,Clear,Suburban,73,6,1,1,2,12
17,0,Clear,Urban,25,37,17,5,6,85
8,0,Clear,Suburban,41,42,17,6,6,63
4,0,Clear,Highway,71,7,4,0,2,8
13,0,Clear,Highway,68,14,12,4,4,24
22,1,Clear,Urban,74,13,8,1,3,15
13,0,Clear,Suburban,62,18,13,4,3,31
21,0,Clear,Urban,65,19,9,2,4,38
6,0,Clear,Urban,61,12,12,1,2,23
3,1,Clear,Suburban,73,5,1,1,2,8
4,1,Clear,Urban,82,2,2,1,1,7
9,0,Rain,Highway,35,54,21,7,3,73
11,0,Fog,Urban,86,17,9,2,3,27
4,0,Rain,Suburban,88,6,1,0,1,5
12,0,Clear,Urban,57,27,5,3,3,43
1,0,Clear,Suburban,70,7,4,0,1,8
3,0,Rain,Urban,77,5,2,0,2,8
18,0,Rain,Suburban,24,51,20,4,2,79
11,1,Fog,Highway,78,9,5,3,4,10
14,0,Clear,Highway,44,20,14,3,2,45
19,0,Clear,Urban,41,58,20,6,5,54
4,1,Clear,Suburban,76,6,1,0,1,9
7,1,Clear,Urban,49,42,23,4,6,66
13,0,Rain,Suburban,78,17,12,1,2,19
16,1,Clear,Highway,71,21,6,3,3,31
20,1,Fog,Urban,75,11,9,1,2,12
9,0,Clear,Urban,26,39,18,5,6,71
14,1,Clear,Urban,77,11,11,3,3,33
17,0,Rain,Highway,51,39,19,7,5,55
21,0,Clear,Suburban,73,22,11,4,4,39
5,0,Fog,Urban,80,6,1,1,1,4
16,0,Clear,Urban,63,19,11,2,4,22
0,0,Clear,Suburban,65,6,4,1,2,6
22,0,Fog,Suburban,66,14,6,4,2,21
1,0,Clear,Urban,74,3,1,0,1,14
6,0,Clear,Highway,70,21,13,1,3,38
13,0,Clear,Urban,49,27,12,3,3,44
2,0,Rain,Urban,69,3,2,1,2,8
12,0,Fog,Suburban,60,13,5,4,4,27
17,1,Rain,Highway,66,34,12,4,6,35
18,1,Clear,Highway,49,24,10,5,4,44
19,0,Fog,Urban,56,34,23,3,5,53
10,0,Clear,Suburban,66,24,10,2,4,27
18,0,Clear,Suburban,28,33,11,4,2,82
13,1,Rain,Urban,68,22,6,4,4,14
11,0,Fog,Urban,70,23,8,2,4,23
12,0,Clear,Urban,85,24,5,2,2,39
18,0,Clear,Highway,52,46,12,7,5,50
8,1,Clear,Suburban,48,39,14,7,4,64
11,0,Clear,Suburban,81,14,11,2,4,33
7,1,Clear,Urban,40,34,20,7,3,44
16,1,Clear,Suburban,70,17,7,2,2,15
8,0,Clear,Urban,21,35,23,4,2,82
18,0,Clear,Suburban,56,39,22,3,3,51
21,1,Clear,Urban,73,14,10,1,2,32
19,0,Fog,Urban,71,59,10,7,5,33
1,0,Clear,Suburban,81,6,1,1,2,13
0,0,Clear,Highway,67,4,4,0,2,9
17,1,Clear,Urban,53,43,16,3,3,56
2,0,Fog,Urban,71,9,3,0,2,6
8,0,Rain,Highway,48,30,10,7,6,62
14,0,Clear,Urban,74,17,7,2,2,31
12,1,Fog,Highway,87,23,14,4,2,18
13,0,Clear,Urban,52,19,5,3,4,49
6,0,Clear,Highway,43,27,10,4,3,47
8,0,Rain,Highway,47,41,22,6,6,55
1,0,Clear,Suburban,78,10,1,1,2,18
5,1,Rain,Urban,75,4,2,1,1,4
11,0,Clear,Suburban,62,20,8,3,3,28
7,0,Clear,Suburban,46,45,18,6,3,62
14,0,Rain,Suburban,75,13,8,4,4,31
22,1,Clear,Suburban,70,20,8,3,2,24
17,1,Rain,Urban,73,37,19,7,2,39
10,1,Clear,Highway,68,16,9,3,4,25
5,1,Clear,Highway,73,5,4,0,2,13
0,0,Clear,Urban,61,7,2,0,2,17
8,0,Clear,Suburban,31,42,17,4,3,73
8,0,Rain,Urban,50,57,12,6,2,43
14,0,Rain,Urban,63,21,5,1,4,37
12,1,Clear,Urban,65,22,8,1,4,14
1,0,Clear,Highway,70,8,4,0,2,6
0,1,Clear,Suburban,83,8,3,0,1,7
12,0,Rain,Urban,74,19,10,1,2,19
2,0,Clear,Suburban,76,4,4,0,1,8
6,1,Fog,Highway,88,13,11,1,4,16
8,0,Clear,Suburban,22,42,15,4,6,71
16,0,Rain,Suburban,84,22,14,2,2,39
9,1,Clear,Suburban,57,44,23,6,6,56
11,1,Clear,Suburban,68,16,7,2,4,25
3,1,Fog,Suburban,65,4,3,1,1,1
9,0,Clear,Urban,24,41,23,6,5,80
16,0,Rain,Suburban,67,20,12,4,3,26
15,0,Clear,Suburban,89,17,8,3,2,36
1,0,Clear,Urban,70,5,1,1,1,19
15,1,Clear,Urban,61,23,7,3,2,25
14,0,Rain,Suburban,62,20,5,3,2,35
14,0,Clear,Highway,49,23,6,4,2,43
5,0,Clear,Urban,74,10,4,1,2,8
22,0,Fog,Highway,71,26,9,1,4,28
23,0,Rain,Suburban,68,19,8,4,2,24
15,0,Clear,Highway,85,14,5,2,4,32
4,1,Rain,Highway,74,8,4,0,1,4
1,0,Clear,Highway,80,9,3,0,2,19
22,0,Clear,Urban,75,14,8,3,4,31
8,0,Clear,Suburban,53,44,10,6,3,70
21,0,Fog,Highway,66,25,9,3,4,24
18,1,Clear,Highway,87,38,16,4,3,35
3,0,Clear,Urban,83,10,3,1,1,17
2,0,Clear,Highway,77,11,3,1,1,19
8,1,Clear,Highway,59,31,11,5,5,46
23,1,Clear,Highway,73,20,10,3,2,25
15,0,Rain,Urban,65,15,12,2,3,34
6,0,Clear,Urban,67,12,6,3,3,38
2,0,Clear,Suburban,87,9,2,1,1,16
4,0,Rain,Highway,75,5,1,0,1,12
16,0,Clear,Suburban,73,20,5,2,2,22
7,0,Fog,Highway,51,54,18,4,6,58
15,0,Clear,Urban,75,14,9,1,4,23
5,1,Clear,Urban,68,8,3,0,2,11
7,0,Clear,Suburban,25,45,12,5,4,81
18,1,Fog,Highway,73,42,20,3,3,26
10,0,Clear,Suburban,42,19,9,1,4,45
4,1,Clear,Highway,82,8,3,1,1,6
9,1,Clear,Highway,57,45,22,4,2,54
21,0,Clear,Suburban,67,15,8,1,2,39
15,1,Clear,Highway,67,18,12,3,4,32
5,0,Clear,Urban,65,3,2,0,1,16
22,0,Clear,Highway,66,18,11,3,4,33
20,0,Clear,Suburban,47,29,10,2,2,44
2,0,Clear,Urban,71,11,1,1,1,17
5,0,Fog,Urban,69,6,4,1,1,7
3,0,Fog,Urban,85,6,3,0,2,3
18,0,Clear,Urban,49,51,22,7,5,62
21,0,Clear,Suburban,66,18,13,2,2,37
21,0,Clear,Urban,64,18,14,1,3,31
0,0,Clear,Suburban,66,3,1,1,1,12
19,0,Rain,Urban,57,41,11,6,5,58
6,1,Clear,Highway,87,20,9,3,4,19
7,0,Clear,Urban,40,30,12,6,4,59
6,0,Clear,Urban,88,20,7,1,4,39
7,0,Clear,Urban,47,52,13,3,4,60
2,0,Fog,Highway,60,9,3,1,2,7
9,0,Clear,Highway,33,32,23,5,2,84
2,0,Clear,Urban,87,7,1,1,1,15
3,0,Clear,Urban,69,11,1,1,2,13
2,1,Clear,Urban,64,5,2,1,2,3
17,0,Clear,Highway,20,39,23,6,6,71
8,0,Fog,Highway,71,33,15,5,4,39
3,0,Clear,Suburban,66,3,4,1,1,18
1,0,Clear,Suburban,87,5,3,1,1,12
13,1,Clear,Suburban,70,18,10,2,2,16
21,1,Clear,Urban,64,20,11,2,4,34
20,0,Clear,Highway,63,17,7,3,3,33
22,0,Clear,Urban,66,28,8,1,2,29
19,0,Clear,Highway,59,44,21,3,5,64
5,0,Clear,Suburban,86,6,2,0,1,10
2,0,Clear,Suburban,89,5,2,0,1,8
21,1,Clear,Highway,69,20,5,2,2,23
8,1,Rain,Suburban,54,24,14,6,2,48
8,0,Clear,Highway,26,43,18,3,2,95
5,1,Clear,Highway,81,3,1,0,1,6
1,1,Clear,Urban,66,8,1,0,1,10
4,1,Rain,Highway,69,7,2,0,1,7
8,0,Fog,Urban,70,55,15,3,5,39
10,0,Clear,Urban,47,17,13,4,3,42
21,1,Clear,Highway,81,10,10,4,2,14
7,0,Clear,Urban,35,50,22,7,6,71
1,1,Clear,Urban,75,8,1,0,2,4
23,0,Fog,Urban,63,17,10,2,4,18
8,0,Clear,Urban,21,40,12,5,3,75
21,0,Clear,Highway,54,24,9,4,4,41
22,0,Fog,Suburban,73,22,10,1,4,25
1,1,Clear,Urban,83,6,1,1,2,5
11,0,Clear,Highway,64,16,11,4,4,38
22,0,Rain,Urban,63,12,12,2,3,28
18,1,Clear,Urban,78,40,16,7,3,35
9,1,Clear,Urban,64,40,12,7,3,39
1,0,Clear,Suburban,72,5,4,0,2,8
3,1,Rain,Urban,85,4,2,1,2,6
1,1,Rain,Highway,64,8,2,1,2,6
6,1,Clear,Urban,71,14,5,4,2,16
13,1,Rain,Highway,72,12,11,2,3,14
15,0,Clear,Urban,42,13,14,4,2,44
14,0,Clear,Urban,46,23,10,2,2,45
0,0,Clear,Highway,75,4,3,1,2,15
9,0,Clear,Suburban,56,54,21,3,2,59
13,0,Clear,Urban,60,16,12,1,4,31
22,0,Clear,Urban,52,26,14,2,2,43
3,1,Rain,Suburban,69,4,4,1,1,4
2,0,Clear,Suburban,79,11,3,0,2,15
12,0,Rain,Highway,66,19,7,1,4,20
4,1,Clear,Urban,86,8,4,1,2,7
9,1,Clear,Urban,49,29,14,4,3,60
0,0,Clear,Highway,69,8,1,0,1,12
3,0,Clear,Suburban,60,6,4,0,1,6
22,0,Rain,Suburban,69,14,12,4,3,27
14,1,Clear,Urban,88,10,7,3,3,25
17,0,Clear,Urban,47,52,16,7,6,58
7,0,Clear,Highway,33,42,12,3,5,78
18,1,Clear,Highway,49,27,20,6,4,56
6,1,Fog,Highway,65,13,10,3,4,18
22,0,Clear,Highway,66,19,14,3,3,32
4,0,Clear,Highway,62,5,4,1,1,8
1,1,Rain,Highway,72,5,2,0,1,3
15,0,Rain,Suburban,88,12,14,4,3,21
21,0,Clear,Highway,42,23,9,2,3,47
7,1,Clear,Urban,51,45,10,5,2,67
21,1,Rain,Urban,79,23,6,4,4,14
21,0,Clear,Urban,48,18,10,4,2,43
9,1,Clear,Urban,48,44,23,3,6,60
11,0,Clear,Urban,58,28,5,2,3,48
10,0,Rain,Urban,85,29,6,3,2,16
7,0,Clear,Suburban,24,52,24,4,2,95
10,0,Clear,Highway,67,23,9,1,3,24
6,0,Rain,Urban,60,14,9,1,3,26
16,0,Clear,Suburban,71,26,10,3,2,20
19,0,Rain,Urban,50,34,20,7,6,49
17,0,Clear,Highway,33,45,22,5,2,76
0,1,Rain,Highway,82,3,1,1,1,5
8,0,Rain,Suburban,55,51,10,7,6,68
23,0,Clear,Highway,56,26,12,1,3,47
2,0,Clear,Suburban,82,10,2,0,1,7
18,0,Clear,Urban,22,54,22,4,5,78
16,0,Clear,Highway,77,29,6,3,2,40
4,0,Clear,Urban,86,8,4,0,2,15
11,0,Clear,Suburban,56,17,8,3,4,45
20,0,Clear,Urban,89,29,8,2,4,36
19,0,Clear,Urban,51,43,24,7,4,69
18,1,Clear,Highway,53,40,23,6,6,44
1,1,Clear,Highway,75,4,1,0,1,7
15,0,Clear,Highway,49,14,5,3,4,48
4,1,Clear,Suburban,74,2,3,1,2,5
0,0,Clear,Highway,84,3,4,1,1,19
21,0,Clear,Highway,80,24,5,2,2,35
10,0,Clear,Urban,55,22,12,3,4,46
20,0,Clear,Suburban,49,21,9,2,2,46
17,0,Clear,Highway,49,52,12,5,6,51
5,0,Clear,Highway,89,9,1,0,2,9
13,1,Rain,Suburban,75,12,9,3,4,18
12,0,Clear,Highway,67,24,7,4,4,33
9,1,Clear,Suburban,40,41,14,4,5,60
13,0,Clear,Suburban,50,20,14,4,4,49
19,0,Clear,Highway,46,59,11,6,6,64
15,1,Clear,Urban,64,14,6,1,3,28
19,0,Clear,Suburban,36,35,20,7,4,72
10,0,Clear,Urban,86,22,12,2,4,36
16,0,Clear,Urban,77,15,12,4,2,23
6,0,Clear,Highway,69,13,13,2,2,32
18,0,Clear,Highway,31,56,12,5,6,73
13,0,Clear,Suburban,75,13,13,2,2,32
12,1,Clear,Urban,69,9,11,2,4,23
16,0,Clear,Urban,56,17,7,4,2,42
0,0,Clear,Urban,71,6,3,0,2,12
20,0,Clear,Urban,67,27,8,1,4,30
18,0,Clear,Urban,39,50,20,6,5,98
19,1,Clear,Highway,49,31,16,5,4,69
0,0,Clear,Urban,62,4,1,1,1,11
10,0,Clear,Urban,87,13,13,2,2,35
5,0,Clear,Highway,60,9,1,1,2,6
14,0,Clear,Suburban,46,26,5,3,3,43
4,0,Rain,Suburban,60,7,2,0,2,8
1,0,Clear,Highway,76,10,2,1,1,17
10,0,Clear,Urban,88,25,9,4,3,31
3,1,Clear,Suburban,75,7,1,0,1,12
10,0,Clear,Urban,51,18,9,2,3,48
2,0,Clear,Suburban,62,10,3,0,2,16
16,0,Clear,Highway,54,24,7,1,2,48
14,0,Clear,Urban,83,27,5,4,3,27
5,1,Fog,Urban,72,5,3,1,1,3
23,0,Rain,Highway,72,17,11,4,4,32
19,1,Rain,Highway,73,39,15,4,3,30
0,0,Rain,Urban,65,3,4,0,2,6
19,0,Clear,Urban,51,38,16,3,3,50
11,0,Clear,Highway,85,17,5,4,2,20
3,0,Rain,Urban,66,5,4,0,1,9
22,0,Fog,Urban,71,14,6,1,4,22
5,0,Clear,Urban,69,6,2,0,1,16
10,1,Clear,Suburban,84,17,13,4,4,14
13,0,Clear,Suburban,66,20,10,1,4,21
5,0,Clear,Urban,79,5,1,1,2,19
9,0,Rain,Suburban,53,50,14,6,3,46
23,1,Clear,Suburban,79,16,9,1,4,20
22,0,Clear,Suburban,83,17,13,1,3,35
15,1,Clear,Suburban,83,12,6,1,3,29
8,0,Clear,Highway,52,30,21,6,4,66
17,0,Clear,Urban,24,41,14,5,3,86
14,0,Clear,Urban,62,23,12,3,2,35
20,1,Rain,Highway,71,16,5,1,2,16
5,0,Clear,Urban,80,6,2,1,1,18
23,0,Clear,Highway,62,29,8,2,2,37
11,0,Clear,Urban,71,12,9,4,2,37
6,0,Clear,Suburban,61,26,8,3,2,31
2,0,Clear,Suburban,73,3,4,0,2,12
20,0,Clear,Urban,71,28,12,2,2,28
12,0,Clear,Suburban,60,18,9,3,2,33
12,1,Rain,Urban,61,11,9,1,2,16
10,0,Clear,Suburban,67,20,7,3,2,27
0,0,Rain,Urban,66,7,1,0,2,12
13,0,Clear,Suburban,85,23,6,2,4,30
1,0,Clear,Urban,77,10,4,0,2,14
20,0,Rain,Suburban,65,19,6,1,2,35
23,0,Rain,Suburban,77,28,7,1,4,25
0,0,Clear,Suburban,70,3,2,0,1,5
17,1,Rain,Suburban,62,44,21,5,6,40
14,0,Clear,Highway,56,21,7,3,2,41
6,0,Clear,Highway,88,16,9,4,2,25
1,0,Clear,Suburban,67,9,3,0,1,9
15,0,Clear,Highway,40,12,14,3,2,42
9,1,Clear,Urban,49,28,15,3,6,41
7,0,Clear,Suburban,21,38,14,7,4,73
21,0,Clear,Urban,86,25,6,1,3,33
17,0,Clear,Urban,27,58,24,3,6,92
17,0,Clear,Suburban,21,38,22,5,6,73
4,0,Clear,Highway,75,5,2,1,2,16
11,1,Clear,Highway,79,21,13,4,4,14
0,1,Rain,Suburban,85,5,4,0,2,3
6,0,Clear,Urban,50,23,13,3,4,46
7,0,Rain,Highway,42,51,16,3,6,67
15,0,Clear,Urban,52,20,6,1,4,41
17,0,Clear,Suburban,49,32,10,6,6,56
6,1,Rain,Highway,74,9,12,1,3,12
19,1,Clear,Urban,48,38,19,5,4,56
10,0,Clear,Suburban,65,21,11,4,2,26
12,0,Clear,Urban,79,26,7,1,3,34
10,0,Clear,Urban,57,17,11,4,2,43
9,0,Clear,Suburban,33,32,13,7,2,83
5,0,Rain,Suburban,83,10,1,1,2,7
13,1,Clear,Urban,85,9,13,4,2,31
22,0,Fog,Suburban,73,12,5,1,4,15
16,1,Rain,Urban,63,22,9,2,3,12
2,0,Clear,Highway,82,7,3,0,2,8
12,1,Clear,Urban,85,13,6,1,3,14
10,0,Rain,Urban,75,16,12,2,4,16
11,0,Clear,Urban,83,20,8,2,3,38
7,1,Rain,Suburban,81,24,21,6,6,33
21,0,Rain,Suburban,65,18,10,1,2,17
15,0,Clear,Suburban,70,26,7,1,3,35
23,0,Rain,Urban,79,12,13,4,3,24
14,1,Clear,Suburban,70,10,11,2,4,18
5,0,Clear,Urban,78,3,1,0,2,9
10,0,Clear,Urban,67,17,13,2,3,26
13,0,Clear,Urban,72,19,9,3,4,34
9,0,Clear,Urban,24,53,17,4,5,97
14,0,Clear,Suburban,48,23,13,4,3,42
11,1,Clear,Suburban,70,17,5,3,2,16
12,0,Clear,Highway,89,27,14,2,2,24
9,0,Clear,Urban,31,57,22,7,3,88
19,0,Clear,Suburban,46,59,16,5,6,66
9,0,Clear,Suburban,46,47,22,4,4,67
18,0,Clear,Highway,49,48,13,7,4,68
4,0,Clear,Highway,83,10,1,0,1,15
16,0,Clear,Suburban,85,19,7,2,4,21
3,1,Clear,Urban,73,4,3,1,1,13
16,0,Clear,Urban,66,25,5,2,3,33
4,0,Clear,Urban,63,6,3,1,1,7
6,0,Clear,Urban,76,17,9,4,3,22
8,0,Clear,Urban,46,37,22,4,4,61
23,0,Clear,Urban,70,24,9,3,3,30
7,0,Fog,Urban,60,57,17,4,6,34
12,1,Clear,Suburban,78,23,8,2,4,16
17,0,Rain,Suburban,44,53,22,6,2,61
1,1,Clear,Urban,77,4,4,1,1,10
15,0,Rain,Urban,65,26,14,3,3,28
15,0,Clear,Suburban,84,16,13,3,2,30
20,1,Clear,Suburban,88,20,6,2,3,28
7,0,Rain,Highway,58,31,12,4,5,56
15,0,Clear,Suburban,51,20,13,1,2,43
13,0,Clear,Urban,45,24,8,1,4,43
16,0,Clear,Urban,62,13,11,3,3,30
0,1,Clear,Highway,68,3,1,1,2,3
0,0,Clear,Highway,77,3,2,1,2,11
17,0,Clear,Urban,38,52,16,5,6,75
6,1,Clear,Highway,79,11,9,4,4,16
6,0,Clear,Suburban,47,29,10,4,2,47
15,0,Clear,Suburban,67,29,14,4,3,38
14,0,Clear,Urban,80,20,8,4,4,38
6,0,Fog,Highway,86,12,12,4,2,20
8,0,Clear,Suburban,46,49,18,6,5,58
7,0,Clear,Suburban,53,50,15,5,4,70
17,0,Clear,Highway,35,40,14,4,2,86
6,0,Rain,Urban,79,15,7,4,4,22
9,1,Rain,Highway,53,34,11,4,4,48
16,0,Clear,Highway,69,26,9,2,2,22
19,1,Clear,Suburban,45,31,24,4,5,51
1,0,Clear,Highway,79,4,4,0,1,7
22,0,Rain,Highway,86,23,7,4,4,36
15,0,Rain,Suburban,86,19,8,4,4,21
3,0,Clear,Suburban,62,11,2,0,2,14
4,0,Clear,Suburban,78,6,4,0,1,17
3,0,Clear,Suburban,70,11,2,0,2,19
0,0,Clear,Urban,63,9,3,0,1,14
18,1,Clear,Highway,57,36,19,6,4,49
5,0,Rain,Urban,80,7,3,0,1,6
7,0,Clear,Suburban,49,33,18,6,5,50
17,1,Clear,Highway,57,44,10,7,2,67
22,1,Clear,Highway,61,11,5,1,4,14
4,0,Clear,Urban,78,9,4,1,2,8
6,1,Rain,Urban,61,16,6,3,2,12
7,0,Rain,Suburban,57,55,18,5,4,61
14,0,Fog,Suburban,60,15,13,3,2,23
0,0,Clear,Urban,63,10,2,0,2,6
12,1,Clear,Urban,80,21,8,2,4,27
1,1,Clear,Highway,69,3,2,0,1,3
9,0,Clear,Urban,45,53,22,7,6,51
3,0,Fog,Urban,70,3,3,0,2,7
17,0,Clear,Urban,42,53,14,3,4,50
1,0,Clear,Suburban,65,8,1,0,1,5
16,1,Clear,Urban,67,11,9,4,4,34
19,1,Clear,Highway,50,27,16,7,3,48
5,1,Rain,Urban,86,6,2,0,2,10
4,0,Rain,Urban,81,3,2,1,2,15
16,1,Clear,Suburban,66,12,11,4,4,32
5,0,Clear,Suburban,71,11,4,1,1,6
6,0,Clear,Suburban,64,21,9,3,2,38
19,0,Clear,Highway,42,56,17,3,5,70
1,0,Clear,Highway,65,6,3,0,2,7
14,0,Fog,Urban,67,20,14,3,3,24
14,1,Clear,Urban,63,20,13,3,2,28
20,0,Rain,Urban,70,13,6,3,4,35
8,0,Rain,Highway,56,37,15,4,2,43
8,0,Fog,Suburban,40,45,13,5,6,54
10,1,Clear,Suburban,66,16,13,3,2,31
13,0,Clear,Suburban,81,17,14,4,2,36
16,0,Rain,Urban,73,17,6,1,4,36
8,0,Fog,Highway,40,56,19,5,2,49
23,0,Clear,Suburban,80,17,7,4,4,29
9,0,Clear,Urban,48,48,12,6,6,54
20,0,Clear,Suburban,87,27,13,4,4,24
19,0,Clear,Highway,30,52,20,3,3,88
1,0,Clear,Suburban,74,6,3,0,2,19
13,0,Clear,Highway,66,23,7,4,2,30
11,0,Clear,Urban,81,15,5,4,2,31
4,0,Fog,Highway,80,4,2,1,2,6
2,0,Clear,Suburban,71,6,3,1,2,7
5,0,Clear,Highway,86,5,1,1,1,19
2,1,Clear,Suburban,61,6,4,0,1,9
9,1,Rain,Urban,52,29,21,7,6,42
10,0,Clear,Suburban,75,13,5,4,3,34
5,0,Rain,Highway,70,5,4,0,1,12
2,1,Clear,Urban,82,2,4,0,2,7
7,1,Clear,Urban,54,44,15,5,3,46
22,0,Fog,Urban,65,19,7,4,2,24
10,1,Clear,Highway,75,17,10,3,2,32
13,0,Rain,Urban,64,25,11,4,4,23
12,0,Fog,Highway,75,14,10,4,4,19
2,0,Clear,Urban,79,6,1,1,2,19
21,0,Clear,Urban,89,13,8,4,3,25
3,0,Clear,Urban,74,11,2,0,1,7
21,0,Rain,Highway,71,18,6,3,4,31
11,1,Clear,Suburban,72,20,6,2,4,27
0,0,Rain,Suburban,74,8,1,0,1,8
17,0,Rain,Urban,42,55,14,4,4,64
7,0,Rain,Suburban,55,57,15,4,3,46
3,1,Clear,Urban,63,2,1,1,2,8
10,0,Fog,Suburban,87,19,8,3,3,24
17,0,Clear,Urban,38,58,23,7,5,76
21,1,Rain,Urban,77,19,14,2,2,24
11,0,Rain,Suburban,60,17,12,1,2,27
2,1,Rain,Highway,76,7,3,0,1,8
5,0,Clear,Urban,66,3,2,1,2,16
1,0,Clear,Urban,71,5,2,1,2,12
5,1,Rain,Highway,76,3,3,1,1,2
17,0,Rain,Urban,44,54,20,6,5,60
19,0,Fog,Suburban,55,33,20,4,4,45
18,0,Clear,Suburban,31,55,14,4,4,81
0,0,Rain,Suburban,71,8,3,0,2,4
11,1,Clear,Highway,65,11,10,3,3,18
4,0,Rain,Suburban,85,11,3,1,1,12
12,1,Clear,Suburban,67,12,13,2,4,33
21,1,Clear,Urban,79,18,7,4,4,14
22,0,Rain,Highway,79,26,7,1,3,27
0,0,Clear,Highway,78,7,4,1,2,7
6,0,Rain,Urban,82,13,8,3,4,27
5,1,Rain,Highway,68,2,3,0,1,7
16,1,Clear,Highway,60,16,12,2,2,33
13,0,Rain,Highway,67,27,7,3,2,22
8,1,Rain,Highway,58,36,12,6,5,52
15,0,Clear,Urban,54,13,12,3,4,41
12,0,Rain,Suburban,89,27,12,2,3,30
13,0,Fog,Suburban,86,24,6,3,4,14
19,1,Clear,Urban,43,28,16,4,6,46
16,0,Rain,Highway,80,18,12,3,4,24
4,0,Rain,Suburban,60,5,4,1,2,10
8,1,Clear,Suburban,47,24,17,3,2,62
20,0,Rain,Urban,79,28,10,4,2,24
3,1,Clear,Highway,70,4,2,1,2,13
14,0,Clear,Suburban,85,28,11,4,2,25
16,1,Clear,Urban,66,15,5,4,3,19
7,0,Fog,Urban,67,55,18,5,4,39
13,0,Clear,Urban,84,14,6,1,4,25
21,0,Clear,Urban,63,25,11,3,4,40
4,0,Clear,Highway,69,7,2,1,2,10
22,0,Fog,Urban,68,18,9,1,4,24
0,0,Fog,Urban,86,7,4,1,1,6
12,1,Clear,Suburban,87,17,14,3,2,26
19,0,Clear,Suburban,29,55,20,6,3,82
11,1,Clear,Urban,65,18,6,3,2,30
8,1,Rain,Urban,77,32,11,7,6,38
15,0,Clear,Highway,72,19,12,2,4,36
23,0,Rain,Highway,85,15,9,4,2,21
1,0,Rain,Suburban,81,5,3,0,2,11
18,0,Rain,Urban,39,44,23,6,2,73
19,1,Clear,Urban,40,32,19,5,3,65
15,1,Rain,Urban,85,21,14,1,2,16
11,0,Clear,Highway,52,15,12,2,2,49
23,0,Clear,Highway,59,24,8,1,3,48
21,1,Clear,Highway,79,15,5,2,2,25
12,0,Clear,Suburban,49,19,12,2,2,47
12,0,Clear,Highway,74,14,14,2,4,35
20,1,Rain,Urban,63,15,8,2,3,24
16,0,Clear,Highway,45,23,13,2,4,48
6,1,Clear,Highway,60,17,7,2,3,21
23,0,Clear,Suburban,56,27,8,4,3,48
1,0,Clear,Highway,81,11,4,0,2,11
7,0,Clear,Urban,29,44,10,5,2,75
21,0,Clear,Urban,64,17,13,1,4,40
18,0,Clear,Suburban,49,44,22,4,2,53
2,0,Rain,Urban,76,9,1,1,2,6
5,0,Fog,Urban,70,10,2,1,1,6
7,1,Clear,Highway,50,32,14,3,6,68
1,0,Fog,Urban,87,10,3,1,2,5
21,1,Clear,Urban,77,23,9,3,2,34
7,0,Clear,Urban,21,49,19,4,6,97
16,0,Clear,Urban,76,21,6,2,3,39
7,0,Clear,Suburban,24,57,11,5,2,91
6,0,Clear,Highway,83,22,10,3,3,30
15,0,Rain,Urban,88,29,6,2,2,24
7,0,Clear,Suburban,21,44,10,4,6,98
22,1,Clear,Suburban,78,23,5,2,4,33
21,0,Clear,Urban,43,13,5,1,2,41
5,0,Rain,Highway,68,8,1,0,2,4
10,0,Clear,Highway,42,28,14,1,4,48
22,1,Clear,Highway,73,22,13,4,2,33
16,0,Clear,Suburban,43,21,7,4,3,41
15,1,Clear,Suburban,72,11,5,3,4,33
1,1,Clear,Highway,81,6,1,1,1,4
12,0,Clear,Suburban,79,23,5,4,2,40
15,1,Clear,Suburban,80,16,7,1,2,16
7,0,Rain,Urban,87,57,14,7,3,40
5,1,Clear,Suburban,70,4,3,0,2,12
2,1,Clear,Urban,86,7,2,1,2,9
16,0,Rain,Suburban,72,28,8,2,4,28
2,0,Rain,Suburban,85,3,1,1,1,5
18,0,Clear,Urban,23,40,13,6,3,72
2,0,Clear,Urban,82,10,2,0,2,8
4,0,Fog,Suburban,89,7,3,0,2,3
0,0,Clear,Highway,88,9,2,1,2,9
23,0,Fog,Suburban,75,23,12,4,4,29
2,0,Clear,Suburban,86,9,1,1,1,9
17,0,Clear,Urban,21,59,18,3,5,98
21,1,Rain,Suburban,77,20,13,1,4,11
4,1,Clear,Urban,73,7,3,0,2,5
22,1,Clear,Highway,63,14,8,4,4,28
4,1,Clear,Suburban,60,4,3,1,2,7
21,0,Rain,Highway,74,18,10,1,4,32
9,0,Clear,Suburban,24,59,17,4,4,82
4,0,Rain,Urban,60,4,4,0,2,12
19,0,Clear,Urban,21,42,19,7,3,72
19,0,Clear,Suburban,55,51,22,7,2,53
23,1,Fog,Urban,61,15,7,4,3,18
3,1,Clear,Urban,71,7,1,1,1,7
5,0,Clear,Suburban,69,7,1,0,1,5
21,0,Clear,Suburban,65,29,6,2,3,36
0,0,Fog,Suburban,65,5,2,0,2,6
8,0,Clear,Suburban,24,51,16,6,3,84
23,0,Rain,Suburban,82,26,10,2,2,21
15,0,Rain,Highway,89,14,6,2,4,32
6,0,Fog,Suburban,80,17,13,4,3,22
6,0,Clear,Urban,71,19,11,3,4,40
10,1,Clear,Highway,69,20,9,3,3,33
4,0,Clear,Urban,67,7,4,0,2,8
2,1,Rain,Highway,64,6,2,0,2,2
17,0,Clear,Highway,27,54,11,7,5,82
20,1,Clear,Urban,71,19,8,1,2,30
6,0,Fog,Highway,86,14,7,3,3,24
17,0,Clear,Urban,44,30,23,7,5,55
19,0,Clear,Urban,29,45,12,3,3,91
12,0,Rain,Suburban,78,24,13,4,2,20
4,1,Rain,Highway,81,8,3,0,1,3
23,1,Clear,Urban,87,21,6,1,3,17
18,1,Clear,Urban,75,30,20,6,6,38
23,1,Clear,Urban,80,18,7,1,2,21
2,0,Rain,Suburban,68,10,4,1,2,9
11,1,Clear,Urban,65,12,11,3,2,33
12,1,Clear,Suburban,71,17,13,4,2,16
3,1,Rain,Urban,78,4,4,1,1,8
5,0,Rain,Suburban,69,11,4,1,2,10
17,0,Clear,Urban,30,59,13,5,4,76
15,0,Clear,Urban,50,15,13,1,3,46
3,0,Clear,Highway,61,4,3,1,1,8
17,0,Clear,Suburban,29,40,18,7,6,77
17,0,Clear,Suburban,40,35,17,5,4,55
16,0,Clear,Suburban,48,26,11,4,2,49
21,0,Clear,Highway,83,15,13,3,2,39
10,0,Fog,Highway,73,19,10,3,4,27
12,0,Rain,Urban,65,12,9,2,2,17
6,0,Clear,Suburban,41,18,11,1,4,46
21,0,Rain,Suburban,81,16,13,2,2,20
10,1,Rain,Highway,82,17,7,1,2,12
0,1,Clear,Highway,86,4,1,1,1,10
18,1,Rain,Suburban,78,31,23,3,5,32
18,1,Rain,Urban,88,32,19,6,3,32
23,1,Clear,Urban,77,20,14,4,2,18
0,0,Rain,Highway,61,7,1,1,2,7
15,1,Clear,Suburban,63,10,9,4,3,23
18,0,Rain,Highway,49,34,24,7,6,57
12,1,Clear,Urban,77,21,8,1,2,27
8,0,Clear,Urban,45,42,10,7,5,64
6,1,Rain,Suburban,80,16,9,1,2,20
12,1,Clear,Suburban,84,20,6,2,3,14
4,0,Clear,Suburban,62,9,4,0,2,16
12,1,Clear,Highway,73,21,7,2,2,32
18,0,Clear,Urban,42,42,24,3,2,52
7,1,Rain,Urban,48,24,21,4,2,47
22,0,Clear,Urban,80,14,12,2,2,23
8,0,Clear,Suburban,49,40,19,4,2,53
14,0,Rain,Highway,64,16,8,3,3,16
0,1,Fog,Highway,88,3,1,0,1,6
9,1,Clear,Highway,86,42,24,5,2,38
5,0,Rain,Urban,88,5,2,0,2,8
18,0,Rain,Highway,59,59,11,4,2,69
14,0,Rain,Highway,84,28,14,2,4,25
21,0,Clear,Suburban,65,23,11,1,4,25
15,0,Clear,Suburban,50,19,5,4,4,48
4,0,Fog,Highway,67,11,4,1,2,6
1,0,Rain,Suburban,66,3,1,0,1,6
3,1,Rain,Highway,63,6,1,1,1,3
20,0,Rain,Urban,81,19,8,2,3,39
8,0,Clear,Highway,43,42,12,4,5,68
9,0,Clear,Highway,31,59,12,5,5,86
22,1,Clear,Urban,71,14,11,1,3,16
1,0,Clear,Highway,81,3,4,0,1,13
13,1,Clear,Suburban,60,14,10,1,3,28
3,0,Clear,Suburban,83,7,1,0,1,18
2,0,Rain,Suburban,87,7,2,1,1,9
7,1,Clear,Suburban,57,43,21,3,3,67
15,0,Clear,Suburban,68,20,6,4,4,29
3,0,Clear,Highway,71,10,2,1,2,17
22,1,Fog,Urban,76,10,9,2,2,10
0,0,Clear,Highway,62,9,1,0,1,7
22,0,Clear,Urban,47,27,5,4,4,45
14,0,Rain,Urban,72,12,13,1,2,39
20,1,Clear,Urban,64,15,5,2,3,21
1,0,Rain,Highway,69,7,3,1,1,8
2,0,Clear,Urban,61,7,4,1,2,10
7,0,Rain,Highway,26,47,12,7,2,76
3,1,Clear,Urban,70,4,3,0,1,11
10,0,Clear,Urban,89,26,14,2,4,22
4,0,Rain,Suburban,79,9,1,1,2,7
6,0,Rain,Highway,74,29,10,2,2,20
10,1,Clear,Suburban,71,22,13,4,3,27
6,0,Clear,Urban,61,27,5,2,3,35
23,0,Clear,Highway,82,12,8,2,2,28
23,1,Rain,Urban,82,10,12,2,3,16
13,1,Fog,Highway,60,20,8,4,4,19
23,1,Rain,Urban,62,20,8,4,4,12
3,1,Clear,Urban,87,4,3,1,1,6
16,1,Rain,Highway,62,20,8,3,2,11
6,1,Clear,Highway,84,9,8,3,4,32
5,0,Clear,Highway,60,10,3,1,1,18
21,1,Fog,Urban,89,19,5,3,4,15
22,0,Rain,Suburban,79,24,12,1,2,18
21,0,Clear,Suburban,80,21,8,1,2,31
6,0,Clear,Urban,79,19,12,2,2,27
2,0,Clear,Urban,73,8,4,0,1,17
18,0,Fog,Suburban,53,54,15,7,3,54
10,0,Clear,Highway,79,20,9,2,4,32
12,0,Clear,Highway,84,27,12,2,2,37
4,0,Clear,Urban,79,4,1,0,2,19
4,0,Clear,Urban,79,6,2,0,1,19
8,0,Fog,Suburban,42,34,19,6,6,57
22,1,Rain,Suburban,87,11,9,3,4,25
18,1,Clear,Highway,47,47,20,3,6,41
2,0,Fog,Urban,61,5,4,1,1,7
10,0,Clear,Urban,63,29,9,4,3,21
15,1,Clear,Suburban,87,9,13,2,2,19
13,0,Clear,Highway,85,16,14,2,2,34
19,0,Clear,Highway,44,48,13,5,6,69
23,0,Clear,Urban,85,13,12,1,2,38
3,0,Clear,Urban,81,11,3,0,1,15
11,0,Clear,Urban,72,23,6,1,4,24
5,1,Clear,Suburban,61,7,2,1,1,11
14,0,Fog,Highway,73,28,6,4,3,21
0,0,Clear,Suburban,68,10,1,1,2,17
5,0,Clear,Suburban,76,8,4,1,2,12
19,0,Clear,Urban,50,32,14,3,6,62
15,1,Clear,Suburban,86,12,14,2,4,16
9,0,Clear,Highway,30,33,12,7,3,95
14,1,Fog,Highway,89,14,12,2,4,13
4,0,Clear,Highway,84,9,3,1,1,6
16,0,Clear,Urban,87,16,12,3,2,28
22,0,Clear,Highway,86,20,8,1,2,39
19,0,Rain,Urban,24,45,12,5,3,76
13,0,Clear,Urban,77,19,13,2,3,26
16,0,Clear,Urban,60,26,11,4,4,35
8,0,Clear,Urban,21,41,19,6,6,93
4,0,Clear,Urban,83,4,4,0,1,9
17,1,Clear,Highway,59,28,14,4,5,61
17,1,Clear,Suburban,45,36,14,4,3,61
16,0,Clear,Urban,63,19,6,4,3,22
14,0,Clear,Suburban,86,13,12,1,4,20
10,1,Rain,Urban,72,14,5,3,2,20
5,0,Clear,Highway,68,11,4,1,1,10
10,0,Rain,Urban,87,20,10,3,3,36
19,1,Clear,Suburban,79,30,22,6,3,36
19,0,Clear,Suburban,31,41,18,3,4,90
3,0,Clear,Suburban,63,9,3,1,1,13
0,0,Clear,Urban,79,3,2,0,1,7
12,1,Clear,Urban,69,11,11,3,4,30
5,0,Rain,Urban,68,7,2,1,2,11
7,1,Rain,Urban,87,28,16,7,2,28
15,0,Clear,Suburban,70,18,10,4,2,33
22,1,Fog,Urban,76,23,10,1,2,14
10,0,Clear,Urban,81,19,6,4,2,32
1,0,Clear,Highway,83,11,3,1,1,15
10,1,Clear,Highway,68,11,14,2,3,21
16,0,Rain,Suburban,73,12,11,2,2,21
12,0,Clear,Highway,56,13,6,3,4,42
23,1,Clear,Highway,71,21,5,4,2,15
2,0,Clear,Urban,82,9,4,1,1,8
12,0,Clear,Suburban,63,13,11,2,2,25
10,1,Clear,Suburban,87,11,13,2,2,28
14,0,Clear,Suburban,46,24,10,2,4,48
14,0,Clear,Urban,75,23,5,4,3,20
23,0,Clear,Highway,69,23,11,4,4,27
21,1,Fog,Urban,74,14,9,1,3,17
2,0,Clear,Highway,64,10,4,1,1,18
18,1,Clear,Highway,48,33,15,3,5,42
12,0,Rain,Urban,72,15,12,3,3,27
12,0,Clear,Urban,72,25,5,3,2,24
5,1,Rain,Urban,88,8,4,1,2,8
0,0,Clear,Highway,63,6,1,1,2,19
23,0,Rain,Highway,60,13,7,3,4,24
14,1,Rain,Urban,88,20,12,1,4,12
20,0,Rain,Highway,71,18,10,1,4,18
13,0,Clear,Urban,62,27,13,3,3,28
18,0,Clear,Suburban,30,55,18,4,2,92
21,1,Rain,Highway,63,17,12,1,2,11
8,0,Clear,Suburban,29,45,10,7,6,96
6,1,Fog,Urban,77,19,12,1,4,16
7,1,Fog,Urban,68,35,21,5,5,34
17,0,Clear,Urban,39,42,19,6,4,91
4,0,Clear,Suburban,63,7,4,0,1,15
1,0,Clear,Highway,66,10,3,1,1,12
8,1,Clear,Urban,50,27,14,5,2,67
15,0,Rain,Highway,89,21,13,2,4,26
6,0,Fog,Urban,65,18,7,4,2,13
22,1,Clear,Highway,74,22,13,3,3,17
0,0,Clear,Highway,66,3,3,0,1,9
17,1,Clear,Suburban,82,25,15,6,3,35
5,0,Clear,Suburban,75,6,1,1,1,13
2,1,Clear,Urban,66,2,3,0,2,12
18,0,Clear,Urban,46,56,15,3,2,60
5,0,Clear,Highway,75,4,4,1,2,15
8,0,Clear,Highway,56,43,19,7,6,62
22,0,Rain,Highway,75,27,13,4,3,20
7,0,Clear,Urban,29,49,20,3,5,71
7,1,Rain,Highway,40,39,11,5,4,53
8,1,Rain,Highway,40,35,22,3,2,44
1,0,Clear,Urban,63,10,4,0,1,17
3,0,Clear,Urban,83,4,1,1,2,7
19,0,Clear,Highway,42,43,14,5,2,50
18,0,Rain,Urban,23,30,20,5,2,79
20,1,Rain,Urban,79,17,5,3,2,20
13,0,Rain,Urban,60,26,13,1,4,26
0,0,Rain,Urban,74,8,4,1,1,12
5,0,Clear,Highway,64,8,3,0,2,5
10,0,Clear,Suburban,49,16,6,2,3,45
15,1,Clear,Highway,75,23,11,3,3,23
22,1,Clear,Suburban,67,19,10,3,2,28
1,0,Clear,Urban,66,4,4,0,1,10
7,1,Clear,Urban,59,38,24,7,5,46
1,1,Clear,Urban,69,7,2,1,2,11
7,0,Clear,Suburban,27,45,23,3,2,82
21,1,Rain,Suburban,75,13,8,3,4,12
8,0,Clear,Highway,49,38,14,6,2,56
13,0,Clear,Highway,61,12,12,2,4,24
19,0,Rain,Highway,54,57,15,6,5,54
18,0,Clear,Urban,32,46,10,4,3,81
11,0,Clear,Urban,80,27,9,4,4,39
15,0,Fog,Urban,80,23,5,2,2,29
21,0,Rain,Urban,63,12,9,3,2,38
7,1,Clear,Suburban,48,33,14,4,6,58
8,0,Rain,Urban,55,33,11,3,3,68
16,0,Clear,Urban,80,13,7,2,4,39
8,1,Clear,Highway,66,24,15,7,4,37
23,0,Clear,Urban,79,16,8,1,3,33
6,0,Clear,Urban,80,12,5,1,2,33
3,1,Clear,Highway,63,2,2,0,2,9
9,0,Clear,Suburban,32,38,12,5,4,81
3,0,Clear,Suburban,73,10,2,1,1,18
17,0,Clear,Suburban,36,40,22,4,2,89
4,0,Rain,Urban,82,9,3,0,2,8
23,0,Clear,Highway,66,23,12,1,3,29
13,0,Clear,Suburban,56,24,13,4,3,48
15,0,Clear,Highway,76,22,8,2,4,21
15,1,Rain,Urban,74,17,14,4,4,13
21,1,Clear,Urban,84,20,6,2,2,23
13,1,Clear,Urban,78,16,6,3,4,21
16,1,Fog,Urban,60,18,10,1,2,9
14,0,Clear,Urban,44,28,13,3,3,45
17,0,Rain,Urban,59,56,22,3,5,48
21,0,Clear,Urban,75,12,11,3,2,28
17,0,Rain,Suburban,37,46,10,6,4,76
0,0,Clear,Urban,83,10,1,1,1,5
4,0,Clear,Highway,72,8,2,0,2,14
15,0,Clear,Urban,57,21,8,1,4,44
13,0,Fog,Suburban,64,19,5,3,3,25
8,0,Fog,Urban,65,51,22,7,4,37
0,0,Clear,Urban,76,11,1,1,1,18
9,0,Rain,Urban,59,48,23,7,2,60
22,0,Clear,Urban,71,12,14,4,3,38
9,1,Clear,Highway,77,36,15,5,3,36
18,0,Clear,Suburban,20,40,20,5,2,96
11,0,Rain,Urban,63,20,5,1,4,32
2,0,Clear,Suburban,74,6,2,0,1,14
16,0,Clear,Suburban,89,13,13,1,2,33
17,0,Rain,Urban,38,45,19,5,6,78
1,0,Clear,Urban,61,5,3,0,2,12
6,0,Fog,Urban,67,27,13,1,4,25
3,0,Clear,Highway,89,9,3,1,2,7
2,0,Clear,Highway,76,11,2,0,1,15
7,0,Clear,Suburban,28,51,24,4,4,90
13,0,Clear,Highway,61,27,6,3,2,27
15,0,Clear,Suburban,49,19,10,2,2,49
4,0,Clear,Highway,64,9,1,0,2,6
0,0,Fog,Suburban,70,4,1,0,1,6
11,1,Clear,Urban,73,23,12,2,3,34
21,1,Clear,Suburban,82,12,8,3,3,15
0,0,Clear,Urban,85,10,3,1,2,9
0,0,Rain,Highway,80,5,2,0,1,7
9,0,Rain,Urban,57,46,20,5,5,48
2,0,Clear,Highway,81,11,4,1,1,17
21,0,Clear,Urban,73,15,5,4,4,27
1,0,Clear,Urban,65,8,4,1,2,12
6,1,Clear,Urban,60,16,11,2,2,17
20,0,Clear,Urban,55,20,12,3,4,42
7,0,Clear,Urban,31,54,11,4,6,75
1,0,Clear,Urban,76,11,3,0,1,5
15,0,Clear,Suburban,87,18,7,3,4,20
16,0,Clear,Suburban,83,24,5,4,4,24
19,1,Fog,Urban,82,43,20,5,2,39
16,0,Clear,Urban,79,17,9,1,3,35
0,0,Rain,Highway,69,5,1,1,1,14
2,0,Clear,Suburban,83,8,2,0,2,10
17,1,Clear,Urban,55,45,24,5,5,58
4,0,Clear,Suburban,81,8,2,1,2,17
12,0,Clear,Urban,73,29,7,2,2,31
0,0,Clear,Suburban,86,4,3,1,2,15
0,1,Clear,Urban,69,6,4,1,2,8
7,0,Clear,Urban,32,40,18,5,5,89
6,1,Fog,Suburban,78,21,12,1,2,9
14,0,Fog,Highway,73,17,12,4,4,12
19,0,Fog,Urban,41,35,15,7,5,48
8,0,Fog,Highway,80,39,10,4,6,30
16,0,Clear,Suburban,62,16,5,1,3,28
3,0,Clear,Suburban,87,7,1,0,2,18
3,0,Clear,Urban,85,3,3,1,1,11
0,1,Fog,Highway,84,4,1,1,2,7
0,1,Clear,Suburban,82,6,4,1,1,4
11,0,Rain,Urban,86,22,9,1,2,36
11,0,Clear,Suburban,46,13,9,2,4,49
2,1,Clear,Urban,89,3,2,0,1,4
0,0,Clear,Urban,72,4,1,1,2,13
11,1,Rain,Urban,80,20,8,3,2,24
12,1,Clear,Highway,68,15,5,2,3,34
13,1,Clear,Urban,86,17,11,4,3,19
21,0,Fog,Urban,69,27,9,4,3,16
0,0,Clear,Suburban,82,6,1,1,1,19
8,1,Clear,Highway,45,28,11,7,6,50
17,0,Clear,Urban,24,48,19,4,6,72
11,0,Clear,Urban,78,18,10,3,4,34
23,0,Clear,Highway,77,28,13,1,3,34
1,0,Clear,Urban,69,5,2,1,2,18
3,0,Clear,Highway,69,9,3,0,2,15
13,0,Fog,Urban,75,15,8,1,3,27
16,0,Clear,Urban,85,16,10,1,4,40
10,0,Fog,Suburban,60,17,11,1,3,21
18,0,Clear,Suburban,38,42,21,6,3,72
5,0,Clear,Urban,78,10,2,0,2,6
5,0,Clear,Urban,85,6,2,1,2,18
11,1,Clear,Suburban,64,17,6,2,3,16
8,0,Fog,Highway,44,32,20,4,5,42
22,0,Rain,Urban,84,29,10,1,4,27
17,0,Clear,Suburban,45,38,13,7,6,53
2,0,Rain,Highway,66,5,2,1,1,14
11,0,Clear,Highway,55,22,6,3,3,48
1,0,Clear,Urban,68,9,3,0,2,11
20,1,Fog,Highway,66,18,10,3,3,19
13,0,Fog,Urban,75,23,8,3,3,28
22,1,Clear,Suburban,83,16,12,1,2,25
9,0,Clear,Suburban,25,47,23,4,2,72
16,0,Clear,Urban,43,26,8,4,4,46
7,0,Rain,Urban,53,51,24,7,4,56
5,0,Clear,Highway,71,6,2,0,2,7
19,0,Fog,Urban,87,52,22,7,4,39
16,0,Rain,Highway,61,18,13,1,4,23
12,0,Clear,Suburban,62,27,9,4,3,27
0,0,Clear,Suburban,89,10,3,1,2,7
0,0,Clear,Urban,89,3,4,0,2,15
16,1,Clear,Highway,71,20,11,4,2,14
4,0,Clear,Urban,74,5,2,0,2,5
6,0,Clear,Urban,53,29,13,2,2,43
12,0,Clear,Highway,43,27,10,1,3,43
13,0,Rain,Suburban,63,14,8,4,2,23
7,0,Clear,Urban,40,47,10,6,4,62
0,0,Clear,Urban,73,8,2,1,2,15
18,0,Clear,Suburban,38,30,24,7,6,73
5,0,Clear,Urban,64,10,2,0,1,19
2,0,Clear,Suburban,75,10,2,0,2,17
2,0,Clear,Urban,66,9,2,1,2,8
13,0,Fog,Urban,75,27,13,4,4,28
19,0,Clear,Suburban,31,46,16,3,5,72
14,0,Rain,Urban,74,24,14,2,2,26
5,0,Clear,Highway,71,11,4,1,2,10
1,1,Clear,Suburban,63,4,1,1,2,9
13,0,Clear,Suburban,64,25,13,2,4,32
21,0,Clear,Highway,63,18,10,4,3,30
14,0,Fog,Suburban,72,17,7,2,4,15
19,0,Clear,Suburban,30,57,16,6,3,77
23,0,Clear,Suburban,84,15,8,3,2,27
9,0,Clear,Highway,34,48,19,5,2,83
10,0,Clear,Suburban,55,17,14,2,4,47
2,1,Clear,Urban,64,8,4,0,1,10
11,0,Clear,Urban,63,29,14,3,2,40
21,0,Clear,Highway,77,20,5,4,2,34
12,0,Clear,Highway,43,29,11,4,2,42
0,0,Fog,Highway,79,10,2,1,2,8
17,0,Clear,Urban,32,49,18,7,5,91
18,1,Clear,Highway,43,37,17,5,6,49
14,1,Clear,Urban,76,12,5,2,3,27
4,0,Fog,Urban,60,11,4,1,2,5
1,0,Clear,Suburban,67,9,2,0,1,6
8,0,Clear,Suburban,21,51,23,6,5,88
23,0,Clear,Highway,46,26,8,1,3,42
0,0,Clear,Highway,86,5,3,0,1,16
21,0,Clear,Urban,75,16,7,4,3,26
9,1,Rain,Urban,52,39,21,7,6,42
8,0,Clear,Highway,52,43,24,7,6,59
3,0,Clear,Suburban,63,3,1,1,1,6
21,0,Rain,Highway,70,18,9,2,3,36
14,0,Rain,Suburban,72,14,6,1,2,16
17,0,Rain,Suburban,42,36,12,5,3,65
0,0,Clear,Suburban,60,6,2,1,1,11
13,0,Clear,Urban,58,18,13,1,2,42
4,1,Fog,Suburban,81,5,2,0,2,7
3,1,Clear,Suburban,84,3,1,0,2,3
13,0,Clear,Urban,42,24,13,4,4,48
11,0,Fog,Urban,77,12,11,4,3,13
7,0,Clear,Highway,21,46,21,7,4,95
22,1,Clear,Urban,87,23,9,1,3,14
14,0,Rain,Highway,79,27,7,2,3,22
6,1,Clear,Highway,68,18,9,3,3,17
18,0,Clear,Highway,49,36,21,6,6,68
22,1,Clear,Urban,62,20,11,2,2,14
17,0,Clear,Urban,59,33,23,4,6,50
2,1,Clear,Suburban,86,2,4,1,1,5
22,0,Clear,Highway,69,25,11,1,2,28
22,1,Rain,Urban,81,21,9,3,2,18
3,0,Clear,Highway,87,8,4,0,2,14
12,0,Clear,Suburban,80,20,13,4,4,39
9,0,Clear,Urban,52,38,12,4,3,70
20,0,Clear,Highway,75,29,8,1,4,22
22,0,Rain,Highway,72,19,7,2,2,19
0,0,Clear,Highway,80,4,3,0,1,10
3,0,Clear,Suburban,80,10,2,0,1,13
20,1,Clear,Highway,76,12,6,4,2,23
23,0,Clear,Suburban,67,15,5,3,3,39
22,0,Fog,Highway,88,28,9,2,2,25
19,0,Clear,Suburban,44,42,12,5,6,54
16,0,Clear,Urban,70,23,10,2,3,32
1,1,Clear,Urban,60,8,1,0,2,7
15,0,Clear,Suburban,82,18,12,1,2,33
4,0,Fog,Highway,71,3,3,0,2,4
11,1,Clear,Urban,70,15,6,2,3,32
4,0,Rain,Highway,81,9,2,1,2,15
16,0,Clear,Highway,75,17,8,4,3,38
2,0,Clear,Suburban,62,10,2,1,1,16
7,1,Clear,Urban,45,44,21,4,3,42
22,1,Clear,Suburban,66,18,9,2,4,30
7,1,Clear,Urban,59,39,14,5,6,56
9,0,Fog,Suburban,60,56,17,7,6,37
2,1,Fog,Highway,65,2,1,1,2,7
8,0,Clear,Urban,43,55,11,7,5,51
19,0,Fog,Urban,55,43,12,7,3,52
23,0,Clear,Highway,52,16,8,3,4,47
17,0,Clear,Urban,55,36,17,6,6,58
5,0,Clear,Urban,80,7,4,0,2,18
2,0,Clear,Highway,71,6,1,1,1,6
22,1,Clear,Suburban,63,19,9,4,3,21
4,0,Clear,Suburban,65,5,2,0,2,15
7,0,Rain,Highway,24,43,11,6,6,78
21,0,Clear,Suburban,60,21,14,2,3,35
14,0,Clear,Highway,77,18,10,3,2,39
9,0,Clear,Urban,46,56,11,3,3,68
5,0,Fog,Suburban,80,7,4,1,1,5
1,0,Clear,Highway,78,6,3,1,1,5
0,0,Clear,Urban,61,11,1,1,1,15
20,1,Clear,Suburban,87,12,5,4,2,28
23,0,Clear,Highway,83,22,14,1,3,21
13,0,Clear,Urban,67,17,13,1,4,26
19,0,Clear,Suburban,30,38,21,4,2,89
7,1,Clear,Urban,51,34,12,5,2,60
22,0,Rain,Suburban,75,12,12,3,3,28
0,1,Clear,Urban,81,5,3,1,1,10
16,0,Clear,Urban,40,22,7,3,2,45
10,0,Clear,Urban,72,25,14,1,2,20
23,0,Rain,Highway,70,17,10,1,4,32
10,0,Clear,Suburban,45,24,13,4,4,47
11,0,Rain,Urban,86,15,5,3,2,30
13,0,Rain,Urban,73,25,11,3,3,31
9,0,Clear,Urban,30,52,18,3,6,83
23,1,Clear,Urban,63,11,9,4,2,31
2,0,Clear,Urban,82,8,4,0,1,12
18,0,Rain,Suburban,60,59,21,6,6,40
17,0,Clear,Suburban,50,30,12,5,3,64
5,0,Fog,Highway,73,9,1,1,1,6
21,0,Clear,Suburban,78,20,6,3,4,21
20,0,Rain,Urban,61,18,13,4,4,33
2,0,Rain,Suburban,80,4,1,1,1,12
9,0,Rain,Highway,49,54,23,3,4,64
1,0,Clear,Suburban,87,4,1,0,1,13
1,1,Rain,Urban,86,8,1,0,1,5
18,0,Clear,Highway,42,56,13,3,2,61
11,0,Rain,Highway,66,18,9,4,3,32
7,1,Rain,Suburban,52,42,12,3,5,42
3,1,Rain,Urban,74,2,3,0,2,7
22,0,Rain,Suburban,70,20,14,2,3,25
5,1,Clear,Urban,84,3,1,1,1,4
6,0,Clear,Highway,73,25,11,2,4,33
2,0,Fog,Highway,85,8,1,1,1,7
0,0,Rain,Highway,67,10,2,1,2,12
22,0,Clear,Highway,63,22,12,4,2,25
8,1,Clear,Urban,43,33,18,5,6,46
14,1,Fog,Highway,77,9,5,3,3,19
20,0,Clear,Suburban,41,24,6,3,3,42
21,1,Clear,Highway,71,10,8,4,2,19
17,0,Rain,Suburban,54,38,22,5,6,44
22,0,Clear,Urban,70,26,13,3,3,21
23,0,Rain,Highway,88,16,5,1,4,23
0,0,Clear,Urban,72,9,3,0,2,14
22,0,Clear,Suburban,51,29,6,4,4,43
1,0,Fog,Suburban,77,3,4,0,1,6
0,0,Fog,Suburban,76,3,2,1,1,4
4,0,Clear,Suburban,65,3,3,1,2,16
22,0,Fog,Highway,89,20,13,3,2,13
18,0,Clear,Urban,43,45,19,3,3,54
15,0,Clear,Highway,69,22,13,3,2,21
14,0,Clear,Urban,87,13,12,2,2,32
21,1,Clear,Urban,73,13,9,3,4,28
21,0,Clear,Urban,45,24,8,3,4,42
16,0,Clear,Urban,72,14,11,1,2,30
21,1,Clear,Urban,86,18,9,1,2,31
15,0,Rain,Suburban,65,15,11,4,2,27
15,0,Clear,Urban,81,24,9,1,2,28
9,0,Clear,Highway,47,59,14,3,4,64
13,1,Rain,Suburban,87,10,13,3,3,25
2,1,Clear,Suburban,74,3,3,0,2,8
2,0,Clear,Suburban,81,8,3,0,1,5
5,0,Rain,Highway,78,10,4,1,1,11
20,0,Clear,Urban,64,22,14,4,3,30
10,0,Rain,Suburban,80,19,13,1,2,30
5,1,Clear,Suburban,66,6,1,1,2,11
4,0,Clear,Urban,68,4,3,0,1,14
8,0,Rain,Suburban,45,50,20,5,3,52
14,0,Clear,Urban,56,20,6,1,2,45
4,0,Clear,Suburban,88,4,3,1,1,6
15,1,Fog,Urban,62,12,10,2,4,16
21,0,Fog,Suburban,77,25,5,4,3,16
23,0,Fog,Highway,76,19,5,3,3,18
9,0,Rain,Urban,42,46,20,6,4,60
11,1,Rain,Suburban,88,19,8,2,4,21
9,1,Rain,Highway,49,28,16,7,5,50
9,0,Fog,Suburban,59,59,15,6,5,54
7,0,Clear,Urban,31,37,21,4,6,81
13,0,Clear,Urban,50,25,13,3,4,45
17,0,Fog,Urban,60,41,19,4,6,35
0,1,Clear,Suburban,82,7,1,1,2,5
6,0,Clear,Suburban,87,22,7,3,2,36
16,1,Clear,Suburban,80,12,14,3,4,34
1,0,Clear,Suburban,68,5,4,1,1,18
23,0,Clear,Suburban,89,20,7,3,3,22
2,1,Rain,Urban,88,7,4,1,2,6
10,0,Clear,Suburban,74,13,9,4,4,36
21,1,Clear,Highway,87,16,14,1,3,15
15,0,Clear,Highway,77,16,14,3,2,38
23,0,Clear,Suburban,56,18,13,3,3,48
11,0,Clear,Highway,55,15,9,3,2,43
8,1,Clear,Suburban,88,38,17,4,4,37
15,0,Clear,Urban,60,26,8,1,3,38
8,0,Clear,Highway,47,52,24,6,5,54
13,0,Rain,Suburban,65,27,9,1,4,36
4,0,Clear,Suburban,67,9,4,0,2,5
4,0,Clear,Urban,63,4,1,1,1,5
12,0,Fog,Highway,63,12,10,3,4,16
3,0,Rain,Urban,80,9,3,1,1,4
0,1,Rain,Highway,60,4,1,0,1,5
3,0,Clear,Urban,69,6,1,0,2,13
21,0,Clear,Suburban,71,17,14,2,3,40
5,1,Clear,Urban,80,6,4,1,1,5
2,0,Clear,Highway,87,8,4,0,2,7
15,0,Clear,Suburban,80,26,10,2,2,34
8,0,Clear,Urban,29,31,20,5,3,91
18,1,Clear,Urban,45,24,18,7,3,63
13,0,Clear,Suburban,83,17,7,4,4,22
13,0,Clear,Highway,60,17,10,1,3,36
11,0,Rain,Suburban,86,21,6,2,4,38
4,1,Rain,Highway,66,3,1,0,2,4
15,0,Clear,Urban,40,19,14,3,4,49
14,0,Fog,Highway,88,16,8,3,3,20
12,1,Rain,Urban,65,16,10,3,3,22
16,0,Fog,Highway,70,29,5,1,2,19
17,0,Clear,Urban,27,58,18,5,3,83
2,1,Rain,Suburban,63,2,4,1,1,10
14,0,Rain,Suburban,73,27,7,4,2,31
7,0,Clear,Suburban,52,30,17,7,5,68
3,1,Clear,Suburban,84,8,3,0,2,11
18,0,Fog,Suburban,78,40,23,5,3,32
19,1,Clear,Highway,42,46,13,6,5,46
5,0,Clear,Highway,64,6,3,1,2,11
20,0,Clear,Urban,72,25,5,4,3,26
7,1,Clear,Highway,51,47,18,5,6,46
12,0,Clear,Urban,74,20,6,3,4,27
8,0,Fog,Highway,70,55,18,3,4,37
5,0,Clear,Urban,80,6,4,0,2,7
1,1,Rain,Highway,83,8,1,1,2,3
11,0,Clear,Urban,55,16,5,2,2,46
22,1,Clear,Suburban,77,22,13,2,2,18
4,0,Clear,Suburban,87,8,4,1,1,17
18,0,Clear,Highway,54,48,21,4,5,50
11,0,Clear,Urban,65,13,14,3,4,23
13,0,Clear,Highway,76,24,14,1,2,23
23,0,Clear,Urban,56,18,12,4,2,45
7,0,Clear,Highway,27,45,21,4,2,75
22,0,Clear,Urban,72,15,8,1,2,38
6,0,Clear,Suburban,54,15,10,3,3,41
4,0,Clear,Urban,65,7,1,0,1,19
3,0,Clear,Highway,85,11,2,0,1,16
6,0,Clear,Suburban,45,12,5,4,3,43
14,0,Fog,Highway,83,16,14,4,3,15
0,0,Clear,Suburban,72,4,1,1,1,10
7,0,Clear,Highway,59,52,10,5,6,53
18,0,Clear,Urban,52,47,19,3,2,69
11,1,Clear,Highway,74,12,8,4,2,23
12,0,Clear,Highway,52,21,13,2,2,47
4,0,Rain,Highway,81,10,1,1,2,13
0,0,Rain,Urban,76,5,1,0,1,5
12,1,Clear,Urban,79,11,11,2,3,32
1,0,Clear,Suburban,71,9,4,0,1,17
23,0,Clear,Highway,86,15,12,4,3,38
5,0,Clear,Suburban,84,8,2,1,2,10
2,0,Clear,Suburban,81,3,2,1,2,13
15,0,Clear,Highway,86,24,13,3,2,32
23,0,Clear,Suburban,63,23,7,4,4,37
7,0,Rain,Urban,43,53,10,4,6,52
16,0,Clear,Urban,88,20,10,1,3,32
11,0,Rain,Urban,66,25,9,3,4,31
14,0,Clear,Urban,66,23,14,4,2,22
8,0,Clear,Highway,33,57,11,7,6,78
11,1,Clear,Suburban,78,12,9,3,2,28
21,0,Clear,Suburban,86,25,12,2,3,40
13,0,Clear,Suburban,71,17,7,3,2,38
10,1,Clear,Urban,65,14,12,4,3,18
19,0,Rain,Urban,40,55,10,6,3,68
16,0,Clear,Suburban,88,25,13,4,4,23
14,0,Rain,Suburban,88,23,8,2,4,28
22,0,Clear,Highway,79,19,13,2,2,37
17,0,Fog,Highway,61,30,14,6,6,37
4,0,Fog,Suburban,89,11,2,0,1,10
19,1,Clear,Suburban,59,28,13,6,3,53
9,0,Fog,Suburban,44,49,14,3,5,47
3,1,Clear,Highway,66,7,2,1,2,11
21,0,Clear,Suburban,57,20,10,2,3,47
23,1,Clear,Urban,65,9,10,1,2,28
1,0,Clear,Highway,80,8,2,0,1,10
9,0,Clear,Suburban,33,51,13,7,3,86
8,0,Rain,Urban,49,55,21,3,2,61
15,0,Clear,Suburban,86,29,13,1,3,22
16,1,Rain,Suburban,62,14,11,1,4,13
15,0,Rain,Highway,72,28,10,3,2,32
20,0,Rain,Suburban,72,13,6,2,2,39
1,0,Clear,Suburban,63,6,2,1,2,18
7,0,Clear,Suburban,24,32,22,5,2,83
19,0,Clear,Urban,36,48,16,4,3,92
23,0,Clear,Highway,49,23,8,3,3,46
2,0,Clear,Highway,87,5,4,1,1,15
9,0,Clear,Suburban,20,54,15,3,6,97
8,0,Clear,Suburban,24,51,21,5,6,82
5,0,Clear,Suburban,65,7,4,0,2,11
0,1,Clear,Urban,70,7,2,0,2,11
4,0,Clear,Urban,66,5,3,1,1,9
4,0,Rain,Urban,88,8,4,0,1,4
0,0,Fog,Urban,66,8,1,0,1,9
7,1,Clear,Suburban,43,34,13,5,3,55
19,1,Clear,Suburban,57,44,23,4,5,69
12,0,Rain,Urban,76,27,9,2,2,31
18,0,Clear,Urban,43,56,20,3,2,64
20,0,Fog,Suburban,86,19,7,2,2,22
22,0,Clear,Highway,71,22,8,3,4,25
12,0,Clear,Highway,45,20,14,2,3,49
11,0,Fog,Urban,63,23,6,4,2,18
22,0,Clear,Suburban,79,27,9,1,4,34
12,0,Clear,Highway,67,16,9,1,2,32
3,0,Rain,Urban,71,8,3,0,2,14
5,1,Clear,Urban,62,3,1,0,2,12
7,0,Clear,Suburban,46,42,12,7,3,57
15,1,Clear,Highway,75,20,14,2,2,21
2,0,Fog,Highway,68,6,1,0,1,3
15,0,Clear,Urban,86,29,14,2,4,31
15,0,Rain,Suburban,66,22,9,2,3,27
6,0,Clear,Suburban,60,21,13,2,3,40
7,0,Clear,Urban,45,31,17,3,4,60
10,0,Clear,Urban,79,22,14,3,2,37
8,1,Rain,Suburban,51,32,17,6,5,48
23,0,Rain,Urban,79,20,8,4,2,38
1,0,Clear,Highway,68,6,3,1,2,15
18,1,Clear,Highway,74,37,18,7,2,39
15,0,Rain,Urban,62,23,5,4,2,37
20,0,Clear,Urban,87,12,13,2,4,33
15,1,Clear,Suburban,76,18,14,3,4,14
5,0,Rain,Suburban,78,4,2,0,1,8
23,0,Clear,Highway,53,20,13,1,3,44
4,0,Clear,Suburban,60,8,4,1,2,11
11,0,Rain,Suburban,80,24,12,2,4,32
3,1,Clear,Suburban,68,2,2,1,1,4
9,0,Clear,Suburban,40,59,15,7,6,52
9,0,Rain,Suburban,31,30,24,6,2,76
11,1,Clear,Urban,66,10,11,3,2,15
23,0,Clear,Urban,67,26,14,2,3,22
15,0,Clear,Suburban,86,12,12,1,4,30
7,0,Clear,Urban,51,53,11,6,5,56
11,0,Rain,Urban,63,26,8,3,3,22
7,1,Clear,Urban,53,30,23,3,5,41
18,0,Clear,Urban,32,40,16,6,4,77
12,0,Clear,Highway,50,13,5,2,4,45
14,0,Rain,Urban,84,19,11,3,3,27
22,0,Fog,Urban,84,21,7,1,3,22
5,0,Fog,Suburban,81,8,4,1,1,10
22,0,Clear,Suburban,55,25,7,3,2,47
0,0,Clear,Suburban,83,10,1,0,1,8
12,0,Clear,Urban,70,18,7,2,4,29
7,0,Clear,Urban,58,37,24,3,2,57
19,0,Clear,Urban,27,40,11,7,6,82
8,0,Rain,Highway,65,56,24,5,2,40
1,0,Clear,Urban,75,8,3,1,1,11
17,0,Clear,Urban,30,46,19,7,3,93
21,0,Clear,Urban,73,29,13,1,4,40
23,0,Clear,Urban,47,12,10,2,2,49
18,0,Rain,Suburban,55,59,17,7,2,54
16,1,Clear,Urban,83,22,9,1,3,18
18,0,Clear,Urban,33,49,15,4,4,82
3,0,Clear,Urban,79,7,1,0,1,18
6,1,Clear,Highway,86,17,12,4,2,32
9,0,Clear,Highway,23,32,16,3,6,85
17,1,Clear,Highway,56,40,21,5,6,47
13,1,Clear,Highway,89,14,14,3,3,18
20,0,Clear,Highway,57,29,12,1,4,49
20,0,Clear,Suburban,55,18,14,2,2,43
17,1,Clear,Urban,48,41,15,3,6,58
4,0,Rain,Urban,82,10,1,0,1,8
3,1,Clear,Urban,85,2,4,1,1,3
13,0,Clear,Urban,80,15,12,1,3,27
4,0,Clear,Urban,73,10,1,1,2,5
0,0,Clear,Suburban,63,5,3,0,1,18
12,0,Clear,Highway,75,21,9,4,4,26
14,0,Clear,Urban,79,19,10,1,3,38
23,0,Clear,Highway,47,18,14,1,4,44
14,1,Clear,Urban,79,12,8,4,2,18
16,0,Clear,Urban,73,21,5,1,3,32
2,0,Clear,Highway,79,9,3,0,1,19
11,1,Clear,Suburban,64,17,6,1,4,30
1,0,Clear,Suburban,63,5,1,1,1,16
14,0,Rain,Urban,62,15,10,2,3,35
4,0,Rain,Highway,74,5,4,1,2,13
18,1,Clear,Highway,47,30,13,6,2,64
4,0,Fog,Suburban,86,4,2,0,2,9
5,0,Fog,Urban,61,6,4,0,2,7
0,0,Clear,Suburban,82,9,1,0,1,15
3,1,Clear,Suburban,61,6,1,1,2,5
5,0,Clear,Highway,81,7,4,0,1,14
5,0,Rain,Highway,71,6,2,0,2,4
18,1,Clear,Highway,58,46,17,4,4,62
4,0,Rain,Urban,68,9,1,0,2,10
15,0,Rain,Urban,89,20,8,1,3,23
15,1,Clear,Urban,79,16,7,2,2,21
10,0,Clear,Urban,66,16,8,2,3,21
2,1,Clear,Highway,81,4,1,1,2,8
23,1,Rain,Highway,85,14,5,2,3,12
11,0,Clear,Urban,74,12,9,3,2,40
21,1,Fog,Highway,71,16,8,1,3,9
22,1,Fog,Urban,75,23,5,4,2,18
5,1,Clear,Urban,71,5,4,1,2,11
20,0,Clear,Urban,79,15,14,2,2,35
6,0,Clear,Urban,45,13,8,1,4,45
11,0,Clear,Highway,46,17,10,1,4,46
10,0,Clear,Highway,49,20,7,1,3,45
7,0,Fog,Suburban,89,52,14,5,6,35
1,1,Clear,Highway,82,8,4,1,2,9
1,0,Clear,Suburban,66,6,1,0,2,5
4,1,Clear,Suburban,62,8,3,0,2,4
14,0,Clear,Urban,71,27,5,3,3,21
7,0,Clear,Highway,52,49,17,7,5,67
21,0,Clear,Highway,55,24,5,4,3,49
13,0,Rain,Urban,71,29,14,4,2,17
14,0,Clear,Urban,83,21,8,4,3,25
19,1,Clear,Urban,57,40,19,4,3,58
18,1,Clear,Highway,43,40,14,7,2,60
4,0,Fog,Highway,63,6,2,0,1,3
18,0,Clear,Urban,56,58,17,3,3,64
17,0,Clear,Suburban,56,46,22,4,5,54
18,0,Clear,Suburban,38,47,12,7,6,99
11,0,Clear,Urban,76,17,14,4,4,25
21,0,Clear,Urban,41,15,12,1,3,49
0,0,Clear,Suburban,60,9,3,1,1,16
12,0,Rain,Suburban,68,22,6,2,2,32
11,1,Clear,Highway,87,18,14,4,2,24
5,1,Rain,Urban,83,8,3,0,2,3
15,0,Clear,Suburban,62,21,12,2,3,36
20,0,Rain,Suburban,87,21,5,3,2,33
20,0,Rain,Urban,66,23,5,4,2,33
5,0,Clear,Suburban,69,6,3,0,2,11
21,0,Rain,Urban,69,20,7,4,2,23
13,0,Clear,Suburban,81,27,8,4,4,20
20,0,Clear,Suburban,78,15,8,3,2,22
21,0,Rain,Suburban,64,28,8,4,4,33
17,0,Rain,Suburban,36,39,13,6,5,76
14,1,Clear,Suburban,84,18,10,2,2,31
7,0,Clear,Suburban,35,55,22,6,6,93
12,0,Clear,Urban,79,16,7,2,3,21
6,0,Rain,Suburban,73,20,5,2,4,26
4,0,Clear,Urban,82,6,3,0,2,5
8,0,Rain,Urban,26,35,12,6,2,75
1,0,Clear,Urban,61,7,4,0,2,11
21,1,Clear,Suburban,63,11,7,3,2,16
0,0,Clear,Suburban,83,7,3,1,2,8
17,0,Fog,Suburban,85,58,13,4,3,32
20,1,Clear,Urban,71,20,5,2,2,17
7,0,Clear,Suburban,20,46,20,5,6,93
9,0,Clear,Highway,34,44,17,7,4,89
17,0,Clear,Urban,39,39,12,4,4,82
9,1,Rain,Urban,81,35,20,3,4,31
1,1,Clear,Urban,71,2,3,1,1,5
1,0,Clear,Highway,73,3,1,0,1,5
18,0,Clear,Urban,55,55,13,6,3,60
15,0,Clear,Urban,65,23,6,2,3,26
1,1,Clear,Highway,82,4,1,1,2,13
5,0,Clear,Highway,64,4,1,0,1,10
6,1,Clear,Highway,78,18,5,2,4,24
23,0,Rain,Suburban,70,21,9,3,4,36
14,0,Rain,Urban,82,25,9,2,2,20
17,0,Clear,Highway,36,45,23,6,3,87
13,1,Clear,Suburban,79,12,13,1,3,29
9,0,Clear,Highway,22,47,22,3,4,76
0,1,Rain,Urban,83,4,1,1,1,2
14,1,Fog,Suburban,87,20,13,2,3,16
9,0,Clear,Suburban,50,47,18,3,2,57
15,0,Clear,Urban,48,24,13,1,3,47
13,0,Clear,Urban,70,19,11,2,2,29
23,0,Rain,Urban,89,24,10,2,4,21
1,1,Clear,Suburban,75,4,4,0,2,13
16,1,Clear,Highway,85,17,13,3,4,23
5,0,Clear,Urban,85,8,4,1,1,19
12,0,Clear,Highway,65,26,8,2,2,28
14,0,Rain,Urban,87,23,11,1,3,29
23,1,Clear,Urban,79,18,7,1,2,21
22,0,Clear,Urban,40,21,11,1,3,42
21,0,Rain,Suburban,75,15,14,2,3,26
1,0,Clear,Highway,62,6,3,1,2,11
15,0,Rain,Highway,78,19,14,4,2,27
20,0,Clear,Highway,73,23,9,4,4,26
12,0,Clear,Suburban,64,22,5,3,3,40
16,0,Clear,Urban,88,14,9,3,3,34
17,0,Rain,Suburban,44,33,15,5,5,53
15,1,Fog,Highway,89,20,7,1,3,12
12,1,Rain,Suburban,84,23,6,3,3,14
15,0,Rain,Urban,65,13,14,4,4,26
20,0,Clear,Suburban,68,23,14,1,2,27
4,0,Clear,Suburban,75,8,2,1,2,7
7,0,Clear,Suburban,39,53,13,5,6,99
4,0,Clear,Highway,79,11,2,0,2,16
5,0,Clear,Urban,87,5,1,0,2,9
4,0,Fog,Highway,73,3,2,1,1,4
1,0,Clear,Suburban,79,6,2,0,1,13
11,1,Rain,Urban,68,12,12,3,2,14
0,0,Clear,Urban,65,6,1,1,2,7
14,1,Clear,Highway,65,17,11,4,3,23
2,0,Rain,Highway,86,9,1,1,2,8
9,0,Clear,Urban,40,30,20,5,4,67
2,0,Clear,Suburban,84,3,1,1,2,11
6,0,Fog,Highway,80,17,8,3,2,28
10,1,Clear,Urban,83,22,13,2,4,15
8,0,Clear,Suburban,56,34,19,7,4,66
19,0,Clear,Suburban,39,45,10,5,3,72
1,0,Fog,Suburban,74,6,2,1,2,9
9,0,Clear,Suburban,42,32,16,7,5,56
3,1,Rain,Urban,68,2,4,0,2,4
19,0,Clear,Suburban,56,44,15,3,5,61
15,1,Clear,Urban,86,17,10,2,3,21
22,0,Fog,Urban,88,27,12,4,4,18
8,0,Clear,Suburban,54,42,20,7,2,52
7,0,Fog,Urban,58,49,10,7,5,54
21,0,Rain,Highway,85,19,12,3,4,17
18,0,Clear,Highway,31,52,16,3,6,97
22,1,Clear,Highway,68,13,6,3,3,29
11,0,Clear,Suburban,75,23,7,3,2,34
15,1,Clear,Urban,77,17,11,1,4,26
0,1,Clear,Urban,89,8,1,0,1,12
16,0,Clear,Urban,79,17,8,1,2,23
13,0,Clear,Highway,79,29,6,4,3,37
19,0,Clear,Suburban,32,47,14,5,2,91
17,0,Clear,Urban,28,42,11,4,3,91
0,0,Rain,Highway,76,8,1,1,1,8
18,1,Rain,Suburban,54,26,16,6,4,44
13,1,Clear,Urban,85,23,7,1,2,18
2,0,Clear,Suburban,88,5,4,1,2,13
13,0,Rain,Urban,76,13,10,4,3,38
12,0,Clear,Urban,81,29,11,4,2,40
21,0,Rain,Urban,78,24,5,1,4,29
18,0,Clear,Urban,57,37,13,6,6,58
21,0,Clear,Highway,66,17,12,2,4,27
23,0,Rain,Urban,88,24,12,4,4,28
10,0,Rain,Highway,72,15,9,4,3,30
1,0,Fog,Suburban,70,4,4,1,2,3
22,0,Rain,Highway,80,17,13,4,4,16
4,1,Clear,Highway,86,4,4,0,1,4
3,0,Clear,Urban,82,3,3,1,2,15
0,1,Clear,Urban,80,6,3,1,2,4
6,0,Clear,Urban,88,21,5,3,2,25
10,0,Clear,Highway,52,23,8,1,2,42
2,0,Rain,Highway,75,3,3,1,1,14
18,0,Rain,Highway,45,47,13,3,6,60
19,1,Clear,Highway,49,28,21,7,2,57
5,0,Rain,Highway,69,9,1,1,2,11
4,0,Clear,Highway,88,5,3,0,2,5
17,0,Clear,Suburban,56,51,24,3,4,51
6,0,Clear,Suburban,85,29,6,1,4,22
20,1,Clear,Urban,65,12,9,2,3,23
19,0,Clear,Suburban,59,45,14,5,3,67
15,0,Clear,Urban,64,18,13,2,2,35
3,0,Clear,Suburban,74,3,2,1,2,5
16,0,Clear,Highway,52,22,12,3,4,45
16,1,Clear,Highway,74,10,13,2,2,28
17,0,Clear,Urban,30,34,21,4,3,72
1,1,Clear,Suburban,75,4,4,0,1,4
20,1,Clear,Suburban,68,18,11,4,4,16
8,1,Rain,Urban,76,46,14,5,6,36
10,0,Clear,Urban,86,26,11,2,4,24
16,0,Clear,Urban,87,19,14,1,3,21
16,0,Clear,Urban,80,23,14,1,3,36
16,0,Clear,Highway,77,12,8,3,3,38
9,0,Rain,Urban,45,33,13,6,5,48
13,0,Clear,Urban,51,18,8,3,2,49
5,1,Clear,Urban,71,7,3,1,1,5
14,0,Clear,Highway,74,22,9,4,4,40
7,1,Clear,Suburban,68,37,17,3,6,39
2,0,Rain,Highway,84,4,4,1,2,11
1,0,Rain,Highway,77,4,1,0,1,9
9,0,Clear,Urban,26,34,17,3,2,72
12,0,Clear,Highway,77,19,13,4,3,30
4,0,Clear,Urban,72,10,4,0,2,8
3,0,Rain,Suburban,83,5,3,1,2,10
18,0,Clear,Urban,23,42,12,4,3,75
16,1,Clear,Highway,76,9,14,2,2,24
9,0,Clear,Urban,43,50,21,3,2,53
0,1,Fog,Urban,75,3,1,1,2,4
15,0,Clear,Urban,76,26,14,2,3,33
9,0,Fog,Urban,44,34,16,3,2,52
15,0,Clear,Urban,85,16,14,1,2,28
18,0,Clear,Urban,51,49,16,4,6,66
12,0,Clear,Urban,76,19,8,1,2,38
19,1,Clear,Urban,53,32,22,7,3,41
9,0,Clear,Highway,56,58,20,6,4,63
3,0,Clear,Suburban,75,4,2,0,2,5
5,0,Clear,Urban,67,11,2,0,1,15
20,0,Clear,Urban,86,14,11,1,4,21
22,1,Clear,Suburban,82,12,6,4,3,28
0,0,Clear,Suburban,73,8,2,1,2,9
19,0,Fog,Suburban,50,46,23,3,3,42
7,1,Clear,Urban,57,32,22,7,6,68
9,1,Clear,Suburban,58,36,14,5,4,45
18,0,Fog,Urban,77,50,16,6,3,32
11,0,Rain,Urban,74,16,6,1,2,28
19,0,Clear,Highway,57,51,10,4,5,64
7,0,Clear,Urban,25,45,22,5,4,95
15,0,Clear,Highway,70,17,8,3,3,25
1,0,Fog,Suburban,75,9,1,1,1,9
23,0,Clear,Urban,79,21,8,3,3,36
0,0,Clear,Highway,85,11,3,1,1,12
9,0,Rain,Highway,31,51,21,7,2,78
15,0,Clear,Urban,62,22,8,4,3,29
5,1,Rain,Highway,76,2,3,1,1,6
2,1,Clear,Highway,66,8,2,1,2,3
19,1,Clear,Urban,54,24,21,4,3,49
2,0,Clear,Urban,61,10,1,1,1,16
23,0,Fog,Suburban,86,20,13,3,4,18
15,1,Clear,Highway,72,15,6,1,3,15
20,0,Clear,Suburban,75,19,13,3,4,20
0,0,Clear,Suburban,83,11,2,1,2,11
16,0,Fog,Urban,76,27,5,3,3,27
10,0,Clear,Urban,78,21,10,4,2,23
14,0,Clear,Suburban,67,17,9,3,3,39
10,1,Clear,Urban,64,20,12,2,2,18
16,0,Clear,Urban,68,22,12,4,4,39
21,0,Clear,Highway,51,17,5,2,3,49
17,1,Clear,Urban,55,28,12,5,5,43
8,0,Clear,Suburban,36,39,23,3,3,96
22,1,Rain,Highway,65,17,8,2,3,24
13,0,Clear,Highway,43,16,13,2,3,45
10,0,Clear,Highway,78,12,13,4,3,21
14,0,Rain,Highway,67,29,10,1,4,38
14,0,Clear,Highway,49,28,6,4,4,43
4,0,Clear,Suburban,80,4,3,1,2,9
23,0,Clear,Suburban,73,14,13,2,2,34
1,1,Rain,Urban,77,2,1,1,2,5
22,0,Fog,Urban,67,21,10,3,2,27
14,0,Clear,Urban,61,22,13,2,4,29
3,1,Fog,Urban,88,4,4,0,1,3
1,0,Clear,Urban,63,9,1,1,2,5
9,0,Clear,Urban,27,32,21,4,6,91
19,0,Clear,Suburban,27,57,17,6,2,76
3,0,Fog,Suburban,85,6,3,1,1,11
10,1,Clear,Urban,75,15,8,4,3,14
14,1,Fog,Urban,83,19,10,2,2,16
23,0,Clear,Suburban,54,12,12,2,4,46
19,0,Clear,Urban,58,46,17,3,4,52
6,0,Clear,Highway,75,20,10,3,4,31
5,0,Clear,Urban,66,6,2,0,1,14
23,1,Clear,Suburban,69,20,10,1,3,25
15,0,Clear,Suburban,80,13,12,1,4,36
1,0,Clear,Urban,81,9,2,0,2,8
6,0,Clear,Suburban,81,17,5,2,3,21
19,0,Clear,Urban,56,30,13,4,5,69
3,0,Clear,Urban,74,9,3,1,1,12
16,0,Clear,Suburban,66,19,7,3,3,20
21,0,Rain,Urban,76,12,8,1,2,20
10,1,Rain,Urban,62,17,8,2,4,24
15,0,Clear,Urban,80,24,6,3,4,24
9,1,Clear,Highway,69,25,11,4,6,37
16,0,Rain,Suburban,64,16,5,1,4,24
13,0,Clear,Suburban,59,16,11,4,2,42
13,0,Clear,Suburban,54,28,11,4,2,44
13,0,Clear,Urban,60,16,5,1,4,38
12,1,Fog,Urban,83,9,14,1,4,12
12,0,Rain,Urban,73,28,9,1,4,17
18,0,Clear,Urban,20,46,21,3,3,74
7,0,Clear,Urban,36,53,12,4,5,88
23,1,Clear,Urban,82,16,12,1,3,14
14,1,Clear,Highway,66,12,12,3,3,20
15,0,Clear,Urban,62,25,7,4,4,32
14,0,Clear,Urban,78,25,6,3,4,27
8,0,Rain,Highway,46,58,10,7,6,46
21,1,Fog,Highway,65,19,14,1,2,13
12,1,Clear,Suburban,82,14,13,2,2,21
5,0,Fog,Suburban,61,8,2,1,2,10
17,0,Clear,Suburban,23,53,18,3,5,79
9,0,Fog,Urban,41,41,20,4,2,52
4,0,Clear,Highway,86,3,2,0,2,6
3,1,Clear,Highway,73,2,1,0,1,11
20,0,Clear,Urban,89,26,13,4,2,24
7,0,Clear,Highway,27,41,12,6,4,98
10,0,Fog,Suburban,79,17,8,3,4,29
10,0,Clear,Urban,74,26,11,2,2,29
0,0,Clear,Urban,71,10,1,1,2,11
7,1,Rain,Urban,66,40,24,6,4,29
15,0,Clear,Highway,85,29,14,2,3,34
20,0,Clear,Urban,83,15,7,4,4,36
17,0,Clear,Highway,30,57,14,5,3,89
8,0,Clear,Highway,41,47,13,7,4,58
2,0,Clear,Suburban,74,4,3,0,2,10
14,0,Rain,Urban,82,22,6,4,2,29
17,0,Rain,Suburban,57,42,24,7,4,64
4,0,Clear,Urban,88,11,2,1,2,15
14,0,Clear,Urban,78,29,10,3,4,22
18,1,Rain,Highway,50,45,14,7,4,54
13,0,Clear,Urban,73,14,14,4,4,20
5,1,Clear,Urban,66,4,3,1,2,3
9,0,Clear,Suburban,34,48,19,5,4,80
12,0,Clear,Urban,40,22,10,1,3,48
0,0,Clear,Highway,82,8,3,1,1,13
12,0,Rain,Suburban,61,26,9,2,2,28
19,1,Clear,Highway,42,31,11,3,6,51
2,0,Fog,Highway,65,5,3,1,2,10
23,1,Clear,Urban,79,9,11,1,3,27
1,0,Clear,Highway,81,3,2,0,1,17
2,0,Clear,Highway,87,5,1,1,2,15
22,0,Clear,Urban,42,13,8,1,4,44
20,1,Clear,Suburban,88,16,14,1,4,16
14,0,Rain,Suburban,87,15,12,2,3,30
0,0,Rain,Urban,76,10,2,0,1,14
16,0,Clear,Urban,80,25,6,3,3,29
4,0,Clear,Highway,63,4,2,0,2,9
11,0,Clear,Highway,57,14,13,1,4,49
23,0,Clear,Highway,80,13,10,4,2,35
9,0,Clear,Highway,26,39,16,5,3,75
20,0,Clear,Suburban,81,22,14,2,2,34
20,0,Clear,Urban,63,23,13,2,4,34
23,0,Rain,Highway,66,12,13,4,4,36
17,1,Clear,Suburban,65,35,12,6,4,35
12,0,Rain,Highway,72,21,6,2,4,16
16,0,Clear,Suburban,82,12,10,1,2,27
7,1,Rain,Suburban,81,28,10,6,5,31
21,1,Clear,Urban,64,16,13,1,3,17
14,1,Clear,Urban,81,13,9,2,4,24
8,0,Rain,Highway,46,53,19,5,3,52
10,1,Clear,Highway,86,15,6,2,3,30
23,0,Rain,Urban,75,25,10,1,4,25
4,0,Rain,Highway,73,10,2,0,1,11
22,1,Rain,Urban,60,17,8,3,4,20
9,0,Clear,Urban,36,41,10,3,4,89
22,0,Clear,Urban,83,16,6,1,3,22
17,1,Clear,Highway,79,44,17,4,6,40
15,0,Clear,Suburban,67,25,9,4,4,34
22,1,Fog,Highway,85,13,13,4,4,14
11,0,Clear,Urban,71,21,12,4,2,35
20,0,Clear,Suburban,68,14,9,3,4,32
5,0,Clear,Highway,61,9,4,0,2,14
2,0,Clear,Highway,82,8,2,1,1,16
20,0,Rain,Suburban,65,21,11,2,2,28
1,0,Rain,Urban,81,11,4,1,1,8
16,0,Clear,Suburban,62,26,13,1,4,36
13,0,Clear,Urban,72,22,12,2,2,34
1,0,Clear,Urban,60,3,2,1,2,18
6,0,Clear,Urban,40,14,8,3,4,44
17,0,Clear,Suburban,37,57,20,3,4,94
21,0,Clear,Urban,67,24,13,1,3,38
15,1,Fog,Highway,65,18,14,4,4,9
2,0,Clear,Urban,75,5,1,1,1,7
12,0,Fog,Urban,61,14,11,4,4,13
18,0,Clear,Urban,53,55,12,7,5,53
1,0,Rain,Urban,82,5,4,1,2,5
10,0,Clear,Highway,77,22,13,3,2,29
20,0,Fog,Urban,70,12,14,1,3,15
16,0,Rain,Highway,72,20,12,3,4,16
22,0,Clear,Urban,61,27,6,2,2,34
5,0,Rain,Urban,83,3,2,0,2,4
22,0,Clear,Urban,81,20,12,4,4,20
9,0,Clear,Suburban,53,34,15,6,2,67
23,0,Fog,Highway,66,27,13,3,4,22
2,0,Rain,Urban,77,10,2,0,2,15
8,1,Rain,Urban,71,38,15,3,2,28
10,1,Clear,Suburban,80,12,9,3,4,14
13,0,Rain,Urban,82,13,8,4,4,32
13,0,Clear,Highway,71,12,6,2,4,22
0,0,Clear,Urban,89,3,2,0,1,5
3,0,Rain,Urban,66,6,1,1,1,6
15,0,Clear,Urban,87,18,11,1,3,29
15,1,Clear,Urban,69,12,5,4,4,14
1,1,Clear,Urban,74,8,2,1,2,11
0,0,Clear,Highway,85,6,3,0,1,15
7,0,Rain,Suburban,43,45,21,4,5,44
14,0,Clear,Highway,73,26,11,3,2,23
14,1,Clear,Urban,65,15,8,1,3,16
13,0,Clear,Highway,79,27,11,2,3,37
1,0,Clear,Highway,87,5,2,0,2,10
19,0,Clear,Urban,59,35,21,3,3,51
18,1,Clear,Highway,44,37,20,7,5,65
2,0,Clear,Urban,65,3,2,0,2,15
22,0,Rain,Suburban,62,29,12,4,4,38
10,1,Clear,Suburban,73,17,14,4,2,17
11,0,Rain,Urban,79,29,11,4,4,26
13,1,Clear,Highway,73,14,6,2,2,19
19,1,Clear,Highway,60,30,17,4,2,37
19,0,Clear,Highway,44,55,20,6,6,69
6,0,Clear,Highway,74,13,6,2,4,26
2,0,Clear,Highway,71,5,4,1,2,16
0,0,Rain,Suburban,64,6,3,1,1,12
4,0,Clear,Highway,60,8,4,0,1,8
15,1,Clear,Urban,61,22,9,3,2,20
18,1,Clear,Highway,84,32,19,3,6,35
10,0,Fog,Highway,85,22,11,1,2,20
3,0,Clear,Suburban,69,8,2,0,1,16
23,0,Clear,Suburban,88,23,12,1,4,25
17,0,Clear,Urban,32,37,19,7,6,76
21,0,Clear,Highway,43,28,14,1,3,46
5,0,Clear,Highway,67,10,1,0,2,16
11,0,Clear,Highway,45,20,12,2,2,43
16,0,Clear,Urban,60,28,9,1,3,24
12,0,Clear,Highway,77,27,13,2,3,31
23,0,Clear,Urban,77,22,6,1,4,24
9,0,Clear,Urban,22,47,11,4,4,76
10,0,Clear,Urban,43,19,7,3,2,44
3,0,Clear,Urban,65,11,2,1,1,7
2,0,Clear,Suburban,80,5,3,1,1,10
11,1,Fog,Urban,71,12,8,3,2,19
15,0,Clear,Urban,71,15,9,3,2,37
14,0,Clear,Urban,70,21,11,2,3,33
17,0,Clear,Highway,20,35,19,7,4,79
0,1,Clear,Urban,61,4,1,0,2,6
19,1,Clear,Highway,58,27,11,5,2,56
21,1,Clear,Urban,61,21,5,4,3,30
16,0,Clear,Urban,63,14,12,4,2,40
3,0,Clear,Urban,63,10,3,1,2,9
15,0,Fog,Urban,83,15,7,2,3,21
21,0,Rain,Urban,85,15,9,4,2,32
6,0,Fog,Suburban,77,15,12,1,4,24
14,1,Clear,Urban,74,19,5,1,2,14
22,0,Clear,Highway,77,19,9,1,4,35
16,0,Clear,Highway,86,16,12,4,2,34
8,0,Rain,Suburban,54,35,13,7,4,61
0,1,Clear,Suburban,88,8,1,1,2,11
9,1,Clear,Highway,67,39,11,7,2,36
4,0,Clear,Urban,69,10,3,0,1,5
5,0,Clear,Highway,82,6,4,0,1,9
10,0,Clear,Highway,72,28,10,1,3,29
11,0,Clear,Highway,78,24,10,3,2,37
0,0,Clear,Highway,61,9,1,0,2,7
19,0,Fog,Highway,45,53,24,7,4,46
23,1,Clear,Highway,87,17,7,4,3,18
16,0,Clear,Highway,89,27,8,1,4,26
6,0,Rain,Urban,75,18,11,1,4,22
9,0,Clear,Highway,32,31,24,7,2,96
14,0,Clear,Urban,46,16,11,4,4,42
12,0,Rain,Suburban,62,13,10,1,2,33
1,0,Clear,Suburban,74,11,2,0,2,5
7,0,Clear,Urban,58,35,21,4,4,57
23,0,Clear,Urban,44,16,8,2,4,48
3,0,Rain,Urban,69,6,2,0,2,7
20,0,Clear,Suburban,61,13,11,1,4,34
20,0,Rain,Suburban,68,18,8,2,4,22
21,0,Rain,Suburban,78,21,8,3,4,24
16,0,Clear,Suburban,51,23,10,2,2,43
19,0,Fog,Urban,67,39,10,7,3,39
6,0,Clear,Suburban,63,18,6,1,2,29
15,1,Clear,Suburban,67,9,6,4,2,23
9,0,Clear,Highway,37,46,20,3,5,73
14,0,Clear,Suburban,73,16,5,1,4,33
16,0,Rain,Highway,84,14,5,4,3,23
12,1,Rain,Highway,61,20,12,1,3,20
4,1,Clear,Suburban,62,7,1,0,1,3
17,0,Fog,Urban,46,44,11,3,3,51
17,0,Rain,Highway,42,49,22,6,4,69
13,0,Clear,Highway,51,21,6,4,4,41
23,0,Clear,Highway,56,27,13,1,3,46
1,0,Clear,Urban,70,8,3,1,2,16
16,1,Clear,Highway,81,11,7,1,2,30
1,0,Rain,Urban,70,10,1,1,2,15
16,1,Rain,Highway,64,16,13,2,4,26
2,1,Clear,Urban,84,5,4,1,2,4
1,0,Clear,Highway,84,7,1,1,1,9
15,0,Clear,Suburban,56,23,8,4,2,46
3,1,Clear,Urban,61,6,4,0,2,5
10,0,Rain,Suburban,69,27,11,4,4,36
15,0,Clear,Suburban,42,29,7,1,2,48
21,0,Rain,Suburban,77,16,13,1,2,20
13,0,Clear,Highway,62,20,10,3,2,40
8,0,Rain,Urban,54,48,15,7,2,55
22,1,Clear,Highway,89,16,8,2,4,16
20,1,Rain,Urban,67,16,14,3,4,18
17,0,Clear,Highway,47,38,21,6,4,66
10,1,Clear,Suburban,74,10,6,3,2,22
8,0,Clear,Urban,38,42,19,4,6,75
17,0,Rain,Urban,48,39,17,7,4,64
10,0,Clear,Highway,71,14,8,1,2,40
21,0,Rain,Suburban,86,14,10,1,2,37
8,1,Rain,Highway,62,25,14,3,2,32
16,0,Clear,Urban,51,16,5,1,3,45
16,1,Rain,Highway,67,19,7,1,2,17
9,0,Clear,Urban,59,51,23,4,2,70
8,0,Rain,Highway,49,57,24,7,6,60
1,1,Clear,Urban,89,7,3,0,1,5
5,1,Rain,Urban,88,7,2,0,1,5
19,0,Clear,Urban,39,50,10,4,5,83
16,0,Clear,Urban,89,17,5,2,3,40
2,0,Fog,Urban,88,3,2,1,2,6
20,0,Rain,Urban,68,12,12,1,2,16
9,0,Fog,Highway,51,37,19,6,4,45
21,0,Clear,Highway,54,24,5,2,2,42
9,0,Clear,Highway,32,44,18,6,6,94
9,0,Rain,Highway,42,50,20,7,4,48
8,0,Clear,Urban,30,50,22,5,4,83
20,1,Rain,Urban,62,18,5,4,4,24
17,0,Fog,Suburban,67,32,19,7,5,39
3,0,Clear,Suburban,79,9,1,1,2,13
21,0,Rain,Urban,65,29,7,2,3,21
18,1,Rain,Urban,54,24,23,5,2,52
23,0,Clear,Highway,60,17,6,1,2,31
2,1,Clear,Suburban,66,4,1,1,2,7
23,0,Clear,Highway,89,24,11,4,3,22
5,0,Rain,Urban,79,6,2,1,2,4
10,0,Clear,Suburban,69,23,12,4,2,40
9,0,Fog,Highway,57,59,22,3,6,48
13,0,Rain,Suburban,84,19,9,4,3,20
1,1,Rain,Urban,86,5,2,0,1,8
18,0,Clear,Suburban,28,43,13,5,4,98
22,0,Clear,Urban,62,14,13,2,4,40
4,0,Fog,Highway,70,11,1,0,2,8
11,0,Clear,Urban,68,27,7,1,3,20
0,0,Clear,Urban,84,4,4,0,1,15
13,0,Clear,Highway,40,14,11,3,4,43
21,0,Clear,Urban,84,22,14,3,3,40
0,0,Clear,Highway,86,3,2,1,2,7
14,0,Clear,Urban,69,26,9,2,3,30
8,1,Clear,Urban,59,37,16,4,3,44
14,1,Clear,Suburban,74,20,9,4,3,28
9,1,Fog,Highway,84,33,11,7,2,26
10,0,Rain,Highway,85,27,8,4,4,17
13,0,Fog,Suburban,75,19,10,4,2,26
18,0,Clear,Urban,53,46,14,5,2,55
0,0,Rain,Suburban,82,11,4,1,2,9
5,0,Clear,Urban,77,3,1,0,1,6
17,0,Clear,Urban,40,39,10,7,5,67
8,0,Clear,Suburban,57,42,19,7,2,52
8,0,Clear,Highway,38,32,15,7,4,86
1,0,Clear,Urban,89,7,2,1,2,8
0,0,Fog,Urban,82,6,2,0,1,7
12,0,Clear,Highway,65,18,10,4,3,31
7,0,Fog,Urban,49,37,12,6,2,45
19,0,Fog,Highway,51,33,22,3,6,58
20,0,Clear,Suburban,65,26,5,2,3,28
19,1,Rain,Highway,50,28,10,4,4,42
21,0,Clear,Highway,80,16,11,3,2,23
3,0,Clear,Highway,82,3,3,1,2,5
18,1,Fog,Urban,72,24,14,3,2,27
6,1,Clear,Suburban,62,17,11,1,2,31
2,1,Clear,Urban,84,8,1,1,1,5
5,1,Clear,Highway,81,7,2,1,2,9
12,1,Clear,Highway,82,18,10,4,3,29
23,0,Rain,Urban,64,23,7,4,2,16
1,0,Clear,Suburban,81,11,4,1,2,16
12,0,Clear,Urban,71,14,12,1,3,32
2,1,Clear,Highway,81,8,3,0,1,13
8,0,Clear,Urban,35,35,12,6,3,84
18,1,Rain,Suburban,42,24,18,3,2,52
5,0,Rain,Suburban,75,4,2,0,2,7
3,0,Clear,Urban,82,7,3,1,2,6
5,0,Rain,Urban,69,7,1,0,1,9
14,0,Clear,Highway,69,27,7,3,4,23
4,0,Clear,Highway,89,4,2,0,2,5
20,0,Rain,Suburban,81,18,9,2,2,22
15,0,Clear,Suburban,73,29,6,3,4,36
15,1,Clear,Highway,78,20,11,1,3,29
4,0,Fog,Highway,81,10,1,1,2,8
16,0,Clear,Highway,86,18,9,4,2,34
6,1,Rain,Highway,62,10,13,3,2,20
21,0,Clear,Highway,85,29,8,4,2,38
21,0,Clear,Suburban,77,23,9,1,2,28
7,0,Clear,Urban,29,40,19,3,6,75
14,1,Clear,Urban,85,17,6,3,4,28
23,0,Clear,Highway,40,27,7,4,2,42
12,0,Clear,Suburban,82,19,7,4,3,28
23,1,Clear,Urban,66,20,11,2,4,33
17,0,Clear,Highway,45,42,16,6,5,70
19,1,Clear,Suburban,52,28,17,4,3,46
8,1,Clear,Urban,52,29,19,4,2,60
13,0,Clear,Suburban,61,22,7,2,2,21
23,1,Clear,Suburban,75,20,11,1,2,23
16,0,Clear,Suburban,89,23,13,2,2,40
14,0,Clear,Urban,73,14,12,4,4,32
7,0,Clear,Suburban,25,44,16,4,2,71
10,1,Clear,Urban,80,23,13,2,4,16
22,0,Fog,Urban,86,20,8,1,3,27
0,0,Fog,Highway,70,7,2,1,2,6
10,1,Clear,Urban,70,20,14,1,2,34
8,1,Clear,Suburban,47,29,15,4,5,55
11,0,Clear,Suburban,87,21,8,4,4,32
13,0,Clear,Urban,73,12,7,2,4,24
12,1,Clear,Suburban,75,22,8,1,3,32
21,0,Fog,Highway,69,25,10,1,2,24
4,0,Clear,Urban,62,10,2,0,2,19
20,1,Fog,Highway,76,9,7,1,3,8
1,0,Fog,Urban,88,9,4,1,1,6
16,0,Rain,Suburban,84,15,12,1,2,33
17,1,Rain,Suburban,82,46,17,6,4,40
13,0,Rain,Urban,70,24,11,1,4,18
23,0,Clear,Urban,41,19,9,4,4,42
13,0,Clear,Highway,79,21,6,3,2,21
20,0,Fog,Urban,71,13,14,2,2,13
9,0,Clear,Urban,52,44,16,5,3,65
4,0,Rain,Suburban,72,5,2,0,1,12
22,0,Clear,Urban,64,13,7,1,2,24
15,0,Clear,Urban,53,28,11,1,3,48
22,0,Rain,Urban,81,22,8,4,2,18
0,1,Clear,Highway,81,8,1,0,1,4
1,1,Clear,Highway,83,4,2,0,1,11
1,0,Clear,Highway,64,11,2,1,2,13
1,0,Clear,Urban,77,7,3,1,1,8
13,1,Clear,Suburban,86,20,5,3,3,25
11,1,Rain,Suburban,70,9,11,3,3,11
1,0,Clear,Suburban,82,10,3,0,1,13
12,0,Clear,Urban,70,17,10,2,4,28
2,0,Rain,Urban,75,7,3,1,2,14
18,0,Clear,Suburban,33,56,21,5,4,97
22,0,Clear,Suburban,62,12,7,3,3,31
16,1,Clear,Highway,78,19,6,4,3,16
22,1,Rain,Suburban,78,10,5,4,2,22
11,0,Clear,Highway,65,29,9,3,4,40
9,0,Clear,Highway,43,50,22,5,4,68
17,1,Rain,Suburban,86,39,11,4,3,29
2,0,Clear,Suburban,67,10,1,1,1,12
19,1,Fog,Suburban,75,26,22,3,3,24
23,1,Rain,Suburban,70,20,11,3,4,15
10,0,Rain,Suburban,71,12,10,2,4,28
14,1,Clear,Highway,67,10,9,4,2,32
4,0,Rain,Urban,65,5,3,1,2,8
8,0,Clear,Suburban,30,41,14,6,3,83
11,1,Fog,Suburban,60,17,8,1,2,14
14,1,Rain,Suburban,83,10,5,4,2,12
11,1,Clear,Suburban,60,11,11,3,3,30
4,0,Rain,Urban,80,10,4,0,1,15
1,0,Clear,Urban,77,6,2,0,1,7
22,1,Clear,Urban,88,16,5,3,4,16
10,1,Clear,Highway,67,20,13,3,3,19
21,1,Rain,Suburban,60,20,5,1,4,20
3,1,Clear,Highway,80,8,3,1,1,8
23,0,Clear,Urban,71,26,5,1,3,34
18,1,Clear,Urban,49,38,10,6,3,51
23,0,Clear,Urban,87,28,9,2,3,22
16,0,Clear,Urban,52,16,7,2,3,46
9,0,Clear,Urban,47,51,22,4,6,69
6,1,Clear,Urban,85,20,12,1,4,16
18,1,Clear,Urban,49,28,10,7,6,50
17,0,Clear,Highway,35,44,18,6,5,71
4,0,Rain,Urban,87,5,3,0,2,9
21,0,Clear,Suburban,89,28,8,3,3,21
16,1,Clear,Urban,76,10,6,2,4,21
5,1,Clear,Urban,70,5,2,1,2,4
0,0,Clear,Suburban,66,3,2,0,1,14
8,1,Clear,Highway,40,27,11,3,2,67
4,0,Clear,Urban,83,3,4,0,2,12
1,1,Clear,Suburban,76,8,3,1,1,7
14,1,Clear,Urban,68,11,10,1,4,28
11,1,Clear,Highway,85,20,10,1,3,17
18,0,Clear,Suburban,31,46,13,5,6,87
20,1,Fog,Urban,64,12,12,2,4,15
21,0,Clear,Suburban,72,26,12,1,3,20
7,1,Fog,Suburban,78,46,16,5,3,23
22,0,Fog,Suburban,73,20,10,4,2,15
11,1,Clear,Highway,76,23,6,4,3,23
1,0,Clear,Highway,62,3,2,1,1,19
9,0,Clear,Suburban,58,51,19,5,5,63
17,0,Clear,Highway,25,58,23,7,6,78
23,1,Clear,Suburban,71,16,8,2,4,16
9,0,Fog,Urban,82,43,15,6,2,39
8,0,Clear,Suburban,30,31,21,7,5,99
21,0,Rain,Urban,71,29,13,3,2,21
23,1,Clear,Highway,81,21,6,3,4,28
15,0,Clear,Highway,67,17,7,2,4,23
17,0,Clear,Highway,23,57,20,6,5,89
2,1,Clear,Highway,84,3,3,1,2,5
11,1,Clear,Suburban,63,21,5,1,4,20
16,0,Clear,Highway,80,20,10,1,4,40
7,1,Clear,Highway,40,33,20,4,6,51
8,0,Clear,Suburban,51,30,18,5,2,54
12,0,Clear,Urban,64,25,7,4,3,22
17,0,Clear,Suburban,24,47,22,7,5,85
17,0,Clear,Urban,54,57,19,6,5,52
23,0,Rain,Suburban,70,18,5,1,4,36
12,0,Clear,Suburban,44,17,11,4,4,49
10,1,Clear,Highway,66,20,11,1,2,29
21,1,Clear,Urban,63,22,8,3,3,14
1,0,Clear,Highway,86,5,4,1,1,17
3,0,Rain,Highway,78,5,1,1,2,8
20,0,Clear,Urban,72,22,10,3,2,40
16,0,Clear,Suburban,64,22,10,3,2,27
3,0,Clear,Urban,72,6,4,0,1,19
2,1,Rain,Urban,80,5,1,0,2,4
11,0,Clear,Urban,69,13,14,4,4,21
12,1,Clear,Highway,76,13,5,4,3,21
12,1,Rain,Urban,81,15,9,3,3,26
17,0,Clear,Highway,33,42,10,6,6,96
2,0,Clear,Urban,84,9,4,0,1,11
15,0,Clear,Urban,55,28,7,3,3,42
4,1,Rain,Highway,65,2,2,0,1,8
4,0,Fog,Urban,61,6,1,0,1,10
10,0,Rain,Suburban,61,25,13,1,4,21
7,0,Clear,Highway,26,39,16,7,4,81
0,0,Fog,Highway,81,10,2,1,2,10
21,0,Rain,Highway,65,19,13,4,4,16
22,0,Clear,Highway,67,23,11,3,2,38
16,0,Clear,Highway,68,28,6,2,4,20
16,0,Clear,Suburban,79,28,10,3,3,27
22,1,Clear,Urban,68,19,11,2,3,20
22,0,Rain,Urban,63,22,11,3,2,25
10,1,Clear,Highway,69,14,13,3,3,18
0,1,Rain,Urban,79,8,2,0,1,4
9,0,Clear,Highway,35,42,21,7,2,80
23,0,Clear,Urban,73,29,7,3,4,20
7,1,Clear,Suburban,58,41,22,7,2,55
12,0,Fog,Urban,89,20,7,3,3,18
16,0,Clear,Urban,52,14,11,2,2,44
15,1,Clear,Suburban,72,15,13,2,3,33
2,0,Clear,Urban,77,10,2,1,2,9
3,1,Clear,Urban,65,5,3,0,2,10
20,0,Clear,Urban,58,12,13,3,4,47
13,0,Rain,Suburban,63,16,9,1,2,27
18,1,Clear,Highway,58,44,21,7,3,50
5,0,Clear,Suburban,83,9,1,1,1,10
21,0,Clear,Highway,43,13,13,3,2,45
13,1,Fog,Highway,76,13,11,4,2,10
6,0,Clear,Suburban,85,17,7,1,2,39
21,0,Rain,Urban,66,20,12,3,2,36
15,0,Clear,Urban,46,17,11,1,4,48
0,1,Rain,Highway,66,7,2,1,1,4
1,0,Clear,Suburban,86,5,1,1,2,7
21,1,Rain,Urban,80,16,10,3,2,16
0,1,Rain,Urban,84,3,2,0,1,10
13,0,Clear,Suburban,48,25,5,4,2,42
5,1,Rain,Suburban,87,6,2,0,2,8
23,0,Clear,Suburban,61,12,11,3,2,33
20,1,Clear,Highway,65,18,14,3,2,23
12,0,Clear,Suburban,61,12,10,1,3,35
7,0,Clear,Highway,51,30,19,6,3,51
14,0,Rain,Suburban,84,20,12,3,3,26
0,0,Rain,Urban,80,11,3,1,1,5
17,0,Clear,Urban,51,36,20,4,3,66
21,0,Clear,Urban,44,22,14,1,3,48
23,1,Fog,Urban,74,19,11,1,4,18
16,1,Rain,Highway,64,10,9,3,4,12
2,1,Clear,Urban,67,6,2,0,2,4
7,0,Clear,Suburban,37,49,22,3,6,95
4,0,Clear,Urban,67,10,2,1,2,11
22,0,Clear,Suburban,57,24,7,1,2,45
21,1,Rain,Suburban,80,18,8,3,4,24
11,0,Clear,Highway,60,15,11,2,4,33
3,0,Clear,Highway,60,4,3,1,2,16
13,0,Clear,Highway,56,27,8,1,2,47
10,1,Clear,Highway,62,12,12,2,2,23
11,0,Clear,Highway,53,20,6,1,4,49
7,1,Rain,Suburban,50,45,11,3,4,49
13,0,Fog,Highway,70,15,9,3,3,15
8,0,Clear,Highway,38,35,19,3,6,91
9,0,Clear,Urban,26,48,18,7,6,91
2,1,Rain,Urban,65,5,1,0,1,9
14,1,Clear,Urban,61,16,5,3,4,14
23,1,Fog,Highway,82,16,11,2,3,16
7,1,Rain,Highway,73,31,12,3,4,29
1,0,Clear,Suburban,76,6,4,1,1,16
10,1,Fog,Urban,88,10,14,1,3,18
4,0,Rain,Highway,77,6,4,1,2,7
23,0,Clear,Urban,72,29,9,1,2,22
5,0,Rain,Suburban,71,11,4,1,2,12
11,0,Rain,Suburban,80,15,8,2,2,34
20,0,Clear,Suburban,73,28,7,4,3,27
19,0,Clear,Urban,41,32,20,7,4,64
10,0,Clear,Suburban,63,23,7,2,3,21
17,0,Clear,Highway,39,50,24,3,6,88
9,0,Rain,Suburban,51,54,14,5,4,54
2,0,Clear,Highway,82,10,4,0,1,10
21,1,Clear,Highway,80,16,11,2,4,28
8,0,Rain,Urban,46,41,21,6,2,41
3,0,Rain,Highway,72,5,2,1,1,12
11,0,Clear,Highway,83,26,6,2,3,20
21,0,Rain,Urban,89,25,9,2,2,38
7,1,Clear,Suburban,44,29,11,3,2,48
13,0,Fog,Highway,73,26,13,2,3,22
8,0,Fog,Suburban,68,42,16,7,5,37
0,1,Fog,Urban,70,2,1,0,2,6
17,0,Fog,Urban,84,56,11,7,4,31
3,0,Clear,Suburban,80,9,4,0,1,13
17,1,Clear,Highway,80,42,19,4,3,37
22,0,Clear,Highway,85,19,7,4,4,23
2,0,Rain,Suburban,63,5,2,1,1,15
5,1,Clear,Highway,88,4,2,1,1,13
21,0,Clear,Highway,46,14,9,4,2,41
5,0,Clear,Highway,61,3,2,0,1,19
2,1,Clear,Urban,71,6,2,0,1,12
22,1,Clear,Suburban,63,15,12,2,3,14
15,1,Clear,Highway,66,14,6,3,3,34
3,1,Fog,Suburban,63,8,3,0,1,6
12,0,Clear,Highway,88,24,13,3,4,21
15,1,Clear,Urban,86,19,13,2,3,25
7,0,Clear,Urban,32,54,21,7,6,89
13,0,Clear,Urban,85,20,13,2,4,26
3,1,Fog,Suburban,88,8,1,0,1,3
3,0,Rain,Highway,81,4,3,1,2,4
7,1,Clear,Suburban,76,26,21,5,3,39
18,0,Rain,Suburban,46,56,10,7,6,62
17,0,Clear,Suburban,20,51,24,4,2,76
23,0,Clear,Urban,57,16,10,4,4,49
17,1,Clear,Highway,52,36,10,5,5,60
13,0,Rain,Urban,60,25,11,3,2,18
22,0,Clear,Highway,72,24,11,4,3,37
1,1,Clear,Suburban,78,3,2,1,1,7
22,0,Clear,Suburban,72,19,11,1,2,23
11,1,Clear,Highway,60,14,6,1,4,21
9,0,Clear,Urban,21,35,22,3,4,82
19,0,Fog,Urban,40,37,19,5,3,46
9,1,Clear,Urban,51,40,13,7,4,56
12,0,Clear,Urban,51,17,8,2,2,48
6,0,Fog,Urban,65,18,13,3,2,13
8,0,Rain,Highway,58,47,15,4,3,62
16,1,Clear,Urban,65,14,10,4,4,19
1,0,Rain,Highway,60,3,4,1,1,14
20,0,Clear,Suburban,71,12,5,2,2,25
7,0,Clear,Suburban,22,37,15,5,3,72
17,0,Clear,Suburban,36,37,10,7,5,89
10,0,Clear,Suburban,58,28,10,2,3,48
22,1,Clear,Highway,75,12,11,3,2,23
18,0,Rain,Suburban,42,37,15,4,5,45
10,1,Clear,Urban,84,23,5,1,2,21
7,0,Fog,Urban,75,44,16,7,3,31
1,1,Clear,Urban,65,8,2,0,1,6
15,1,Clear,Urban,88,14,6,2,2,24
22,1,Clear,Suburban,88,20,13,1,3,33
11,1,Clear,Suburban,71,23,11,1,2,22
13,0,Clear,Urban,50,17,9,3,2,42
17,0,Clear,Highway,23,30,11,7,2,92
12,1,Clear,Suburban,85,15,6,4,4,18
15,1,Clear,Highway,82,12,8,1,4,25
21,0,Clear,Highway,64,25,10,3,3,37
12,1,Clear,Suburban,88,20,11,2,2,34
12,0,Clear,Highway,74,29,14,2,3,20
8,1,Clear,Urban,52,42,11,6,6,66
23,1,Clear,Highway,83,20,8,4,4,15
2,0,Clear,Suburban,65,7,4,0,1,18
19,1,Clear,Urban,50,35,10,7,4,60
14,0,Clear,Highway,61,24,11,3,3,24
15,1,Clear,Urban,76,16,6,1,2,20
8,0,Fog,Suburban,55,36,19,5,5,52
1,1,Clear,Urban,67,4,3,0,2,3
19,0,Clear,Highway,20,59,21,5,4,93
1,0,Clear,Suburban,63,11,2,0,2,6
7,0,Rain,Urban,56,58,21,5,4,70
23,0,Fog,Urban,74,14,8,3,2,20
7,1,Rain,Suburban,60,33,17,3,3,40
11,0,Clear,Highway,42,20,10,4,2,48
22,0,Clear,Urban,76,14,10,2,2,22
3,0,Clear,Suburban,86,11,3,0,1,10
6,0,Fog,Urban,74,12,10,1,4,27
21,0,Clear,Highway,67,24,5,2,3,37
20,1,Rain,Urban,84,12,10,3,4,18
12,1,Rain,Suburban,63,16,14,3,4,16
21,1,Rain,Urban,74,19,12,4,4,18
10,0,Fog,Urban,89,16,13,4,3,21
17,1,Rain,Highway,43,29,12,3,2,50
5,0,Clear,Highway,89,10,2,0,1,7
16,1,Rain,Urban,75,13,9,2,2,14
19,0,Clear,Suburban,59,44,19,3,2,67
17,0,Rain,Urban,49,39,23,5,2,44
10,0,Clear,Highway,56,24,12,3,2,43
11,1,Fog,Urban,60,12,7,3,4,14
1,0,Clear,Suburban,61,4,4,0,2,16
15,1,Clear,Highway,72,16,8,1,4,33
5,0,Rain,Highway,60,9,2,0,2,13
2,1,Clear,Urban,85,8,2,0,1,12
12,1,Clear,Urban,74,10,6,2,2,18
11,0,Clear,Highway,68,15,6,4,2,25
14,0,Clear,Suburban,89,27,6,4,3,20
7,1,Clear,Highway,52,28,17,7,5,49
19,0,Clear,Highway,37,30,16,7,6,92
4,0,Clear,Highway,83,9,2,1,2,18
1,1,Clear,Highway,83,4,3,1,1,7
1,0,Clear,Urban,85,8,3,1,2,19
7,0,Rain,Suburban,43,50,24,4,4,59
2,1,Clear,Suburban,67,4,2,0,1,4
6,1,Clear,Highway,70,16,10,4,3,23
3,0,Clear,Urban,89,5,1,1,2,14
1,0,Clear,Highway,87,10,2,1,1,5
6,1,Clear,Suburban,72,9,5,2,3,24
5,0,Fog,Urban,71,3,4,0,2,5
16,0,Rain,Highway,89,28,6,3,2,16
0,1,Clear,Urban,71,4,1,1,1,5
9,1,Fog,Suburban,70,40,22,4,3,29
3,1,Clear,Suburban,68,5,1,1,1,3
1,0,Clear,Urban,79,6,3,0,2,18
13,1,Rain,Highway,77,20,12,1,4,20
0,0,Clear,Highway,76,8,3,0,2,10
17,0,Clear,Suburban,31,43,10,7,6,72
10,0,Clear,Urban,89,28,9,1,3,30
18,0,Clear,Highway,23,49,18,7,4,85
10,0,Clear,Urban,44,15,13,1,4,42
13,0,Clear,Highway,73,27,5,1,3,36
4,0,Clear,Highway,80,10,3,1,1,5
4,0,Clear,Highway,87,4,4,1,1,11
23,0,Clear,Suburban,47,22,13,4,4,42
17,1,Clear,Urban,59,47,24,3,4,46
23,0,Clear,Urban,87,23,7,2,4,32
6,0,Clear,Highway,41,26,9,4,2,44
20,0,Rain,Urban,84,19,6,3,3,23
13,0,Clear,Urban,63,14,10,1,3,24
6,0,Clear,Suburban,53,15,6,1,3,41
4,0,Clear,Suburban,80,4,4,0,2,7
9,0,Rain,Urban,33,30,24,4,5,79
11,0,Rain,Highway,85,12,9,2,3,30
15,0,Clear,Suburban,61,16,7,2,2,24
10,0,Rain,Highway,66,17,11,3,4,35
10,0,Clear,Urban,67,18,8,3,3,25
15,0,Clear,Suburban,76,21,12,3,3,27
15,0,Clear,Highway,72,18,14,3,4,28
0,0,Clear,Urban,78,10,3,1,2,11
20,0,Rain,Suburban,63,26,10,4,3,28
5,1,Fog,Highway,85,2,2,1,1,6
19,0,Rain,Urban,51,58,13,3,5,46
6,1,Clear,Highway,82,15,13,2,3,20
7,0,Clear,Urban,24,50,13,7,3,72
20,0,Clear,Suburban,50,14,5,2,2,49
0,1,Clear,Highway,79,4,4,0,2,9
14,1,Rain,Highway,72,19,13,3,3,17
20,1,Clear,Urban,61,11,13,4,2,27
23,0,Clear,Urban,65,15,11,4,3,36
13,0,Clear,Suburban,48,18,9,2,3,46
7,0,Clear,Suburban,34,48,16,7,5,94
15,1,Clear,Highway,64,18,5,3,4,22
0,0,Clear,Suburban,83,3,4,1,1,18
10,1,Clear,Highway,84,9,13,2,3,18
22,0,Clear,Suburban,81,28,7,2,3,22
10,0,Rain,Urban,89,22,5,2,2,29
8,1,Clear,Urban,59,24,17,7,2,51
15,1,Clear,Highway,67,11,12,3,4,20
4,1,Rain,Urban,66,5,3,1,1,4
19,1,Clear,Urban,68,29,18,5,4,37
15,0,Clear,Urban,62,14,6,2,2,30
23,0,Clear,Urban,68,28,11,4,4,21
18,1,Clear,Urban,50,40,12,3,6,52
17,1,Rain,Urban,48,36,13,3,5,46
16,1,Clear,Suburban,68,12,14,1,4,17
13,1,Clear,Highway,65,20,5,2,3,17
0,0,Rain,Urban,67,9,4,0,2,12
8,1,Clear,Suburban,48,41,18,5,5,49
11,0,Fog,Highway,76,24,9,1,3,19
6,0,Clear,Urban,71,28,14,4,3,33
23,0,Clear,Urban,60,29,10,3,3,32
18,0,Rain,Highway,51,51,24,5,4,60
22,0,Clear,Suburban,67,16,7,3,2,37
5,1,Clear,Suburban,67,2,4,1,2,11
11,1,Rain,Urban,79,16,13,3,3,14
13,1,Clear,Urban,72,20,12,2,2,23
13,0,Clear,Urban,77,18,9,4,2,20
18,0,Clear,Suburban,38,33,13,3,5,72
13,1,Clear,Urban,62,21,7,2,4,28
21,0,Fog,Urban,72,18,12,1,3,14
4,0,Clear,Highway,66,6,2,1,1,8
22,0,Clear,Urban,79,13,14,4,4,28
22,0,Clear,Suburban,65,19,14,1,4,31
18,0,Clear,Urban,30,46,10,3,3,77
16,0,Clear,Suburban,41,18,14,2,3,43
21,0,Clear,Urban,86,26,14,3,4,20
9,1,Clear,Urban,42,46,23,3,2,58
21,1,Rain,Urban,77,10,13,3,3,20
18,0,Clear,Urban,30,40,13,4,2,98
6,1,Clear,Urban,79,15,13,1,2,24
15,0,Clear,Highway,46,13,7,1,4,47
6,0,Clear,Urban,46,15,7,2,3,44
14,1,Clear,Highway,71,10,11,4,4,27
5,1,Clear,Urban,69,3,3,1,2,11
18,0,Fog,Suburban,40,34,12,5,4,48
2,0,Fog,Urban,82,10,1,1,2,3
16,0,Clear,Urban,40,21,13,1,2,44
22,0,Clear,Urban,73,18,9,2,4,25
22,1,Clear,Urban,60,17,9,2,4,23
17,1,Rain,Urban,53,30,20,5,4,46
3,0,Rain,Highway,80,6,1,0,1,14
22,0,Clear,Highway,78,13,7,1,2,31
20,0,Clear,Urban,77,24,5,1,3,38
19,1,Clear,Suburban,40,43,23,5,5,58
6,1,Clear,Suburban,72,17,6,1,3,25
0,1,Clear,Urban,86,3,1,0,2,4
7,0,Fog,Suburban,60,43,19,3,5,40
17,0,Clear,Suburban,34,59,23,5,4,80
0,0,Rain,Suburban,86,8,2,0,1,15
15,0,Fog,Urban,70,26,12,2,4,20
17,0,Clear,Suburban,29,32,24,3,3,71
18,0,Rain,Suburban,41,52,20,7,2,48
18,1,Clear,Highway,56,27,19,6,6,63
3,0,Clear,Urban,62,11,4,1,1,15
2,1,Clear,Urban,83,8,2,1,1,9
21,0,Clear,Urban,68,26,11,3,4,27
5,0,Clear,Urban,72,4,2,0,2,11
13,0,Clear,Urban,68,27,5,3,2,35
14,0,Rain,Urban,75,16,6,1,4,16
14,0,Clear,Highway,87,23,5,3,4,25
1,1,Clear,Highway,86,2,4,0,1,6
18,0,Clear,Highway,37,34,20,5,4,92
23,0,Clear,Urban,72,12,11,3,3,35
1,1,Clear,Highway,63,4,1,1,2,9
3,0,Clear,Urban,62,5,2,0,2,9
1,0,Clear,Highway,73,6,3,0,1,7
11,0,Clear,Suburban,74,15,13,3,3,26
23,0,Clear,Urban,84,28,9,1,4,24
5,0,Clear,Suburban,71,6,1,1,1,9
13,0,Fog,Urban,60,15,13,2,4,22
6,0,Clear,Urban,61,16,9,4,2,21
7,0,Clear,Urban,36,40,11,5,4,93
22,0,Clear,Urban,73,12,11,1,3,28
5,0,Clear,Urban,87,11,4,1,1,9
13,0,Clear,Highway,68,15,11,2,2,31
19,1,Clear,Urban,70,44,23,4,2,35
5,0,Rain,Suburban,70,11,2,0,2,14
10,1,Fog,Suburban,88,12,7,3,2,11
23,0,Clear,Urban,84,26,8,4,4,20
4,1,Clear,Urban,88,8,2,1,2,5
18,1,Clear,Urban,51,34,14,6,3,59
19,0,Clear,Highway,36,48,15,7,5,84
2,1,Clear,Highway,82,7,1,1,1,8
2,1,Clear,Suburban,84,6,2,1,2,10
23,1,Clear,Suburban,78,16,6,1,4,14
4,1,Clear,Urban,74,5,1,1,1,5
21,1,Clear,Urban,75,14,5,4,4,16
18,0,Rain,Suburban,71,41,19,5,6,40
2,0,Clear,Suburban,67,6,4,0,2,19
10,1,Rain,Suburban,76,20,12,1,3,20
21,1,Clear,Urban,66,17,11,1,3,16
0,0,Rain,Highway,79,9,2,1,1,4
3,0,Clear,Suburban,76,6,4,1,2,15
22,1,Clear,Urban,76,11,14,3,3,18
10,0,Clear,Suburban,68,26,5,4,2,30
14,1,Clear,Highway,89,16,13,3,2,18
18,0,Clear,Suburban,20,32,17,7,3,73
0,0,Clear,Urban,82,11,3,1,1,15
15,1,Clear,Highway,79,13,6,2,4,22
21,0,Clear,Urban,53,12,5,2,2,47
13,0,Clear,Urban,46,18,8,2,3,49
20,0,Rain,Urban,64,17,13,4,4,30
12,0,Clear,Suburban,73,27,9,4,3,35
10,0,Clear,Urban,81,15,14,2,3,40
17,1,Rain,Highway,55,39,20,6,3,55
0,0,Fog,Suburban,83,7,1,1,1,10
13,0,Clear,Urban,66,12,9,1,4,32
2,0,Fog,Urban,65,11,2,1,2,9
14,0,Fog,Urban,76,16,7,3,2,15
6,0,Clear,Suburban,52,22,8,2,4,42
2,0,Clear,Suburban,82,7,1,1,1,8
11,1,Rain,Highway,74,12,13,1,4,12
20,0,Rain,Urban,85,12,13,2,3,18
11,1,Fog,Urban,75,11,10,1,3,15
14,0,Clear,Urban,69,20,5,1,2,31
22,0,Clear,Suburban,55,17,6,1,3,42
11,0,Clear,Suburban,67,24,12,1,2,25
16,0,Rain,Urban,61,25,10,4,3,31
15,0,Clear,Highway,83,19,12,4,4,24
19,0,Clear,Highway,30,59,15,3,6,77
16,0,Clear,Urban,78,21,7,4,2,25
5,1,Clear,Highway,68,4,4,1,2,10
19,0,Rain,Highway,45,37,15,4,5,41
1,0,Clear,Highway,81,11,4,0,2,10
16,0,Clear,Urban,70,21,5,3,2,32
15,1,Clear,Urban,78,15,11,4,4,27
23,1,Clear,Urban,78,19,5,4,3,15
5,0,Rain,Urban,71,3,3,1,2,8
16,0,Clear,Highway,58,24,12,1,4,49
7,0,Clear,Suburban,35,32,19,3,6,97
3,0,Rain,Highway,64,5,1,1,1,14
5,0,Clear,Suburban,74,9,3,1,2,17
23,1,Clear,Urban,62,11,6,2,2,30
17,0,Clear,Highway,33,31,23,7,2,76
1,0,Clear,Urban,65,11,2,1,1,18
18,0,Clear,Highway,24,36,13,4,4,85
8,0,Rain,Urban,55,52,15,3,6,64
9,0,Rain,Suburban,54,48,21,3,6,50
11,0,Clear,Highway,41,23,12,3,3,48
5,1,Clear,Highway,71,5,4,0,2,11
13,1,Clear,Urban,73,22,11,4,3,14
12,1,Clear,Suburban,78,13,10,2,2,18
8,0,Clear,Urban,31,59,10,6,2,73
15,1,Fog,Highway,87,21,6,4,3,16
10,1,Fog,Urban,64,14,12,2,4,18
19,0,Clear,Suburban,29,51,23,5,6,87
12,0,Clear,Urban,68,24,10,3,2,32
1,0,Clear,Highway,74,7,4,1,2,18
9,0,Clear,Urban,21,52,12,7,6,77
10,0,Clear,Suburban,70,24,13,3,3,40
13,1,Clear,Suburban,85,16,13,2,4,30
13,0,Clear,Highway,67,16,6,3,3,30
4,0,Clear,Urban,79,9,3,0,2,15
6,0,Clear,Suburban,58,24,10,4,2,45
5,0,Clear,Highway,75,9,1,0,2,15
21,1,Fog,Highway,85,15,6,1,2,18
23,0,Rain,Suburban,75,28,11,3,4,27
15,0,Clear,Urban,64,21,8,1,4,37
6,0,Rain,Suburban,86,19,7,2,2,32
11,1,Clear,Highway,63,12,13,1,4,15
10,0,Clear,Highway,84,16,5,3,4,28
2,0,Clear,Urban,83,11,2,0,1,12
1,0,Fog,Suburban,87,3,2,1,1,10
8,1,Fog,Suburban,76,42,11,4,5,31
15,0,Fog,Highway,70,23,10,2,2,22
2,0,Rain,Urban,78,7,2,1,2,11
22,1,Clear,Urban,67,18,11,2,3,29
23,0,Rain,Urban,63,21,9,2,4,26
19,0,Fog,Urban,44,36,18,6,2,43
23,0,Clear,Suburban,73,28,10,4,3,37
18,0,Clear,Urban,32,32,18,7,5,75
4,0,Clear,Highway,89,4,4,1,2,10
9,0,Clear,Urban,31,38,16,7,6,91
9,1,Fog,Suburban,67,39,23,3,6,26
8,1,Clear,Highway,49,42,10,4,5,53
4,1,Clear,Suburban,63,7,1,0,2,13
4,0,Clear,Urban,75,10,4,1,2,6
23,0,Rain,Suburban,87,22,12,4,4,19
7,1,Clear,Suburban,59,33,13,4,3,58
9,1,Clear,Urban,47,39,24,4,4,44
18,1,Rain,Suburban,58,39,18,6,6,41
16,0,Clear,Suburban,83,12,6,2,4,24
12,0,Clear,Suburban,47,21,8,3,3,49
11,0,Clear,Suburban,84,22,9,1,4,28
0,0,Clear,Urban,71,5,1,1,2,13
14,0,Clear,Urban,60,17,12,3,4,28
8,0,Rain,Urban,25,53,11,3,2,76
13,0,Clear,Urban,63,15,12,4,4,21
8,0,Clear,Highway,58,30,16,3,6,59
6,0,Clear,Suburban,65,26,14,2,4,36
5,0,Clear,Urban,72,9,1,1,1,17
3,1,Clear,Suburban,83,8,1,0,1,11
21,0,Rain,Suburban,81,24,6,2,2,33
13,0,Clear,Urban,71,20,13,1,2,34
11,0,Clear,Urban,75,22,5,2,3,28
13,0,Rain,Suburban,83,24,10,3,3,24
0,1,Fog,Suburban,76,4,1,0,1,5
6,0,Clear,Suburban,51,25,8,4,2,45
7,0,Clear,Highway,28,46,13,7,3,86
16,0,Clear,Highway,86,24,9,3,3,20
20,1,Clear,Suburban,85,9,14,1,3,20
23,0,Clear,Urban,72,18,7,1,2,21
12,0,Clear,Suburban,78,16,10,4,3,31
2,0,Clear,Urban,66,11,4,1,2,10
9,1,Clear,Urban,40,29,24,4,6,66
19,0,Clear,Urban,38,43,11,7,3,88
5,0,Clear,Suburban,73,11,1,1,1,14
8,1,Clear,Urban,82,29,18,6,3,39
5,0,Fog,Suburban,89,10,3,1,1,3
14,0,Clear,Suburban,56,22,13,4,2,43
14,1,Clear,Urban,74,20,13,1,4,32
4,0,Clear,Suburban,67,9,1,1,2,15
23,0,Clear,Urban,83,21,5,1,2,23
20,0,Clear,Urban,69,27,7,4,3,37
10,0,Clear,Urban,52,22,8,4,2,44
17,0,Clear,Highway,28,34,18,6,4,81
2,0,Clear,Suburban,82,6,1,1,2,7
8,0,Rain,Urban,50,45,21,4,6,46
11,0,Rain,Suburban,67,19,12,2,2,29
16,0,Clear,Urban,48,18,10,2,3,49
17,0,Clear,Highway,35,47,16,7,4,90
22,0,Clear,Urban,83,28,6,2,3,37
3,0,Clear,Urban,81,6,3,0,1,15
8,0,Clear,Suburban,43,52,17,3,5,60
23,0,Clear,Suburban,76,24,10,3,4,30
1,1,Clear,Highway,89,2,4,0,2,4
14,0,Clear,Urban,65,23,7,2,3,27
3,0,Clear,Urban,70,11,3,1,1,8
20,0,Clear,Highway,47,17,14,3,4,42
23,0,Clear,Urban,82,13,10,4,3,32
11,1,Clear,Urban,67,23,11,4,3,27
15,0,Rain,Urban,72,29,6,2,3,20
15,0,Clear,Suburban,48,20,14,3,4,46
2,1,Clear,Suburban,88,4,2,0,1,11
5,0,Clear,Suburban,80,4,3,0,2,14
12,0,Clear,Suburban,42,14,13,1,4,46
6,1,Fog,Highway,69,22,11,2,3,10
23,0,Clear,Suburban,52,28,13,1,2,45
12,1,Clear,Urban,62,12,8,3,2,22
4,0,Clear,Highway,61,4,2,0,2,13
10,0,Clear,Highway,56,20,13,2,2,49
1,1,Clear,Urban,65,4,1,1,2,4
2,0,Clear,Highway,69,7,4,0,2,6
0,0,Clear,Highway,86,7,4,1,1,5
0,0,Clear,Highway,73,9,2,0,2,11
22,0,Rain,Highway,84,25,8,3,3,18
20,0,Clear,Suburban,87,29,7,4,4,30
13,0,Clear,Urban,48,20,13,3,4,41
22,0,Clear,Highway,41,13,12,2,4,48
8,1,Clear,Highway,50,45,14,3,5,65
18,0,Rain,Urban,46,51,12,3,3,64
11,0,Clear,Urban,65,12,12,2,2,28
14,0,Clear,Urban,73,29,14,2,2,30
18,0,Clear,Urban,55,35,12,6,2,55
23,1,Clear,Highway,82,12,6,3,4,30
3,0,Fog,Suburban,66,5,3,0,1,6
1,0,Clear,Suburban,71,5,1,1,1,17
22,0,Clear,Suburban,60,12,13,2,3,31
20,0,Rain,Highway,88,12,11,3,3,23
2,0,Rain,Suburban,69,5,4,0,2,11
21,0,Clear,Urban,81,25,8,1,4,31
19,1,Clear,Suburban,40,34,23,7,3,42
6,0,Clear,Urban,45,29,13,4,3,42
23,0,Fog,Suburban,88,12,12,1,3,18
5,1,Clear,Suburban,82,3,1,1,1,10
19,0,Fog,Urban,87,46,13,7,6,40
8,1,Rain,Highway,44,24,13,5,4,44
19,0,Clear,Urban,37,43,24,3,5,88
19,0,Clear,Highway,55,57,10,6,2,55
12,0,Clear,Urban,78,23,12,3,2,33
19,1,Clear,Suburban,42,36,23,7,2,56
4,0,Rain,Suburban,70,8,4,1,2,4
18,0,Clear,Urban,36,50,12,3,4,98
10,0,Clear,Urban,64,15,8,3,2,27
13,0,Clear,Highway,64,26,8,2,3,35
2,0,Clear,Highway,76,6,3,1,2,13
15,1,Clear,Urban,73,20,14,2,4,22
11,0,Rain,Urban,61,21,5,3,3,22
9,0,Clear,Highway,42,55,23,5,5,53
14,0,Rain,Urban,88,15,12,3,3,16
20,0,Clear,Highway,85,26,14,3,3,36
7,1,Clear,Suburban,59,38,21,7,6,44
21,0,Rain,Highway,75,15,13,2,4,32
10,0,Rain,Suburban,62,28,14,4,4,17
9,0,Clear,Suburban,24,37,22,6,2,87
19,1,Rain,Suburban,86,33,16,4,6,40
0,0,Clear,Urban,74,11,2,0,1,14
3,0,Rain,Urban,79,10,1,0,2,5
22,1,Rain,Suburban,66,21,13,4,2,11
13,1,Clear,Highway,60,19,5,3,4,25
18,0,Clear,Suburban,42,55,20,7,6,60
21,0,Clear,Highway,66,21,10,4,4,22
9,1,Clear,Highway,71,27,22,3,6,39
18,0,Clear,Highway,50,56,23,5,4,66
8,0,Clear,Urban,44,51,12,5,3,54
20,1,Rain,Highway,86,9,13,4,3,20
11,1,Rain,Urban,62,9,6,1,4,24
13,0,Clear,Highway,75,17,10,4,2,23
8,0,Clear,Urban,30,32,17,5,2,71
3,1,Clear,Highway,62,6,2,1,1,4
22,0,Clear,Highway,87,29,10,3,2,33
3,0,Clear,Urban,66,10,4,1,2,16
12,0,Clear,Urban,55,15,14,3,2,42
10,0,Clear,Urban,88,24,9,3,2,40
22,0,Rain,Urban,63,24,6,4,3,38
13,1,Rain,Suburban,70,20,11,1,4,24
11,0,Fog,Suburban,73,26,8,4,4,18
19,0,Clear,Suburban,24,56,17,6,3,78
21,0,Clear,Urban,82,27,11,1,3,21
11,1,Rain,Highway,60,13,8,1,3,17
4,0,Clear,Urban,71,10,1,1,1,9
19,0,Clear,Suburban,59,54,23,7,2,54
10,0,Rain,Urban,85,20,7,3,4,24
20,0,Rain,Urban,62,26,11,1,2,23
20,0,Clear,Urban,83,12,13,4,4,21
7,0,Clear,Suburban,38,42,21,4,3,71
18,0,Clear,Urban,30,30,20,4,3,83
13,0,Clear,Highway,56,24,13,2,2,46
21,0,Clear,Suburban,76,22,6,2,4,21
19,1,Clear,Suburban,58,42,24,5,6,56
5,1,Rain,Suburban,86,4,3,0,2,5
19,0,Fog,Urban,72,38,23,3,2,33
4,1,Clear,Urban,60,4,2,1,2,4
13,1,Fog,Highway,86,9,9,4,2,12
21,1,Clear,Urban,81,11,6,3,3,29
19,0,Clear,Urban,36,32,16,5,2,89
2,0,Clear,Suburban,64,4,1,0,1,12
14,0,Clear,Highway,75,17,14,4,4,25
7,0,Clear,Urban,36,37,13,5,4,73
1,1,Clear,Urban,76,8,3,0,1,3
7,0,Clear,Suburban,36,46,16,6,2,93
21,0,Clear,Highway,67,22,11,1,4,34
21,1,Clear,Urban,63,20,9,3,3,34
17,0,Clear,Suburban,30,54,20,6,5,86
16,1,Rain,Suburban,81,21,9,3,2,24
12,0,Rain,Urban,89,17,13,3,2,23
10,0,Clear,Suburban,72,29,14,1,3,39
12,0,Clear,Suburban,59,18,11,1,2,48
0,0,Clear,Highway,62,9,3,0,2,5
21,0,Clear,Highway,86,21,11,1,3,31
3,0,Clear,Highway,76,8,3,0,2,18
13,0,Rain,Highway,70,24,5,2,4,20
14,0,Clear,Highway,59,12,14,3,4,42
23,1,Fog,Urban,60,10,7,4,2,10
2,1,Clear,Highway,72,4,4,1,1,3
5,0,Clear,Suburban,67,9,2,1,2,5
0,0,Clear,Suburban,68,11,3,1,2,14
21,0,Clear,Suburban,44,15,9,1,3,45
6,0,Clear,Highway,83,20,6,2,4,36
19,0,Clear,Suburban,33,52,16,5,2,75
13,0,Clear,Highway,82,27,10,2,4,31
6,0,Clear,Highway,77,20,6,4,2,24
21,0,Clear,Highway,62,27,12,2,4,31
2,0,Fog,Highway,61,4,1,1,1,6
19,1,Fog,Highway,70,36,14,7,6,31
22,0,Fog,Urban,62,28,5,2,4,18
13,0,Clear,Suburban,75,18,9,4,4,36
17,0,Clear,Highway,20,54,19,7,5,99
12,0,Clear,Highway,62,20,8,3,2,22
0,0,Fog,Highway,86,10,1,0,1,7
20,1,Clear,Highway,73,18,10,4,4,26
10,0,Rain,Suburban,71,22,7,4,2,22
4,0,Clear,Highway,86,11,1,1,2,6
5,0,Clear,Suburban,65,9,2,1,2,9
4,0,Clear,Highway,70,6,2,1,1,5
13,1,Clear,Urban,63,16,7,3,2,24
8,0,Fog,Urban,86,44,16,3,4,40
9,1,Rain,Urban,84,38,13,4,4,36
6,1,Rain,Highway,65,18,13,4,3,18
22,0,Rain,Suburban,62,24,10,4,2,35
0,0,Rain,Highway,79,4,3,1,2,15
14,0,Clear,Suburban,54,28,14,1,2,45
3,0,Rain,Suburban,83,3,4,0,2,12
16,0,Fog,Highway,63,12,9,1,2,27
9,0,Rain,Highway,35,51,22,6,5,75
19,0,Clear,Urban,22,55,17,3,3,91
12,0,Clear,Highway,71,17,8,3,2,20
14,0,Clear,Highway,79,13,10,4,4,22
4,1,Clear,Urban,68,4,3,0,1,12
12,0,Clear,Suburban,57,18,8,1,3,44
11,0,Clear,Suburban,40,13,10,2,2,49
22,0,Clear,Urban,65,13,11,1,2,22
17,0,Rain,Suburban,57,40,22,3,2,52
0,0,Clear,Highway,71,4,2,0,1,19
15,1,Clear,Urban,80,12,8,3,4,23
21,1,Clear,Suburban,61,14,12,4,3,17
2,1,Clear,Highway,82,7,1,1,2,9
4,1,Rain,Urban,80,5,3,0,1,10
4,1,Clear,Urban,84,6,2,1,1,7
22,1,Rain,Suburban,71,20,5,3,4,24
20,0,Rain,Urban,65,29,6,4,3,24
4,0,Clear,Highway,63,3,2,1,1,18
1,0,Clear,Suburban,75,10,4,0,2,12
6,0,Clear,Urban,88,25,5,3,4,38
12,1,Rain,Suburban,83,20,5,1,2,12
17,0,Clear,Suburban,43,48,12,5,6,55
6,0,Clear,Highway,82,13,11,3,2,26
8,0,Rain,Suburban,56,39,23,3,2,50
23,0,Clear,Suburban,46,28,14,2,3,43
17,0,Clear,Urban,33,57,18,6,6,99
1,1,Clear,Highway,77,4,3,0,1,9
22,1,Clear,Urban,79,19,7,4,2,22
20,0,Rain,Urban,61,25,5,4,2,21
17,0,Rain,Suburban,53,59,10,6,3,48
0,0,Clear,Urban,82,7,1,0,1,5
8,0,Clear,Urban,27,43,24,3,3,78
5,0,Clear,Suburban,72,10,1,1,1,12
12,0,Rain,Highway,86,19,8,4,3,25
14,0,Clear,Highway,48,22,5,1,4,45
4,1,Clear,Urban,87,5,2,0,1,10
18,0,Rain,Highway,51,47,22,6,6,70
2,1,Fog,Urban,77,5,1,1,2,6
21,0,Clear,Highway,79,20,6,1,2,31
23,0,Rain,Highway,65,13,5,2,4,25
17,0,Clear,Highway,39,36,14,7,6,99
2,1,Clear,Suburban,63,4,4,0,2,4
3,0,Clear,Highway,83,11,1,1,1,10
1,1,Rain,Urban,75,3,4,1,2,4
22,0,Clear,Urban,45,25,12,2,4,42
7,0,Clear,Highway,20,57,11,6,2,92
2,1,Rain,Highway,69,6,2,0,1,10
11,0,Rain,Suburban,61,17,13,2,4,20
4,0,Clear,Urban,66,4,3,0,2,16
9,0,Rain,Suburban,77,39,11,5,6,40
17,0,Rain,Urban,27,32,13,5,4,75
22,0,Fog,Highway,66,21,9,4,2,16
0,0,Clear,Highway,76,3,3,0,1,9
19,1,Clear,Urban,49,35,15,5,3,67
2,0,Clear,Suburban,85,6,4,0,1,11
18,0,Rain,Urban,55,31,10,5,4,51
4,0,Rain,Highway,86,6,2,0,1,13
8,0,Clear,Urban,30,56,13,4,3,73
18,0,Clear,Highway,47,39,22,3,3,61
8,0,Rain,Urban,52,53,17,6,4,49
21,0,Clear,Highway,71,21,6,4,2,26
4,0,Rain,Urban,86,9,4,0,1,12
8,0,Clear,Urban,29,35,16,5,3,94
13,0,Clear,Suburban,69,15,6,1,4,33
19,0,Clear,Suburban,42,34,20,7,5,59
5,0,Clear,Urban,85,7,3,0,1,11
22,0,Rain,Highway,89,25,12,3,4,27
16,1,Rain,Highway,67,11,9,4,3,14
16,0,Clear,Suburban,63,29,14,2,4,20
16,0,Fog,Highway,70,13,11,4,4,26
19,0,Clear,Urban,35,39,18,5,6,84
12,1,Clear,Highway,71,10,11,3,3,21
20,0,Fog,Highway,71,15,7,1,4,12
0,0,Clear,Suburban,75,10,3,0,2,16
8,0,Clear,Highway,26,47,19,4,4,83
11,1,Rain,Urban,85,23,13,1,2,24
21,0,Clear,Highway,57,19,11,3,3,47
15,0,Rain,Highway,72,17,6,3,2,26
21,1,Clear,Suburban,79,19,11,1,3,28
10,0,Clear,Suburban,84,29,10,3,4,30
20,0,Rain,Urban,61,22,11,4,4,22
18,0,Fog,Suburban,63,58,20,3,4,36
8,0,Clear,Urban,53,53,22,4,5,50
1,1,Rain,Suburban,87,8,3,1,2,8
10,0,Clear,Highway,60,28,12,4,3,26
19,0,Rain,Urban,58,39,17,4,4,50
10,1,Fog,Highway,64,10,8,4,3,10
0,0,Clear,Highway,80,10,2,1,2,19
1,0,Clear,Urban,85,8,4,1,2,19
12,1,Clear,Urban,71,10,14,1,2,22
20,0,Clear,Urban,84,26,6,3,4,20
17,0,Clear,Highway,44,43,17,4,2,70
10,0,Clear,Suburban,60,21,9,2,2,39
11,0,Clear,Urban,60,12,13,2,3,37
3,0,Clear,Urban,60,10,1,0,2,11
15,0,Rain,Urban,62,22,14,3,3,24
18,0,Clear,Highway,29,40,12,4,5,94
15,1,Clear,Urban,65,14,9,1,3,28
3,1,Clear,Highway,82,8,3,1,1,3
8,0,Fog,Suburban,62,45,10,5,6,31
21,1,Clear,Urban,61,17,13,4,3,24
11,0,Clear,Highway,46,18,14,2,4,48
7,1,Fog,Urban,84,30,12,7,6,37
11,0,Clear,Urban,88,22,9,4,2,36
23,1,Rain,Suburban,65,11,14,2,3,17
1,0,Fog,Suburban,60,5,2,0,1,11
5,0,Clear,Urban,86,4,4,0,2,5
2,0,Clear,Highway,61,3,1,1,2,10
6,0,Clear,Urban,76,16,12,1,4,22
14,0,Clear,Highway,68,26,6,4,3,28
15,0,Clear,Suburban,68,18,5,3,4,40
17,0,Rain,Suburban,53,56,15,4,6,46
21,0,Clear,Urban,71,25,12,1,2,34
4,0,Rain,Urban,60,9,3,1,1,12
18,1,Clear,Urban,41,46,14,4,5,46
20,1,Clear,Suburban,65,18,10,1,4,14
16,0,Rain,Urban,74,17,11,3,3,32
11,1,Clear,Highway,64,21,7,3,4,31
20,1,Rain,Urban,80,21,7,1,3,26
4,0,Clear,Urban,84,3,3,1,2,5
8,0,Fog,Suburban,40,33,13,5,5,44
7,0,Clear,Highway,40,44,15,4,2,54
5,0,Rain,Suburban,62,8,2,1,2,5
23,1,Clear,Suburban,88,19,9,1,3,25
13,1,Clear,Suburban,63,10,12,2,4,29
19,1,Clear,Suburban,49,32,15,5,4,59
9,1,Clear,Urban,60,32,17,4,2,35
5,0,Clear,Suburban,71,3,4,1,1,5
13,0,Clear,Suburban,48,27,10,1,4,45
13,0,Clear,Highway,64,26,10,1,2,23
14,1,Clear,Highway,84,12,8,3,3,34
17,0,Clear,Urban,57,55,18,6,4,57
20,0,Rain,Highway,62,12,14,2,4,36
15,1,Fog,Urban,81,12,12,2,2,9
22,0,Clear,Urban,46,22,5,4,4,41
12,0,Clear,Suburban,65,18,6,1,2,22
21,0,Clear,Highway,84,21,11,2,4,37
11,1,Clear,Urban,75,16,12,1,3,30
16,0,Fog,Suburban,68,16,10,2,4,15
21,0,Clear,Suburban,62,23,5,2,2,38
17,0,Fog,Highway,47,44,15,3,6,51
12,0,Clear,Suburban,42,15,8,3,3,43
16,0,Rain,Urban,71,19,8,2,2,30
15,0,Clear,Urban,88,16,8,4,2,31
11,0,Clear,Highway,81,28,5,4,3,34
7,0,Clear,Highway,40,44,14,7,4,55
19,1,Clear,Suburban,58,38,10,3,3,58
22,0,Clear,Urban,61,26,11,3,2,28
22,0,Clear,Suburban,64,24,9,2,2,21
7,1,Clear,Highway,58,38,19,5,2,58
8,0,Clear,Suburban,32,44,19,5,4,95
9,0,Clear,Suburban,55,56,24,4,2,50
22,0,Clear,Highway,42,29,13,4,4,45
9,0,Clear,Highway,21,44,19,6,4,76
23,0,Clear,Highway,68,26,14,4,4,29
8,1,Clear,Urban,88,36,17,5,2,37
13,0,Clear,Urban,41,20,6,3,4,41
14,1,Rain,Urban,65,22,6,2,3,22
9,0,Fog,Urban,53,37,21,3,2,54
23,1,Rain,Urban,73,13,6,4,3,18
20,1,Clear,Highway,70,16,12,3,2,18
17,0,Clear,Highway,48,43,20,7,6,59
23,1,Clear,Suburban,77,9,9,3,3,33
15,1,Clear,Urban,60,20,8,1,3,31
19,0,Clear,Highway,43,34,23,3,2,61
16,1,Rain,Highway,80,20,13,4,4,12
21,0,Clear,Highway,82,28,11,4,4,39
12,1,Clear,Suburban,78,13,11,3,2,21
15,0,Clear,Suburban,48,18,9,4,3,44
6,0,Clear,Urban,78,22,13,1,4,23
9,0,Clear,Highway,46,35,13,6,2,55
22,0,Clear,Highway,64,13,12,4,2,40
16,1,Clear,Suburban,82,10,12,4,3,24
8,0,Clear,Highway,50,54,17,4,4,63
4,0,Fog,Urban,61,4,2,1,2,9
11,0,Clear,Suburban,81,27,14,4,2,33
9,0,Fog,Suburban,79,54,22,7,3,31
14,0,Clear,Suburban,80,20,10,2,4,29
0,0,Clear,Urban,87,7,2,1,2,16
2,0,Clear,Highway,81,10,4,1,2,8
22,0,Rain,Suburban,80,26,13,1,4,28
6,0,Clear,Urban,51,26,13,1,3,43
8,0,Clear,Suburban,52,32,16,5,4,50
18,1,Rain,Suburban,48,45,15,6,3,55
18,0,Rain,Urban,81,52,15,7,5,40
19,0,Clear,Urban,22,34,18,3,5,86
12,0,Clear,Suburban,49,19,9,2,2,48
12,1,Rain,Urban,80,22,5,3,2,25
23,0,Rain,Suburban,71,23,8,1,2,37
2,0,Rain,Highway,88,8,4,0,1,4
18,0,Clear,Suburban,59,47,24,7,2,57
0,0,Clear,Suburban,78,4,4,0,2,13
17,1,Fog,Urban,63,28,20,6,3,27
3,1,Rain,Urban,74,4,2,1,2,6
2,0,Clear,Highway,65,11,3,0,1,15
6,1,Rain,Highway,80,20,5,4,3,14
7,0,Rain,Highway,47,51,20,5,6,52
2,0,Clear,Suburban,64,4,1,1,1,18
15,0,Clear,Suburban,85,23,12,3,2,26
7,0,Clear,Urban,38,32,21,3,5,88
8,0,Rain,Urban,31,49,19,5,3,79
8,0,Clear,Highway,58,33,13,3,5,69
19,0,Rain,Highway,53,44,19,6,6,64
3,1,Clear,Highway,85,5,3,0,2,7
19,1,Fog,Urban,89,28,24,3,5,22
1,0,Clear,Urban,87,7,1,0,2,16
23,1,Clear,Suburban,81,20,11,4,2,22
8,0,Clear,Highway,26,50,18,6,5,80
12,0,Clear,Highway,57,16,11,1,4,49
19,0,Fog,Suburban,40,46,14,3,4,53
9,0,Clear,Urban,35,42,19,6,5,92
15,0,Clear,Suburban,62,27,12,4,3,22
19,0,Fog,Suburban,72,37,23,6,3,33
2,0,Rain,Suburban,63,3,2,0,2,10
7,1,Clear,Highway,42,35,17,6,2,45
21,1,Clear,Urban,68,13,14,3,2,18
22,1,Clear,Urban,78,16,10,2,3,14
9,0,Clear,Suburban,53,42,23,5,2,65
15,0,Clear,Highway,48,22,10,4,4,47
16,0,Clear,Highway,53,14,10,3,4,48
14,0,Clear,Suburban,42,16,8,3,2,44
11,0,Clear,Suburban,63,28,14,2,3,37
8,0,Fog,Urban,42,40,10,5,4,55
10,0,Clear,Highway,85,26,6,1,3,25
8,0,Rain,Highway,56,37,17,5,4,42
1,1,Clear,Highway,80,4,4,0,2,10
3,0,Clear,Urban,70,11,1,1,1,17
4,0,Rain,Highway,89,9,1,1,2,12
15,0,Clear,Suburban,45,12,14,4,2,42
21,1,Rain,Highway,89,22,7,2,3,11
23,0,Fog,Urban,63,16,12,3,3,27
11,0,Clear,Suburban,56,15,6,3,3,46
19,0,Clear,Highway,56,53,17,7,4,67
7,0,Clear,Suburban,28,32,12,3,5,83
6,1,Clear,Suburban,84,21,12,2,4,23
16,0,Clear,Suburban,72,14,11,1,3,29
14,0,Clear,Urban,68,22,6,2,2,33
22,0,Clear,Suburban,71,29,6,2,3,28
14,1,Fog,Urban,70,22,8,3,2,15
7,0,Clear,Urban,47,54,12,7,2,63
10,0,Rain,Suburban,73,24,12,2,4,23
7,0,Clear,Urban,26,59,23,6,5,75
12,0,Rain,Suburban,73,16,14,2,3,32
19,0,Clear,Suburban,32,42,18,3,2,92
22,0,Clear,Suburban,51,18,9,4,4,46
2,0,Clear,Urban,60,9,4,1,2,13
2,0,Clear,Urban,75,10,1,1,2,16
15,0,Fog,Urban,70,27,11,1,2,12
12,0,Rain,Suburban,87,25,10,2,4,27
15,0,Clear,Urban,69,14,11,3,4,26
2,0,Rain,Highway,88,11,2,1,1,8
2,1,Clear,Highway,72,8,1,0,2,3
8,0,Rain,Urban,52,50,10,3,5,57
22,1,Clear,Highway,81,20,5,2,3,30
4,0,Clear,Urban,89,5,3,1,2,7
11,0,Clear,Highway,89,14,8,1,3,25
14,0,Clear,Urban,79,28,8,2,2,27
12,0,Clear,Highway,72,14,7,2,2,20
6,0,Clear,Suburban,75,25,13,3,4,30
9,0,Clear,Highway,33,51,12,7,6,99
10,0,Clear,Urban,62,12,5,2,4,31
13,1,Clear,Urban,87,16,5,2,2,30
10,1,Rain,Suburban,86,21,8,3,2,18
4,1,Clear,Highway,80,3,2,0,2,6
15,0,Clear,Suburban,75,26,8,2,3,25
1,0,Clear,Urban,64,5,3,0,1,6
19,1,Clear,Suburban,43,42,19,5,2,61
8,0,Clear,Urban,59,35,11,6,3,53
7,0,Clear,Suburban,24,33,12,6,6,95
18,0,Clear,Highway,36,30,11,5,5,72
15,0,Clear,Highway,41,13,7,4,2,45
10,0,Clear,Suburban,80,25,9,4,2,28
21,0,Clear,Urban,57,12,11,3,3,42
5,1,Clear,Highway,84,8,2,0,2,5
9,1,Clear,Highway,51,43,24,5,3,53
0,0,Clear,Highway,84,6,1,1,1,17
3,0,Clear,Urban,85,9,2,0,2,5
13,0,Clear,Suburban,73,15,10,2,3,26
21,0,Clear,Highway,75,21,14,2,3,39
15,1,Rain,Suburban,88,23,8,3,2,20
10,0,Clear,Highway,62,21,5,2,4,23
13,0,Rain,Urban,83,15,10,1,3,19
2,1,Clear,Highway,81,8,4,1,1,3
4,1,Clear,Suburban,81,5,1,0,1,13
14,0,Clear,Highway,81,20,14,3,2,33
18,0,Rain,Urban,39,52,15,7,2,76
21,0,Clear,Highway,88,25,10,4,3,40
21,0,Clear,Highway,48,15,11,3,3,44
3,0,Clear,Suburban,87,8,2,0,1,13
10,0,Fog,Highway,73,21,8,1,2,22
12,0,Rain,Highway,85,23,5,3,2,25
9,0,Clear,Urban,34,54,21,3,5,73
0,0,Clear,Urban,75,11,1,0,1,9
20,0,Clear,Highway,47,29,7,3,2,45
23,0,Fog,Highway,61,20,6,2,3,25
5,1,Clear,Highway,85,5,2,0,1,12
0,0,Clear,Urban,61,11,4,0,1,15
14,1,Clear,Highway,71,22,9,1,3,26
1,0,Rain,Urban,60,11,3,0,2,8
22,1,Rain,Highway,61,20,8,3,2,24
12,0,Rain,Suburban,86,23,8,4,2,23
8,0,Clear,Urban,31,32,13,6,5,89
11,0,Clear,Suburban,89,14,10,2,4,25
20,0,Rain,Urban,64,13,13,1,4,28
3,0,Clear,Urban,85,6,4,1,1,12
6,0,Clear,Highway,50,14,7,4,3,44
11,0,Clear,Highway,76,13,6,2,4,36
6,1,Clear,Highway,68,16,10,3,2,26
20,1,Clear,Highway,87,23,13,2,3,21
20,0,Clear,Suburban,81,22,14,2,4,34
16,0,Rain,Urban,65,23,5,2,2,18
18,0,Clear,Urban,31,34,17,3,2,93
5,0,Rain,Highway,71,7,2,1,1,10
13,0,Clear,Highway,84,21,9,1,4,20
22,1,Clear,Urban,71,13,13,1,3,23
6,1,Clear,Urban,69,20,9,4,4,28
13,0,Clear,Urban,75,22,12,2,2,26
4,1,Clear,Highway,85,5,1,1,1,6
18,0,Clear,Urban,39,54,18,4,4,80
21,0,Clear,Highway,77,27,14,4,4,24
11,1,Clear,Highway,79,13,7,1,4,32
5,0,Clear,Highway,85,11,4,0,2,11
0,0,Fog,Urban,62,3,1,1,1,5
16,0,Clear,Urban,78,15,5,2,2,36
13,0,Clear,Urban,49,22,8,1,4,45
15,0,Rain,Suburban,79,25,9,3,4,32
14,0,Clear,Highway,60,18,14,3,2,33
21,0,Rain,Urban,87,18,14,1,3,31
13,1,Clear,Suburban,79,20,13,3,4,18
4,0,Clear,Suburban,72,4,1,1,1,10
2,0,Clear,Urban,64,6,2,0,1,5
20,0,Clear,Suburban,84,14,5,1,2,36
0,1,Clear,Highway,86,4,4,0,2,4
14,1,Clear,Suburban,88,21,11,4,4,14
17,0,Clear,Suburban,27,37,10,3,6,94
14,0,Rain,Urban,87,13,10,2,3,29
16,0,Clear,Suburban,53,27,10,1,3,43
22,0,Clear,Highway,42,26,5,4,4,45
6,0,Clear,Urban,70,23,14,1,3,38
21,0,Fog,Suburban,72,23,5,1,2,15
18,0,Clear,Highway,38,38,13,5,6,98
8,0,Clear,Urban,38,43,15,7,2,73
11,1,Clear,Suburban,80,20,5,1,4,23
3,1,Fog,Suburban,73,4,4,0,1,7
14,1,Clear,Urban,72,17,14,1,2,30
11,0,Clear,Highway,70,12,7,4,3,24
4,0,Clear,Highway,85,6,3,0,1,6
7,0,Clear,Urban,31,59,19,6,2,78
18,1,Clear,Highway,68,30,18,6,5,35
22,1,Clear,Suburban,76,22,12,3,3,22
17,0,Clear,Urban,31,41,13,4,3,86
13,1,Clear,Urban,87,9,9,1,2,18
20,0,Clear,Urban,69,12,13,1,3,24
1,1,Fog,Suburban,88,4,4,1,2,4
8,0,Clear,Urban,25,50,12,6,6,88
20,1,Fog,Urban,78,18,5,2,3,19
1,1,Rain,Highway,75,4,4,0,2,2
13,0,Clear,Urban,82,21,6,4,3,39
14,1,Clear,Highway,63,10,10,3,4,26
12,1,Clear,Urban,64,14,14,1,2,16
11,1,Clear,Urban,76,12,10,1,2,21
22,0,Rain,Urban,79,13,7,3,3,39
22,0,Clear,Suburban,42,27,13,4,4,46
1,0,Clear,Suburban,86,9,3,1,2,7
10,0,Clear,Highway,40,16,14,4,4,44
15,0,Fog,Highway,62,23,12,3,4,18
9,1,Fog,Urban,67,38,13,4,2,37
1,0,Clear,Urban,74,8,2,1,2,9
23,1,Rain,Suburban,79,21,14,4,4,18
5,0,Clear,Highway,77,7,3,1,2,12
13,0,Clear,Suburban,66,20,6,4,4,23
23,0,Rain,Suburban,88,29,7,2,3,34
5,0,Clear,Highway,85,7,2,0,1,8
15,1,Clear,Urban,60,9,11,3,4,32
13,1,Clear,Highway,70,15,6,1,2,32
1,0,Clear,Urban,79,4,1,1,1,11
14,0,Rain,Urban,66,27,8,2,4,35
3,0,Clear,Suburban,88,6,4,0,2,8
20,0,Clear,Highway,73,25,9,1,4,40
13,0,Fog,Suburban,84,17,11,2,2,15
22,1,Clear,Suburban,82,20,5,1,3,18
1,0,Rain,Suburban,61,5,4,0,1,12
5,1,Clear,Suburban,65,8,3,0,1,7
18,0,Rain,Suburban,44,56,20,7,6,56
1,0,Fog,Urban,70,11,1,0,2,6
16,0,Rain,Highway,69,22,9,1,4,17
12,0,Rain,Urban,71,16,7,2,4,26
1,0,Rain,Urban,68,9,4,1,1,7
3,0,Rain,Urban,86,9,2,1,2,8
0,0,Rain,Suburban,84,10,2,0,1,12
23,1,Fog,Suburban,78,20,11,2,4,9
15,0,Rain,Highway,84,26,12,4,4,31
3,0,Clear,Urban,84,8,3,0,2,5
10,0,Fog,Suburban,75,28,5,3,3,26
1,0,Rain,Urban,75,9,2,1,2,4
4,1,Clear,Highway,70,6,1,1,2,12
0,0,Clear,Highway,74,3,4,1,2,18
22,0,Fog,Highway,61,17,12,4,3,20
9,0,Clear,Highway,54,55,13,7,6,59
10,0,Clear,Suburban,73,13,10,4,3,31
1,0,Clear,Urban,75,10,1,1,2,15
5,1,Rain,Highway,75,4,4,1,2,7
7,0,Clear,Urban,39,54,14,4,6,93
7,0,Clear,Suburban,45,54,23,3,3,54
10,1,Clear,Highway,67,13,5,2,4,23
9,0,Clear,Urban,39,38,19,4,2,95
15,1,Clear,Urban,84,15,12,3,4,28
7,0,Clear,Urban,44,45,23,3,5,61
23,1,Rain,Urban,60,17,10,1,3,19
22,1,Clear,Highway,78,18,10,1,4,16
13,0,Rain,Urban,80,26,7,4,2,30
7,0,Rain,Urban,57,58,10,4,6,57
1,1,Clear,Urban,70,3,3,0,1,13
2,1,Rain,Urban,69,8,1,0,1,9
16,0,Rain,Urban,64,17,8,2,2,18
21,1,Clear,Highway,86,14,9,2,4,16
13,0,Clear,Highway,44,12,14,3,4,49
6,0,Clear,Urban,61,29,6,2,3,36
11,0,Clear,Suburban,84,27,7,3,2,32
17,0,Clear,Urban,44,53,14,4,5,54
11,1,Clear,Urban,88,11,13,2,3,23
19,0,Clear,Suburban,24,34,12,4,5,84
4,0,Clear,Urban,82,4,4,0,2,17
21,0,Clear,Suburban,85,27,12,3,4,25
5,0,Clear,Urban,68,5,1,1,2,17
11,0,Fog,Urban,82,24,11,1,3,25
17,0,Clear,Suburban,49,36,16,7,2,55
2,0,Clear,Urban,61,6,4,0,1,16
5,0,Clear,Suburban,82,5,3,1,1,13
6,1,Clear,Suburban,85,20,13,3,2,29
1,1,Clear,Urban,80,3,1,0,1,11
17,1,Clear,Suburban,53,32,19,3,6,44
19,0,Rain,Suburban,47,44,10,3,4,63
2,1,Clear,Highway,87,8,4,0,1,9
16,0,Clear,Suburban,81,24,9,1,4,31
21,0,Clear,Highway,53,28,13,1,3,45
13,1,Clear,Suburban,80,9,10,2,3,26
8,0,Rain,Highway,38,32,19,7,4,78
6,0,Rain,Suburban,69,22,14,2,3,28
22,1,Clear,Suburban,84,9,8,1,2,21
8,0,Clear,Highway,36,35,15,7,4,80
1,0,Clear,Urban,65,4,4,0,2,8
3,0,Clear,Suburban,84,8,2,1,2,14
19,0,Rain,Urban,50,35,19,3,3,64
10,1,Clear,Urban,61,19,9,3,3,30
14,0,Clear,Highway,80,20,12,3,4,23
2,0,Clear,Urban,68,6,4,0,1,12
20,0,Clear,Suburban,63,13,5,1,4,32
11,0,Clear,Urban,49,12,5,4,2,46
19,0,Clear,Urban,32,36,24,6,5,91
3,0,Clear,Suburban,78,9,4,1,1,6
3,0,Clear,Suburban,69,7,3,1,2,5
15,0,Rain,Urban,85,17,14,3,4,34
12,0,Clear,Suburban,75,15,9,1,3,26
17,0,Clear,Urban,59,45,22,6,4,63
7,0,Rain,Urban,58,31,16,7,3,65
19,0,Fog,Suburban,53,40,17,3,5,43
10,1,Fog,Highway,84,10,12,3,3,17
22,0,Rain,Highway,83,18,7,2,2,24
11,0,Rain,Urban,73,22,11,3,3,19
9,0,Clear,Suburban,40,35,20,7,5,57
0,0,Rain,Urban,81,7,3,0,1,10
18,0,Clear,Urban,54,51,19,6,3,67
0,0,Clear,Highway,83,3,1,0,1,19
20,0,Rain,Urban,80,27,13,2,4,19
1,0,Clear,Highway,75,11,4,0,2,7
6,0,Clear,Suburban,64,27,13,4,2,33
5,0,Fog,Urban,69,11,1,0,1,10
17,1,Clear,Urban,57,28,14,5,3,48
8,0,Clear,Urban,43,40,22,7,5,66
12,0,Clear,Highway,48,16,5,4,3,47
16,0,Clear,Urban,48,16,14,3,4,43
20,0,Clear,Urban,85,18,5,3,2,28
17,0,Clear,Urban,55,46,18,7,4,60
18,0,Rain,Suburban,24,57,15,6,3,79
10,0,Clear,Highway,50,12,12,3,3,43
22,0,Clear,Highway,86,27,13,4,2,38
22,0,Rain,Highway,84,20,5,3,4,28
16,1,Clear,Urban,78,14,13,2,2,29
1,0,Clear,Highway,75,10,4,1,1,7
4,0,Clear,Highway,69,3,1,1,2,7
10,0,Fog,Suburban,77,27,14,2,2,23
15,0,Clear,Suburban,61,28,6,1,2,34
4,1,Rain,Urban,74,5,4,0,2,4
18,0,Clear,Highway,46,39,14,3,5,50
19,0,Clear,Highway,39,49,14,7,2,74
4,0,Clear,Urban,81,4,1,1,2,9
13,0,Rain,Suburban,65,18,10,3,4,22
8,0,Clear,Urban,47,54,21,7,4,52
8,0,Clear,Urban,24,52,14,5,3,81
13,0,Rain,Highway,86,25,12,3,3,36
17,1,Clear,Highway,42,38,13,7,5,67
6,0,Clear,Urban,69,21,7,1,2,25
7,1,Clear,Highway,58,38,14,7,6,58
21,0,Clear,Urban,82,24,11,3,3,30
10,1,Clear,Highway,66,11,9,4,2,28
0,0,Rain,Suburban,84,4,3,1,2,11
16,0,Fog,Urban,69,19,10,2,2,19
12,0,Rain,Suburban,62,25,5,1,4,19
20,1,Clear,Highway,73,23,6,1,4,18
10,0,Clear,Highway,62,25,5,1,4,29
21,0,Clear,Highway,60,15,7,1,3,40
16,0,Clear,Urban,75,22,10,4,3,25
16,0,Clear,Urban,83,15,5,3,2,38
7,0,Rain,Urban,41,44,23,6,2,55
23,0,Clear,Suburban,80,21,7,2,2,28
12,1,Rain,Highway,86,12,11,2,2,16
22,0,Clear,Highway,71,15,8,2,4,24
23,0,Clear,Urban,58,16,6,1,3,41
12,0,Rain,Highway,84,13,6,1,4,17
0,0,Clear,Highway,82,10,4,0,1,6
18,1,Clear,Urban,66,47,12,5,5,37
4,0,Clear,Suburban,83,11,1,1,2,12
23,0,Rain,Highway,63,18,13,4,2,24
7,0,Rain,Highway,34,57,11,7,2,79
17,0,Clear,Urban,38,48,20,6,4,95
3,0,Clear,Urban,66,10,3,1,2,17
12,0,Rain,Highway,82,16,8,1,4,25
8,0,Clear,Urban,51,58,10,5,4,60
12,0,Clear,Suburban,81,15,10,1,2,29
23,0,Fog,Suburban,76,12,5,2,3,14
18,1,Clear,Suburban,56,45,10,3,4,42
23,0,Clear,Highway,70,21,7,3,3,32
5,0,Clear,Urban,84,11,4,1,1,9
2,0,Clear,Urban,77,8,4,0,1,10
2,0,Fog,Suburban,75,10,3,0,2,3
2,0,Clear,Urban,69,8,1,0,1,15
22,0,Clear,Suburban,85,20,12,2,2,25
9,0,Clear,Urban,44,39,11,4,5,56
13,0,Clear,Highway,81,22,12,2,4,23
7,1,Rain,Urban,89,26,10,4,3,31
2,0,Clear,Suburban,89,10,2,0,1,12
1,0,Clear,Urban,81,9,1,1,1,17
0,0,Rain,Highway,81,6,2,1,1,8
17,0,Rain,Urban,55,32,11,7,5,56
3,0,Clear,Suburban,69,3,3,0,1,12
16,0,Clear,Suburban,80,25,6,2,3,39
14,0,Rain,Urban,64,14,9,2,2,28
23,0,Clear,Urban,44,25,13,3,4,41
12,1,Clear,Highway,77,19,7,1,4,22
4,1,Clear,Suburban,75,8,4,1,2,11
12,0,Clear,Urban,40,26,12,4,4,49
22,0,Rain,Highway,74,26,7,3,4,19
9,0,Clear,Suburban,24,54,21,3,6,79
15,0,Clear,Urban,64,18,12,2,4,27
23,0,Clear,Highway,44,18,9,1,2,41
16,1,Clear,Urban,65,10,9,3,3,23
15,0,Rain,Urban,81,15,10,4,3,27
21,0,Fog,Suburban,74,24,11,1,3,24
10,0,Clear,Highway,78,15,14,4,4,38
11,0,Clear,Highway,88,20,8,2,2,34
13,1,Rain,Suburban,87,18,5,1,3,18
22,0,Clear,Suburban,44,29,11,1,3,45
1,1,Clear,Suburban,73,5,3,1,2,11
8,0,Clear,Urban,22,55,11,7,2,91
16,0,Clear,Urban,65,20,11,4,2,28
3,0,Clear,Urban,71,3,2,0,2,8
0,0,Clear,Urban,81,3,4,1,1,11
16,0,Clear,Urban,67,12,14,3,2,32
4,0,Clear,Suburban,83,7,2,0,1,12
0,0,Rain,Highway,62,9,3,0,2,12
7,0,Fog,Suburban,57,42,20,3,4,55
4,0,Rain,Urban,85,4,2,1,2,4
16,1,Rain,Suburban,87,15,13,3,3,21
8,0,Clear,Highway,24,38,23,5,3,90
21,1,Clear,Urban,77,10,10,4,4,25
9,0,Fog,Suburban,41,56,20,7,6,45
6,0,Clear,Urban,87,20,10,2,3,30
11,1,Clear,Suburban,65,11,10,2,4,34
17,0,Fog,Highway,43,54,11,6,5,46
21,1,Clear,Suburban,75,12,9,1,3,25
15,1,Clear,Suburban,86,19,6,1,2,30
22,0,Clear,Suburban,64,24,6,3,3,23
12,0,Clear,Highway,89,23,9,2,3,38
22,0,Fog,Suburban,71,21,7,4,4,22
16,0,Clear,Suburban,74,17,9,3,4,28
0,0,Clear,Urban,63,9,2,1,2,18
20,0,Clear,Highway,85,22,5,3,4,33
22,0,Clear,Highway,60,28,6,2,4,21
11,0,Fog,Urban,62,22,12,4,2,28
3,0,Fog,Suburban,73,6,1,0,2,4
19,0,Clear,Urban,20,44,21,4,5,89
17,0,Clear,Highway,24,42,24,6,3,93
3,0,Clear,Highway,64,6,4,1,2,19
17,0,Fog,Suburban,61,54,11,4,2,31
4,0,Clear,Urban,72,9,3,0,1,15
18,1,Clear,Suburban,84,26,21,6,6,35
3,0,Clear,Highway,62,9,4,1,1,19
1,0,Clear,Suburban,66,7,4,1,2,15
19,0,Rain,Suburban,23,30,16,4,5,73
22,0,Clear,Urban,62,18,12,1,4,31
3,0,Clear,Highway,67,4,3,0,1,17
19,0,Clear,Urban,56,42,19,7,6,60
8,1,Fog,Urban,85,37,11,4,2,36
10,1,Clear,Urban,84,23,12,3,4,34
8,1,Clear,Urban,57,24,12,3,3,65
15,0,Rain,Suburban,76,22,13,4,2,23
17,0,Clear,Suburban,41,49,20,5,4,58
10,0,Rain,Urban,85,20,7,2,2,36
22,0,Clear,Urban,43,25,6,2,3,44
16,0,Clear,Suburban,59,14,13,2,4,47
15,0,Rain,Urban,84,21,6,3,2,35
0,0,Clear,Suburban,69,8,2,0,2,6
10,0,Clear,Suburban,69,13,14,3,3,22
10,1,Clear,Urban,84,16,8,3,2,18
12,0,Clear,Urban,72,22,9,3,3,35
22,1,Clear,Suburban,79,9,9,3,2,14
23,0,Clear,Highway,53,23,11,2,4,43
7,0,Rain,Urban,54,37,10,4,3,70
14,1,Clear,Urban,86,13,7,4,3,32
0,0,Clear,Urban,89,11,4,1,1,7
1,1,Clear,Highway,87,4,1,0,1,9
6,1,Clear,Urban,70,19,13,2,2,32
18,0,Clear,Suburban,25,40,23,6,5,80
21,1,Clear,Urban,79,16,14,4,4,14
13,0,Clear,Highway,79,25,11,3,4,37
1,1,Rain,Urban,79,3,4,1,1,10
8,1,Clear,Suburban,45,40,10,6,2,67
8,1,Clear,Suburban,46,26,15,3,4,68
20,0,Clear,Highway,73,20,7,4,4,21
17,1,Clear,Suburban,40,31,15,7,2,46
14,0,Clear,Urban,76,14,7,1,4,37
0,1,Clear,Urban,79,4,4,0,1,11
5,0,Fog,Highway,78,10,3,0,1,11
6,1,Clear,Suburban,89,13,14,4,3,25
4,1,Clear,Urban,67,6,2,1,2,12
15,0,Clear,Suburban,83,27,6,2,4,21
6,0,Rain,Highway,88,26,9,2,4,23
19,0,Rain,Suburban,49,38,19,7,4,47
14,0,Rain,Highway,74,29,7,3,3,28
22,0,Clear,Highway,78,18,8,3,4,30
11,0,Clear,Urban,76,17,9,2,3,37
1,1,Fog,Urban,71,8,4,0,2,5
14,1,Clear,Suburban,83,11,12,4,2,14
20,0,Clear,Suburban,41,22,12,2,2,49
11,0,Clear,Urban,71,14,7,1,2,24
8,1,Clear,Urban,53,40,15,5,4,41
13,0,Clear,Urban,62,15,14,4,3,34
12,1,Clear,Highway,85,21,6,4,3,27
15,0,Clear,Suburban,52,29,7,3,4,45
12,0,Fog,Suburban,89,18,5,2,4,23
21,0,Clear,Suburban,40,14,11,1,4,42
13,1,Clear,Urban,75,20,9,2,3,14
21,0,Clear,Urban,41,22,12,1,4,44
13,0,Rain,Highway,69,12,9,3,2,24
23,0,Rain,Urban,67,14,9,4,4,16
17,0,Rain,Suburban,22,49,11,4,5,77
11,1,Clear,Urban,86,10,6,2,4,21
9,1,Clear,Suburban,77,36,15,5,4,35
7,0,Clear,Suburban,59,53,23,6,6,54
13,1,Fog,Highway,68,10,13,1,4,8
18,1,Clear,Urban,54,28,13,3,3,53
14,1,Clear,Urban,88,16,5,1,2,25
18,0,Clear,Highway,20,37,16,4,2,93
17,0,Clear,Highway,30,45,15,5,3,97
0,1,Clear,Suburban,75,4,4,1,1,11
14,0,Clear,Highway,65,17,7,4,2,39
12,0,Fog,Suburban,68,19,5,2,3,12
5,1,Clear,Suburban,69,8,1,0,2,4
3,0,Clear,Urban,70,11,2,1,1,7
7,0,Fog,Urban,43,58,24,4,3,57
6,0,Fog,Highway,76,19,10,3,4,17
8,1,Clear,Suburban,44,42,21,5,6,51
18,0,Clear,Highway,41,46,17,7,4,62
23,0,Clear,Urban,42,15,6,4,3,41
10,0,Fog,Urban,80,24,6,1,2,27
16,0,Clear,Suburban,53,27,6,3,4,44
17,0,Clear,Urban,24,45,23,4,6,72
0,0,Clear,Urban,62,10,3,1,2,10
23,1,Rain,Suburban,73,21,6,2,3,14
19,0,Clear,Urban,48,41,21,5,4,67
1,0,Clear,Urban,89,8,2,0,1,19
12,0,Rain,Urban,75,28,13,4,3,28
6,0,Clear,Urban,80,20,9,1,3,35
0,1,Rain,Suburban,82,4,3,1,1,3
8,0,Rain,Highway,43,32,19,6,3,50
10,1,Fog,Urban,84,12,13,3,4,16
14,0,Clear,Urban,48,18,7,1,4,46
8,1,Rain,Urban,55,34,13,5,3,50
17,1,Clear,Suburban,43,36,21,6,3,65
17,1,Clear,Highway,44,31,24,6,5,54
16,0,Rain,Highway,64,17,12,1,4,20
19,1,Rain,Suburban,74,39,22,5,5,30
6,0,Clear,Highway,62,24,8,2,3,29
3,0,Clear,Suburban,62,5,1,0,1,17
7,1,Rain,Highway,65,33,16,6,5,29
11,0,Clear,Urban,65,23,7,4,3,38
17,0,Rain,Highway,48,59,13,7,3,51
21,1,Clear,Urban,80,17,11,3,4,28
2,0,Rain,Highway,75,3,2,0,1,4
9,0,Clear,Urban,43,58,23,7,3,59
18,0,Clear,Suburban,29,57,13,7,2,88
18,0,Rain,Urban,57,47,14,7,6,52
19,0,Clear,Highway,28,36,10,5,6,89
3,0,Fog,Highway,85,7,2,1,1,9
22,1,Clear,Highway,72,22,14,3,3,27
13,0,Rain,Highway,78,28,7,4,4,16
5,0,Clear,Suburban,73,4,1,1,2,15
2,1,Clear,Urban,85,5,4,1,2,10
16,0,Clear,Urban,51,28,11,2,3,49
18,0,Fog,Urban,82,47,10,5,6,30
23,0,Rain,Urban,60,23,5,3,2,28
0,0,Clear,Highway,68,8,4,1,2,6
17,0,Clear,Suburban,58,42,17,5,6,63
12,0,Fog,Suburban,70,27,9,2,2,21
13,0,Clear,Urban,67,28,13,2,4,21
13,0,Rain,Urban,81,19,8,2,3,32
7,0,Clear,Suburban,25,46,13,7,3,77
16,0,Clear,Highway,67,24,14,3,2,28
18,0,Clear,Urban,21,35,20,3,5,75
1,0,Clear,Suburban,85,7,2,1,2,11
21,1,Fog,Highway,87,18,5,2,3,17
16,0,Fog,Highway,69,20,13,2,2,15
3,1,Clear,Highway,62,4,3,0,2,10
23,0,Clear,Suburban,64,29,11,4,3,39
5,0,Clear,Suburban,79,9,1,0,2,16
18,0,Clear,Highway,20,34,14,4,6,72
15,1,Clear,Suburban,66,23,12,2,2,19
22,0,Clear,Urban,42,15,8,3,4,49
16,0,Clear,Highway,76,15,7,4,2,31
9,0,Clear,Highway,50,55,19,6,3,60
5,1,Clear,Highway,72,3,4,1,2,10
14,0,Clear,Suburban,54,25,14,1,2,45
8,0,Clear,Suburban,25,58,22,4,4,92
21,0,Clear,Highway,57,17,12,1,2,48
21,1,Clear,Highway,62,18,10,1,3,30
13,1,Clear,Suburban,85,9,11,2,2,31
16,0,Clear,Urban,86,13,6,1,2,34
15,0,Clear,Suburban,87,28,14,1,4,36
12,0,Clear,Highway,61,14,5,4,3,36
18,0,Clear,Urban,32,37,22,5,3,99
2,0,Fog,Highway,65,10,1,1,2,11
11,0,Clear,Urban,68,28,12,4,3,26
13,1,Clear,Highway,62,19,14,2,3,15
19,0,Clear,Urban,22,52,17,7,4,76
13,1,Rain,Highway,83,18,13,1,2,13
16,0,Clear,Urban,72,18,12,3,4,26
6,1,Clear,Highway,67,15,11,1,4,34
1,0,Clear,Highway,70,10,3,1,2,16
11,1,Rain,Urban,74,16,10,4,2,11
22,0,Clear,Suburban,85,29,7,2,3,40
8,0,Rain,Highway,59,39,11,4,6,68
16,1,Clear,Highway,80,22,5,2,4,20
7,1,Clear,Urban,54,41,12,5,2,46
3,0,Clear,Highway,62,11,3,1,2,6
15,1,Fog,Urban,72,9,9,2,2,18
1,0,Clear,Urban,75,3,4,1,1,10
5,1,Clear,Suburban,65,4,4,1,2,13
8,0,Rain,Urban,71,39,20,3,5,40
11,0,Rain,Suburban,65,25,11,4,2,19
14,0,Clear,Suburban,74,13,5,1,2,29
2,0,Clear,Urban,67,11,2,1,2,12
19,0,Clear,Urban,58,37,20,7,3,53
7,0,Clear,Suburban,39,53,12,4,6,96
16,0,Clear,Urban,67,12,14,3,4,23
4,1,Clear,Urban,89,8,2,1,1,13
9,1,Clear,Highway,46,24,14,4,2,67
13,1,Clear,Highway,61,20,9,4,4,31
21,0,Rain,Urban,81,27,8,2,3,17
11,0,Rain,Suburban,70,25,8,2,3,38
16,0,Rain,Suburban,62,28,14,2,4,39
2,0,Rain,Highway,69,7,3,1,1,12
8,0,Fog,Urban,54,36,14,6,6,44
8,0,Clear,Highway,41,55,11,7,5,64
3,1,Clear,Highway,70,8,2,0,1,8
2,0,Clear,Urban,89,3,1,0,2,11
11,0,Fog,Suburban,70,14,7,1,4,28
3,0,Clear,Highway,60,3,2,0,1,15
21,0,Fog,Urban,85,21,6,3,3,22
16,0,Clear,Suburban,73,19,5,4,3,33
18,0,Clear,Urban,25,40,12,4,4,94
3,1,Clear,Suburban,89,8,3,0,1,11
0,0,Clear,Suburban,82,6,1,1,2,16
22,0,Clear,Urban,71,27,8,3,3,29
11,0,Clear,Suburban,68,26,14,3,4,24
4,0,Clear,Urban,78,7,4,1,2,14
13,1,Clear,Urban,63,16,8,1,2,24
20,0,Clear,Urban,44,19,7,2,2,41
7,0,Clear,Suburban,28,52,16,7,4,89
4,0,Clear,Urban,66,6,4,1,2,17
20,0,Fog,Urban,67,26,12,3,4,24
12,0,Clear,Urban,42,29,6,4,4,41
10,0,Clear,Highway,79,25,5,4,4,20
6,0,Fog,Urban,73,14,10,2,2,15
15,1,Clear,Highway,82,17,14,4,2,27
20,0,Clear,Urban,84,16,11,1,4,39
9,0,Clear,Highway,56,47,14,3,3,65
16,0,Clear,Urban,52,12,6,2,4,47
1,1,Rain,Highway,70,2,3,0,1,10
10,0,Rain,Suburban,84,27,13,3,2,31
7,0,Clear,Suburban,22,53,18,7,3,79
18,0,Rain,Suburban,50,49,10,7,3,60
21,0,Clear,Urban,68,20,9,1,3,20
18,0,Rain,Highway,57,34,14,6,2,70
7,1,Rain,Highway,70,24,22,5,3,31
14,1,Clear,Highway,76,23,8,3,2,26
7,1,Clear,Highway,60,31,21,4,3,37
21,0,Clear,Suburban,72,18,12,4,2,23
14,0,Rain,Urban,71,18,6,4,2,32
22,0,Rain,Suburban,86,16,6,4,4,20
1,0,Clear,Highway,62,5,2,1,2,6
0,0,Fog,Suburban,80,4,3,0,1,10
22,0,Clear,Highway,76,19,13,1,2,22
23,1,Clear,Suburban,75,16,7,3,3,15
4,0,Clear,Suburban,67,6,4,0,1,10
19,0,Fog,Highway,51,56,23,4,3,43
4,1,Rain,Urban,85,8,2,1,1,8
0,0,Clear,Urban,66,3,4,0,2,16
23,1,Clear,Highway,83,20,14,4,3,16
18,0,Clear,Suburban,20,40,24,7,6,83
12,1,Clear,Urban,77,20,5,2,2,14
7,0,Rain,Suburban,50,51,20,5,4,59
23,1,Rain,Urban,63,23,9,1,2,12
20,0,Clear,Urban,84,14,10,2,2,31
12,1,Rain,Suburban,87,12,12,3,4,19
12,0,Rain,Highway,88,25,11,3,4,16
4,0,Clear,Urban,86,6,2,0,2,16
19,1,Clear,Urban,40,35,22,4,6,44
5,0,Rain,Highway,89,10,4,0,1,11
16,0,Fog,Suburban,79,14,14,3,2,24
13,0,Clear,Urban,60,25,8,4,4,26
2,0,Rain,Highway,76,11,4,1,2,15
16,0,Clear,Urban,59,19,6,3,4,48
11,0,Clear,Suburban,45,13,11,2,2,41
23,0,Clear,Suburban,58,15,14,2,4,49
5,0,Clear,Suburban,62,8,4,0,2,10
5,0,Clear,Suburban,71,4,1,1,1,7
21,1,Clear,Urban,73,9,6,2,3,18
10,0,Clear,Urban,72,14,10,1,4,24
18,1,Clear,Suburban,46,28,11,3,5,58
0,0,Clear,Urban,79,7,1,0,1,15
4,1,Clear,Highway,69,2,3,1,2,4
14,0,Clear,Suburban,54,18,6,2,3,47
12,1,Rain,Suburban,89,11,9,1,3,14
9,0,Rain,Highway,55,33,12,3,3,68
5,0,Clear,Urban,67,10,2,0,2,9
23,0,Clear,Urban,69,26,11,1,4,26
13,0,Clear,Highway,57,25,14,3,2,48
7,0,Clear,Urban,53,32,11,5,3,60
18,0,Fog,Urban,80,38,13,6,2,31
6,1,Rain,Urban,85,11,11,4,3,12
22,0,Rain,Suburban,68,21,13,2,4,26
20,1,Rain,Urban,76,19,7,2,3,16
15,0,Clear,Highway,47,22,9,3,4,46
11,0,Rain,Suburban,86,16,6,4,4,32
8,0,Fog,Urban,69,53,14,5,2,34
15,0,Rain,Urban,63,25,7,4,3,27
21,1,Clear,Highway,71,19,7,4,4,28
14,0,Clear,Highway,47,19,13,4,4,47
14,0,Rain,Urban,69,13,5,1,3,27
13,0,Clear,Suburban,87,29,13,2,4,23
16,1,Rain,Suburban,71,11,13,4,4,20
23,0,Clear,Urban,62,13,13,1,3,29
18,0,Clear,Urban,43,55,20,7,3,62
16,1,Clear,Suburban,85,20,7,2,4,32
13,1,Rain,Urban,70,20,7,1,3,22
20,1,Clear,Urban,76,14,14,3,2,31
3,0,Clear,Suburban,82,9,2,1,2,19
9,0,Clear,Highway,22,44,11,6,6,99
19,1,Clear,Highway,47,40,21,4,5,47
0,1,Clear,Highway,86,2,4,0,1,8
21,0,Clear,Urban,41,23,14,2,2,44
18,1,Fog,Urban,86,32,24,6,5,37
0,1,Clear,Urban,64,5,1,0,1,3
11,1,Clear,Highway,80,23,11,2,3,31
17,1,Rain,Urban,76,34,22,7,4,28
1,0,Clear,Urban,74,7,3,1,1,13
6,1,Clear,Suburban,86,16,9,3,4,20
14,0,Clear,Urban,68,15,6,1,4,35
23,0,Clear,Urban,44,21,13,3,2,43
14,1,Clear,Suburban,74,16,13,2,2,19
6,1,Clear,Suburban,79,23,13,2,4,28
8,0,Clear,Urban,27,54,21,6,6,76
13,1,Rain,Highway,84,14,12,4,3,20
15,0,Rain,Urban,83,14,14,1,2,27
8,0,Clear,Suburban,51,52,21,3,2,69
13,1,Clear,Highway,72,15,12,4,4,22
23,0,Clear,Urban,51,12,8,2,3,44
8,0,Clear,Suburban,30,38,11,6,2,83
11,0,Clear,Suburban,43,27,12,3,3,45
12,0,Rain,Urban,86,23,12,3,2,28
8,1,Rain,Suburban,50,43,15,6,5,44
11,0,Clear,Urban,73,20,9,2,3,36
11,1,Clear,Urban,64,21,5,2,3,28
14,1,Clear,Urban,67,20,8,3,3,32
13,1,Rain,Highway,80,20,12,2,4,20
18,0,Clear,Urban,59,59,15,5,4,70
8,0,Clear,Urban,22,50,21,6,3,94
4,1,Clear,Suburban,60,3,2,1,2,7
17,0,Clear,Urban,49,55,10,7,6,50
1,0,Clear,Suburban,87,6,1,1,2,18
12,0,Rain,Urban,75,25,6,4,4,29
23,0,Clear,Suburban,50,13,8,2,4,41
9,0,Clear,Urban,33,49,22,3,5,92
8,0,Fog,Urban,60,51,21,4,6,33
18,1,Clear,Highway,46,38,18,3,4,51
12,0,Clear,Suburban,76,19,10,4,3,33
18,0,Clear,Suburban,59,47,23,6,3,65
4,1,Clear,Suburban,62,4,4,0,1,4
18,0,Clear,Urban,52,41,16,3,4,60
0,0,Clear,Suburban,84,8,3,0,1,5
21,0,Clear,Highway,79,17,7,4,3,33
4,0,Rain,Urban,80,3,3,1,2,15
19,0,Clear,Highway,49,49,19,7,4,61
0,0,Clear,Urban,61,4,1,0,2,8
3,0,Clear,Suburban,88,8,4,0,2,10
3,0,Rain,Highway,61,8,3,1,1,11
14,0,Clear,Urban,74,22,5,4,4,29
7,0,Clear,Suburban,28,38,10,3,3,87
15,1,Clear,Suburban,84,23,13,1,4,16
10,0,Clear,Urban,65,20,6,1,4,34
22,0,Clear,Urban,84,14,9,2,4,38
2,1,Rain,Urban,79,2,2,0,1,9
8,0,Fog,Highway,78,42,12,6,6,33
13,0,Clear,Urban,47,23,5,2,4,42
22,0,Clear,Suburban,44,27,6,1,3,41
13,0,Fog,Highway,81,20,13,4,2,16
6,0,Rain,Urban,75,27,12,3,2,27
10,0,Fog,Urban,87,13,12,3,3,24
3,0,Clear,Suburban,85,4,2,1,2,10
23,1,Clear,Highway,76,20,9,2,4,30
4,0,Fog,Highway,86,6,3,1,1,7
6,0,Rain,Urban,79,21,7,4,4,21
10,0,Rain,Suburban,61,17,10,1,4,31
5,0,Clear,Urban,69,4,2,1,2,13
0,1,Rain,Suburban,64,5,2,0,1,6
1,0,Clear,Suburban,88,11,3,0,2,17
8,0,Rain,Suburban,43,58,17,7,4,53
18,1,Clear,Highway,47,46,16,7,4,65
20,0,Clear,Urban,66,18,5,1,4,25
1,0,Clear,Urban,71,4,3,1,1,7
5,1,Clear,Urban,89,5,1,0,2,4
16,0,Rain,Highway,74,14,5,1,2,28
22,0,Fog,Urban,89,15,12,1,2,12
4,0,Clear,Suburban,72,10,4,0,1,17
18,0,Clear,Urban,57,32,14,7,6,70
5,1,Clear,Urban,62,8,1,1,2,7
5,1,Rain,Highway,65,6,1,0,2,4
22,0,Clear,Urban,62,23,10,2,2,24
1,0,Clear,Urban,88,11,4,1,1,7
20,0,Clear,Highway,87,21,6,4,4,35
18,0,Clear,Suburban,29,54,19,6,4,74
18,0,Clear,Urban,21,52,17,7,5,76
19,0,Fog,Suburban,52,51,24,6,5,51
1,0,Rain,Highway,70,7,3,0,2,4
11,0,Clear,Urban,73,29,11,3,4,23
9,0,Clear,Urban,55,52,23,7,6,53
2,0,Clear,Highway,71,11,1,1,2,15
17,0,Rain,Suburban,50,41,13,6,5,48
15,0,Clear,Suburban,64,13,7,4,4,22
8,0,Clear,Suburban,23,42,14,5,2,92
0,0,Clear,Suburban,74,7,3,1,2,8
17,0,Rain,Highway,57,48,19,5,3,42
12,0,Clear,Suburban,83,27,13,4,2,31
17,1,Rain,Urban,82,24,17,3,3,40
18,1,Clear,Highway,42,26,10,7,6,49
23,0,Clear,Suburban,57,12,9,4,4,43
17,0,Clear,Suburban,24,39,16,6,2,93
14,0,Clear,Urban,79,17,6,4,3,20
7,0,Clear,Highway,39,56,10,7,6,75
23,0,Clear,Highway,67,12,14,3,3,27
7,1,Clear,Suburban,51,29,19,6,6,58
20,0,Rain,Urban,69,12,9,3,4,23
20,1,Clear,Urban,79,22,13,4,3,22
5,0,Clear,Highway,82,8,2,0,1,7
16,1,Clear,Urban,76,23,11,2,2,24
7,1,Clear,Urban,41,28,23,4,4,43
13,0,Fog,Urban,72,22,13,3,4,19
12,0,Clear,Urban,63,16,5,2,3,35
17,0,Clear,Urban,28,48,16,6,6,81
13,0,Fog,Highway,66,26,10,2,4,24
5,0,Clear,Urban,73,11,2,1,1,5
4,0,Clear,Highway,61,10,3,1,2,15
22,0,Fog,Urban,89,16,9,4,3,25
21,1,Clear,Suburban,74,16,7,1,4,19
0,0,Clear,Highway,60,9,1,1,1,16
5,0,Clear,Highway,67,9,2,1,2,8
2,0,Rain,Suburban,70,5,4,1,1,13
11,0,Clear,Urban,67,20,6,1,3,31
12,0,Rain,Highway,69,24,6,2,4,18
3,1,Rain,Urban,83,7,4,1,1,4
15,0,Rain,Highway,71,17,8,3,4,29
9,0,Clear,Suburban,27,49,17,4,6,80
11,1,Clear,Urban,81,11,14,1,3,27
13,0,Fog,Suburban,73,26,5,3,3,23
8,1,Fog,Suburban,76,24,16,3,6,31
8,0,Clear,Urban,39,45,11,6,5,76
1,0,Clear,Urban,71,10,1,0,1,9
13,0,Rain,Urban,79,12,14,2,3,18
6,0,Clear,Highway,66,28,8,4,3,36
2,0,Fog,Urban,80,7,4,0,1,10
18,0,Clear,Highway,39,36,22,3,2,80
5,0,Clear,Highway,62,8,4,1,2,9
12,1,Rain,Urban,78,19,9,1,4,24
18,1,Clear,Urban,55,24,20,3,4,68
17,0,Clear,Highway,20,41,14,5,6,98
10,0,Clear,Suburban,85,17,6,4,3,23
2,0,Clear,Suburban,66,8,3,0,1,19
4,1,Clear,Highway,71,6,2,0,1,12
6,1,Clear,Urban,79,17,11,2,3,21
3,0,Clear,Highway,68,4,1,0,1,12
10,0,Rain,Suburban,65,17,10,4,4,32
13,0,Clear,Urban,52,21,10,3,4,42
6,0,Rain,Urban,86,28,8,4,3,37
12,0,Clear,Urban,62,16,5,2,3,32
18,0,Clear,Urban,34,35,10,5,2,78
14,0,Clear,Urban,84,22,13,3,2,25
13,0,Clear,Urban,45,18,7,1,4,42
15,0,Clear,Suburban,64,12,6,4,2,31
3,1,Clear,Suburban,70,4,3,0,1,7
18,1,Clear,Urban,61,35,10,3,2,35
17,0,Clear,Suburban,46,51,15,4,4,65
3,0,Clear,Suburban,73,5,1,1,2,14
6,1,Clear,Urban,83,10,13,3,4,21
2,1,Rain,Suburban,62,8,3,1,2,8
8,0,Rain,Highway,48,34,21,6,4,64
2,1,Clear,Urban,75,8,1,0,2,11
10,0,Rain,Urban,82,28,14,2,3,20
22,1,Clear,Urban,62,12,12,4,3,22
7,0,Rain,Suburban,56,35,10,4,4,56
15,1,Clear,Suburban,88,21,8,4,4,27
5,0,Fog,Urban,81,9,1,1,2,10
9,0,Clear,Highway,53,53,11,7,2,59
3,0,Rain,Urban,86,6,2,1,2,12
16,0,Fog,Urban,81,15,9,1,2,24
7,0,Rain,Suburban,30,38,14,4,6,74
11,1,Clear,Urban,60,17,11,4,4,31
15,0,Clear,Urban,79,20,12,2,4,32
19,0,Clear,Highway,38,48,23,3,3,97
20,0,Clear,Highway,72,29,6,2,3,29
12,0,Clear,Suburban,41,16,12,2,4,41
6,1,Clear,Highway,71,10,12,2,2,25
10,0,Clear,Highway,72,23,11,4,4,31
10,0,Fog,Urban,85,25,13,4,3,13
20,1,Clear,Urban,84,16,7,2,3,30
12,0,Clear,Suburban,51,17,11,1,3,45
16,0,Rain,Suburban,82,22,13,3,4,28
20,0,Clear,Urban,86,19,11,3,4,37
8,0,Clear,Highway,22,46,10,6,3,80
10,0,Clear,Suburban,82,15,8,3,4,27
14,0,Rain,Suburban,61,29,14,4,2,36
22,1,Fog,Highway,88,21,14,2,4,12
8,0,Rain,Highway,30,50,22,4,2,72
15,0,Clear,Urban,78,28,10,2,4,32
13,0,Clear,Urban,83,23,8,1,3,21
3,0,Clear,Highway,79,4,2,0,1,6
1,0,Clear,Urban,85,5,3,0,2,10
12,0,Clear,Urban,67,24,13,2,2,35
12,0,Fog,Suburban,78,14,10,1,2,24
1,1,Clear,Urban,74,4,3,1,1,4
6,0,Clear,Highway,40,19,13,1,4,44
9,1,Clear,Urban,56,33,11,5,3,44
14,0,Clear,Urban,76,13,12,1,4,26
9,0,Clear,Highway,22,30,17,7,2,76
21,0,Clear,Highway,81,18,12,3,2,34
2,0,Clear,Highway,87,10,2,0,1,13
20,0,Clear,Highway,42,22,14,1,2,42
14,0,Clear,Suburban,55,21,8,2,2,43
10,0,Rain,Highway,78,25,12,4,2,20
11,1,Clear,Highway,77,17,5,4,2,28
10,0,Clear,Suburban,51,17,7,3,2,46
10,1,Clear,Urban,88,12,14,2,4,23
7,0,Clear,Suburban,52,59,10,4,2,55
21,0,Clear,Highway,56,17,6,2,2,41
5,0,Clear,Suburban,84,5,4,0,1,17
17,1,Clear,Urban,52,45,10,4,3,50
1,0,Clear,Suburban,82,10,4,0,1,5
19,0,Clear,Suburban,22,49,17,6,4,77
16,1,Fog,Highway,64,17,14,1,4,19
13,0,Clear,Urban,56,29,10,2,4,49
0,0,Clear,Highway,72,11,3,1,1,18
22,0,Fog,Suburban,88,13,7,3,3,23
13,0,Clear,Suburban,66,19,12,4,3,39
19,0,Clear,Suburban,22,54,17,4,5,77
6,1,Clear,Highway,79,21,8,3,3,24
14,0,Rain,Urban,64,17,5,2,4,26
10,1,Clear,Suburban,83,16,11,4,2,18
15,0,Clear,Suburban,70,23,7,2,3,23
1,0,Clear,Highway,84,10,1,0,2,8
22,1,Clear,Suburban,79,13,9,4,4,34
12,0,Fog,Urban,70,13,7,4,4,21
15,0,Clear,Suburban,44,24,11,3,2,41
12,0,Fog,Urban,87,28,12,2,3,28
21,0,Clear,Suburban,77,14,7,4,4,29
19,0,Clear,Highway,27,42,20,4,4,77
4,0,Clear,Suburban,63,10,2,0,2,9
19,0,Fog,Suburban,58,30,19,6,4,55
16,0,Rain,Suburban,77,12,5,3,3,31
0,1,Clear,Suburban,67,7,2,1,1,11
15,1,Clear,Suburban,69,11,9,1,3,14
17,1,Rain,Suburban,42,28,23,6,3,45
5,0,Clear,Suburban,63,3,1,1,2,5
0,0,Clear,Suburban,64,5,4,1,1,11
3,1,Clear,Suburban,68,3,3,1,2,12
21,1,Clear,Urban,81,18,12,2,4,16
2,0,Fog,Suburban,89,6,4,1,2,10
4,0,Rain,Urban,61,9,1,1,1,12
11,0,Clear,Suburban,41,27,6,2,2,45
17,0,Clear,Highway,48,48,16,5,2,51
13,0,Clear,Suburban,76,16,12,2,4,26
16,0,Clear,Urban,78,23,14,2,3,32
0,1,Rain,Highway,76,4,2,0,2,3
23,0,Clear,Suburban,63,18,7,2,3,36
17,1,Fog,Highway,66,24,15,5,4,27
21,0,Clear,Highway,82,15,13,3,3,26
13,0,Rain,Highway,63,22,11,2,4,24
6,0,Clear,Highway,52,27,5,3,4,41
22,0,Clear,Urban,82,19,12,1,2,32
4,1,Rain,Highway,67,5,1,1,2,4
21,0,Clear,Urban,86,18,9,2,2,39
9,0,Clear,Suburban,40,32,18,7,6,57
17,0,Clear,Urban,31,43,20,5,4,82
21,0,Fog,Urban,85,28,8,2,3,20
20,1,Fog,Suburban,66,20,7,3,3,15
17,1,Clear,Urban,46,42,11,5,5,46
23,1,Clear,Highway,74,19,9,4,4,25
6,0,Clear,Highway,89,28,10,2,3,32
7,0,Fog,Urban,61,43,18,3,5,31
2,0,Fog,Suburban,83,3,4,0,2,6
6,0,Rain,Suburban,73,16,5,1,2,39
21,1,Rain,Suburban,75,17,12,2,2,24
2,0,Clear,Urban,79,6,4,0,1,11
1,1,Clear,Urban,65,2,4,0,1,11
20,1,Fog,Suburban,74,19,10,3,2,17
2,0,Clear,Highway,69,7,2,0,2,16
19,0,Clear,Urban,27,56,17,6,6,71
19,0,Fog,Suburban,44,36,13,5,3,49
22,0,Clear,Highway,57,26,6,1,3,45
0,0,Clear,Highway,86,10,2,0,1,10
23,0,Clear,Suburban,68,18,10,1,3,27
14,0,Clear,Suburban,50,17,13,2,4,49
6,0,Fog,Highway,61,20,7,1,4,12
9,0,Clear,Urban,41,56,17,3,6,67
18,0,Clear,Suburban,32,44,21,5,6,76
17,0,Clear,Urban,42,48,22,7,2,61
18,0,Fog,Suburban,82,46,13,3,6,40
23,0,Clear,Suburban,43,29,9,2,2,49
20,1,Clear,Suburban,62,13,8,4,4,34
23,0,Clear,Urban,54,21,12,1,3,49
6,0,Rain,Highway,78,20,9,4,2,25
14,0,Clear,Highway,60,23,13,4,2,25
8,1,Clear,Urban,53,32,20,3,4,44
18,0,Clear,Urban,22,55,22,7,5,95
17,1,Clear,Highway,59,37,24,7,6,46
18,0,Rain,Highway,43,44,19,4,4,52
20,0,Clear,Highway,70,24,14,4,2,30
1,0,Rain,Suburban,63,10,2,0,1,5
2,1,Clear,Urban,67,2,1,1,2,4
22,1,Clear,Urban,63,12,13,3,4,18
0,0,Fog,Highway,77,6,1,0,1,6
18,1,Clear,Suburban,53,33,16,6,5,67
12,0,Clear,Urban,84,20,14,2,3,20
7,0,Clear,Highway,25,52,22,4,3,77
16,1,Fog,Suburban,79,11,11,1,4,19
6,0,Clear,Suburban,69,20,6,2,3,24
13,1,Clear,Suburban,72,13,12,2,4,30
11,0,Clear,Highway,86,12,9,1,4,34
16,1,Clear,Suburban,80,20,9,3,2,14
7,0,Clear,Suburban,21,30,22,4,2,81
10,1,Clear,Suburban,83,16,6,3,3,19
17,0,Clear,Highway,33,47,12,5,6,82
8,0,Fog,Suburban,62,46,16,7,5,33
10,0,Clear,Urban,79,14,12,3,3,40
7,0,Rain,Urban,47,39,19,3,3,62
3,0,Clear,Highway,80,9,4,1,1,10
23,0,Clear,Urban,76,21,13,1,2,31
15,1,Clear,Urban,64,23,8,4,3,18
12,1,Rain,Urban,69,20,10,1,4,16
23,1,Clear,Urban,60,14,8,1,3,14
2,0,Clear,Urban,77,4,4,0,2,13
18,0,Clear,Highway,40,44,19,6,6,70
16,1,Clear,Highway,79,23,10,1,3,31
6,0,Clear,Suburban,80,13,10,3,2,27
17,0,Clear,Highway,33,55,17,3,2,79
0,0,Clear,Suburban,74,4,2,0,2,15
22,1,Rain,Urban,82,18,13,2,2,11
18,0,Clear,Highway,35,43,18,4,5,83
21,0,Clear,Urban,72,24,6,4,2,25
21,0,Rain,Highway,64,13,13,3,4,24
14,0,Clear,Urban,72,18,5,4,2,32
20,0,Clear,Urban,47,14,12,4,2,44
22,0,Clear,Urban,76,22,14,2,2,23
9,0,Clear,Urban,43,53,24,6,5,59
12,1,Clear,Urban,67,14,7,1,3,25
9,1,Rain,Urban,53,26,21,6,5,45
21,1,Clear,Urban,82,10,5,4,4,22
19,1,Rain,Highway,52,26,23,5,2,49
15,0,Rain,Suburban,65,26,14,4,4,28
2,0,Rain,Urban,75,8,3,0,1,4
7,0,Rain,Urban,24,36,13,5,4,77
10,0,Clear,Urban,49,15,11,3,2,43
20,1,Clear,Suburban,63,22,10,3,2,25
7,1,Fog,Highway,81,24,24,5,6,39
17,1,Clear,Suburban,65,32,13,6,4,40
13,0,Clear,Urban,86,15,11,4,4,28
20,0,Rain,Suburban,60,22,12,4,3,36
23,0,Rain,Highway,66,18,6,3,3,23
23,0,Clear,Urban,88,14,14,1,3,37
12,0,Clear,Suburban,45,25,7,4,4,41
10,0,Clear,Urban,66,20,13,3,3,35
12,1,Clear,Urban,74,16,11,3,3,28
14,0,Clear,Urban,76,22,12,3,3,32
19,0,Clear,Suburban,40,42,24,6,4,62
14,0,Fog,Highway,74,13,9,2,2,24
13,0,Clear,Highway,74,24,12,3,3,22
15,0,Clear,Suburban,88,18,6,2,4,21
6,1,Rain,Suburban,69,23,8,2,4,14
2,0,Clear,Urban,68,10,4,0,1,7
14,0,Clear,Suburban,86,29,10,2,2,31
19,1,Clear,Suburban,82,36,13,7,2,37
17,1,Clear,Urban,46,37,11,5,5,55
1,0,Clear,Urban,62,5,1,1,2,19
13,0,Clear,Suburban,73,29,7,4,3,36
17,0,Clear,Suburban,24,38,11,7,6,87
22,0,Rain,Suburban,82,28,12,2,3,20
19,1,Clear,Urban,42,40,23,5,2,44
1,0,Rain,Highway,86,8,4,0,2,14
9,0,Clear,Urban,54,41,17,3,3,56
3,0,Clear,Suburban,86,7,1,0,2,17
20,1,Clear,Suburban,68,14,11,3,3,22
4,0,Clear,Suburban,81,3,1,0,1,10
14,0,Clear,Urban,54,15,13,4,2,42
7,0,Clear,Highway,40,42,10,4,2,59
2,0,Clear,Urban,72,6,1,1,2,5
3,1,Clear,Highway,78,6,4,0,2,11
0,1,Clear,Urban,78,6,2,1,2,11
10,1,Clear,Suburban,75,13,13,2,4,16
7,0,Rain,Urban,32,56,10,7,5,75
23,0,Clear,Suburban,42,28,10,1,3,45
6,1,Clear,Urban,75,11,14,3,2,30
23,0,Fog,Highway,79,13,11,3,3,28
22,0,Clear,Urban,66,23,6,1,4,40
20,0,Clear,Highway,76,23,10,2,2,21
9,0,Fog,Highway,60,31,16,5,5,36
20,0,Rain,Urban,78,18,13,1,3,34
1,0,Rain,Suburban,72,5,4,1,2,9
12,0,Clear,Suburban,45,27,8,2,2,49
12,0,Clear,Urban,70,28,8,4,4,34
21,0,Fog,Urban,85,14,11,2,4,19
3,0,Clear,Highway,68,6,1,0,2,10
17,0,Clear,Urban,32,48,16,3,2,74
13,0,Rain,Urban,86,19,11,1,2,22
21,1,Clear,Suburban,64,11,14,3,3,19
8,1,Clear,Suburban,52,24,22,5,4,46
20,0,Clear,Suburban,60,22,11,3,2,25
14,1,Rain,Urban,87,14,6,1,2,20
3,0,Clear,Suburban,68,6,4,1,1,10
10,0,Clear,Urban,74,15,7,2,4,23
23,0,Clear,Highway,53,19,13,1,2,48
20,0,Clear,Highway,84,22,13,2,4,20
10,0,Clear,Suburban,70,26,5,3,2,37
10,1,Clear,Urban,67,15,9,2,4,19
2,1,Clear,Highway,69,8,4,0,1,13
5,0,Clear,Suburban,68,3,3,0,2,7
23,0,Rain,Urban,83,13,14,4,3,25
20,0,Clear,Suburban,44,19,9,2,4,49
19,0,Clear,Urban,55,37,20,5,3,58
2,0,Clear,Urban,77,3,2,1,2,6
20,0,Clear,Highway,85,27,5,2,3,28
12,0,Clear,Highway,81,17,7,4,2,38
20,1,Clear,Highway,88,20,10,1,4,17
18,0,Clear,Urban,26,34,17,7,5,92
21,0,Clear,Suburban,46,14,9,1,4,43
10,0,Fog,Suburban,80,26,10,1,4,16
6,0,Clear,Suburban,55,23,6,2,4,41
3,0,Clear,Highway,88,10,3,1,1,6
16,0,Clear,Highway,49,16,5,3,3,47
10,0,Clear,Urban,42,22,11,2,4,41
17,0,Clear,Suburban,24,51,18,4,4,77
15,1,Clear,Suburban,81,17,11,3,3,31
12,1,Clear,Highway,60,15,5,3,4,14
6,0,Clear,Urban,53,22,7,1,3,48
23,0,Clear,Urban,66,24,6,4,3,30
7,0,Clear,Urban,56,52,24,5,3,50
18,0,Clear,Highway,50,48,14,6,4,57
13,0,Clear,Highway,87,26,5,1,2,37
19,1,Clear,Suburban,57,36,12,4,2,66
11,0,Clear,Urban,47,14,9,4,2,43
10,0,Clear,Urban,63,21,10,4,2,31
11,0,Clear,Suburban,77,15,5,1,4,36
10,0,Clear,Urban,52,23,8,2,3,41
1,0,Rain,Suburban,60,4,2,0,2,9
3,0,Clear,Urban,85,8,3,1,2,13
4,0,Clear,Suburban,75,9,4,0,2,14
8,1,Fog,Suburban,75,29,24,4,3,31
8,0,Clear,Highway,52,58,22,7,5,70
22,0,Clear,Suburban,67,18,10,1,3,20
0,0,Clear,Urban,84,6,2,0,2,17
14,0,Clear,Urban,84,21,8,1,4,24
17,0,Clear,Urban,33,39,14,3,6,82
20,1,Clear,Suburban,87,20,12,1,2,25
1,0,Clear,Highway,84,3,4,0,1,12
17,0,Clear,Highway,48,45,16,5,6,52
8,1,Rain,Urban,69,25,15,5,5,37
2,0,Clear,Urban,87,6,3,1,1,10
14,1,Rain,Urban,86,15,12,3,2,20
13,0,Rain,Urban,76,29,6,2,2,23
16,1,Clear,Highway,66,20,8,3,2,30
11,0,Clear,Highway,69,19,6,1,2,24
6,0,Clear,Suburban,50,21,14,2,4,43
23,1,Clear,Suburban,61,20,13,1,4,23
6,0,Rain,Highway,76,13,10,1,2,34
4,1,Clear,Urban,88,4,4,1,2,10
10,1,Clear,Suburban,76,17,13,3,3,30
3,0,Clear,Urban,63,5,1,0,1,12
8,1,Clear,Urban,56,47,20,4,3,69
17,0,Clear,Suburban,40,31,13,6,4,70
19,0,Rain,Urban,24,57,16,5,3,78
7,0,Clear,Urban,32,42,15,3,6,90
15,0,Clear,Suburban,42,18,5,2,4,41
14,0,Clear,Urban,82,22,13,4,4,40
4,0,Fog,Urban,77,7,3,1,1,6
15,1,Clear,Suburban,71,14,14,3,2,26
1,0,Clear,Suburban,83,11,1,0,1,5
19,0,Rain,Suburban,59,37,15,7,2,43
8,0,Clear,Urban,37,58,19,4,3,77
8,0,Fog,Suburban,44,54,13,6,4,47
18,1,Fog,Highway,89,24,17,7,6,34
17,1,Clear,Suburban,55,40,15,7,4,63
4,0,Clear,Highway,63,4,3,1,2,11
11,0,Rain,Urban,64,28,8,1,2,32
22,0,Rain,Urban,76,22,6,3,2,27
4,0,Clear,Suburban,87,6,1,1,1,17
6,0,Clear,Urban,76,16,7,3,2,31
16,0,Fog,Urban,79,23,7,2,3,25
18,1,Clear,Highway,40,34,21,4,5,49
19,0,Clear,Highway,25,39,10,7,6,74
5,1,Clear,Highway,75,6,1,0,1,11
15,0,Clear,Suburban,59,13,13,3,2,43
23,1,Fog,Highway,89,20,14,1,2,10
14,1,Clear,Highway,69,10,14,2,2,24
7,0,Clear,Suburban,28,53,11,7,3,75
13,1,Rain,Urban,78,15,14,3,3,22
17,0,Clear,Suburban,31,59,18,7,6,72
18,1,Fog,Suburban,64,24,16,7,3,24
4,0,Clear,Suburban,86,10,4,0,1,6
17,1,Rain,Suburban,51,41,24,5,4,42
3,1,Clear,Urban,80,4,1,0,2,4
4,0,Fog,Highway,65,11,2,0,2,6
0,0,Fog,Highway,89,4,2,0,1,8
8,0,Clear,Highway,28,53,15,6,2,85
5,0,Rain,Urban,81,11,1,1,1,9
15,0,Fog,Suburban,80,26,12,4,4,19
18,0,Clear,Suburban,28,58,23,4,5,92
6,0,Clear,Urban,71,23,12,2,4,20
16,1,Clear,Highway,89,12,8,1,4,30
17,0,Clear,Suburban,26,35,16,4,2,83
2,0,Clear,Highway,82,6,4,0,1,10
6,0,Clear,Urban,86,12,12,3,2,27
7,0,Clear,Suburban,36,43,14,3,5,95
14,0,Rain,Urban,73,13,6,2,4,33
23,0,Rain,Urban,73,23,10,1,4,36
5,0,Clear,Suburban,65,5,3,0,1,6
16,0,Clear,Urban,42,23,5,1,2,44
7,1,Rain,Highway,60,39,16,6,2,32
18,1,Clear,Highway,43,29,19,4,5,48
22,0,Clear,Suburban,68,21,14,3,2,39
19,0,Clear,Highway,29,53,13,7,6,98
17,0,Clear,Suburban,37,47,23,4,3,79
2,0,Clear,Suburban,76,6,4,1,1,8
14,0,Clear,Highway,79,27,12,4,2,28
12,0,Clear,Urban,78,20,10,2,4,30
7,1,Rain,Suburban,75,33,12,6,5,32
23,0,Rain,Highway,64,19,14,1,3,28
2,0,Clear,Urban,65,7,1,1,1,17
8,0,Clear,Suburban,23,43,10,3,5,89
1,1,Rain,Suburban,84,3,1,0,2,5
23,1,Clear,Suburban,88,19,12,1,4,14
23,1,Clear,Urban,89,10,8,1,3,31
20,1,Clear,Urban,76,14,8,2,3,17
6,0,Clear,Highway,67,23,5,3,4,20
11,0,Clear,Highway,78,12,13,4,4,35
0,0,Clear,Urban,64,8,4,1,2,13
5,0,Clear,Highway,87,6,2,0,1,6
17,1,Fog,Suburban,71,24,18,3,4,23
21,1,Clear,Suburban,74,17,5,2,3,28
9,0,Clear,Highway,24,46,13,4,6,97
1,0,Clear,Suburban,69,6,3,1,1,18
22,0,Rain,Urban,86,27,13,3,3,26
0,0,Clear,Highway,79,11,4,1,2,5
22,0,Fog,Urban,62,23,5,3,3,27
9,0,Clear,Urban,36,43,22,5,3,96
13,0,Clear,Highway,70,24,7,4,2,31
22,1,Clear,Suburban,69,21,6,2,2,27
15,0,Rain,Suburban,70,26,14,2,3,31
17,1,Rain,Urban,80,26,20,6,6,32
22,0,Clear,Urban,77,22,14,4,3,26
20,0,Clear,Urban,87,25,14,4,4,37
20,0,Clear,Highway,87,27,5,3,3,38
20,0,Fog,Highway,71,15,9,2,3,22
14,0,Clear,Suburban,74,13,9,4,2,21
9,0,Rain,Suburban,56,57,20,4,2,43
12,0,Clear,Urban,71,26,10,3,2,37
0,0,Clear,Suburban,77,6,4,1,2,18
6,0,Clear,Suburban,85,25,9,2,2,20
15,1,Clear,Urban,83,16,9,2,4,32
13,0,Rain,Urban,62,29,8,2,3,27
11,0,Clear,Suburban,71,20,12,1,4,37
17,0,Clear,Urban,42,57,19,4,4,60
22,0,Clear,Suburban,67,29,14,1,4,27
22,1,Clear,Suburban,67,9,10,2,4,25
20,1,Clear,Urban,83,16,10,2,2,31
7,0,Rain,Urban,84,37,13,3,6,40
19,0,Clear,Urban,58,58,14,6,6,68
1,0,Clear,Suburban,64,10,4,1,2,6
14,0,Clear,Suburban,68,16,13,4,3,35
11,0,Clear,Urban,80,27,11,1,3,27
7,0,Clear,Urban,59,42,21,4,2,55
11,0,Clear,Urban,41,23,9,1,3,49
14,0,Clear,Urban,83,17,7,4,2,33
7,0,Fog,Suburban,74,41,22,7,4,34
11,0,Rain,Urban,75,25,5,1,2,24
6,1,Clear,Suburban,79,16,9,4,2,30
10,0,Clear,Highway,61,29,6,3,3,24
17,1,Rain,Suburban,69,46,13,4,6,30
3,1,Rain,Suburban,67,5,3,1,1,9
23,0,Clear,Suburban,51,15,9,4,3,48
4,0,Clear,Suburban,60,8,4,1,2,9
15,0,Clear,Highway,83,18,14,1,3,22
14,1,Fog,Highway,72,15,9,2,2,18
22,0,Clear,Suburban,40,17,6,3,2,49
14,0,Clear,Urban,70,29,9,1,3,25
23,0,Clear,Urban,44,13,8,4,3,43
6,1,Clear,Urban,76,10,12,3,4,21
21,1,Clear,Suburban,68,16,9,3,4,31
19,1,Clear,Highway,58,24,21,6,3,52
23,1,Clear,Suburban,68,20,8,2,4,23
20,0,Clear,Highway,69,21,6,1,4,31
0,0,Clear,Suburban,74,6,4,1,1,7
23,1,Clear,Highway,74,9,9,3,3,32
16,1,Clear,Urban,65,9,6,2,2,14
23,1,Clear,Urban,61,18,7,1,2,27
19,1,Clear,Suburban,51,36,19,6,5,63
1,0,Rain,Suburban,87,7,1,1,2,6
18,1,Clear,Suburban,56,32,24,7,2,56
8,1,Clear,Suburban,56,24,16,5,5,51
2,1,Clear,Urban,69,5,2,1,1,7
5,0,Clear,Urban,83,4,2,1,2,16
0,0,Clear,Urban,70,6,1,1,1,18
2,0,Clear,Highway,80,8,4,0,2,8
6,0,Clear,Urban,51,12,14,2,3,48
5,0,Clear,Highway,84,5,1,0,2,5
19,0,Clear,Suburban,57,34,15,6,3,55
5,0,Fog,Suburban,85,11,3,0,1,6
0,0,Clear,Suburban,89,8,3,1,1,14
20,0,Clear,Urban,82,27,7,2,4,20
12,0,Clear,Highway,77,26,11,4,3,32
21,0,Clear,Suburban,61,22,8,2,2,24
23,0,Clear,Highway,66,26,9,1,3,21
10,1,Clear,Suburban,66,16,11,3,2,18
1,0,Clear,Suburban,66,9,4,1,2,17
22,0,Rain,Urban,71,13,10,3,2,28
11,1,Rain,Urban,85,11,6,4,2,15
16,0,Rain,Urban,74,24,11,1,3,19
8,1,Clear,Urban,43,34,21,3,3,58
16,0,Clear,Urban,85,27,7,1,3,38
6,0,Clear,Urban,68,13,10,1,3,23
1,1,Clear,Suburban,76,6,1,0,1,12
7,1,Clear,Suburban,44,34,10,5,5,69
11,1,Rain,Highway,85,23,11,3,4,11
0,0,Rain,Suburban,87,6,3,0,2,4
8,0,Fog,Suburban,80,59,10,4,2,33
3,1,Clear,Highway,77,4,1,0,2,11
5,1,Rain,Highway,66,3,4,1,2,5
22,0,Clear,Highway,53,25,6,3,2,45
9,1,Clear,Highway,42,44,14,6,4,46
14,0,Clear,Suburban,83,23,10,4,3,21
23,1,Clear,Highway,64,10,9,2,4,34
18,0,Clear,Suburban,47,35,15,3,5,59
19,0,Clear,Highway,25,39,21,4,6,96
12,0,Clear,Urban,63,27,6,2,2,29
5,1,Clear,Urban,89,2,1,0,1,13
10,0,Clear,Highway,51,23,10,2,3,47
20,1,Clear,Highway,62,10,14,3,4,17
4,0,Clear,Suburban,84,4,3,0,2,8
21,0,Clear,Highway,81,28,9,2,3,37
3,1,Clear,Suburban,81,6,1,1,1,11
15,0,Rain,Highway,64,28,6,2,4,18
17,0,Rain,Highway,49,57,19,4,2,43
12,0,Clear,Highway,82,18,6,3,3,39
19,0,Rain,Highway,44,43,20,7,3,44
2,0,Clear,Highway,71,5,1,1,1,6
23,0,Clear,Urban,80,17,14,4,4,39
10,0,Rain,Suburban,61,14,6,1,3,20
23,0,Clear,Suburban,48,14,9,1,2,44
16,0,Clear,Highway,79,17,13,1,2,25
6,0,Rain,Suburban,84,29,5,4,2,26
19,0,Clear,Urban,35,37,21,6,5,73
15,0,Rain,Highway,67,19,10,1,4,24
1,0,Clear,Suburban,70,10,1,0,1,17
2,0,Clear,Urban,73,8,1,0,2,16
20,1,Rain,Highway,87,14,14,4,3,16
8,0,Clear,Suburban,32,51,11,4,5,89
21,0,Clear,Suburban,42,14,12,2,2,45
13,0,Clear,Suburban,60,13,5,2,2,25
14,0,Clear,Highway,40,13,13,4,4,46
10,1,Rain,Urban,61,16,9,1,4,22
21,0,Fog,Highway,79,12,6,1,3,16
11,0,Rain,Urban,80,21,5,3,4,33
7,0,Clear,Urban,30,30,17,4,4,98
8,1,Clear,Urban,55,44,19,3,6,56
6,1,Clear,Urban,68,15,14,3,3,25
20,0,Clear,Highway,86,22,10,3,4,20
16,1,Clear,Suburban,71,12,12,4,3,18
15,0,Clear,Suburban,76,22,13,3,2,36
20,0,Clear,Suburban,53,27,11,3,2,43
9,1,Clear,Urban,86,25,10,6,2,35
12,0,Clear,Suburban,86,20,9,2,4,36
3,1,Fog,Suburban,72,6,3,0,2,7
4,0,Rain,Urban,61,5,1,1,2,15
16,1,Fog,Urban,63,22,11,1,3,10
7,0,Rain,Highway,59,42,15,6,2,52
16,0,Rain,Suburban,77,21,10,4,4,37
15,0,Clear,Suburban,69,25,14,1,2,32
19,0,Clear,Urban,32,49,15,3,3,96
1,1,Clear,Suburban,69,5,2,0,2,4
6,0,Clear,Suburban,87,28,11,4,3,26
13,0,Clear,Highway,67,14,5,1,3,31
1,1,Clear,Urban,81,8,2,0,2,9
8,0,Clear,Suburban,34,38,16,3,4,88
3,1,Rain,Urban,77,8,1,1,1,4
11,1,Clear,Urban,80,17,10,2,4,26
18,1,Clear,Urban,51,40,12,6,3,60
21,0,Clear,Highway,47,14,6,4,2,42
0,1,Clear,Highway,85,6,2,1,1,5
0,0,Rain,Highway,82,6,2,0,2,10
9,0,Rain,Urban,58,55,20,5,4,62
3,0,Clear,Urban,60,4,1,1,1,17
10,0,Rain,Highway,85,22,13,4,3,25
12,0,Clear,Urban,62,27,10,2,3,38
14,0,Rain,Suburban,65,27,5,1,3,22
12,0,Rain,Urban,85,27,8,1,3,36
2,0,Clear,Highway,86,3,3,1,1,6
16,0,Fog,Highway,82,29,10,1,2,26
6,0,Rain,Suburban,76,26,5,3,3,39
11,0,Clear,Urban,69,22,7,3,4,23
19,0,Clear,Urban,28,34,20,7,6,87
20,0,Clear,Highway,82,25,8,4,3,40
3,1,Clear,Highway,70,5,3,0,1,10
12,1,Clear,Highway,63,13,14,4,2,31
2,0,Rain,Urban,74,5,1,0,2,7
17,0,Clear,Urban,57,36,20,7,4,54
10,0,Clear,Urban,65,29,11,3,4,22
4,1,Clear,Highway,63,7,4,0,1,13
13,0,Clear,Suburban,83,25,8,3,2,39
16,0,Clear,Urban,66,13,12,4,3,30
17,1,Clear,Highway,46,30,21,6,6,46
19,1,Clear,Highway,57,32,24,3,4,53
14,0,Clear,Highway,73,24,13,1,3,33
18,1,Rain,Urban,76,36,23,6,3,31
17,0,Fog,Suburban,46,41,20,5,2,56
22,0,Clear,Suburban,52,17,12,1,3,42
20,1,Clear,Highway,77,12,7,3,4,21
1,0,Clear,Urban,70,11,4,1,1,12
11,0,Clear,Highway,76,21,9,2,3,25
19,1,Rain,Suburban,77,32,13,3,3,36
3,0,Clear,Suburban,61,3,3,0,2,9
22,0,Rain,Urban,69,17,9,4,3,37
14,1,Clear,Urban,88,12,14,4,3,14
5,0,Rain,Suburban,60,5,2,0,2,10
0,0,Clear,Urban,79,9,1,0,1,14
3,0,Rain,Urban,77,4,4,1,2,10
14,0,Clear,Highway,53,17,6,3,2,47
18,0,Clear,Suburban,57,52,20,5,2,59
22,1,Clear,Urban,71,15,10,2,4,14
16,1,Rain,Urban,81,14,5,1,2,19
16,1,Fog,Highway,84,11,8,1,4,18
16,1,Rain,Urban,75,17,14,3,4,18
10,1,Clear,Highway,67,16,12,4,3,34
22,0,Clear,Urban,64,19,12,1,3,26
21,0,Clear,Suburban,71,23,13,3,4,40
9,1,Fog,Highway,86,28,17,3,3,30
18,1,Fog,Urban,75,46,16,4,3,24
6,0,Rain,Highway,78,17,14,4,4,30
1,0,Fog,Urban,71,7,3,0,1,3
1,0,Fog,Urban,69,3,2,0,1,3
16,1,Fog,Highway,62,20,13,1,3,10
22,0,Clear,Suburban,65,20,6,4,2,20
9,1,Rain,Highway,64,27,10,3,2,40
11,0,Clear,Suburban,78,12,12,4,3,26
0,1,Clear,Urban,60,4,2,0,2,4
17,0,Clear,Highway,40,43,20,5,6,66
22,0,Clear,Urban,82,17,10,1,3,27
8,0,Clear,Suburban,20,47,12,4,3,92
15,1,Clear,Highway,76,19,7,3,2,17
0,1,Clear,Urban,75,4,1,0,2,7
22,0,Clear,Highway,44,24,11,3,3,48
16,0,Clear,Urban,62,20,6,1,2,21
19,0,Clear,Urban,36,48,21,5,5,86
4,1,Clear,Urban,62,8,4,0,1,7
3,0,Clear,Suburban,74,9,1,1,1,5
18,0,Clear,Suburban,56,32,18,4,5,60
6,0,Clear,Suburban,58,25,12,4,3,41
7,0,Rain,Suburban,40,35,23,5,4,67
18,0,Fog,Suburban,73,39,14,3,3,36
6,0,Fog,Highway,84,22,14,3,4,15
1,0,Rain,Suburban,69,5,4,0,2,4
7,0,Clear,Urban,28,50,13,5,5,99
18,0,Clear,Suburban,57,53,21,3,4,61
7,0,Clear,Suburban,32,35,21,5,2,95
12,0,Clear,Urban,65,15,12,4,3,27
20,1,Rain,Urban,70,15,9,2,2,25
1,0,Fog,Suburban,80,5,3,0,1,6
4,1,Clear,Urban,87,7,1,1,2,8
20,0,Clear,Highway,76,22,14,3,4,37
21,0,Clear,Urban,79,27,7,4,2,25
0,0,Clear,Suburban,89,6,1,0,2,17
11,0,Rain,Highway,63,15,5,4,2,26
17,0,Clear,Urban,35,43,10,7,3,72
21,1,Rain,Urban,60,10,10,4,2,11
1,0,Clear,Highway,82,11,3,0,1,10
0,0,Fog,Suburban,76,3,4,0,1,7
12,0,Rain,Highway,64,14,5,3,3,37
12,0,Fog,Highway,82,16,11,3,4,21
3,0,Rain,Urban,68,8,3,0,1,5
8,0,Clear,Suburban,35,42,12,3,6,98
20,1,Clear,Urban,74,15,5,4,2,16
17,1,Fog,Urban,54,46,24,5,3,41
7,0,Clear,Suburban,54,43,21,4,4,61
0,0,Clear,Urban,87,5,2,0,2,7
23,0,Clear,Urban,81,15,8,4,2,34
9,0,Clear,Urban,43,49,11,4,2,59
11,0,Clear,Highway,83,17,5,2,3,35
16,0,Clear,Suburban,75,12,8,3,4,34
19,0,Clear,Highway,47,45,17,6,2,50
0,0,Rain,Highway,89,11,4,0,2,11
0,0,Clear,Urban,63,9,4,1,1,5
18,1,Clear,Urban,44,47,22,6,3,51
18,0,Clear,Suburban,39,57,21,6,2,81
1,0,Clear,Urban,86,6,1,1,1,8
16,0,Rain,Highway,80,15,5,1,4,34
16,0,Clear,Highway,86,23,7,3,4,36
8,0,Clear,Suburban,57,32,24,5,2,62
10,0,Rain,Highway,74,27,12,4,4,29
16,0,Clear,Suburban,67,21,7,1,2,32
16,1,Rain,Highway,73,12,6,3,3,25
4,1,Rain,Suburban,61,3,3,0,1,3
6,1,Clear,Suburban,89,20,5,4,3,18
18,1,Clear,Urban,58,30,24,6,3,56
10,0,Clear,Urban,73,26,12,2,3,34
21,0,Clear,Highway,73,27,13,2,2,39
21,0,Clear,Urban,43,25,10,1,2,44
8,0,Clear,Urban,30,40,12,5,6,89
8,0,Clear,Highway,55,42,13,3,5,53
8,0,Rain,Urban,56,34,21,7,3,63
7,0,Clear,Suburban,40,57,20,6,3,57
11,0,Rain,Urban,67,21,14,1,2,31
9,1,Clear,Urban,59,39,20,3,4,64
1,1,Clear,Highway,63,2,2,0,2,9
14,0,Rain,Suburban,84,28,6,4,4,28
3,0,Clear,Urban,72,6,1,1,2,19
16,0,Clear,Urban,73,12,8,2,3,37
9,0,Rain,Highway,34,54,22,6,3,77
14,0,Clear,Suburban,89,27,9,1,4,26
22,0,Clear,Highway,85,25,5,1,2,23
20,0,Clear,Urban,65,17,10,3,4,30
19,1,Clear,Suburban,59,34,19,7,3,54
12,1,Clear,Urban,63,16,14,2,2,16
17,1,Rain,Suburban,49,32,18,6,5,42
20,0,Rain,Highway,82,19,7,3,4,37
3,0,Rain,Urban,76,5,2,1,2,10
21,1,Clear,Urban,77,20,5,4,4,30
7,1,Clear,Suburban,44,41,24,6,2,65
2,1,Fog,Suburban,71,7,1,1,2,4
17,1,Fog,Suburban,67,41,19,5,4,22
15,1,Clear,Suburban,64,21,12,4,4,21
17,0,Rain,Highway,26,38,11,3,5,71
20,0,Clear,Urban,64,16,7,2,4,33
16,0,Clear,Highway,76,26,9,3,3,20
13,0,Rain,Suburban,84,15,11,1,4,33
20,0,Clear,Suburban,82,27,7,4,2,28
19,0,Rain,Highway,57,48,11,4,3,65
15,1,Clear,Urban,85,21,10,2,2,23
11,1,Rain,Urban,84,21,14,4,3,12
10,0,Clear,Suburban,40,13,14,3,4,47
4,1,Clear,Urban,71,8,4,0,1,5
12,0,Clear,Suburban,70,24,13,4,3,21
20,1,Rain,Highway,88,9,5,2,3,23
15,1,Clear,Urban,71,21,7,1,4,14
9,0,Rain,Suburban,47,50,15,6,5,45
8,1,Clear,Highway,78,28,21,3,2,39
9,0,Clear,Suburban,46,58,21,6,4,51
1,1,Clear,Highway,63,7,2,1,2,3
11,1,Fog,Urban,87,13,12,4,3,9
1,0,Fog,Urban,70,8,3,0,1,6
0,1,Clear,Highway,76,6,4,0,1,11
19,0,Clear,Suburban,23,37,18,3,4,86
12,0,Rain,Suburban,69,15,14,2,3,16
5,0,Clear,Highway,69,4,2,1,1,5
6,1,Fog,Suburban,80,19,5,4,4,12
1,1,Clear,Suburban,61,4,4,1,2,12
12,1,Clear,Urban,75,16,14,4,2,32
0,1,Clear,Urban,63,3,1,1,1,7
0,0,Clear,Urban,66,7,3,1,1,15
9,0,Fog,Suburban,54,53,13,7,3,49
15,1,Clear,Urban,77,20,7,4,2,32
4,0,Rain,Suburban,74,6,2,0,2,11
6,0,Rain,Suburban,62,26,8,2,4,18
7,1,Rain,Highway,43,28,16,3,4,54
23,1,Clear,Urban,81,13,13,2,3,33
6,0,Clear,Suburban,71,15,9,1,2,40
6,0,Rain,Suburban,75,23,12,2,2,30
1,0,Clear,Highway,81,7,4,0,2,10
13,0,Rain,Urban,63,26,7,4,3,31
3,0,Clear,Urban,86,6,2,1,2,14
9,0,Clear,Urban,45,58,23,6,3,59
10,1,Clear,Urban,61,19,11,1,4,21
16,0,Clear,Highway,43,24,11,2,3,49
18,1,Clear,Urban,47,31,14,5,5,44
5,1,Clear,Suburban,83,6,4,1,1,12
7,1,Clear,Highway,48,37,13,6,6,59
6,0,Clear,Highway,56,22,8,4,3,47
2,1,Clear,Suburban,85,3,3,0,2,3
15,0,Clear,Highway,68,24,9,3,4,24
23,1,Clear,Suburban,65,20,5,3,2,30
4,1,Clear,Highway,70,5,4,1,2,12
13,0,Rain,Highway,71,12,13,4,4,21
11,0,Fog,Urban,82,12,10,1,4,21
2,0,Rain,Urban,68,6,3,0,1,15
14,0,Clear,Highway,74,25,6,1,2,22
5,0,Rain,Highway,70,9,2,1,1,10
9,0,Clear,Highway,26,39,17,5,6,82
18,0,Clear,Urban,53,50,22,7,5,53
8,0,Clear,Suburban,48,47,20,7,3,52
11,0,Clear,Suburban,40,28,5,3,2,42
17,0,Clear,Suburban,38,49,12,3,3,91
0,0,Clear,Highway,72,5,2,1,2,15
11,0,Clear,Suburban,59,13,6,1,4,43
12,0,Clear,Urban,72,14,7,3,2,34
2,1,Fog,Suburban,73,7,4,0,2,3
13,0,Clear,Urban,78,18,12,1,3,39
14,0,Fog,Urban,72,12,5,3,4,21
23,0,Clear,Urban,65,21,10,2,3,31
19,0,Clear,Suburban,42,34,10,3,2,51
18,0,Clear,Suburban,28,35,14,4,2,82
11,1,Fog,Suburban,67,13,9,3,3,10
18,0,Clear,Urban,40,48,24,7,4,52
11,0,Clear,Suburban,62,12,11,3,3,28
14,0,Clear,Urban,40,13,12,3,4,44
9,1,Rain,Suburban,43,39,11,7,4,52
12,1,Clear,Urban,86,9,11,4,2,19
7,0,Clear,Highway,28,43,22,4,2,90
20,1,Rain,Suburban,60,21,13,4,3,11
7,0,Clear,Urban,28,55,20,7,4,73
23,0,Clear,Suburban,67,19,8,1,4,39
13,1,Clear,Urban,80,20,13,4,3,23
6,1,Clear,Highway,60,22,9,3,4,17
16,0,Clear,Suburban,79,27,6,3,3,22
8,0,Clear,Suburban,53,34,10,6,6,55
17,1,Clear,Highway,54,42,21,6,3,67
18,1,Clear,Suburban,81,28,21,6,2,40
1,0,Clear,Urban,64,9,2,0,1,14
14,0,Clear,Urban,82,23,8,4,4,31
3,0,Clear,Urban,60,7,1,1,1,18
3,0,Clear,Urban,78,11,1,1,2,9
0,0,Clear,Suburban,78,11,4,0,1,7
13,0,Clear,Urban,86,16,13,2,4,35
22,0,Clear,Highway,87,29,14,1,3,38
22,1,Clear,Highway,64,16,9,1,3,26
8,0,Fog,Suburban,72,33,24,3,3,30
2,0,Clear,Urban,79,8,1,0,1,8
17,0,Clear,Urban,20,59,11,3,2,85
12,0,Clear,Urban,45,25,6,4,4,41
17,0,Clear,Urban,20,48,15,6,3,82
5,0,Rain,Suburban,85,3,1,1,1,8
9,0,Rain,Highway,57,56,20,6,3,46
17,1,Clear,Suburban,49,28,15,5,3,44
6,0,Clear,Highway,68,19,14,3,4,22
1,1,Clear,Suburban,61,6,1,0,2,11
18,1,Clear,Suburban,49,28,22,3,2,62
14,1,Clear,Urban,70,23,5,2,4,21
6,0,Clear,Urban,44,27,13,4,4,41
22,0,Rain,Urban,86,12,12,1,3,27
17,1,Clear,Suburban,89,40,16,7,5,36
6,0,Rain,Suburban,77,17,14,4,4,39
5,0,Clear,Suburban,65,9,3,1,1,18
18,0,Clear,Highway,38,47,18,6,6,83
17,1,Rain,Highway,49,41,18,4,6,48
21,0,Rain,Urban,89,15,12,4,4,18
11,0,Rain,Urban,61,15,14,1,4,16
3,0,Clear,Suburban,89,9,1,1,1,9
1,0,Rain,Suburban,84,10,1,0,2,6
19,1,Clear,Suburban,64,36,15,7,3,39
13,1,Rain,Highway,82,14,13,3,3,17
12,0,Clear,Suburban,69,18,9,1,4,37
3,0,Clear,Suburban,68,8,3,1,1,19
7,0,Clear,Suburban,26,32,21,5,4,75
0,0,Clear,Suburban,68,5,3,1,1,11
8,0,Clear,Highway,39,42,10,4,3,76
14,1,Clear,Highway,71,23,6,1,2,28
7,1,Fog,Suburban,87,26,15,5,6,39
6,0,Rain,Suburban,60,26,11,4,4,38
13,1,Clear,Urban,61,14,13,3,4,16
20,0,Clear,Urban,42,24,6,4,2,45
2,0,Rain,Urban,67,5,2,0,2,11
16,1,Clear,Urban,82,19,14,3,3,33
18,0,Clear,Urban,22,54,12,3,5,71
3,0,Clear,Urban,67,5,4,0,2,19
0,1,Clear,Highway,72,6,2,1,2,9
6,1,Rain,Urban,79,16,9,4,2,24
6,0,Clear,Urban,54,28,14,3,2,44
2,0,Clear,Highway,69,10,3,0,1,15
8,0,Fog,Urban,44,32,23,4,4,43
14,1,Clear,Suburban,60,10,13,1,4,21
6,0,Clear,Urban,68,20,10,4,4,32
9,0,Clear,Urban,26,33,11,5,5,79
13,1,Fog,Suburban,64,9,6,4,3,14
10,0,Clear,Highway,43,22,7,1,2,49
15,0,Clear,Highway,43,20,6,2,2,44
0,0,Rain,Urban,69,6,1,0,1,4
20,0,Clear,Urban,81,16,10,3,2,36
19,0,Clear,Highway,38,41,12,3,5,99
14,0,Rain,Suburban,79,21,7,1,3,26
19,0,Clear,Urban,22,49,10,3,6,79
15,1,Clear,Highway,67,9,9,3,4,17
12,0,Clear,Suburban,88,21,5,1,3,25
22,1,Fog,Highway,85,19,9,4,3,10
9,1,Rain,Urban,41,45,21,4,2,48
4,0,Clear,Suburban,75,3,4,0,1,12
14,1,Clear,Urban,85,11,7,2,2,24
14,0,Clear,Suburban,85,16,9,1,4,22
16,0,Rain,Urban,80,27,5,4,4,29
21,1,Rain,Urban,70,20,12,2,3,12
18,0,Clear,Highway,58,56,16,5,5,51
12,0,Clear,Suburban,54,23,8,2,2,43
3,0,Clear,Suburban,64,5,4,0,1,7
6,0,Rain,Suburban,76,21,14,3,3,24
10,1,Clear,Highway,84,12,14,2,3,24
5,0,Clear,Urban,65,6,3,1,2,13
0,1,Clear,Suburban,83,2,2,1,1,6
10,1,Clear,Highway,60,19,8,4,4,14
6,0,Fog,Highway,89,26,12,1,2,16
15,1,Clear,Urban,86,11,10,1,3,18
16,1,Clear,Suburban,88,20,14,1,4,32
3,1,Clear,Highway,76,2,4,1,2,11
15,1,Clear,Highway,76,15,5,2,4,25
0,0,Clear,Highway,78,8,4,1,2,5
6,0,Clear,Highway,48,20,14,1,3,41
9,0,Fog,Urban,51,54,16,5,3,57
10,0,Fog,Highway,69,25,8,3,3,22
11,1,Clear,Urban,89,20,8,3,2,14
14,0,Clear,Urban,71,29,12,3,4,23
9,0,Clear,Suburban,30,42,18,6,5,95
8,1,Rain,Urban,73,32,14,7,3,36
23,0,Clear,Urban,63,12,9,1,4,38
0,0,Clear,Suburban,65,5,4,0,1,16
0,0,Clear,Highway,64,5,3,0,1,11
12,1,Clear,Suburban,77,10,13,2,3,26
19,0,Clear,Highway,45,31,19,6,2,66
7,0,Clear,Highway,43,54,18,5,2,63
21,1,Clear,Highway,64,12,7,1,3,21
15,0,Rain,Urban,64,22,5,3,4,38
1,0,Clear,Suburban,79,4,4,0,2,14
4,0,Rain,Suburban,75,11,1,1,1,7
7,0,Fog,Urban,54,38,10,3,2,46
13,0,Clear,Urban,66,12,10,2,3,29
19,0,Rain,Suburban,58,33,23,3,2,58
19,0,Rain,Highway,55,59,20,5,2,60
16,0,Clear,Highway,59,17,12,3,4,47
18,0,Clear,Urban,37,40,22,7,6,72
7,1,Clear,Highway,75,43,14,4,2,40
6,0,Clear,Urban,49,18,9,1,3,49
12,0,Rain,Highway,75,14,8,2,2,28
17,0,Clear,Highway,32,54,20,4,3,81
13,1,Rain,Urban,63,13,8,1,4,19
10,0,Rain,Urban,87,21,10,3,4,37
13,0,Fog,Urban,67,24,8,2,3,13
12,0,Clear,Urban,46,16,6,1,2,45
9,1,Clear,Urban,47,47,14,7,2,49
0,0,Clear,Urban,85,9,2,1,1,9
18,0,Clear,Suburban,34,55,18,3,5,89
16,0,Clear,Suburban,80,25,12,1,4,26
20,0,Rain,Highway,78,28,10,4,2,32
23,0,Clear,Highway,76,12,10,4,3,24
15,1,Clear,Urban,88,12,11,3,2,28
7,0,Clear,Highway,50,39,24,4,4,59
4,0,Clear,Suburban,78,9,2,1,2,7
3,0,Clear,Highway,75,9,4,0,1,18
7,0,Fog,Urban,49,52,24,4,3,55
20,0,Fog,Urban,62,29,11,4,2,19
20,0,Fog,Urban,83,15,7,1,3,17
20,0,Clear,Suburban,83,20,10,3,2,25
14,1,Clear,Suburban,88,12,6,2,3,27
11,1,Rain,Highway,68,21,11,2,2,15
21,0,Rain,Highway,87,21,11,4,3,32
4,0,Clear,Suburban,82,8,3,0,2,7
5,0,Clear,Highway,88,4,3,1,2,19
1,0,Clear,Suburban,64,3,4,1,1,15
17,0,Clear,Highway,26,55,16,6,2,87
15,0,Clear,Suburban,50,24,6,4,2,48
14,1,Clear,Urban,89,11,12,4,2,32
21,1,Clear,Urban,63,12,12,2,4,14
4,0,Clear,Suburban,64,8,2,1,1,12
2,0,Fog,Urban,89,11,4,0,1,9
13,1,Clear,Urban,66,23,14,1,3,24
16,0,Clear,Urban,65,19,12,2,4,36
19,0,Clear,Urban,42,35,13,4,3,65
9,0,Clear,Urban,52,41,13,4,4,59
23,0,Rain,Urban,63,26,9,4,4,23
1,0,Clear,Highway,77,7,3,0,2,17
21,0,Clear,Suburban,60,22,11,2,4,39
5,1,Rain,Highway,87,8,1,0,1,2
12,1,Clear,Urban,72,12,7,3,3,23
13,0,Clear,Urban,53,19,8,2,3,42
2,1,Rain,Suburban,85,7,2,0,2,10
18,0,Fog,Highway,77,53,19,5,6,37
8,1,Clear,Suburban,44,44,16,4,4,56
8,0,Clear,Highway,29,50,16,5,2,92
4,0,Fog,Highway,64,5,3,1,1,9
15,0,Clear,Highway,71,28,11,4,2,26
21,0,Clear,Highway,77,27,8,2,3,33
13,0,Clear,Highway,53,20,11,3,4,48
2,1,Clear,Suburban,60,5,4,1,1,6
0,1,Clear,Highway,70,8,3,0,2,7
2,0,Clear,Highway,88,6,4,1,2,7
18,0,Fog,Urban,77,57,16,7,4,37
3,1,Rain,Suburban,62,5,4,1,2,6
18,0,Clear,Highway,39,39,10,7,5,72
1,1,Clear,Suburban,87,8,2,0,1,7
10,0,Clear,Urban,64,22,5,3,4,31
15,0,Clear,Suburban,78,17,12,4,2,21
17,0,Clear,Urban,21,32,23,7,5,89
14,0,Rain,Suburban,64,14,7,1,2,25
4,0,Clear,Urban,71,11,4,0,1,12
11,0,Clear,Suburban,58,20,9,2,4,45
17,0,Clear,Highway,24,56,19,6,4,97
3,0,Clear,Highway,78,11,3,1,2,5
15,0,Clear,Highway,81,14,8,2,4,37
5,1,Clear,Urban,74,2,4,0,1,6
17,0,Rain,Highway,46,31,17,4,5,52
23,0,Rain,Suburban,68,25,9,4,2,26
11,0,Rain,Urban,65,23,5,2,4,28
1,0,Clear,Suburban,71,8,3,1,1,6
19,1,Clear,Urban,50,32,10,7,5,67
6,0,Fog,Highway,89,22,7,4,4,24
5,1,Clear,Urban,64,5,2,1,2,10
5,1,Clear,Suburban,69,3,2,0,1,10
23,0,Rain,Highway,67,27,12,2,4,20
3,0,Rain,Suburban,87,10,1,1,2,14
5,0,Clear,Urban,88,7,4,0,1,12
19,0,Rain,Urban,51,37,19,5,4,63
20,0,Clear,Urban,83,26,10,2,4,32
6,0,Clear,Urban,62,15,14,1,2,23
9,0,Clear,Highway,52,37,19,6,2,53
13,0,Clear,Suburban,60,21,11,4,2,39
13,0,Clear,Highway,69,21,11,1,3,40
21,0,Rain,Highway,76,29,10,1,4,20
2,0,Clear,Highway,69,4,2,0,2,17
14,0,Rain,Suburban,61,12,8,4,2,28
20,1,Clear,Highway,64,12,5,2,2,28
12,1,Clear,Suburban,66,18,12,4,4,18
7,0,Clear,Suburban,59,30,11,7,2,55
19,0,Clear,Urban,38,50,11,4,2,81
14,1,Rain,Urban,60,12,8,3,2,17
20,0,Rain,Urban,74,26,8,4,3,35
19,0,Clear,Highway,44,41,20,5,5,68
12,1,Fog,Suburban,88,17,13,1,2,15
12,0,Rain,Urban,77,23,5,4,4,35
12,0,Clear,Suburban,49,13,14,1,4,49
19,0,Rain,Highway,35,33,20,6,4,75
0,0,Clear,Suburban,63,3,1,0,1,5
15,0,Fog,Urban,89,19,5,2,3,21
12,0,Clear,Urban,84,22,8,2,2,27
15,0,Clear,Urban,86,27,14,1,4,39
3,0,Clear,Suburban,78,8,1,1,2,5
14,0,Clear,Urban,77,14,6,4,3,21
11,0,Clear,Highway,65,28,14,3,3,38
22,1,Clear,Suburban,63,19,5,2,3,28
22,1,Clear,Urban,76,17,7,1,2,17
9,1,Clear,Urban,58,27,12,6,6,63
8,0,Rain,Urban,38,45,18,7,5,73
10,1,Clear,Highway,67,20,7,2,3,30
0,0,Clear,Suburban,88,9,4,0,1,10
21,0,Clear,Suburban,73,19,10,2,3,29
19,0,Clear,Urban,55,38,20,6,3,65
14,0,Clear,Suburban,86,24,10,4,3,32
1,0,Clear,Urban,83,11,1,1,2,18
16,0,Rain,Urban,64,26,14,2,3,29
13,0,Rain,Suburban,74,24,7,4,2,35
4,0,Clear,Suburban,62,10,3,0,2,18
23,0,Clear,Urban,41,25,5,3,4,41
10,1,Clear,Urban,81,22,10,4,2,14
20,0,Clear,Urban,63,14,14,2,2,36
8,0,Clear,Suburban,22,49,16,7,2,85
17,0,Rain,Highway,48,49,20,4,4,44
15,0,Rain,Urban,85,22,12,2,4,20
3,0,Clear,Urban,64,4,2,1,1,15
13,0,Rain,Highway,65,29,14,2,2,26
8,0,Clear,Highway,22,36,16,5,2,72
19,0,Clear,Highway,35,58,22,3,4,85
12,1,Clear,Highway,78,18,6,1,4,20
0,0,Clear,Highway,85,10,3,0,1,7
13,0,Fog,Highway,88,13,13,4,4,25
11,0,Rain,Highway,61,19,7,3,4,23
1,1,Clear,Urban,79,8,4,1,2,5
16,0,Fog,Suburban,79,28,8,2,3,29
9,0,Rain,Suburban,54,45,21,3,2,51
6,1,Clear,Suburban,61,9,6,1,3,19
10,0,Clear,Suburban,62,16,13,4,2,24
15,1,Clear,Suburban,68,9,14,3,2,28
22,1,Clear,Highway,62,16,6,1,3,33
17,0,Clear,Suburban,27,59,18,3,3,87
20,1,Clear,Urban,63,12,10,1,3,32
19,0,Clear,Highway,45,43,21,4,4,65
23,1,Rain,Suburban,77,16,9,1,2,22
20,1,Clear,Suburban,82,16,7,3,4,28
12,0,Rain,Highway,69,24,12,4,3,33
18,1,Clear,Urban,53,42,22,3,3,45
14,1,Rain,Highway,79,12,10,2,3,16
3,0,Clear,Suburban,66,5,3,0,2,7
18,0,Clear,Suburban,30,58,15,5,6,83
22,0,Clear,Urban,67,17,8,2,3,32
19,1,Fog,Urban,61,46,23,6,6,31
6,0,Clear,Highway,69,18,14,3,3,36
17,0,Clear,Urban,50,32,19,6,4,56
13,1,Rain,Suburban,66,14,9,2,2,24
7,0,Clear,Urban,39,37,12,4,4,74
23,1,Clear,Suburban,81,14,6,1,4,26
15,0,Fog,Urban,86,21,12,3,3,20
2,1,Rain,Urban,65,8,2,1,2,3
17,1,Clear,Urban,40,37,19,5,2,59
0,0,Clear,Urban,77,7,4,1,2,14
14,0,Clear,Urban,78,22,12,3,4,35
8,0,Clear,Urban,25,32,21,4,3,95
8,0,Clear,Highway,50,36,13,5,5,62
13,0,Clear,Suburban,74,18,6,2,3,37
21,0,Fog,Suburban,69,29,6,1,4,13
12,0,Rain,Suburban,65,22,8,3,3,34
22,0,Rain,Suburban,83,18,14,1,2,36
5,1,Fog,Highway,81,2,2,0,2,5
0,0,Clear,Urban,82,3,2,0,2,9
8,0,Rain,Suburban,37,50,11,5,6,72
0,1,Clear,Suburban,86,4,1,1,1,9
23,0,Clear,Highway,59,12,13,2,2,42
14,1,Clear,Suburban,86,19,9,1,2,18
9,1,Clear,Suburban,50,46,24,5,6,45
21,0,Clear,Highway,58,19,5,3,4,41
3,1,Clear,Suburban,74,7,3,1,2,11
5,0,Clear,Highway,70,4,2,1,1,14
8,0,Rain,Urban,48,43,13,5,2,49
12,0,Clear,Suburban,72,16,10,3,4,38
10,1,Clear,Urban,83,16,11,3,4,34
16,0,Clear,Suburban,60,14,6,2,3,20
11,0,Clear,Urban,84,21,11,4,3,20
11,0,Rain,Urban,74,12,6,4,2,19
22,0,Clear,Highway,87,13,14,3,3,22
21,0,Clear,Highway,69,16,6,4,3,33
12,1,Rain,Suburban,66,20,13,2,2,22
22,0,Clear,Highway,88,21,14,3,4,33
0,0,Clear,Suburban,67,7,1,1,1,15
16,0,Rain,Highway,70,26,14,3,3,20
9,0,Clear,Urban,26,44,11,7,4,81
20,0,Fog,Urban,88,16,10,3,4,23
7,0,Clear,Urban,21,47,20,6,3,71
11,0,Clear,Urban,52,29,5,1,4,48
22,0,Clear,Urban,45,21,7,4,4,44
9,0,Clear,Suburban,57,37,11,7,2,69
6,0,Clear,Highway,80,29,8,2,4,37
0,1,Clear,Suburban,81,6,1,0,2,6
17,0,Clear,Urban,53,45,20,7,2,58
16,0,Clear,Highway,61,25,8,3,4,31
21,0,Fog,Highway,74,20,11,1,2,18
8,0,Clear,Urban,49,36,13,7,4,57
4,1,Clear,Urban,69,4,3,1,2,13
9,1,Clear,Suburban,44,38,21,6,4,69
23,0,Clear,Urban,54,19,8,3,2,43
1,0,Clear,Suburban,67,5,3,1,1,17
19,1,Clear,Urban,71,43,24,6,5,40
3,0,Clear,Highway,68,7,4,1,2,6
13,0,Clear,Suburban,48,28,6,2,4,42
8,0,Fog,Suburban,59,34,23,6,4,57
12,0,Fog,Highway,64,29,10,3,3,24
10,0,Clear,Suburban,55,15,8,1,4,44
15,0,Clear,Urban,78,14,11,4,2,29
14,1,Clear,Highway,61,10,14,2,3,22
23,0,Fog,Suburban,63,24,12,4,2,12
4,0,Clear,Highway,65,9,3,1,1,15
2,0,Clear,Urban,74,3,4,0,2,14
11,0,Clear,Highway,76,29,12,3,2,23
22,0,Fog,Highway,64,23,13,1,4,13
4,0,Clear,Highway,87,5,3,1,2,16
19,0,Fog,Urban,55,44,15,4,4,48
14,0,Clear,Highway,64,26,7,3,2,27
5,1,Clear,Suburban,88,4,2,1,1,7
21,0,Clear,Highway,66,25,12,1,3,36
20,0,Clear,Urban,66,28,12,2,4,26
22,0,Clear,Suburban,86,12,6,1,3,24
17,1,Rain,Urban,67,27,10,6,4,28
11,1,Clear,Urban,86,9,11,4,2,26
13,0,Clear,Highway,48,14,12,3,3,41
2,1,Clear,Suburban,66,3,1,0,2,7
1,0,Fog,Highway,66,8,3,0,2,4
23,0,Clear,Urban,60,29,11,3,2,20
22,0,Clear,Highway,43,21,11,4,4,42
11,0,Clear,Highway,79,16,14,3,3,31
4,0,Clear,Suburban,68,10,1,1,1,13
8,1,Fog,Highway,76,28,18,4,4,37
0,0,Clear,Highway,78,6,2,1,2,15
12,1,Rain,Urban,61,11,12,1,4,22
20,0,Clear,Suburban,63,26,14,1,3,33
6,0,Clear,Highway,88,27,12,4,2,24
13,0,Fog,Urban,64,20,5,2,4,15
1,0,Clear,Suburban,63,5,4,1,2,8
7,1,Clear,Urban,54,39,23,4,4,49
18,0,Clear,Urban,22,53,23,6,2,75
8,0,Clear,Highway,29,50,18,6,5,85
1,0,Rain,Urban,67,9,4,1,2,8
10,0,Rain,Suburban,81,20,11,1,2,16
20,0,Clear,Highway,85,19,7,3,3,25
22,0,Fog,Suburban,67,23,6,1,3,25
4,0,Clear,Suburban,76,5,1,0,1,7
4,1,Fog,Suburban,79,3,1,0,1,5
21,0,Clear,Urban,86,21,11,1,4,39
23,0,Clear,Highway,75,19,10,4,4,32
12,0,Clear,Urban,70,16,5,1,4,27
8,0,Clear,Suburban,47,58,14,6,5,60
8,0,Clear,Suburban,58,31,16,3,6,61
17,0,Rain,Highway,85,53,20,5,6,40
0,0,Clear,Urban,84,7,4,1,2,11
17,0,Clear,Highway,39,32,13,5,5,88
5,0,Clear,Urban,82,5,1,1,2,14
13,0,Clear,Urban,80,22,7,3,3,38
7,1,Fog,Urban,81,40,10,3,6,34
19,0,Fog,Urban,45,59,16,3,5,48
9,0,Clear,Urban,43,58,12,4,6,70
17,1,Rain,Urban,73,33,19,5,2,31
12,0,Clear,Urban,67,27,10,4,3,32
0,0,Clear,Suburban,62,9,2,0,2,11
23,1,Fog,Suburban,88,16,8,3,2,11
15,0,Rain,Urban,67,24,11,1,4,16
16,0,Clear,Highway,74,20,10,4,2,24
17,0,Clear,Urban,41,45,22,4,4,59
4,0,Clear,Urban,69,5,2,0,1,7
2,1,Clear,Highway,82,4,3,1,1,5
10,0,Fog,Urban,62,24,7,2,3,12
10,1,Rain,Highway,69,12,9,4,3,24
18,0,Clear,Suburban,20,44,11,4,5,76
5,0,Clear,Highway,70,9,1,0,2,13
17,0,Clear,Urban,46,46,11,6,2,66
14,1,Rain,Suburban,77,12,6,4,2,24
23,1,Rain,Urban,73,12,14,3,3,12
23,0,Fog,Urban,74,28,8,2,4,19
13,0,Clear,Suburban,75,28,11,1,2,33
23,1,Rain,Suburban,70,21,8,3,4,27
22,0,Clear,Suburban,76,15,10,3,4,22
6,0,Clear,Urban,50,21,10,4,3,43
14,0,Clear,Urban,76,26,11,3,3,38
18,0,Clear,Urban,33,57,24,4,4,88
1,0,Clear,Urban,85,11,3,0,1,5
6,1,Clear,Suburban,89,20,12,3,4,26
15,0,Clear,Suburban,74,29,11,1,3,37
20,0,Clear,Suburban,88,15,13,4,4,21
12,1,Rain,Highway,83,20,9,2,4,12
21,1,Rain,Urban,81,16,14,2,2,12
22,0,Clear,Highway,41,27,5,1,2,48
2,1,Clear,Urban,86,8,4,0,1,11
10,1,Clear,Highway,76,22,14,1,2,22
17,0,Rain,Suburban,51,42,22,7,2,46
12,0,Clear,Suburban,57,21,9,3,3,45
8,0,Clear,Urban,47,53,11,7,3,63
13,0,Rain,Highway,69,16,14,4,4,33
4,0,Clear,Urban,73,10,1,1,2,8
10,0,Clear,Highway,83,20,5,3,4,40
0,0,Clear,Highway,64,10,3,1,1,13
10,1,Clear,Urban,88,12,9,1,3,28
19,0,Clear,Urban,30,53,15,7,6,97
7,0,Clear,Suburban,56,55,22,6,5,61
19,0,Rain,Urban,34,37,18,3,3,77
3,1,Clear,Urban,74,7,4,0,1,7
13,0,Clear,Urban,78,12,8,4,2,24
3,1,Clear,Urban,80,7,3,0,1,4
17,1,Rain,Highway,87,24,14,4,3,32
8,0,Clear,Urban,25,56,20,3,4,76
15,0,Clear,Urban,58,20,12,3,2,45
2,0,Rain,Urban,67,5,4,0,1,12
10,0,Clear,Urban,79,29,6,1,4,38
6,0,Clear,Suburban,45,20,5,1,2,48
22,1,Clear,Urban,69,18,11,1,2,34
18,0,Clear,Highway,32,58,22,3,6,98
12,1,Clear,Suburban,63,19,9,1,4,28
19,0,Clear,Suburban,23,57,20,6,4,95
11,1,Clear,Suburban,86,16,13,2,4,30
13,0,Fog,Urban,67,26,9,4,3,23
0,1,Clear,Urban,84,4,1,0,2,12
12,0,Clear,Urban,77,19,13,1,4,33
11,0,Clear,Urban,44,13,12,4,2,48
20,0,Clear,Urban,84,12,14,4,2,24
16,0,Clear,Suburban,64,29,7,2,2,20
23,0,Clear,Urban,70,20,8,2,2,20
3,0,Fog,Urban,60,11,2,1,1,9
21,0,Clear,Highway,56,15,6,4,2,44
20,0,Clear,Suburban,45,12,5,1,4,49
8,0,Rain,Urban,40,53,21,3,2,51
17,0,Clear,Urban,46,31,13,4,2,59
10,1,Clear,Suburban,60,12,13,2,3,19
9,1,Clear,Urban,57,46,24,5,3,58
14,1,Clear,Urban,77,12,14,3,2,23
10,0,Clear,Highway,88,13,9,4,3,30
14,0,Fog,Highway,85,18,9,2,2,24
21,0,Clear,Urban,57,14,6,2,4,42
23,0,Clear,Highway,84,26,9,3,4,22
13,0,Clear,Suburban,40,23,7,4,4,45
23,0,Clear,Urban,48,27,8,4,4,45
9,1,Fog,Suburban,79,44,22,4,4,29
7,1,Clear,Highway,83,44,19,3,4,38
21,0,Clear,Highway,81,17,12,3,4,35
1,0,Clear,Urban,63,5,3,0,1,17
8,0,Rain,Highway,39,31,12,4,2,79
7,0,Rain,Urban,51,38,11,7,4,61
16,0,Clear,Highway,76,18,7,4,4,23
0,0,Fog,Suburban,83,5,2,1,2,9
0,1,Clear,Urban,62,2,3,1,2,4
21,0,Clear,Suburban,87,15,8,1,3,20
19,0,Clear,Highway,51,49,13,3,6,59
13,0,Clear,Highway,78,21,13,3,4,20
18,0,Rain,Urban,43,52,24,3,2,55
17,1,Clear,Suburban,46,39,24,4,4,50
0,0,Clear,Suburban,86,7,2,1,2,14
6,0,Fog,Urban,76,18,5,2,3,22
23,0,Rain,Suburban,68,24,11,3,4,37
16,1,Clear,Suburban,69,12,12,4,3,16
17,0,Rain,Urban,59,42,23,5,2,53
22,1,Rain,Urban,86,17,7,3,4,16
9,0,Fog,Suburban,76,40,14,6,3,30
20,1,Clear,Highway,85,13,5,4,2,21
21,1,Clear,Suburban,81,23,11,3,3,32
19,1,Clear,Suburban,46,36,21,5,4,60
12,0,Clear,Suburban,72,17,6,3,3,38
5,0,Clear,Highway,67,8,4,1,2,10
9,0,Fog,Highway,46,58,23,7,5,48
9,0,Rain,Urban,58,40,19,5,3,65
2,0,Clear,Suburban,73,3,3,0,1,13
18,1,Fog,Suburban,68,26,17,6,3,36
22,0,Clear,Highway,79,21,12,3,3,27
18,0,Clear,Highway,44,44,14,4,5,58
1,0,Rain,Suburban,76,10,1,0,1,13
1,1,Clear,Urban,86,5,2,0,2,9
19,0,Clear,Urban,20,53,15,3,5,99
23,0,Fog,Highway,74,21,8,3,4,21
13,1,Clear,Suburban,67,11,6,1,2,15
19,1,Clear,Urban,41,33,10,7,6,67
1,0,Clear,Highway,89,11,1,1,1,14
23,0,Clear,Highway,60,12,10,2,4,20
0,0,Clear,Urban,61,4,3,1,1,6
17,0,Rain,Urban,57,52,11,5,2,56
14,0,Clear,Suburban,60,29,12,3,2,29
23,0,Fog,Highway,73,21,13,2,4,28
18,0,Clear,Suburban,34,54,12,7,3,82
9,0,Rain,Suburban,53,45,21,3,6,64
13,0,Clear,Urban,76,25,12,3,4,38
14,0,Clear,Highway,61,18,12,2,3,32
5,0,Clear,Highway,65,4,2,1,2,17
18,0,Clear,Urban,33,32,20,5,5,91
9,0,Rain,Highway,44,58,14,3,6,55
11,0,Fog,Suburban,84,23,7,2,2,16
2,0,Rain,Highway,88,11,3,0,1,6
6,0,Rain,Suburban,86,28,11,1,2,31
2,0,Rain,Highway,80,7,2,0,1,7
11,0,Rain,Urban,75,12,5,4,2,17
9,0,Clear,Urban,53,47,19,6,2,59
1,0,Clear,Urban,77,7,2,0,2,6
15,0,Clear,Highway,49,20,11,3,2,41
15,0,Rain,Suburban,72,16,14,3,2,29
4,0,Clear,Highway,73,4,4,0,1,16
4,1,Clear,Suburban,73,4,4,0,1,3
16,0,Clear,Urban,53,21,7,4,3,44
4,1,Clear,Suburban,78,5,4,0,1,11
15,1,Rain,Urban,78,23,12,4,4,22
1,0,Clear,Highway,72,8,3,0,2,8
8,1,Clear,Suburban,50,34,13,5,2,42
21,0,Clear,Suburban,46,13,5,3,4,43
19,1,Clear,Highway,64,39,24,7,6,37
14,1,Clear,Suburban,88,21,11,4,4,14
15,0,Fog,Urban,77,17,12,1,2,29
6,1,Fog,Highway,70,14,12,2,2,13
20,0,Clear,Highway,75,29,5,3,4,27
20,0,Rain,Suburban,89,16,6,3,3,17
1,0,Clear,Urban,64,11,3,1,1,14
22,1,Clear,Urban,78,22,11,3,4,32
14,0,Clear,Suburban,79,17,6,4,3,21
12,1,Clear,Highway,77,13,14,4,2,14
22,0,Rain,Urban,72,29,9,2,2,32
3,0,Fog,Urban,76,3,4,1,2,7
23,0,Clear,Suburban,78,22,9,3,4,32
14,0,Clear,Highway,67,19,11,3,3,30
12,1,Fog,Urban,65,20,14,2,4,18
14,1,Rain,Suburban,78,13,11,3,3,26
13,1,Clear,Urban,73,20,12,3,4,34
23,0,Clear,Highway,65,26,13,3,2,26
3,0,Clear,Highway,60,9,1,0,2,19
21,0,Clear,Suburban,83,21,9,3,2,20
20,0,Clear,Suburban,50,24,13,3,4,44
18,0,Clear,Suburban,26,32,16,4,6,98
14,1,Clear,Urban,72,22,13,2,4,17
3,0,Clear,Urban,84,5,3,1,1,11
14,0,Clear,Highway,80,27,14,2,2,36
6,0,Clear,Highway,62,23,6,1,3,34
0,0,Fog,Suburban,85,10,4,1,2,10
3,1,Clear,Urban,81,5,2,0,1,12
10,0,Rain,Highway,65,25,9,1,2,39
6,0,Clear,Suburban,53,19,12,1,2,49
11,0,Rain,Highway,71,16,6,1,4,31
17,0,Clear,Suburban,40,50,20,5,5,59
5,0,Clear,Highway,74,6,1,1,2,18
4,0,Clear,Urban,72,3,1,0,1,8
0,1,Clear,Suburban,61,5,2,0,1,12
2,0,Clear,Suburban,84,9,2,1,1,5
10,1,Clear,Highway,69,20,10,2,3,18
17,1,Fog,Urban,74,35,17,4,3,23
23,0,Rain,Urban,88,22,5,2,3,34
11,0,Clear,Urban,52,24,11,1,3,41
12,0,Rain,Highway,74,22,14,2,4,37
13,0,Clear,Highway,61,14,8,1,2,21
3,0,Clear,Suburban,89,5,1,1,1,9
13,1,Clear,Highway,77,20,12,4,4,14
23,0,Rain,Urban,79,24,5,1,4,35
7,0,Clear,Suburban,52,55,11,7,4,68
6,1,Clear,Urban,84,14,11,1,3,19
12,1,Rain,Suburban,74,23,8,1,3,12
15,0,Rain,Urban,81,17,6,2,4,20
0,0,Clear,Highway,70,6,2,0,2,17
7,1,Clear,Highway,57,30,14,7,2,42
8,1,Clear,Highway,40,37,12,7,6,61
9,1,Fog,Suburban,86,40,18,3,3,24
3,1,Clear,Highway,81,6,1,1,1,9
10,0,Clear,Urban,66,23,12,4,2,32
3,0,Clear,Highway,83,4,1,1,2,12
20,0,Rain,Suburban,67,23,7,4,4,33
3,1,Rain,Suburban,89,3,4,0,1,7
12,1,Clear,Highway,87,12,13,3,3,26
20,1,Clear,Suburban,60,16,14,3,3,14
18,0,Clear,Suburban,52,57,24,7,5,70
7,0,Rain,Highway,55,51,12,5,3,58
11,0,Clear,Highway,81,28,5,4,3,36
8,0,Clear,Suburban,40,56,21,4,2,66
12,0,Fog,Highway,71,21,10,4,3,25
19,0,Rain,Suburban,62,57,22,5,3,40
21,1,Rain,Highway,62,9,13,2,2,18
14,0,Clear,Highway,86,24,13,4,4,34
15,0,Rain,Urban,79,12,14,4,4,29
5,0,Clear,Urban,80,5,3,1,2,18
1,1,Clear,Urban,63,5,4,0,1,10
7,1,Clear,Urban,40,32,17,7,5,65
6,1,Clear,Highway,87,16,9,1,2,30
12,1,Clear,Urban,82,23,11,4,3,19
6,0,Clear,Highway,71,18,7,1,3,32
3,0,Clear,Suburban,64,10,3,1,1,14
12,0,Clear,Urban,85,27,14,1,2,35
20,0,Clear,Suburban,71,18,6,2,2,20
2,0,Clear,Urban,61,5,2,1,2,16
6,0,Clear,Urban,50,16,7,3,2,46
6,0,Clear,Urban,81,14,13,1,3,38
8,1,Rain,Suburban,80,24,21,3,4,36
20,1,Clear,Urban,81,14,12,2,3,30
18,1,Clear,Suburban,40,28,11,5,3,48
14,0,Clear,Urban,60,26,5,4,4,36
6,1,Clear,Suburban,80,19,14,3,2,18
5,0,Clear,Highway,79,7,2,0,1,7
4,0,Rain,Highway,73,4,3,1,2,12
22,0,Clear,Urban,48,24,13,2,3,41
10,0,Clear,Highway,63,23,14,3,2,27
7,0,Clear,Urban,43,56,15,4,5,66
7,0,Fog,Urban,64,54,24,7,6,30
1,0,Clear,Urban,78,5,4,1,1,11
16,0,Clear,Highway,83,19,13,1,2,22
14,0,Clear,Suburban,56,18,9,3,4,47
23,1,Rain,Suburban,71,19,7,1,4,11
22,0,Clear,Urban,69,20,5,3,2,35
14,1,Rain,Urban,68,15,12,1,2,14
21,0,Clear,Urban,61,20,12,3,4,28
12,1,Clear,Urban,63,19,10,4,2,19
17,1,Fog,Urban,73,25,16,3,2,39
22,1,Rain,Urban,86,17,13,1,4,16
22,0,Rain,Urban,70,21,10,4,3,25
5,0,Clear,Urban,70,6,4,0,1,5
19,0,Clear,Highway,41,42,21,4,2,64
17,1,Clear,Urban,58,40,19,4,3,42
11,0,Clear,Urban,65,21,5,4,4,24
3,0,Rain,Urban,64,4,2,1,1,7
9,0,Rain,Suburban,53,31,21,5,2,67
6,1,Clear,Suburban,71,11,11,1,2,23
20,0,Clear,Urban,78,25,9,3,2,39
8,1,Clear,Urban,42,28,23,3,6,67
14,0,Fog,Suburban,82,17,5,2,3,15
16,0,Rain,Highway,88,24,13,3,4,24
1,1,Clear,Urban,62,5,3,0,2,12
23,0,Fog,Urban,70,16,8,1,2,15
11,1,Clear,Suburban,86,15,13,2,2,26
16,1,Clear,Highway,67,12,14,2,3,25
14,1,Clear,Highway,67,16,8,3,3,16
23,0,Clear,Suburban,58,13,5,4,2,47
16,0,Clear,Highway,54,16,10,1,4,41
3,0,Clear,Urban,89,7,1,0,1,9
20,0,Rain,Suburban,84,18,9,1,4,25
8,1,Clear,Urban,51,37,11,4,5,43
15,0,Clear,Urban,42,27,11,3,2,43
10,1,Rain,Urban,63,21,13,3,2,12
13,1,Clear,Highway,80,23,13,1,2,14
12,0,Clear,Highway,80,13,6,3,2,38
12,0,Fog,Suburban,86,24,5,1,2,21
21,0,Clear,Suburban,86,28,7,4,3,39
9,0,Rain,Highway,50,45,23,7,6,66
13,0,Clear,Urban,59,13,14,4,4,42
0,0,Fog,Urban,77,6,2,1,2,6
5,0,Clear,Highway,78,11,3,0,2,17
3,0,Clear,Highway,83,3,3,0,2,13
10,0,Rain,Highway,84,16,11,4,4,28
3,1,Fog,Highway,79,5,4,1,2,4
9,0,Rain,Urban,51,31,14,4,6,52
13,0,Clear,Highway,70,26,14,3,4,29
7,0,Clear,Suburban,28,36,21,3,6,78
14,0,Rain,Urban,65,19,10,3,4,18
22,0,Clear,Suburban,67,23,9,2,3,28
2,0,Rain,Suburban,78,10,1,1,1,12
20,0,Clear,Urban,63,12,12,4,2,25
8,0,Clear,Highway,54,43,10,4,3,57
1,1,Fog,Highway,71,6,4,1,1,1
5,0,Rain,Urban,81,5,2,0,2,5
14,1,Clear,Suburban,68,20,5,2,3,14
8,1,Clear,Suburban,40,35,18,5,3,63
15,0,Rain,Urban,65,16,13,3,4,23
4,0,Clear,Urban,61,4,3,0,1,9
19,0,Fog,Urban,59,31,12,4,4,47
2,0,Clear,Urban,81,5,3,0,1,15
16,0,Rain,Suburban,70,29,6,2,2,38
21,0,Clear,Urban,80,13,13,4,4,32
13,0,Clear,Highway,73,27,8,1,2,24
9,0,Clear,Suburban,54,45,21,5,4,65
20,0,Clear,Highway,64,29,7,4,4,29
15,1,Clear,Urban,82,12,10,1,4,21
13,0,Clear,Highway,54,24,7,2,3,48
2,0,Rain,Suburban,82,9,3,1,1,14
20,0,Clear,Highway,46,12,9,4,3,43
0,0,Clear,Urban,84,3,2,0,1,5
7,0,Clear,Urban,49,39,19,6,4,59
3,1,Clear,Urban,76,3,1,0,2,11
5,1,Rain,Urban,79,4,1,0,2,8
6,0,Clear,Highway,65,26,5,1,4,34
4,1,Clear,Suburban,70,4,2,0,2,11
16,0,Clear,Suburban,51,19,14,4,3,49
3,0,Clear,Urban,75,11,4,1,2,15
20,1,Rain,Highway,66,12,12,3,3,24
12,0,Fog,Suburban,70,14,9,4,2,15
13,0,Rain,Suburban,69,20,10,1,2,34
20,0,Clear,Urban,49,14,7,1,4,43
21,0,Clear,Urban,75,12,8,3,3,32
18,1,Rain,Urban,42,28,18,5,6,42
22,0,Fog,Suburban,77,14,8,4,4,27
20,0,Clear,Highway,59,22,11,3,3,43
8,0,Clear,Highway,29,51,22,5,5,87
17,0,Clear,Suburban,28,58,13,3,6,87
1,0,Rain,Urban,89,7,4,1,2,13
7,1,Clear,Highway,59,40,19,6,2,68
14,0,Clear,Urban,68,18,14,4,3,28
7,0,Clear,Suburban,21,38,10,7,2,92
16,0,Rain,Urban,70,18,6,1,4,31
14,0,Clear,Highway,46,28,8,3,2,43
12,1,Clear,Urban,86,13,5,2,2,14
7,1,Clear,Suburban,43,37,10,3,2,44
6,0,Clear,Suburban,73,14,5,4,2,33
12,0,Clear,Urban,75,21,5,4,3,23
20,0,Clear,Suburban,67,13,14,1,3,28
14,0,Rain,Highway,62,19,6,4,4,29
11,0,Fog,Suburban,61,21,11,2,2,25
23,0,Clear,Suburban,71,29,5,1,3,25
13,1,Clear,Highway,76,18,7,3,2,23
7,0,Clear,Urban,44,44,18,6,3,61
1,1,Clear,Highway,78,4,2,0,1,12
5,0,Clear,Urban,87,10,4,0,1,17
18,1,Clear,Urban,55,24,22,6,5,50
11,1,Clear,Highway,73,23,5,4,2,22
6,0,Clear,Urban,69,18,10,1,3,21
14,0,Clear,Suburban,81,15,5,4,3,37
10,0,Clear,Urban,88,15,6,3,4,30
17,0,Clear,Suburban,54,42,13,6,5,66
19,1,Clear,Highway,54,28,20,6,2,48
7,0,Clear,Urban,28,58,18,4,2,87
20,0,Clear,Highway,50,27,9,1,3,43
9,0,Clear,Urban,37,58,16,5,4,78
21,1,Clear,Highway,78,18,13,3,4,26
10,0,Clear,Highway,71,29,6,2,3,26
4,0,Clear,Suburban,71,3,3,1,2,8
6,0,Clear,Suburban,79,22,14,4,4,34
7,0,Rain,Urban,53,39,24,6,4,61
15,0,Clear,Urban,72,14,8,4,4,29
5,0,Fog,Highway,88,8,1,1,2,5
1,0,Clear,Suburban,79,3,3,0,2,17
21,0,Clear,Urban,87,24,5,3,4,30
16,0,Clear,Highway,57,22,6,2,4,43
6,0,Clear,Urban,79,24,13,2,4,34
11,0,Rain,Highway,83,21,11,4,2,19
20,1,Clear,Highway,78,13,10,2,2,18
0,0,Fog,Highway,63,4,1,0,2,9
14,0,Rain,Urban,85,21,8,4,3,39
22,1,Clear,Urban,73,9,6,4,4,21
5,0,Clear,Highway,69,7,3,1,1,6
10,0,Clear,Urban,80,20,10,3,4,27
7,0,Clear,Highway,58,32,10,4,4,62
16,0,Clear,Highway,71,28,14,1,3,35
20,1,Fog,Urban,68,21,9,4,3,9
8,0,Clear,Suburban,54,55,22,7,2,64
7,1,Clear,Urban,45,25,20,5,5,53
6,0,Clear,Highway,57,16,14,2,4,48
13,1,Clear,Highway,88,10,11,1,4,18
15,0,Clear,Urban,73,28,7,3,2,38
4,0,Clear,Suburban,79,11,1,0,2,15
8,0,Rain,Highway,52,37,13,3,6,50
19,0,Rain,Suburban,37,49,15,6,4,74
16,0,Clear,Urban,79,29,13,1,4,35
22,1,Rain,Urban,83,16,7,1,4,22
14,0,Clear,Suburban,57,24,12,1,3,43
1,0,Rain,Suburban,86,11,4,0,1,8
1,0,Clear,Highway,89,7,1,1,1,12
7,0,Fog,Highway,44,43,15,4,2,52
22,0,Clear,Urban,72,19,9,4,4,22
9,0,Fog,Urban,81,57,24,4,5,33
20,0,Clear,Suburban,83,17,6,1,2,32
8,0,Clear,Urban,34,31,17,7,6,88
16,0,Rain,Suburban,85,26,11,3,2,32
2,0,Clear,Suburban,62,4,4,0,1,11
13,0,Clear,Highway,83,14,8,4,2,34
15,0,Clear,Urban,55,13,14,2,4,44
18,0,Clear,Urban,33,43,12,3,6,92
10,1,Clear,Urban,79,20,9,4,3,33
13,0,Fog,Urban,76,25,8,3,4,19
17,0,Clear,Urban,59,33,19,4,6,68
0,0,Fog,Urban,60,8,4,1,2,9
16,0,Clear,Urban,46,18,8,3,2,49
1,0,Clear,Highway,74,10,1,0,2,16
13,1,Rain,Suburban,72,16,11,1,3,16
5,0,Rain,Urban,77,10,2,0,1,12
19,0,Rain,Highway,42,37,10,4,5,65
0,0,Rain,Highway,67,4,1,0,1,4
13,0,Clear,Suburban,57,25,7,4,3,47
2,0,Rain,Highway,70,11,1,1,1,9
2,0,Clear,Urban,76,3,4,0,2,5
10,0,Clear,Suburban,88,15,13,1,4,36
3,0,Clear,Suburban,74,6,3,1,1,17
4,0,Clear,Suburban,61,9,4,0,1,8
22,1,Rain,Highway,66,17,9,4,2,13
3,0,Clear,Urban,68,4,4,0,2,14
7,1,Clear,Suburban,51,41,24,6,6,58
0,0,Clear,Urban,65,11,2,0,2,14
20,0,Clear,Urban,85,27,5,2,2,29
7,0,Clear,Suburban,33,42,15,5,4,94
6,0,Clear,Highway,69,28,8,2,3,38
15,1,Rain,Suburban,67,20,14,2,4,25
3,0,Rain,Urban,82,7,4,0,2,4
16,0,Clear,Suburban,64,17,9,3,2,32
7,0,Clear,Highway,48,55,17,3,5,61
1,1,Rain,Highway,61,4,1,0,2,10
11,0,Clear,Urban,86,18,6,4,4,20
9,0,Clear,Suburban,39,57,24,5,6,94
6,0,Clear,Suburban,67,15,6,3,2,26
11,1,Fog,Highway,88,16,10,4,2,12
6,0,Clear,Urban,66,16,10,1,3,38
12,0,Clear,Highway,79,26,10,1,3,28
20,0,Fog,Suburban,69,12,8,3,2,22
1,0,Rain,Urban,82,10,4,1,2,12
14,0,Clear,Urban,44,21,5,1,4,48
12,1,Clear,Highway,64,17,6,1,4,15
11,1,Clear,Suburban,86,21,5,1,2,26
17,0,Clear,Urban,31,49,10,3,3,83
19,0,Fog,Urban,40,44,17,7,3,45
3,0,Clear,Urban,77,11,2,0,2,17
5,0,Clear,Urban,72,4,2,0,1,16
2,0,Fog,Highway,85,9,1,1,1,3
2,0,Clear,Highway,80,10,1,1,1,14
12,1,Clear,Highway,75,21,13,4,2,32
12,1,Clear,Urban,87,10,10,4,3,29
22,0,Clear,Urban,69,12,9,4,2,20
18,0,Clear,Urban,42,37,23,6,6,65
17,0,Clear,Highway,39,38,10,7,5,90
21,1,Clear,Suburban,60,16,12,4,3,14
15,0,Rain,Suburban,78,16,7,2,3,32
19,0,Clear,Highway,40,38,16,7,4,63
15,0,Clear,Highway,60,26,10,3,4,27
5,0,Rain,Highway,84,9,4,1,1,12
19,0,Clear,Highway,23,33,23,3,3,94
22,0,Clear,Highway,53,14,5,4,2,41
10,1,Clear,Urban,65,18,10,4,4,31
13,0,Clear,Urban,80,13,13,4,4,35
11,0,Rain,Urban,74,22,7,2,4,25
13,0,Clear,Highway,63,27,11,2,3,35
17,0,Clear,Urban,20,30,19,4,6,96
18,0,Rain,Urban,21,43,20,7,4,75
0,1,Rain,Highway,74,5,1,1,1,5
22,0,Clear,Suburban,82,15,7,4,3,30
21,0,Clear,Suburban,85,27,12,2,3,29
22,0,Clear,Urban,64,17,9,1,2,37
22,1,Clear,Suburban,81,12,11,1,2,23
11,0,Clear,Suburban,71,12,14,3,3,23
0,1,Clear,Urban,88,8,3,0,2,7
11,0,Clear,Urban,86,21,11,4,4,33
8,1,Clear,Suburban,40,47,14,3,6,50
8,1,Clear,Suburban,50,25,16,3,6,59
22,0,Rain,Urban,77,15,10,2,3,29
0,0,Clear,Urban,64,8,2,0,2,12
17,1,Rain,Urban,69,28,22,4,6,34
1,0,Clear,Urban,77,7,2,1,1,19
16,0,Rain,Highway,67,19,5,4,2,38
1,0,Clear,Urban,64,10,3,0,1,7
4,0,Clear,Suburban,86,10,3,0,1,13
11,1,Fog,Highway,88,16,10,4,2,20
5,1,Clear,Urban,81,8,4,0,2,12
14,1,Clear,Suburban,84,18,8,2,2,27
4,0,Clear,Urban,63,11,3,0,2,9
16,1,Rain,Highway,77,17,8,1,2,24
11,0,Clear,Suburban,87,20,7,3,2,36
5,0,Rain,Urban,71,6,2,1,1,12
10,1,Clear,Suburban,62,22,5,2,4,30
9,0,Rain,Suburban,43,30,23,6,5,69
19,1,Clear,Suburban,71,24,17,4,5,39
11,1,Clear,Urban,72,22,9,1,4,30
22,0,Clear,Highway,58,13,7,1,2,41
1,0,Clear,Urban,82,10,2,0,2,18
12,0,Rain,Highway,86,16,14,1,2,38
21,0,Rain,Urban,65,25,11,2,2,24
12,0,Clear,Urban,42,21,14,1,4,48
12,0,Clear,Highway,50,17,6,3,2,45
9,0,Clear,Urban,23,57,13,5,3,77
17,1,Rain,Highway,70,25,23,4,5,31
8,0,Clear,Urban,41,43,15,5,4,64
22,0,Rain,Urban,64,13,7,1,3,33
15,0,Rain,Suburban,88,23,11,3,4,32
8,0,Clear,Highway,33,48,19,4,3,96
9,1,Clear,Highway,56,36,24,6,6,46
8,0,Clear,Highway,57,51,10,7,6,51
15,0,Clear,Suburban,66,14,5,2,2,33
20,0,Fog,Urban,76,16,14,2,3,13
10,0,Rain,Urban,78,21,13,3,4,36
3,0,Clear,Urban,77,11,1,1,2,10
2,0,Rain,Urban,77,9,2,1,2,13
6,0,Clear,Highway,87,15,7,1,2,35
19,1,Rain,Highway,48,47,15,7,3,44
6,1,Clear,Highway,71,12,13,2,4,23
16,1,Clear,Highway,81,21,9,4,2,27
9,0,Clear,Urban,48,54,20,6,6,68
16,1,Clear,Suburban,64,15,6,3,3,34
22,0,Clear,Suburban,85,18,13,3,3,23
0,0,Rain,Urban,64,7,2,0,2,9
6,0,Rain,Highway,63,17,12,2,2,19
20,0,Clear,Highway,45,24,11,2,2,48
6,0,Clear,Suburban,44,19,10,2,4,41
21,0,Clear,Highway,79,22,9,3,2,29
4,1,Rain,Suburban,75,8,4,1,2,4
5,1,Clear,Suburban,72,8,2,1,2,8
1,0,Clear,Suburban,78,6,2,1,2,18
8,0,Clear,Urban,46,46,15,6,2,56
13,0,Clear,Suburban,81,28,12,2,3,23
22,1,Clear,Urban,78,23,10,1,2,34
14,0,Clear,Highway,66,26,13,4,2,27
6,0,Clear,Urban,86,15,7,2,4,37
4,0,Clear,Suburban,82,9,4,0,2,18
22,1,Clear,Suburban,85,14,6,2,2,19
1,0,Clear,Suburban,89,3,4,0,1,10
19,0,Clear,Urban,29,46,19,6,5,71
19,1,Clear,Highway,52,42,24,6,2,56
17,0,Clear,Suburban,53,37,17,5,5,69
9,1,Rain,Suburban,83,38,20,4,4,28
7,0,Clear,Highway,51,53,14,6,2,62
15,0,Clear,Suburban,56,27,6,4,2,41
17,0,Rain,Suburban,20,38,14,6,3,78
7,1,Clear,Suburban,40,34,18,7,3,64
8,1,Clear,Suburban,48,47,24,6,3,63
22,0,Clear,Highway,66,25,9,3,4,31
9,0,Rain,Urban,50,49,12,3,5,52
12,1,Clear,Highway,62,18,8,3,4,25
23,1,Clear,Urban,61,14,13,3,3,23
19,0,Clear,Urban,32,57,16,5,2,88
16,1,Clear,Highway,68,12,7,1,4,22
11,1,Rain,Highway,70,17,8,2,3,15
15,0,Clear,Urban,60,29,13,2,4,30
21,1,Rain,Suburban,67,20,7,1,4,14
21,1,Clear,Urban,83,20,9,3,3,15
8,1,Clear,Suburban,52,32,10,7,3,44
8,0,Clear,Urban,20,47,22,6,3,99
19,1,Clear,Highway,89,29,20,4,2,36
12,1,Rain,Urban,61,10,9,4,3,14
0,0,Rain,Suburban,89,5,1,0,1,12
15,1,Clear,Urban,62,22,5,2,2,23
4,1,Clear,Urban,66,4,3,0,1,7
3,0,Rain,Suburban,65,9,2,0,1,13
13,0,Fog,Suburban,77,29,14,2,4,22
10,0,Clear,Suburban,52,16,14,2,2,42
3,0,Clear,Urban,74,11,2,1,2,16
18,0,Clear,Highway,31,41,23,4,3,90
2,0,Rain,Suburban,62,3,1,0,2,4
20,0,Clear,Suburban,53,17,14,4,4,48
5,0,Rain,Highway,81,9,4,1,1,7
11,0,Clear,Suburban,80,20,7,2,2,26
20,1,Clear,Suburban,63,17,7,1,2,21
5,0,Clear,Urban,61,7,1,0,1,6
7,0,Clear,Urban,37,51,22,3,6,91
3,0,Clear,Suburban,80,5,3,0,1,18
22,1,Clear,Highway,62,13,8,3,3,33
20,0,Rain,Urban,75,27,14,4,2,38
2,0,Clear,Urban,73,5,2,0,2,16
22,0,Fog,Suburban,67,27,8,2,4,15
16,0,Clear,Urban,87,23,11,1,4,33
22,0,Rain,Highway,75,28,12,4,3,29
11,0,Clear,Suburban,79,14,9,4,4,26
10,0,Fog,Urban,60,29,13,4,2,20
14,0,Clear,Suburban,63,20,10,3,4,28
14,0,Clear,Highway,61,12,6,3,3,34
14,1,Fog,Urban,63,12,10,2,3,9
10,1,Clear,Suburban,86,13,6,3,2,30
14,0,Clear,Urban,86,27,6,2,3,27
11,0,Rain,Suburban,82,26,14,2,2,18
6,1,Clear,Suburban,68,16,12,3,3,15
1,1,Clear,Urban,71,5,1,0,2,6
20,0,Clear,Urban,56,17,13,2,4,46
18,1,Clear,Urban,51,26,24,4,4,41
3,0,Clear,Urban,86,10,2,0,1,12
8,0,Rain,Urban,54,43,16,3,3,47
3,1,Clear,Highway,64,6,1,1,1,11
19,0,Clear,Highway,20,30,24,7,5,95
15,0,Rain,Suburban,85,29,13,2,3,38
22,0,Clear,Highway,65,12,10,2,3,20
9,0,Rain,Suburban,59,39,10,7,6,47
6,0,Clear,Urban,64,27,8,2,3,34
22,1,Clear,Highway,83,18,13,4,2,21
12,0,Clear,Urban,51,17,7,1,3,45
1,1,Clear,Suburban,79,4,1,0,2,4
15,1,Clear,Suburban,85,19,6,3,2,15
20,0,Rain,Suburban,75,28,11,3,3,32
16,0,Clear,Urban,77,14,12,2,3,33
19,1,Clear,Suburban,76,38,14,3,4,37
22,0,Rain,Suburban,85,21,5,3,3,24
20,0,Rain,Urban,60,23,8,3,3,36
14,0,Clear,Highway,74,20,9,1,3,36
16,0,Clear,Suburban,67,22,6,2,3,23
9,0,Rain,Urban,57,52,12,6,3,63
5,1,Clear,Highway,72,7,1,0,2,11
3,1,Clear,Highway,67,6,3,1,1,12
18,1,Rain,Suburban,57,40,22,7,3,49
1,0,Clear,Highway,71,10,1,0,1,8
1,0,Clear,Suburban,71,5,4,1,1,18
17,0,Clear,Highway,25,33,19,4,6,88
4,1,Clear,Highway,88,8,1,1,1,12
2,0,Rain,Suburban,81,6,3,0,2,4
6,0,Fog,Highway,86,27,5,3,3,16
1,0,Clear,Suburban,88,6,2,1,1,7
23,0,Clear,Suburban,82,18,9,4,3,21
18,0,Clear,Urban,48,53,15,5,2,67
21,0,Rain,Suburban,84,21,11,2,4,16
8,1,Rain,Highway,57,27,18,3,5,55
1,0,Clear,Highway,87,3,4,0,1,15
10,0,Clear,Urban,89,22,8,3,2,40
9,0,Clear,Urban,20,59,11,7,2,95
4,0,Clear,Suburban,66,7,2,0,2,8
11,1,Clear,Urban,62,15,12,3,2,24
16,1,Rain,Urban,83,20,12,3,4,11
18,0,Clear,Urban,58,48,17,6,5,68
14,0,Clear,Urban,58,24,12,4,3,46
16,0,Clear,Suburban,56,20,11,1,2,48
14,0,Clear,Suburban,82,23,13,3,3,24
2,0,Clear,Suburban,72,4,2,0,2,12
4,1,Fog,Suburban,71,2,3,0,1,5
12,0,Clear,Highway,63,13,5,3,3,37
2,1,Clear,Urban,77,5,3,0,1,11
22,0,Rain,Suburban,89,25,7,2,4,29
15,1,Clear,Suburban,66,11,5,2,2,29
14,0,Clear,Highway,62,24,11,4,2,35
6,1,Clear,Highway,82,23,9,2,2,21
4,0,Rain,Highway,63,7,1,0,1,10
18,0,Rain,Suburban,39,35,23,7,3,73
14,0,Clear,Suburban,70,27,14,1,2,38
20,1,Clear,Suburban,74,17,12,2,4,26
18,0,Rain,Highway,41,49,13,7,4,46
8,1,Rain,Urban,80,47,19,7,3,39
4,0,Clear,Suburban,61,5,1,0,2,12
19,0,Clear,Urban,53,36,13,6,5,60
22,0,Rain,Highway,63,14,5,4,4,39
4,1,Clear,Suburban,68,8,1,1,1,4
9,0,Clear,Urban,29,42,14,5,3,73
10,0,Clear,Highway,60,28,6,2,2,20
9,1,Clear,Suburban,49,30,17,3,5,45
9,0,Rain,Highway,40,52,16,6,4,41
15,0,Fog,Urban,67,28,13,1,2,12
7,0,Fog,Urban,55,31,17,3,4,50
22,1,Fog,Urban,75,13,8,2,4,13
5,0,Clear,Urban,83,9,2,0,1,8
17,0,Rain,Highway,47,30,13,5,2,49
10,1,Clear,Urban,81,9,14,3,3,14
13,0,Fog,Suburban,84,20,12,3,3,18
22,0,Rain,Highway,89,28,5,1,4,16
4,1,Clear,Urban,80,2,3,1,2,9
6,0,Clear,Highway,68,21,14,2,4,26
10,0,Clear,Suburban,87,17,9,3,2,20
2,0,Rain,Suburban,84,6,2,0,2,12
18,0,Rain,Suburban,44,56,20,7,2,68
3,0,Clear,Urban,81,10,4,1,2,5
11,0,Clear,Highway,59,16,5,1,2,47
3,1,Clear,Highway,72,7,2,1,1,11
21,0,Fog,Highway,89,26,9,3,3,29
21,0,Clear,Suburban,50,24,7,2,4,47
21,0,Clear,Urban,78,14,6,1,3,24
13,0,Fog,Suburban,81,17,13,2,2,22
17,0,Clear,Highway,51,58,17,7,4,56
21,0,Clear,Urban,49,19,11,1,3,45
13,0,Clear,Urban,63,21,13,2,2,22
7,0,Clear,Highway,46,42,11,5,2,53
16,0,Fog,Suburban,88,20,5,3,4,25
2,0,Clear,Suburban,62,10,2,1,2,15
18,0,Clear,Urban,47,36,24,3,2,51
5,0,Clear,Highway,78,4,1,0,2,8
22,0,Clear,Highway,44,15,6,3,3,47
9,0,Clear,Urban,56,51,13,6,4,68
21,0,Rain,Urban,73,23,14,2,3,33
16,1,Clear,Suburban,85,12,9,4,2,25
3,0,Clear,Highway,72,9,4,1,2,12
6,0,Clear,Urban,50,22,6,4,4,48
21,0,Clear,Highway,72,22,5,4,4,23
21,1,Rain,Urban,89,12,6,4,2,20
17,0,Clear,Urban,25,49,23,3,4,74
16,1,Rain,Suburban,76,19,7,4,3,24
15,0,Clear,Urban,55,20,10,1,3,47
8,1,Clear,Suburban,71,38,16,6,5,37
5,1,Rain,Urban,84,4,1,1,2,2
6,0,Clear,Highway,46,20,10,1,3,44
5,0,Clear,Suburban,78,4,3,1,2,12
3,0,Clear,Urban,66,8,4,1,1,10
2,0,Rain,Suburban,83,7,1,1,2,4
1,0,Fog,Suburban,75,3,2,0,2,3
20,1,Clear,Suburban,83,13,10,3,2,32
4,0,Clear,Suburban,67,9,1,1,1,14
18,0,Rain,Urban,53,59,12,6,4,55
6,1,Clear,Highway,75,14,13,2,2,26
5,1,Clear,Suburban,61,4,3,1,1,9
19,1,Clear,Highway,43,41,10,3,6,49
20,0,Clear,Highway,78,19,7,3,2,36
14,1,Clear,Suburban,61,12,12,2,3,16
0,0,Rain,Urban,75,9,1,0,2,14
11,1,Clear,Highway,70,9,14,1,2,16
2,0,Clear,Highway,74,9,1,1,1,18
8,1,Clear,Highway,48,25,24,3,6,44
8,0,Fog,Urban,50,59,18,6,3,47
11,0,Clear,Urban,78,16,13,1,3,27
14,0,Fog,Urban,70,28,14,3,2,16
17,0,Fog,Urban,62,59,18,7,5,30
9,0,Clear,Suburban,23,31,19,5,6,71
2,0,Clear,Suburban,79,8,3,0,2,19
3,0,Rain,Suburban,81,4,2,0,2,15
6,0,Clear,Suburban,65,22,9,4,2,26
22,1,Rain,Suburban,83,11,9,1,2,18
16,0,Clear,Highway,47,26,13,1,4,48
6,0,Clear,Suburban,41,29,6,1,2,48
17,1,Clear,Urban,45,41,14,5,4,69
2,0,Clear,Urban,70,3,3,0,1,17
9,1,Clear,Urban,41,47,16,4,4,65
12,0,Rain,Suburban,60,24,5,4,4,23
2,0,Fog,Urban,74,9,4,0,2,3
8,0,Fog,Suburban,86,50,22,3,6,40
14,0,Clear,Suburban,79,16,8,1,4,35
3,0,Clear,Suburban,60,11,1,0,2,13
14,0,Clear,Urban,50,24,8,4,4,48
22,0,Clear,Highway,79,25,8,3,2,24
8,0,Clear,Urban,33,50,18,7,6,71
10,0,Fog,Highway,86,15,9,4,4,15
14,0,Fog,Suburban,67,16,6,3,3,21
20,0,Rain,Suburban,87,21,11,4,3,18
23,0,Rain,Suburban,61,16,7,2,3,31
3,0,Clear,Urban,85,11,2,0,1,11
9,1,Fog,Urban,80,32,16,6,6,28
23,1,Clear,Suburban,62,20,12,1,4,29
17,1,Clear,Urban,50,25,10,3,6,51
5,0,Clear,Highway,71,6,2,0,2,17
14,1,Rain,Urban,86,13,13,3,3,24
9,1,Clear,Highway,53,41,15,7,5,49
0,0,Clear,Urban,63,3,4,0,2,10
4,0,Clear,Suburban,68,4,4,0,2,18
7,0,Clear,Suburban,59,30,12,3,6,64
12,1,Clear,Suburban,74,10,10,2,3,18
23,0,Clear,Suburban,42,12,7,3,3,45
10,0,Clear,Urban,85,13,10,4,3,31
22,0,Fog,Suburban,84,29,14,3,4,17
19,0,Clear,Highway,59,39,17,4,3,59
12,0,Clear,Highway,55,13,13,2,4,44
21,1,Fog,Highway,89,20,8,3,4,10
2,0,Clear,Highway,77,7,4,1,1,10
2,1,Fog,Urban,74,3,1,1,1,4
13,1,Clear,Highway,76,13,6,2,4,34
13,1,Clear,Suburban,74,20,9,3,4,27
7,0,Clear,Highway,57,52,10,6,4,51
18,0,Rain,Urban,48,31,13,5,4,66
3,0,Fog,Highway,71,8,4,0,2,7
8,1,Clear,Urban,59,24,16,6,3,62
11,0,Fog,Urban,88,28,10,3,3,18
20,0,Rain,Suburban,87,21,14,1,4,38
9,0,Clear,Urban,31,40,10,3,3,97
6,0,Clear,Urban,73,29,10,3,3,22
20,0,Clear,Urban,71,21,11,1,3,28
13,0,Rain,Urban,72,26,12,3,2,16
1,0,Rain,Urban,89,5,2,1,2,4
23,0,Clear,Highway,72,29,5,3,2,39
22,1,Fog,Urban,63,22,12,3,4,19
9,0,Clear,Suburban,53,39,18,5,2,63
6,0,Clear,Highway,53,28,9,3,3,47
11,1,Clear,Urban,73,20,7,2,2,19
22,0,Clear,Suburban,61,18,5,4,3,31
11,0,Rain,Suburban,64,23,10,1,2,39
6,1,Fog,Urban,77,17,8,4,2,19
8,0,Clear,Urban,31,31,14,4,2,82
21,0,Clear,Highway,67,19,5,3,3,38
23,0,Fog,Suburban,72,22,9,4,4,20
12,0,Clear,Suburban,77,14,10,1,2,30
21,0,Clear,Suburban,58,21,6,1,4,45
10,0,Clear,Suburban,79,17,12,4,3,23
12,0,Rain,Highway,85,28,12,3,3,29
7,0,Fog,Highway,42,37,24,3,6,51
11,0,Clear,Urban,58,12,10,3,4,42
5,0,Clear,Suburban,88,6,1,0,2,11
9,0,Clear,Suburban,58,52,19,7,6,54
10,0,Clear,Highway,86,27,6,1,4,29
22,0,Clear,Highway,72,13,8,3,3,26
2,0,Rain,Highway,67,5,3,1,2,6
12,0,Rain,Highway,76,20,12,2,3,33
20,0,Clear,Suburban,75,26,10,1,2,27
6,1,Clear,Suburban,73,13,7,3,2,17
7,0,Clear,Suburban,43,52,21,7,2,67
23,0,Rain,Urban,80,13,14,4,2,38
7,0,Fog,Suburban,74,43,23,4,5,32
16,0,Clear,Suburban,44,14,5,1,2,49
4,0,Clear,Urban,61,8,1,0,2,14
4,1,Clear,Urban,76,6,4,1,1,12
13,0,Fog,Suburban,88,26,14,2,4,27
11,1,Clear,Suburban,89,16,5,1,2,25
22,0,Clear,Suburban,74,19,6,3,4,28
11,1,Clear,Urban,88,13,14,3,3,17
12,0,Clear,Urban,49,16,14,3,2,48
5,0,Rain,Highway,61,5,1,1,1,4
22,0,Rain,Urban,74,12,6,3,4,24
17,0,Clear,Highway,22,52,11,3,3,80
23,0,Clear,Highway,45,15,12,1,4,46
20,0,Fog,Suburban,87,22,10,4,2,16
16,1,Clear,Highway,74,18,12,4,3,22
20,0,Fog,Urban,76,18,12,4,3,14
23,0,Rain,Urban,79,29,11,2,3,36
17,0,Fog,Suburban,46,51,11,6,6,43
22,0,Clear,Suburban,40,26,14,3,4,42
16,1,Clear,Urban,61,13,13,1,3,19
16,0,Clear,Suburban,67,28,7,1,2,23
0,0,Clear,Urban,84,6,4,1,2,11
16,0,Clear,Urban,67,13,7,1,4,21
15,0,Clear,Suburban,85,24,10,4,2,35
19,1,Clear,Suburban,43,42,21,4,3,62
10,0,Clear,Urban,85,18,10,3,3,36
19,0,Clear,Urban,30,54,10,6,5,98
2,0,Fog,Highway,63,9,1,1,2,9
13,1,Clear,Highway,75,22,5,4,2,22
20,1,Clear,Highway,65,16,7,2,4,23
4,0,Clear,Highway,61,7,2,0,2,16
1,0,Clear,Suburban,88,11,1,0,1,11
7,1,Rain,Suburban,76,34,22,4,6,35
12,0,Rain,Highway,77,29,12,3,4,37
17,0,Clear,Suburban,26,51,10,3,4,96
0,0,Clear,Highway,72,8,3,0,2,12
18,0,Clear,Urban,29,57,11,7,4,88
15,0,Fog,Highway,79,29,5,2,2,18
4,0,Rain,Urban,85,7,4,1,2,4
11,0,Clear,Highway,52,14,9,3,4,43
3,1,Clear,Highway,86,8,1,0,1,12
18,0,Clear,Suburban,30,40,18,6,6,99
18,0,Clear,Highway,30,34,14,5,2,82
7,0,Clear,Highway,34,44,21,3,2,98
19,0,Fog,Suburban,84,31,24,3,4,36
13,0,Clear,Highway,74,12,5,4,2,24
10,0,Fog,Suburban,72,22,10,3,4,16
4,0,Rain,Urban,73,9,3,0,1,6
5,1,Rain,Urban,68,8,2,1,2,3
11,0,Fog,Suburban,79,29,5,2,2,12
19,1,Clear,Urban,47,28,13,7,3,53
13,1,Clear,Highway,66,17,11,2,2,26
23,0,Clear,Suburban,53,15,8,3,4,46
22,0,Clear,Highway,76,17,6,1,3,22
15,0,Rain,Urban,67,21,8,1,3,38
2,1,Clear,Highway,61,4,2,0,2,8
19,1,Clear,Highway,45,26,10,5,3,45
12,0,Rain,Suburban,63,24,10,1,3,20
7,1,Clear,Urban,60,44,13,7,6,35
1,0,Clear,Suburban,89,5,2,1,1,5
5,1,Clear,Highway,77,4,4,0,2,5
19,1,Rain,Suburban,46,32,23,5,4,44
14,0,Clear,Urban,80,23,6,1,2,38
14,0,Clear,Highway,79,26,10,1,4,20
7,0,Rain,Suburban,51,31,24,5,6,48
2,1,Clear,Highway,64,4,4,0,1,6
7,0,Clear,Urban,48,33,16,4,5,67
9,0,Rain,Urban,27,41,17,4,2,72
7,0,Clear,Urban,49,58,20,4,4,59
6,0,Rain,Urban,78,23,13,2,3,26
21,0,Clear,Urban,87,19,7,4,2,36
4,0,Clear,Suburban,75,11,1,0,2,15
9,1,Clear,Suburban,74,37,22,6,3,37
22,0,Clear,Highway,83,20,6,1,2,24
6,0,Clear,Highway,47,15,9,1,4,45
5,0,Clear,Suburban,81,11,1,1,1,13
4,1,Clear,Urban,69,5,1,1,1,4
9,1,Clear,Urban,40,24,20,4,5,56
12,0,Rain,Suburban,88,20,10,2,4,23
14,0,Clear,Highway,74,28,5,3,3,36
16,1,Clear,Urban,64,10,5,2,2,29
2,1,Fog,Urban,82,4,1,0,2,6
16,0,Clear,Suburban,89,12,9,1,3,25
15,0,Clear,Urban,57,17,13,4,2,43
9,1,Clear,Highway,42,37,20,7,6,42
16,0,Clear,Urban,78,29,9,1,4,23
7,0,Clear,Suburban,22,44,20,3,3,80
6,0,Clear,Urban,75,24,7,3,3,31
10,1,Clear,Highway,86,9,11,2,2,16
4,0,Fog,Urban,82,3,3,1,2,4
17,0,Clear,Highway,29,55,17,7,2,92
12,0,Rain,Suburban,70,20,13,3,3,36
2,0,Rain,Urban,87,3,2,0,1,12
7,1,Clear,Suburban,57,41,17,4,3,41
14,0,Fog,Urban,88,27,13,1,4,27
7,0,Clear,Highway,25,38,20,3,5,82
4,0,Rain,Urban,80,10,2,0,1,4
18,0,Clear,Suburban,33,51,23,4,3,82
6,1,Clear,Urban,87,14,11,4,4,28
2,0,Clear,Urban,80,3,4,0,2,17
14,1,Clear,Suburban,66,11,10,3,3,23
21,0,Clear,Urban,71,17,13,1,4,40
10,0,Clear,Highway,56,26,7,2,4,45
6,0,Clear,Suburban,49,14,5,1,4,44
3,1,Fog,Urban,82,4,2,1,1,2
9,0,Rain,Suburban,55,45,17,5,2,52
14,0,Clear,Suburban,65,22,6,1,3,35
19,0,Clear,Urban,56,52,14,5,5,68
14,0,Rain,Urban,62,12,7,1,3,28
9,0,Rain,Suburban,57,42,19,7,4,42
16,0,Clear,Highway,65,12,11,1,2,21
18,1,Fog,Urban,46,25,22,5,3,41
5,0,Clear,Highway,66,5,1,1,1,6
2,0,Clear,Highway,79,3,1,1,2,12
18,1,Clear,Highway,45,28,11,7,3,57
1,1,Clear,Urban,67,4,3,0,2,7
15,0,Clear,Highway,59,13,12,4,2,49
16,0,Clear,Suburban,47,12,7,2,3,46
10,0,Clear,Urban,81,28,8,3,2,36
7,0,Clear,Suburban,54,49,17,5,6,66
18,1,Clear,Suburban,43,46,11,3,6,64
3,0,Clear,Highway,69,5,2,1,2,17
14,1,Clear,Urban,69,22,8,3,4,15
4,0,Clear,Urban,61,10,2,0,2,6
22,0,Clear,Suburban,75,23,8,4,3,24
14,0,Rain,Highway,83,17,10,4,2,20
6,0,Clear,Suburban,75,20,6,3,3,25
13,1,Clear,Urban,69,17,12,1,2,22
23,0,Clear,Highway,87,24,10,1,3,38
6,0,Clear,Urban,73,28,11,1,2,30
17,0,Clear,Highway,40,39,11,6,4,67
21,0,Clear,Suburban,42,27,5,3,4,45
18,1,Clear,Suburban,59,42,11,6,4,41
18,0,Clear,Highway,24,54,14,3,4,88
4,0,Clear,Urban,78,5,4,1,2,6
18,0,Clear,Highway,58,48,10,3,6,69
5,0,Rain,Suburban,70,10,4,1,1,4
15,0,Rain,Urban,87,23,11,3,2,17
11,0,Clear,Highway,44,13,5,3,4,43
2,0,Clear,Suburban,61,3,3,0,2,12
16,0,Clear,Highway,81,13,6,3,2,22
23,0,Clear,Urban,81,27,10,3,4,36
8,0,Clear,Urban,24,43,10,7,6,97
2,0,Clear,Urban,70,5,2,1,1,5
5,0,Clear,Suburban,76,4,2,1,1,6
1,1,Clear,Suburban,60,8,2,0,1,10
7,0,Clear,Highway,36,57,16,3,2,97
17,0,Clear,Urban,22,34,22,4,2,91
11,0,Clear,Suburban,72,19,11,1,3,39
11,0,Clear,Suburban,70,25,9,2,4,24
8,0,Rain,Highway,46,59,10,7,6,42
15,0,Clear,Urban,71,28,13,3,2,39
23,0,Clear,Urban,57,29,12,2,4,49
17,0,Clear,Urban,35,31,15,7,3,90
15,0,Clear,Suburban,66,20,10,1,4,22
22,1,Clear,Highway,68,12,9,3,2,25
7,1,Rain,Highway,73,28,14,4,3,39
13,0,Fog,Highway,82,25,14,2,3,15
7,1,Rain,Urban,46,45,11,5,3,46
2,0,Clear,Highway,68,8,3,0,1,19
0,0,Fog,Suburban,62,4,1,0,2,3
2,0,Rain,Suburban,86,3,1,0,1,4
14,0,Clear,Urban,84,21,7,2,4,39
5,0,Clear,Highway,70,3,2,0,2,13
12,0,Clear,Urban,51,15,9,1,4,43
13,0,Rain,Urban,80,16,5,2,3,38
2,0,Rain,Highway,64,3,2,1,1,5
4,1,Clear,Urban,61,3,1,1,2,6
8,1,Clear,Urban,48,47,24,4,3,60
12,1,Clear,Suburban,79,14,14,4,2,33
22,0,Clear,Suburban,59,23,12,2,4,48
13,0,Clear,Highway,88,23,9,1,2,29
5,0,Fog,Suburban,76,7,1,1,1,6
15,1,Clear,Urban,88,13,13,4,4,25
3,0,Clear,Suburban,67,9,2,1,2,12
21,0,Clear,Highway,71,27,8,4,4,20
15,0,Clear,Urban,57,18,11,1,3,47
19,0,Clear,Highway,41,46,18,6,6,50
5,0,Fog,Suburban,86,7,2,0,1,11
17,0,Clear,Suburban,32,30,17,4,5,94
21,0,Clear,Urban,85,25,7,2,4,34
19,0,Rain,Urban,43,31,12,5,6,58
5,0,Fog,Suburban,76,3,3,1,1,11
16,1,Clear,Suburban,85,13,5,4,4,27
1,1,Clear,Urban,71,8,3,0,2,7
2,0,Clear,Urban,73,9,3,0,2,12
18,0,Rain,Urban,48,37,23,6,4,54
7,1,Clear,Suburban,56,27,20,7,3,58
13,0,Rain,Highway,86,24,6,4,4,25
20,0,Clear,Urban,73,21,14,3,4,38
5,0,Rain,Suburban,83,5,4,0,2,15
3,0,Clear,Suburban,69,11,2,1,2,11
4,0,Clear,Highway,86,11,3,1,2,10
2,1,Rain,Urban,71,8,1,0,2,4
13,0,Rain,Suburban,85,20,7,2,4,34
22,1,Clear,Suburban,72,17,9,1,3,20
5,0,Clear,Highway,64,8,4,0,2,12
13,0,Clear,Highway,83,20,7,4,3,37
9,0,Clear,Highway,53,32,23,6,3,50
16,0,Clear,Highway,57,24,8,3,2,49
23,0,Rain,Urban,81,25,9,2,3,18
7,0,Clear,Suburban,22,32,18,5,4,93
8,0,Clear,Highway,38,54,13,3,3,89
10,0,Rain,Highway,80,14,11,1,2,21
7,0,Rain,Urban,59,52,11,5,3,68
14,1,Clear,Highway,82,22,5,3,2,32
1,0,Rain,Highway,61,11,4,0,1,14
10,0,Clear,Urban,87,23,12,1,4,30
8,0,Fog,Urban,47,41,17,5,6,50
14,1,Clear,Urban,81,18,12,3,4,28
8,0,Clear,Suburban,48,47,19,5,5,61
5,0,Rain,Suburban,62,9,3,0,1,12
18,0,Rain,Suburban,62,59,21,7,2,40
20,0,Rain,Highway,72,28,11,2,2,31
10,0,Clear,Highway,79,24,6,1,3,30
11,0,Rain,Highway,79,22,8,1,4,32
16,0,Clear,Highway,48,23,13,2,4,45
21,0,Rain,Urban,69,22,11,1,4,35
5,0,Rain,Highway,63,4,1,1,2,12
10,1,Clear,Urban,68,14,13,4,4,30
1,1,Clear,Urban,66,2,2,0,1,7
6,0,Fog,Suburban,81,27,5,2,4,15
9,0,Rain,Highway,21,35,11,7,5,72
18,0,Rain,Urban,32,34,21,4,4,77
16,1,Clear,Urban,68,9,14,4,2,27
10,0,Rain,Suburban,78,13,10,4,3,39
4,0,Clear,Suburban,76,10,2,1,1,5
23,0,Clear,Urban,81,22,11,1,4,28
5,0,Clear,Urban,62,7,3,0,2,9
4,0,Fog,Urban,61,11,3,0,2,10
3,0,Clear,Highway,78,9,2,0,1,7
9,0,Clear,Highway,24,34,17,5,3,96
11,0,Clear,Highway,65,23,8,2,4,21
20,0,Clear,Highway,80,17,9,1,4,26
23,0,Rain,Suburban,74,19,14,1,3,36
1,1,Clear,Urban,89,7,2,1,1,8
14,0,Clear,Urban,84,19,9,4,4,36
14,0,Clear,Urban,80,15,13,3,2,28
7,0,Rain,Suburban,21,52,13,6,2,77
15,0,Fog,Suburban,82,21,6,1,2,20
5,0,Clear,Urban,88,11,2,1,2,11
6,0,Clear,Urban,50,17,6,3,4,44
19,1,Clear,Highway,47,46,16,4,5,51
15,0,Clear,Urban,44,27,9,1,3,43
21,0,Rain,Suburban,76,15,8,1,3,37
7,0,Fog,Suburban,81,42,19,4,2,35
5,0,Clear,Suburban,61,7,3,0,2,8
15,1,Clear,Urban,65,20,13,1,3,28
18,0,Clear,Highway,51,44,22,3,5,64
17,0,Clear,Suburban,23,45,22,3,2,78
2,0,Clear,Highway,70,10,4,1,1,10
1,0,Clear,Suburban,79,10,4,0,1,12
9,0,Clear,Highway,21,58,21,6,4,75
18,0,Clear,Highway,23,41,10,7,3,87
0,0,Clear,Urban,85,9,1,0,2,14
20,0,Clear,Highway,59,26,11,2,4,47
3,0,Clear,Highway,67,10,1,1,2,6
16,0,Rain,Suburban,74,16,13,4,2,25
22,1,Clear,Suburban,63,14,12,4,2,17
5,0,Clear,Suburban,77,4,2,0,2,13
6,1,Clear,Suburban,69,22,9,4,3,31
0,0,Rain,Highway,73,8,2,1,2,4
15,0,Clear,Suburban,88,19,10,4,2,24
18,1,Fog,Highway,82,39,20,4,2,28
7,0,Clear,Urban,27,56,16,4,4,95
8,1,Clear,Urban,57,40,22,6,5,54
12,1,Clear,Suburban,65,17,9,2,3,26
12,0,Clear,Suburban,82,20,11,3,4,32
2,0,Clear,Urban,60,6,3,1,1,15
5,1,Rain,Highway,63,4,4,1,1,7
18,0,Clear,Urban,50,39,18,4,4,50
7,0,Fog,Suburban,53,36,15,4,4,48
15,0,Clear,Urban,50,24,11,4,4,46
14,1,Clear,Urban,79,21,14,4,3,14
13,0,Rain,Urban,63,22,8,4,4,39
10,0,Rain,Urban,79,12,8,3,4,32
9,0,Clear,Highway,49,54,23,7,2,51
8,0,Clear,Urban,53,48,14,6,4,64
3,1,Clear,Urban,74,4,3,1,1,7
16,1,Clear,Suburban,67,21,7,4,3,20
16,0,Clear,Suburban,68,15,10,3,3,37
13,0,Fog,Urban,60,23,9,3,3,16
12,0,Rain,Highway,63,13,7,3,3,27
1,1,Clear,Highway,65,4,3,0,1,13
14,0,Clear,Urban,50,12,12,1,2,42
8,0,Clear,Urban,29,30,24,5,6,95
6,0,Rain,Highway,84,15,11,4,4,23
1,1,Clear,Highway,82,8,1,1,2,9
2,0,Clear,Highway,77,8,3,0,2,12
4,0,Clear,Urban,84,8,1,1,1,18
8,0,Clear,Urban,38,59,15,5,4,83
23,0,Rain,Suburban,80,16,11,4,3,28
10,0,Clear,Highway,84,27,6,2,4,34
12,1,Clear,Urban,64,20,8,3,4,28
22,1,Clear,Suburban,60,23,13,2,2,27
21,1,Clear,Highway,82,11,6,2,3,22
2,0,Clear,Urban,83,3,4,0,1,6
23,0,Clear,Suburban,64,28,11,2,3,33
15,0,Rain,Urban,81,15,5,3,3,19
15,0,Clear,Suburban,72,12,14,3,3,40
23,0,Fog,Suburban,79,17,13,1,4,25
22,0,Clear,Highway,75,19,8,1,2,39
9,0,Clear,Highway,40,51,12,7,4,65
21,0,Clear,Urban,68,28,10,4,4,20
11,0,Clear,Highway,60,25,12,2,4,22
10,0,Clear,Urban,60,27,11,4,2,31
21,0,Clear,Highway,60,29,13,1,2,23
19,0,Rain,Suburban,43,35,19,4,4,44
20,0,Rain,Urban,87,29,8,1,4,28
8,0,Fog,Highway,56,41,19,3,3,58
18,1,Clear,Urban,46,34,22,5,3,53
16,0,Clear,Suburban,86,28,7,3,2,20
7,0,Clear,Urban,31,32,22,3,2,91
23,1,Clear,Suburban,78,10,6,1,3,14
18,0,Clear,Urban,44,36,21,7,4,65
8,1,Rain,Urban,58,43,12,6,3,48
16,0,Clear,Urban,71,21,6,3,4,21
17,0,Rain,Highway,49,40,17,7,4,49
7,0,Fog,Highway,44,52,21,6,3,50
17,1,Rain,Urban,51,45,16,7,4,48
18,0,Rain,Highway,40,53,21,5,4,67
20,0,Clear,Suburban,72,23,12,1,3,30
15,0,Clear,Urban,82,20,6,1,2,33
16,0,Clear,Suburban,68,12,9,2,4,39
1,0,Clear,Urban,70,5,3,1,2,8
19,0,Clear,Urban,20,57,17,5,4,92
0,1,Clear,Suburban,61,2,1,0,1,9
22,0,Clear,Highway,85,19,6,4,2,37
16,0,Clear,Suburban,69,21,8,3,2,29
23,1,Clear,Highway,89,22,12,1,4,21
7,0,Clear,Urban,43,44,22,3,6,57
17,0,Clear,Suburban,31,39,13,7,4,87
4,0,Clear,Urban,79,7,3,0,1,12
20,0,Rain,Urban,63,17,13,4,2,22
21,0,Clear,Urban,71,24,7,1,3,22
2,1,Clear,Suburban,65,7,3,1,2,4
2,1,Clear,Urban,65,4,2,0,1,9
20,1,Rain,Highway,71,17,14,3,3,12
7,0,Rain,Urban,55,57,23,4,2,52
10,0,Clear,Suburban,85,12,9,2,4,37
6,0,Clear,Highway,88,20,8,1,2,35
20,1,Clear,Urban,86,18,13,1,3,21
17,0,Fog,Highway,47,51,19,5,4,47
1,0,Rain,Urban,75,8,3,0,1,10
7,0,Clear,Urban,53,36,10,7,2,58
13,0,Clear,Suburban,77,15,11,1,2,30
3,0,Clear,Urban,78,5,1,1,1,7
15,0,Rain,Urban,67,13,8,3,3,36
8,0,Clear,Suburban,45,40,12,4,2,55
20,0,Rain,Urban,76,27,8,3,4,37
23,1,Clear,Suburban,85,12,8,4,4,22
22,0,Clear,Highway,48,16,14,4,2,48
23,0,Clear,Urban,45,24,9,3,3,47
17,0,Clear,Urban,22,36,21,7,6,99
1,0,Clear,Suburban,76,10,3,0,2,7
21,0,Rain,Suburban,81,21,8,2,2,33
8,1,Clear,Suburban,58,36,19,4,2,64
6,0,Rain,Urban,83,15,10,1,3,17
8,0,Clear,Urban,40,48,12,4,5,58
5,0,Clear,Suburban,65,6,1,0,1,19
1,0,Fog,Urban,79,9,3,1,2,8
23,1,Clear,Suburban,71,11,6,1,3,24
21,0,Clear,Urban,43,24,11,2,3,44
2,0,Clear,Urban,71,9,4,1,2,10
1,0,Clear,Highway,82,10,3,1,1,17
22,0,Clear,Urban,68,27,7,3,4,39
14,0,Clear,Suburban,70,15,5,3,4,20
2,0,Clear,Urban,63,8,1,1,2,14
5,1,Fog,Urban,74,3,2,1,2,2
15,0,Rain,Highway,79,14,12,2,2,29
1,1,Clear,Suburban,67,8,4,1,2,7
17,0,Clear,Suburban,36,55,10,7,5,98
6,1,Rain,Urban,71,15,10,2,3,20
18,0,Clear,Suburban,50,46,10,6,6,66
8,1,Clear,Suburban,47,26,13,7,4,43
3,0,Clear,Urban,87,3,3,1,1,18
17,0,Rain,Highway,58,56,24,3,2,56
0,0,Clear,Suburban,72,10,3,1,1,7
12,1,Clear,Suburban,83,20,7,2,4,25
13,1,Clear,Urban,66,16,11,4,2,28
19,0,Clear,Suburban,23,32,22,5,2,98
22,0,Clear,Urban,67,17,6,3,3,31
8,0,Fog,Urban,58,44,24,3,5,43
22,1,Clear,Urban,74,12,14,3,4,30
14,1,Rain,Urban,88,16,11,1,2,20
15,0,Clear,Suburban,86,21,14,3,2,25
20,0,Clear,Urban,62,15,12,4,2,30
0,0,Clear,Suburban,83,3,3,1,2,14
8,1,Clear,Urban,58,36,15,4,4,63
18,0,Rain,Suburban,42,57,24,4,4,70
19,1,Clear,Suburban,70,45,12,7,4,39
18,1,Clear,Urban,46,24,13,6,3,51
17,0,Clear,Urban,37,57,16,7,6,82
1,0,Rain,Urban,71,11,1,0,2,9
3,1,Rain,Highway,83,4,1,0,1,3
5,0,Clear,Urban,66,4,2,1,1,10
2,0,Clear,Highway,62,5,3,1,2,8
12,0,Clear,Urban,42,20,8,3,4,49
1,0,Clear,Suburban,76,3,3,1,1,12
12,0,Clear,Highway,88,26,14,1,3,23
0,0,Clear,Highway,77,11,1,0,1,6
15,1,Rain,Highway,88,11,14,3,2,23
5,1,Clear,Urban,87,4,3,0,1,8
13,0,Clear,Highway,87,27,7,3,3,31
21,1,Clear,Urban,85,16,7,2,3,21
16,0,Clear,Highway,52,19,14,3,3,44
14,1,Rain,Highway,60,23,10,1,4,11
2,0,Clear,Urban,67,4,4,0,1,7
14,0,Clear,Suburban,46,16,13,1,4,44
16,0,Clear,Suburban,64,18,7,2,3,23
12,0,Clear,Urban,59,14,13,2,2,41
23,0,Clear,Urban,67,20,9,3,4,24
13,0,Clear,Urban,59,13,13,3,3,46
17,0,Rain,Highway,58,34,17,7,5,56
21,1,Clear,Urban,61,23,5,4,2,30
12,0,Fog,Urban,64,27,9,1,3,28
15,1,Clear,Highway,86,15,8,4,2,29
11,0,Clear,Urban,56,17,12,4,3,49
3,0,Clear,Urban,63,3,4,0,1,16
9,0,Clear,Highway,49,34,24,6,6,70
10,0,Rain,Urban,66,26,7,1,2,34
22,0,Clear,Highway,78,27,11,1,3,37
11,0,Clear,Urban,88,24,7,2,4,28
23,0,Clear,Urban,72,27,7,3,3,23
1,0,Rain,Highway,68,4,2,0,1,8
14,1,Rain,Highway,61,15,12,3,2,24
4,0,Clear,Urban,68,7,4,1,1,16
4,0,Clear,Suburban,84,5,1,1,1,8
15,0,Rain,Suburban,60,22,9,3,2,21
10,1,Clear,Urban,66,20,12,1,3,20
8,0,Clear,Suburban,51,57,24,7,5,69
23,1,Clear,Urban,85,18,10,2,4,19
14,0,Clear,Highway,79,13,13,4,3,27
14,0,Rain,Highway,80,12,5,2,4,24
20,1,Clear,Urban,72,20,11,1,2,18
8,0,Clear,Suburban,33,44,24,4,6,72
2,0,Clear,Highway,72,4,1,1,2,9
15,0,Clear,Highway,57,17,7,3,3,46
23,0,Fog,Urban,87,24,12,4,2,16
20,0,Clear,Urban,61,18,10,3,2,39
8,1,Clear,Suburban,48,24,10,5,2,58
2,0,Clear,Urban,82,10,2,0,2,18
20,0,Clear,Highway,74,19,7,4,2,27
15,0,Rain,Highway,74,14,12,2,4,27
12,1,Clear,Highway,71,16,10,3,2,30
4,0,Clear,Highway,75,5,1,1,2,10
4,0,Clear,Highway,71,6,3,0,2,11
7,1,Clear,Suburban,51,36,12,5,2,67
11,1,Clear,Highway,86,21,5,1,3,32
7,0,Clear,Urban,41,54,21,5,4,54
1,0,Rain,Suburban,70,4,2,0,1,10
13,1,Fog,Suburban,64,12,13,2,3,13
17,0,Clear,Urban,58,57,14,4,2,68
12,0,Clear,Highway,69,21,13,1,4,32
1,1,Clear,Urban,88,8,2,0,1,9
23,0,Clear,Highway,44,12,13,1,4,46
20,1,Fog,Urban,61,13,9,2,4,8
8,0,Clear,Urban,48,45,21,4,3,68
22,0,Rain,Urban,64,20,6,4,3,22
14,0,Clear,Urban,67,22,14,1,3,37
10,1,Clear,Suburban,80,9,10,2,2,28
20,0,Clear,Highway,52,19,7,4,4,42
23,0,Rain,Urban,69,21,11,3,4,20
6,1,Clear,Urban,60,21,13,3,4,14
16,0,Clear,Urban,84,17,8,2,3,29
21,0,Clear,Highway,43,29,11,2,2,46
9,0,Rain,Urban,56,58,17,5,2,65
18,0,Clear,Urban,36,36,15,4,6,93
22,0,Clear,Suburban,82,14,14,4,4,28
2,0,Clear,Urban,68,11,1,0,1,9
18,0,Clear,Urban,53,55,14,7,6,67
9,0,Clear,Urban,45,55,13,7,5,50
6,0,Clear,Highway,47,23,13,3,4,42
18,1,Rain,Urban,45,27,22,6,5,42
18,0,Clear,Suburban,59,46,13,4,4,56
17,0,Rain,Urban,48,51,19,6,3,59
5,0,Rain,Urban,89,10,4,1,1,4
18,1,Clear,Suburban,56,47,11,6,3,69
21,1,Fog,Urban,81,20,12,2,4,18
7,1,Clear,Urban,48,38,20,4,2,44
7,0,Clear,Urban,40,37,13,3,4,51
14,0,Rain,Suburban,76,16,7,3,4,39
16,0,Clear,Highway,62,29,10,3,4,33
16,0,Clear,Suburban,79,14,9,3,2,21
0,0,Rain,Urban,71,4,2,0,1,12
19,0,Clear,Urban,27,52,14,5,2,92
21,0,Clear,Suburban,43,23,13,1,3,42
10,0,Clear,Highway,54,29,10,2,3,44
13,1,Clear,Urban,86,12,12,4,4,18
21,0,Clear,Urban,81,22,7,3,3,20
8,0,Clear,Highway,44,53,12,7,6,60
5,0,Rain,Urban,64,4,1,1,1,11
2,0,Clear,Highway,76,10,1,1,2,9
22,0,Clear,Highway,52,23,8,3,4,48
16,1,Clear,Highway,79,17,10,3,3,16
16,1,Clear,Urban,60,16,12,1,3,23
19,1,Clear,Highway,44,42,21,3,2,58
13,0,Rain,Urban,68,29,14,2,4,20
22,0,Rain,Suburban,79,13,10,1,3,27
6,1,Clear,Urban,72,17,12,3,2,25
11,0,Clear,Urban,66,26,14,3,3,37
15,0,Rain,Urban,80,25,11,2,4,18
4,0,Clear,Suburban,63,6,2,1,2,8
18,0,Clear,Urban,28,51,18,7,2,71
4,1,Fog,Urban,77,8,2,1,2,6
6,0,Clear,Highway,79,22,10,3,3,40
5,0,Clear,Suburban,64,11,4,1,1,17
7,1,Fog,Urban,71,30,16,3,3,33
15,0,Rain,Urban,80,29,8,4,3,25
21,0,Clear,Suburban,64,14,8,1,2,22
5,0,Clear,Urban,70,8,4,0,2,15
13,0,Rain,Urban,86,28,7,3,4,28
22,1,Fog,Suburban,74,9,11,1,3,15
12,0,Clear,Highway,62,15,10,3,4,37
12,0,Clear,Urban,54,22,11,2,2,42
14,1,Rain,Urban,85,9,13,1,2,11
10,0,Clear,Urban,82,23,5,2,3,28
7,0,Fog,Highway,50,38,19,4,5,54
7,1,Clear,Urban,40,25,22,7,3,61
21,0,Rain,Urban,70,17,11,1,2,24
21,0,Rain,Highway,78,23,9,4,3,24
20,1,Fog,Urban,82,21,12,1,4,18
18,1,Clear,Suburban,48,40,11,3,3,46
2,1,Rain,Urban,81,4,2,0,2,3
15,0,Clear,Urban,44,24,10,4,4,41
19,0,Clear,Suburban,50,55,15,7,3,68
2,0,Clear,Suburban,60,3,4,0,2,19
19,0,Clear,Suburban,45,44,19,3,2,70
10,0,Clear,Highway,61,15,14,2,4,30
5,0,Clear,Highway,84,9,4,1,2,15
3,0,Clear,Highway,81,4,4,1,1,7
3,0,Clear,Suburban,72,7,1,1,1,7
12,0,Rain,Urban,61,24,9,4,3,32
2,1,Rain,Highway,68,7,1,1,1,3
8,0,Clear,Highway,53,33,14,5,2,52
2,1,Clear,Urban,65,8,4,0,1,13
18,0,Clear,Highway,21,38,24,7,3,95
8,0,Clear,Suburban,29,43,12,6,4,97
9,1,Fog,Suburban,72,39,18,6,2,27
1,0,Clear,Suburban,88,5,2,1,1,12
22,0,Clear,Suburban,70,17,12,1,4,20
8,0,Clear,Highway,43,38,21,6,4,66
5,0,Rain,Suburban,74,11,1,1,1,7
0,0,Clear,Highway,63,6,3,1,1,13
10,0,Clear,Urban,86,25,10,3,3,35
13,0,Clear,Urban,66,14,5,3,4,39
14,0,Clear,Suburban,67,14,13,3,2,35
20,0,Clear,Suburban,86,15,9,4,3,37
8,0,Clear,Highway,47,31,24,7,6,57
4,0,Clear,Urban,81,4,3,1,2,11
4,0,Rain,Highway,65,7,3,1,2,5
19,0,Clear,Urban,39,52,20,4,2,91
9,1,Clear,Highway,41,26,18,3,3,44
15,0,Clear,Suburban,42,28,10,2,4,42
8,0,Rain,Highway,40,32,13,7,4,44
21,0,Rain,Urban,82,20,9,4,2,24
0,0,Rain,Highway,80,10,2,0,1,5
1,0,Fog,Urban,71,8,3,0,1,6
13,1,Clear,Highway,80,12,5,3,3,15
16,1,Clear,Highway,75,16,8,4,2,18
15,0,Clear,Urban,78,14,9,1,2,34
19,0,Clear,Urban,51,43,10,4,5,63
7,0,Fog,Urban,56,46,21,3,3,41
9,0,Clear,Highway,37,33,17,4,3,84
11,0,Clear,Urban,48,24,14,4,4,45
19,1,Rain,Urban,87,31,19,6,3,37
22,1,Clear,Suburban,78,17,14,2,2,34
19,0,Clear,Suburban,38,43,17,4,4,92
13,0,Clear,Urban,56,14,6,2,2,49
21,0,Clear,Suburban,73,17,11,2,4,30
4,0,Fog,Highway,78,4,4,1,1,9
12,0,Rain,Urban,79,20,5,1,2,16
8,1,Clear,Highway,86,24,16,6,6,36
1,0,Clear,Highway,80,4,2,1,2,5
10,0,Clear,Suburban,74,23,6,3,3,27
20,1,Fog,Highway,89,21,5,2,3,10
11,1,Clear,Urban,71,16,9,1,4,30
5,0,Clear,Highway,87,9,2,1,1,10
21,0,Clear,Urban,68,25,12,2,3,32
14,0,Clear,Highway,60,22,7,1,4,36
22,0,Clear,Urban,88,25,5,1,3,20
13,0,Clear,Highway,64,13,12,1,3,37
18,1,Clear,Suburban,46,26,14,4,5,51
15,1,Rain,Suburban,70,15,6,1,2,12
14,0,Clear,Highway,69,24,6,1,3,23
8,0,Clear,Highway,32,31,14,3,6,72
11,1,Clear,Urban,80,11,5,2,3,22
10,0,Clear,Urban,64,13,10,1,3,33
11,0,Rain,Suburban,84,23,14,4,3,20
4,0,Fog,Urban,87,9,3,0,2,3
20,0,Rain,Urban,70,12,10,3,4,18
8,1,Clear,Suburban,45,40,12,6,3,54
13,1,Clear,Highway,82,18,5,2,2,26
15,0,Clear,Highway,51,29,8,1,3,47
10,0,Clear,Urban,83,14,5,1,4,27
14,1,Clear,Highway,67,12,8,3,2,24
0,0,Clear,Suburban,64,5,3,0,1,18
6,0,Clear,Highway,89,15,5,3,2,31
2,0,Clear,Urban,66,11,1,1,1,18
13,0,Rain,Suburban,65,13,9,4,3,36
16,1,Clear,Urban,87,23,14,1,4,33
19,0,Clear,Urban,41,34,22,3,5,52
5,0,Clear,Suburban,77,8,1,1,2,8
18,0,Clear,Urban,32,31,18,3,5,71
23,0,Clear,Suburban,75,15,9,2,2,32
2,1,Clear,Urban,60,7,2,1,2,9
5,0,Fog,Urban,83,5,2,0,1,7
16,0,Clear,Suburban,82,21,14,1,2,30
12,0,Rain,Suburban,74,15,10,3,2,32
19,0,Clear,Urban,49,44,22,5,3,51
7,0,Clear,Urban,21,51,10,3,4,76
17,0,Rain,Suburban,37,48,23,3,4,76
15,0,Clear,Urban,60,20,14,2,4,21
10,1,Clear,Urban,78,16,7,2,2,27
21,0,Clear,Suburban,51,24,11,3,4,43
7,0,Clear,Urban,48,33,19,5,2,66
17,0,Rain,Highway,23,38,13,3,5,72
9,0,Rain,Urban,77,40,12,3,4,40
23,1,Clear,Suburban,70,20,12,3,2,27
21,0,Clear,Suburban,86,17,11,2,3,23
23,0,Rain,Urban,70,28,13,1,4,36
12,0,Clear,Urban,67,14,14,1,3,20
14,0,Rain,Highway,83,24,12,3,4,27
19,0,Clear,Urban,22,47,10,6,4,82
20,0,Clear,Suburban,68,13,7,2,4,36
10,0,Clear,Highway,71,12,5,1,2,40
0,0,Rain,Urban,87,5,2,0,1,12
0,0,Clear,Suburban,78,5,2,0,2,17
12,1,Rain,Urban,60,20,14,3,3,24
21,0,Clear,Suburban,77,22,7,1,2,40
19,0,Clear,Urban,49,41,23,7,3,63
6,0,Rain,Suburban,89,12,11,3,2,36
18,0,Rain,Suburban,52,41,16,5,5,51
3,1,Rain,Suburban,85,4,1,0,1,3
12,0,Clear,Urban,87,25,5,2,2,34
19,1,Rain,Urban,80,36,17,6,6,33
11,0,Clear,Suburban,84,17,12,2,2,23
17,0,Clear,Urban,58,33,13,5,5,63
23,0,Clear,Urban,48,15,14,2,2,48
6,0,Clear,Urban,61,21,6,2,4,27
8,0,Clear,Highway,38,41,14,5,4,79
18,0,Clear,Highway,24,49,24,3,3,73
21,1,Clear,Suburban,75,17,7,2,4,26
18,0,Clear,Highway,59,31,21,5,4,50
20,0,Clear,Urban,54,20,10,4,2,41
23,0,Clear,Highway,86,13,8,3,4,20
4,1,Clear,Highway,64,8,2,0,2,11
2,1,Clear,Suburban,61,8,1,0,1,11
23,1,Fog,Suburban,75,18,6,3,2,9
8,0,Rain,Urban,51,58,20,7,6,61
3,0,Clear,Highway,73,6,3,0,2,6
13,1,Clear,Suburban,63,21,10,4,3,28
17,0,Clear,Urban,54,31,21,3,4,65
22,0,Rain,Urban,71,20,8,3,3,30
4,0,Rain,Highway,85,3,1,1,2,10
10,1,Rain,Urban,72,14,8,1,2,13
5,0,Rain,Urban,64,8,2,1,1,5
15,1,Fog,Urban,69,13,7,2,3,19
6,0,Rain,Highway,75,14,9,2,2,32
5,0,Rain,Highway,83,7,4,0,1,12
12,0,Clear,Urban,85,13,13,3,2,20
6,0,Rain,Urban,67,27,5,3,3,20
16,0,Clear,Suburban,88,17,7,4,3,33
4,0,Clear,Urban,88,4,4,0,2,17
8,0,Clear,Highway,25,47,21,5,3,87
16,0,Clear,Urban,75,25,14,1,2,31
8,0,Clear,Urban,59,37,14,3,5,68
11,1,Rain,Suburban,87,21,12,1,3,18
13,0,Rain,Highway,85,20,13,4,4,30
19,0,Fog,Urban,77,36,22,6,3,30
1,1,Clear,Suburban,74,7,2,0,2,9
11,0,Rain,Suburban,67,22,10,4,4,26
4,0,Clear,Highway,84,3,1,0,1,7
1,0,Clear,Urban,71,8,1,0,2,14
8,1,Rain,Highway,88,36,22,6,6,38
1,0,Rain,Urban,87,10,4,1,2,12
10,1,Clear,Suburban,65,12,12,2,4,19
14,1,Clear,Suburban,65,19,10,4,4,28
9,0,Clear,Urban,32,39,12,7,5,79
12,0,Fog,Urban,66,29,6,2,3,13
3,0,Rain,Highway,89,9,3,1,2,4
5,0,Clear,Highway,73,6,1,1,2,19
18,0,Clear,Suburban,36,43,22,3,6,76
4,0,Clear,Urban,70,7,4,0,2,19
5,0,Clear,Highway,71,11,4,1,1,18
11,0,Rain,Highway,72,28,14,4,2,39
15,0,Clear,Urban,85,22,12,3,2,35
15,0,Clear,Highway,48,13,13,1,2,46
11,0,Clear,Urban,76,17,14,2,3,34
20,0,Rain,Suburban,68,12,5,4,3,22
21,1,Clear,Urban,83,9,12,3,3,14
13,0,Rain,Highway,75,20,10,4,3,17
4,0,Clear,Urban,80,9,2,1,2,14
18,0,Fog,Highway,55,56,20,7,2,48
3,0,Clear,Highway,79,8,3,1,2,10
5,0,Clear,Urban,61,6,1,0,2,17
2,0,Clear,Suburban,78,4,4,1,2,12
9,0,Rain,Urban,49,46,17,7,2,58
5,0,Clear,Urban,66,8,1,1,1,10
5,0,Clear,Suburban,82,8,4,1,2,18
20,1,Fog,Highway,89,11,5,3,4,19
12,0,Clear,Highway,87,17,14,2,4,29
11,0,Clear,Suburban,57,18,14,4,4,48
21,0,Fog,Highway,63,15,9,1,3,13
2,1,Clear,Highway,68,8,4,1,2,9
5,0,Rain,Suburban,88,3,1,0,2,9
6,0,Clear,Urban,79,13,7,1,4,35
7,0,Clear,Highway,21,42,17,3,3,71
3,1,Rain,Suburban,60,6,2,0,2,8
9,0,Clear,Highway,37,47,15,6,6,72
4,0,Clear,Suburban,62,7,1,1,1,9
14,0,Fog,Highway,68,17,11,1,3,16
20,1,Clear,Suburban,63,14,10,2,4,25
19,0,Clear,Suburban,30,54,20,3,3,89
14,0,Clear,Highway,64,26,6,4,4,38
23,0,Rain,Highway,79,19,7,4,2,17
12,1,Clear,Highway,60,15,14,3,2,21
2,0,Clear,Suburban,72,9,3,1,2,15
0,0,Rain,Suburban,69,7,4,1,2,4
12,0,Rain,Suburban,83,18,9,3,3,20
13,0,Clear,Suburban,50,17,5,1,4,42
20,1,Clear,Highway,69,16,8,4,2,18
12,0,Rain,Suburban,85,21,8,1,2,16
2,0,Clear,Urban,72,7,1,1,2,19
23,0,Clear,Highway,89,16,6,1,3,29
15,0,Rain,Suburban,68,25,12,3,4,35
15,0,Rain,Highway,83,27,14,1,4,31
22,1,Clear,Urban,77,17,13,1,4,24
6,0,Clear,Highway,49,23,12,3,4,45
23,0,Clear,Suburban,50,22,9,4,3,44
13,1,Rain,Highway,66,11,7,2,3,22
7,0,Clear,Highway,38,46,24,4,2,97
12,0,Clear,Urban,49,26,14,4,3,49
6,1,Clear,Urban,70,9,13,3,2,30
23,0,Clear,Urban,54,14,5,1,2,48
8,0,Clear,Suburban,55,33,16,6,5,70
18,0,Fog,Suburban,52,59,21,5,4,53
16,0,Rain,Highway,66,24,8,3,2,25
8,1,Clear,Highway,80,28,19,4,5,39
14,1,Rain,Suburban,80,12,12,2,2,23
18,0,Clear,Highway,22,45,13,5,5,93
17,0,Rain,Highway,44,48,16,4,2,65
8,0,Clear,Urban,43,31,18,7,5,60
21,1,Clear,Highway,74,20,6,1,2,30
10,0,Clear,Suburban,54,16,5,1,4,47
3,0,Clear,Urban,77,10,4,0,2,18
16,0,Clear,Highway,69,18,13,2,4,30
21,0,Clear,Highway,69,26,8,2,4,30
2,0,Clear,Urban,77,10,4,1,2,11
6,1,Clear,Highway,71,23,14,3,3,34
0,1,Clear,Urban,86,7,1,1,2,13
5,1,Clear,Suburban,75,8,1,1,1,8
4,1,Rain,Highway,63,6,2,1,2,2
1,0,Clear,Highway,70,10,1,1,1,14
23,0,Rain,Suburban,71,25,6,2,2,36
13,1,Clear,Highway,82,23,10,4,2,16
18,1,Clear,Urban,59,45,17,6,5,57
14,0,Clear,Urban,61,21,9,4,2,37
12,1,Clear,Urban,74,20,5,3,3,34
21,0,Rain,Highway,75,27,11,4,2,17
3,0,Clear,Urban,87,8,1,0,1,18
8,0,Clear,Urban,58,39,18,4,6,56
19,0,Clear,Highway,40,43,24,7,6,63
2,0,Clear,Urban,87,7,2,1,2,16
11,0,Clear,Highway,48,12,10,2,2,41
7,0,Fog,Urban,41,45,15,4,6,43
1,0,Clear,Highway,73,11,2,1,2,10
12,0,Rain,Suburban,60,17,9,3,4,34
1,0,Clear,Highway,87,9,4,1,2,17
11,0,Clear,Suburban,55,17,13,2,3,43
21,1,Clear,Suburban,85,10,11,3,4,34
7,0,Rain,Urban,72,40,23,5,4,40
1,1,Clear,Urban,89,2,3,0,2,13
10,0,Clear,Suburban,63,12,7,4,2,22
10,1,Clear,Urban,88,9,8,1,3,25
8,0,Clear,Urban,58,32,12,5,2,64
13,0,Clear,Suburban,44,19,11,2,2,43
4,0,Fog,Highway,79,9,4,0,2,3
14,0,Fog,Urban,82,28,14,3,4,26
14,1,Clear,Highway,60,12,9,2,4,14
0,0,Clear,Highway,68,8,1,1,2,13
2,0,Clear,Suburban,88,11,4,0,2,15
9,1,Clear,Urban,48,40,24,3,3,49
9,0,Clear,Urban,52,57,16,5,5,52
8,0,Rain,Suburban,45,55,19,7,2,61
5,1,Clear,Urban,63,8,4,0,2,10
21,0,Fog,Urban,74,22,6,3,4,20
10,1,Clear,Urban,63,16,5,1,3,33
2,0,Clear,Highway,77,7,3,1,2,10
19,0,Rain,Urban,51,45,24,6,2,64
13,0,Clear,Highway,86,14,11,2,4,36
13,0,Clear,Highway,51,28,9,3,4,41
1,1,Clear,Urban,64,8,1,0,1,10
20,0,Clear,Urban,61,17,11,4,3,20
2,1,Clear,Urban,72,7,3,0,2,9
13,1,Rain,Urban,89,20,5,3,3,11
18,0,Fog,Urban,86,44,22,6,2,30
8,0,Clear,Highway,22,40,22,5,6,86
23,1,Clear,Urban,66,22,11,1,4,18
16,0,Fog,Highway,86,23,11,2,4,19
15,0,Clear,Urban,66,22,14,2,3,21
1,0,Clear,Suburban,67,10,1,0,2,6
17,1,Rain,Highway,69,45,22,3,6,40
14,1,Clear,Urban,80,13,7,2,2,14
0,0,Clear,Suburban,82,5,1,0,1,7
10,0,Fog,Highway,78,22,5,2,3,18
6,0,Rain,Suburban,70,29,14,2,3,32
15,1,Clear,Highway,88,12,6,1,3,14
3,1,Fog,Highway,64,4,1,0,2,5
23,0,Rain,Urban,80,13,13,3,3,34
14,0,Rain,Urban,77,29,7,2,3,38
12,0,Clear,Highway,60,26,5,4,3,31
2,1,Clear,Urban,65,2,1,1,1,8
2,1,Clear,Urban,79,8,2,0,1,5
15,1,Fog,Suburban,65,21,13,4,3,11
22,0,Rain,Highway,73,27,13,4,4,21
7,1,Clear,Urban,56,24,13,6,5,49
16,1,Clear,Urban,81,14,10,3,4,27
20,0,Clear,Suburban,79,16,6,2,2,25
18,0,Rain,Urban,26,59,24,3,6,71
20,0,Clear,Highway,63,12,9,2,3,30
4,1,Clear,Highway,69,4,4,1,2,7
6,0,Clear,Suburban,61,24,6,2,2,23
16,1,Fog,Highway,76,16,13,2,2,12
18,0,Rain,Suburban,46,45,15,7,2,60
6,0,Clear,Urban,76,21,11,3,2,26
10,1,Clear,Urban,87,9,7,1,3,29
4,0,Clear,Urban,64,9,3,0,1,11
16,0,Clear,Highway,65,29,12,4,2,31
2,1,Clear,Urban,65,4,4,0,1,9
13,0,Rain,Urban,74,17,5,2,2,16
16,1,Clear,Urban,88,21,12,4,4,25
1,1,Clear,Suburban,87,2,1,1,2,11
16,0,Rain,Highway,78,13,13,4,4,32
0,0,Rain,Urban,88,9,4,0,2,7
6,0,Rain,Urban,77,19,9,4,4,34
4,0,Clear,Urban,78,9,3,1,2,16
18,0,Rain,Urban,56,46,17,3,4,60
10,0,Rain,Highway,86,22,9,1,4,36
11,0,Clear,Highway,58,13,14,4,2,42
21,0,Rain,Suburban,64,25,10,1,3,22
15,1,Clear,Highway,63,20,9,4,4,16
15,0,Clear,Suburban,48,28,11,1,2,41
8,0,Rain,Urban,80,49,16,5,6,40
5,0,Clear,Suburban,61,8,4,0,2,19
8,1,Fog,Suburban,51,30,20,4,4,41
17,0,Rain,Highway,51,49,11,6,4,68
4,1,Clear,Highway,71,5,3,0,2,4
2,0,Fog,Suburban,76,11,4,0,2,4
13,0,Clear,Urban,86,26,10,2,3,25
4,0,Clear,Highway,60,4,4,1,2,15
15,0,Clear,Urban,66,27,14,2,3,32
1,1,Clear,Suburban,83,5,4,1,2,3
13,0,Clear,Highway,41,13,8,3,3,43
10,1,Clear,Highway,60,16,5,1,3,32
10,0,Clear,Highway,89,12,10,1,3,34
13,0,Clear,Suburban,71,18,9,3,2,38
17,0,Clear,Urban,30,55,18,3,3,97
15,0,Clear,Urban,59,28,8,4,3,42
1,0,Clear,Suburban,83,5,3,0,1,10
3,0,Clear,Suburban,70,6,1,0,1,9
19,1,Clear,Suburban,43,29,17,4,6,53
9,0,Clear,Urban,44,53,14,7,2,68
6,0,Clear,Highway,50,28,12,4,3,41
2,0,Fog,Highway,64,6,3,1,2,3
7,0,Clear,Urban,47,43,15,5,4,64
15,0,Fog,Highway,78,26,12,3,2,16
13,0,Clear,Urban,51,12,12,4,3,49
21,1,Clear,Highway,67,11,10,2,4,16
9,1,Clear,Highway,46,45,19,7,6,67
12,1,Clear,Highway,86,22,5,3,4,28
18,0,Clear,Urban,31,53,23,6,4,86
21,0,Rain,Urban,65,21,14,1,4,23
8,0,Rain,Highway,59,52,10,6,2,59
7,0,Clear,Urban,58,51,18,7,3,57
4,0,Clear,Urban,62,7,3,0,1,6
12,0,Clear,Urban,79,22,5,4,2,25
19,1,Clear,Urban,43,33,20,3,3,54
19,0,Clear,Urban,24,36,19,5,2,99
7,0,Fog,Highway,44,33,13,3,4,47
18,1,Fog,Highway,64,36,23,7,6,32
17,1,Clear,Highway,55,40,12,3,4,44
11,0,Fog,Suburban,67,23,13,3,4,25
20,0,Clear,Suburban,46,23,14,3,3,42
5,0,Rain,Highway,62,11,4,1,2,13
23,0,Clear,Highway,66,22,10,4,2,23
12,0,Fog,Suburban,74,17,13,4,3,21
5,0,Clear,Urban,62,5,2,0,2,18
1,0,Clear,Urban,82,6,3,0,2,18
10,1,Rain,Suburban,81,12,13,2,3,24
4,0,Clear,Suburban,85,5,4,1,1,6
6,0,Clear,Urban,89,26,11,4,2,37
3,0,Clear,Urban,60,5,4,1,2,15
2,0,Clear,Urban,62,11,3,1,2,17
12,0,Fog,Urban,74,15,11,3,4,14
10,0,Clear,Urban,75,20,10,2,3,27
3,0,Fog,Highway,72,3,2,1,2,3
9,0,Clear,Highway,54,41,20,7,2,57
6,0,Clear,Highway,42,25,13,4,3,47
16,0,Rain,Suburban,61,22,7,2,2,37
1,1,Rain,Highway,74,4,2,0,2,8
18,0,Clear,Urban,30,56,17,6,5,82
3,0,Clear,Highway,85,3,4,0,2,16
19,1,Clear,Suburban,58,41,22,4,2,46
23,0,Rain,Highway,87,17,6,4,4,20
19,0,Clear,Urban,28,49,12,4,2,71
11,0,Rain,Suburban,68,20,5,1,4,36
16,1,Clear,Urban,76,23,5,4,3,25
3,0,Rain,Urban,62,8,4,1,1,12
10,0,Clear,Urban,69,17,9,4,2,27
3,1,Rain,Urban,64,4,2,1,2,3
14,0,Clear,Highway,52,16,13,3,3,48
23,0,Clear,Suburban,79,23,6,4,2,34
14,0,Clear,Urban,66,22,12,1,2,25
8,1,Fog,Suburban,61,27,15,4,4,26
1,1,Clear,Highway,79,7,2,1,2,7
18,0,Clear,Highway,25,49,20,6,6,79
15,0,Fog,Urban,80,19,5,1,3,27
3,1,Clear,Suburban,75,5,4,1,2,5
14,0,Rain,Suburban,87,21,8,3,3,26
4,1,Clear,Highway,81,2,3,0,1,11
9,0,Clear,Suburban,33,41,11,6,6,81
2,1,Clear,Urban,66,2,4,0,1,8
1,0,Rain,Suburban,67,3,4,1,2,8
16,1,Rain,Urban,67,11,14,3,2,18
2,0,Clear,Urban,82,10,2,1,1,10
10,0,Rain,Urban,63,28,9,2,4,17
15,0,Clear,Suburban,79,24,7,1,4,25
9,0,Rain,Highway,56,46,15,4,6,56
3,0,Rain,Highway,75,5,2,1,1,11
0,1,Clear,Urban,83,6,2,1,1,4
18,0,Clear,Urban,55,33,10,3,3,50
19,0,Rain,Suburban,50,31,19,7,4,68
7,1,Clear,Urban,48,32,16,5,5,61
15,0,Clear,Highway,78,29,9,4,3,21
10,1,Clear,Urban,65,12,13,1,3,22
23,0,Rain,Suburban,76,26,5,1,3,32
23,0,Rain,Highway,62,28,9,3,2,24
8,0,Rain,Urban,55,49,11,4,2,66
0,0,Clear,Urban,66,10,2,0,1,15
18,1,Clear,Urban,57,45,18,4,2,54
17,0,Clear,Suburban,22,35,13,6,6,85
9,1,Clear,Suburban,53,42,14,6,2,58
3,0,Clear,Urban,80,7,3,0,1,6
0,1,Clear,Highway,63,4,1,1,2,8
11,0,Clear,Highway,80,22,10,1,4,24
12,0,Clear,Highway,71,13,11,4,4,21
1,0,Clear,Highway,75,8,3,1,1,11
4,0,Clear,Urban,85,4,1,0,2,13
19,0,Clear,Highway,55,44,22,7,2,65
20,0,Rain,Highway,81,14,12,2,4,21
6,0,Clear,Suburban,84,19,6,3,2,33
20,0,Rain,Urban,80,14,14,1,3,37
11,0,Clear,Highway,44,23,12,4,4,49
22,0,Clear,Urban,75,19,7,1,2,32
4,0,Clear,Urban,62,7,3,1,1,14
6,0,Rain,Urban,88,25,7,3,2,26
20,0,Clear,Highway,78,12,5,2,3,28
14,1,Rain,Highway,77,16,14,2,3,12
10,1,Clear,Urban,63,11,7,1,3,29
2,0,Clear,Highway,81,11,3,0,1,10
8,0,Fog,Urban,48,51,15,5,5,45
22,0,Rain,Suburban,71,16,7,1,3,19
7,0,Rain,Suburban,47,52,21,5,2,54
10,0,Clear,Highway,80,18,6,1,2,36
22,0,Clear,Suburban,41,26,7,4,3,46
18,1,Clear,Urban,49,45,20,3,3,44
10,0,Rain,Urban,62,29,14,2,4,20
8,0,Clear,Highway,24,36,21,5,5,95
5,1,Clear,Urban,67,8,1,1,2,10
17,0,Clear,Urban,35,31,12,5,4,76
3,0,Clear,Highway,67,4,2,1,2,18
5,0,Clear,Highway,74,9,1,0,2,13
0,0,Fog,Urban,84,3,2,0,1,6
9,0,Rain,Highway,57,44,13,7,4,68
2,0,Rain,Highway,79,3,4,0,1,8
14,0,Fog,Urban,88,27,12,1,2,29
10,0,Clear,Suburban,84,29,9,3,2,22
9,0,Clear,Urban,23,32,11,6,5,85
15,0,Rain,Urban,82,16,14,3,3,18
21,1,Clear,Urban,78,17,11,1,3,30
6,0,Clear,Urban,75,26,14,4,4,26
10,0,Clear,Urban,82,13,6,1,2,22
5,1,Clear,Suburban,89,7,4,1,1,7
8,0,Fog,Highway,41,45,22,6,3,43
13,0,Clear,Highway,63,27,10,4,3,34
20,0,Clear,Urban,75,16,8,3,2,23
16,0,Clear,Highway,83,15,12,2,2,37
10,1,Clear,Suburban,60,17,8,4,4,14
13,0,Fog,Suburban,61,23,6,4,4,14
19,0,Clear,Urban,47,40,23,6,2,53
5,1,Clear,Highway,82,4,4,1,2,3
22,0,Clear,Highway,89,16,12,1,3,31
8,0,Clear,Highway,27,47,24,6,5,98
11,0,Clear,Urban,80,15,8,4,4,26
20,0,Clear,Urban,41,28,11,1,2,46
13,0,Clear,Highway,66,15,6,4,4,33
19,1,Clear,Urban,55,47,14,6,6,46
6,0,Clear,Highway,41,24,8,4,3,45
10,0,Clear,Highway,55,15,14,1,2,46
19,0,Clear,Urban,34,57,13,3,2,91
18,0,Rain,Urban,40,38,15,5,6,63
15,1,Clear,Urban,60,15,13,2,3,22
21,1,Clear,Suburban,81,19,13,3,2,23
1,1,Clear,Suburban,71,6,4,0,1,13
22,0,Clear,Highway,65,27,6,4,4,21
6,0,Clear,Suburban,72,17,10,3,3,34
5,0,Clear,Urban,84,10,2,1,2,10
21,0,Clear,Suburban,44,16,9,3,4,46
7,0,Rain,Highway,23,44,22,4,3,71
9,0,Rain,Highway,30,50,22,3,2,78
20,0,Clear,Highway,63,28,7,1,3,28
13,1,Clear,Urban,65,14,14,4,4,23
12,0,Clear,Urban,61,23,10,1,2,36
20,0,Rain,Suburban,80,27,11,4,4,20
0,0,Rain,Highway,69,4,2,1,2,5
20,0,Clear,Highway,83,15,10,3,4,32
22,0,Fog,Highway,68,26,10,3,3,27
19,0,Clear,Highway,37,31,13,3,6,88
5,0,Fog,Suburban,84,11,4,0,1,7
10,0,Clear,Highway,71,14,9,4,3,24
3,0,Rain,Urban,64,5,1,1,2,8
22,1,Clear,Urban,89,11,7,2,3,18
0,1,Clear,Urban,69,3,2,1,2,3
11,0,Clear,Urban,53,16,14,2,2,42
15,0,Fog,Highway,62,13,7,4,3,17
10,0,Clear,Highway,82,16,6,2,2,27
1,1,Fog,Urban,60,4,4,0,1,6
5,0,Clear,Suburban,83,10,2,0,2,12
20,0,Rain,Urban,84,17,13,4,4,32
17,1,Clear,Urban,53,43,15,3,4,61
23,1,Clear,Urban,87,10,11,3,4,23
16,1,Clear,Urban,89,12,13,4,3,19
9,0,Clear,Suburban,31,31,22,5,6,89
8,1,Clear,Suburban,77,44,17,7,6,39
15,1,Rain,Highway,63,10,14,2,2,18
18,0,Clear,Urban,59,43,22,6,3,57
16,0,Clear,Highway,78,16,11,2,4,39
6,0,Rain,Urban,67,12,12,1,3,29
13,1,Clear,Urban,73,23,6,2,3,16
0,0,Clear,Highway,78,6,1,1,2,17
1,1,Clear,Urban,89,8,3,0,1,9
8,1,Rain,Highway,43,27,22,4,3,48
21,0,Rain,Urban,78,21,5,1,3,20
5,1,Fog,Suburban,61,8,1,1,1,5
1,0,Clear,Suburban,64,7,3,0,1,10
11,0,Clear,Suburban,61,22,10,3,2,23
13,0,Rain,Suburban,66,17,14,4,2,20
5,1,Rain,Urban,66,2,1,0,2,7
5,0,Clear,Urban,73,4,1,0,2,16
7,1,Rain,Highway,85,44,19,4,4,36
0,0,Rain,Suburban,73,11,3,1,2,9
6,1,Clear,Highway,72,15,11,1,4,32
19,1,Rain,Urban,48,44,23,5,4,48
22,0,Clear,Highway,65,20,13,3,3,32
20,1,Clear,Urban,71,14,7,1,4,18
5,0,Clear,Suburban,69,8,4,0,1,9
5,1,Rain,Urban,74,8,4,0,2,2
2,0,Clear,Urban,80,8,3,1,1,9
19,0,Fog,Urban,87,57,20,4,3,32
9,1,Clear,Suburban,49,43,12,3,2,44
7,0,Rain,Highway,53,51,14,3,3,64
5,1,Clear,Suburban,73,5,4,1,2,11
12,0,Clear,Urban,81,27,9,3,3,27
9,0,Clear,Highway,37,53,17,5,4,78
16,0,Clear,Urban,74,21,8,2,4,36
8,0,Rain,Suburban,51,32,14,7,2,58
23,0,Clear,Highway,65,14,7,2,2,28
2,0,Clear,Highway,74,3,3,1,2,11
9,0,Rain,Suburban,56,47,17,7,5,60
19,0,Clear,Highway,22,36,11,7,5,71
14,1,Clear,Highway,81,20,6,2,4,19
16,1,Clear,Suburban,77,16,12,1,4,34
1,0,Clear,Suburban,88,6,4,1,1,5
6,1,Clear,Highway,87,10,5,2,3,16
19,1,Clear,Urban,51,30,22,3,5,49
0,1,Clear,Highway,67,3,3,0,1,9
13,0,Clear,Suburban,74,27,12,4,3,28
13,0,Fog,Highway,71,18,9,3,3,12
1,0,Fog,Suburban,80,8,3,1,2,3
4,0,Rain,Suburban,64,6,4,1,2,4
21,1,Clear,Suburban,78,23,12,4,3,14
12,1,Clear,Urban,89,21,9,3,4,28
22,1,Clear,Urban,76,9,8,4,2,28
8,0,Rain,Suburban,59,33,13,6,3,42
22,0,Clear,Highway,82,20,9,2,3,38
7,1,Clear,Highway,48,47,19,5,6,62
12,0,Rain,Highway,61,15,8,3,4,33
17,0,Clear,Urban,35,31,18,4,2,73
17,0,Clear,Urban,51,40,17,5,5,56
23,0,Clear,Suburban,79,13,12,3,3,35
18,1,Rain,Highway,63,31,22,3,5,36
15,1,Fog,Suburban,65,15,8,3,4,9
6,0,Clear,Highway,61,22,14,3,2,21
20,0,Fog,Highway,82,19,11,3,3,24
13,0,Clear,Highway,53,23,11,1,3,42
23,1,Clear,Suburban,87,16,14,3,4,34
17,0,Clear,Urban,29,39,13,7,4,95
8,0,Clear,Highway,46,57,12,3,4,65
3,0,Clear,Suburban,80,7,4,1,1,13
9,0,Rain,Suburban,25,39,23,7,3,74
11,1,Clear,Suburban,79,9,7,4,4,14
10,0,Rain,Urban,72,27,7,1,4,26
1,0,Clear,Urban,88,9,1,1,2,8
12,1,Clear,Urban,76,12,9,1,3,32
13,0,Clear,Suburban,89,14,14,2,4,21
6,0,Rain,Highway,74,17,9,3,3,39
18,0,Fog,Urban,79,59,21,5,5,33
9,0,Clear,Urban,28,41,14,4,2,72
0,0,Fog,Urban,83,4,3,0,1,4
4,0,Clear,Urban,73,5,4,0,1,8
1,0,Clear,Highway,61,8,1,0,2,9
1,0,Rain,Suburban,84,6,2,1,1,8
13,0,Clear,Highway,65,14,14,4,4,28
9,0,Clear,Highway,32,57,14,4,6,86
18,1,Clear,Highway,51,47,20,3,6,45
11,0,Clear,Urban,67,16,11,3,4,23
7,1,Fog,Suburban,75,39,14,6,2,27
4,0,Clear,Suburban,74,3,4,0,2,14
8,1,Clear,Suburban,40,27,23,4,4,57
14,0,Clear,Highway,59,15,5,1,3,45
16,0,Rain,Urban,89,25,10,1,3,21
13,1,Clear,Urban,89,18,9,4,3,26
21,0,Clear,Urban,73,17,12,3,2,26
3,1,Rain,Highway,89,8,3,1,1,2
19,0,Rain,Highway,41,41,17,6,2,54
4,0,Rain,Highway,67,7,1,1,2,4
17,1,Clear,Highway,61,47,20,6,6,38
10,0,Clear,Urban,66,25,9,3,3,31
5,0,Clear,Urban,72,3,3,0,2,19
20,1,Clear,Suburban,77,18,5,1,2,21
17,0,Rain,Urban,57,54,17,7,3,52
21,1,Rain,Suburban,69,22,7,1,2,16
3,0,Clear,Highway,77,11,3,0,1,9
14,0,Clear,Highway,45,26,8,4,2,41
22,0,Clear,Suburban,52,26,5,2,4,42
18,0,Clear,Urban,24,46,13,7,3,75
13,0,Rain,Urban,61,19,9,3,3,39
10,0,Clear,Suburban,70,16,11,4,3,35
2,0,Clear,Suburban,67,7,4,0,2,6
16,0,Rain,Urban,81,13,8,2,3,24
13,0,Rain,Suburban,78,16,14,3,2,19
21,0,Clear,Urban,70,18,9,2,4,27
5,0,Clear,Urban,77,11,3,0,2,19
11,1,Clear,Highway,70,17,9,4,4,22
0,0,Clear,Urban,72,5,1,0,1,14
21,1,Clear,Highway,66,11,11,1,3,29
13,0,Clear,Highway,60,13,7,1,3,25
7,0,Rain,Suburban,57,58,18,3,3,48
8,0,Fog,Suburban,75,40,20,4,2,37
8,1,Clear,Urban,41,28,16,4,4,42
17,1,Clear,Suburban,45,38,15,5,5,58
6,0,Clear,Urban,81,17,9,2,4,28
14,0,Clear,Highway,78,27,11,3,3,39
22,0,Clear,Highway,82,17,6,1,3,22
9,1,Fog,Suburban,67,42,21,4,3,34
19,0,Clear,Urban,47,36,19,4,5,58
15,0,Rain,Highway,71,23,14,3,3,35
0,0,Clear,Highway,85,5,2,1,1,10
16,0,Clear,Suburban,57,18,10,1,4,46
8,0,Clear,Suburban,38,34,23,3,3,81
4,0,Clear,Urban,87,6,3,0,2,16
17,0,Clear,Urban,24,52,16,4,5,80
8,0,Clear,Highway,34,48,13,7,5,72
19,0,Clear,Suburban,32,31,10,7,5,94
15,0,Clear,Highway,69,29,9,4,4,26
14,0,Clear,Urban,77,14,12,3,2,23
9,0,Clear,Urban,45,50,24,6,5,67
10,0,Clear,Suburban,64,26,8,2,2,32
0,0,Fog,Urban,85,9,1,0,2,7
5,0,Fog,Urban,69,10,2,1,1,10
1,0,Clear,Highway,60,7,1,0,2,9
4,0,Clear,Urban,72,4,3,1,2,6
10,0,Fog,Highway,72,19,11,2,3,12
1,0,Clear,Urban,77,11,3,0,1,5
21,0,Clear,Highway,43,16,13,2,3,48
8,0,Clear,Urban,26,57,15,4,6,85
21,0,Clear,Urban,51,22,14,4,2,41
13,0,Clear,Suburban,42,22,13,3,4,42
11,0,Clear,Urban,65,26,10,3,4,31
17,0,Fog,Urban,50,40,14,7,2,58
4,1,Clear,Urban,63,5,4,0,1,7
1,0,Rain,Urban,86,9,4,0,1,4
4,0,Clear,Highway,76,10,4,0,1,11
5,0,Clear,Suburban,63,5,3,0,1,18
19,1,Clear,Urban,45,40,13,6,2,65
21,0,Clear,Suburban,85,29,6,4,4,39
3,1,Rain,Highway,87,5,2,0,2,2
18,0,Clear,Highway,21,52,17,7,5,97
18,1,Clear,Suburban,57,41,18,7,2,52
16,0,Fog,Urban,86,20,7,3,3,15
20,0,Clear,Urban,88,20,10,3,4,32
6,0,Fog,Highway,78,19,14,2,4,29
15,0,Clear,Suburban,50,13,6,4,4,49
14,1,Fog,Urban,69,15,11,3,2,19
10,0,Clear,Highway,87,24,11,4,2,36
6,0,Fog,Urban,85,19,9,2,4,18
10,0,Clear,Urban,81,24,11,1,2,37
22,0,Clear,Highway,79,19,12,3,2,29
16,0,Clear,Highway,58,21,12,4,2,45
23,1,Clear,Suburban,74,22,14,4,4,33
11,0,Clear,Suburban,78,22,10,4,4,39
7,0,Clear,Urban,48,53,19,5,3,59
1,0,Clear,Urban,86,11,4,1,1,8
6,0,Rain,Suburban,62,25,10,2,3,32
0,1,Clear,Suburban,83,7,4,1,2,8
19,0,Rain,Highway,27,30,14,7,6,76
17,0,Clear,Suburban,20,50,19,6,4,86
22,0,Clear,Suburban,67,26,13,4,2,34
20,1,Clear,Highway,82,13,12,1,4,32
1,1,Fog,Urban,74,3,3,1,1,7
0,0,Clear,Suburban,78,5,4,1,2,11
5,1,Clear,Urban,61,5,1,1,1,4
18,0,Clear,Urban,39,41,15,7,4,93
1,0,Rain,Urban,64,7,2,0,2,8
7,0,Clear,Urban,46,47,10,5,6,59
10,0,Clear,Urban,43,15,11,2,3,42
18,0,Clear,Highway,45,40,19,6,2,58
19,1,Clear,Urban,48,40,10,4,4,65
4,1,Rain,Urban,70,6,1,0,2,7
1,1,Clear,Highway,70,4,4,0,2,11
4,0,Clear,Suburban,63,8,4,0,2,17
0,0,Fog,Urban,73,11,3,0,2,9
4,1,Clear,Urban,63,3,3,1,2,7
16,0,Clear,Highway,59,19,5,4,4,43
15,0,Rain,Urban,80,29,14,4,4,25
2,0,Clear,Suburban,88,8,3,1,2,11
3,1,Clear,Suburban,82,4,2,1,2,8
18,1,Rain,Suburban,54,43,24,5,4,48
19,0,Clear,Urban,52,45,15,7,2,64
14,0,Clear,Suburban,82,12,5,4,4,40
12,0,Clear,Urban,40,15,9,3,2,44
17,0,Clear,Urban,26,52,20,5,6,86
3,0,Clear,Suburban,62,8,4,0,2,12
21,1,Clear,Highway,62,17,9,3,3,32
18,0,Clear,Suburban,22,37,11,5,3,97
8,1,Clear,Highway,84,31,24,7,5,35
0,0,Fog,Urban,77,7,2,1,1,3
15,1,Clear,Suburban,73,12,11,4,4,28
2,0,Fog,Urban,84,7,4,0,1,10
12,0,Rain,Urban,76,24,11,4,2,32
10,1,Rain,Urban,84,20,7,1,3,26
11,0,Rain,Suburban,66,27,13,1,2,32
12,1,Rain,Urban,80,12,13,3,4,18
21,0,Clear,Suburban,67,17,11,3,2,26
22,1,Clear,Urban,64,20,5,1,3,23
2,0,Rain,Highway,60,7,2,0,2,10
22,1,Rain,Highway,76,16,10,1,4,20
10,1,Clear,Urban,68,19,13,4,2,34
21,1,Fog,Suburban,66,22,10,2,4,17
4,0,Rain,Highway,79,6,1,1,1,5
4,0,Clear,Highway,88,4,1,1,2,17
3,0,Clear,Highway,63,7,4,1,2,5
10,0,Rain,Highway,83,17,8,4,3,16
11,1,Clear,Suburban,84,19,13,4,4,30
16,1,Clear,Highway,80,10,10,2,4,33
7,0,Clear,Urban,51,45,15,3,2,51
8,0,Clear,Urban,27,51,10,4,3,80
10,0,Clear,Suburban,42,16,13,2,3,42
8,0,Fog,Urban,57,51,18,4,2,46
0,1,Clear,Suburban,63,7,4,1,1,10
11,0,Clear,Suburban,82,22,5,3,4,35
22,0,Fog,Suburban,70,16,12,1,3,27
10,1,Clear,Highway,65,15,7,4,4,27
23,0,Rain,Urban,65,23,11,4,4,38
16,0,Clear,Highway,87,21,14,1,4,27
20,0,Clear,Highway,88,13,12,4,2,33
8,1,Clear,Urban,43,28,24,7,3,56
7,0,Rain,Urban,46,52,24,7,2,64
4,1,Clear,Highway,78,2,2,1,2,12
22,1,Clear,Suburban,64,18,8,2,3,32
2,0,Clear,Suburban,77,10,3,0,2,12
18,0,Rain,Suburban,42,31,10,3,6,64
4,1,Clear,Highway,60,8,1,1,2,4
11,0,Clear,Suburban,55,28,13,4,2,49
5,1,Clear,Urban,62,3,1,0,1,11
4,1,Clear,Suburban,72,4,4,0,2,8
4,0,Clear,Urban,76,9,1,1,1,13
13,0,Clear,Highway,74,20,13,2,3,27
4,0,Clear,Suburban,74,4,3,0,2,5
2,0,Clear,Suburban,63,6,2,1,1,12
13,1,Rain,Suburban,85,19,11,4,4,24
2,0,Clear,Highway,60,6,2,1,2,18
13,0,Rain,Urban,61,19,14,2,2,36
17,0,Clear,Highway,21,32,12,6,5,77
22,1,Clear,Urban,62,19,11,3,3,14
1,1,Clear,Urban,66,4,4,0,2,11
22,1,Clear,Highway,78,11,12,2,3,28
21,0,Clear,Highway,75,28,7,4,2,38
14,0,Clear,Urban,82,27,8,2,2,23
1,0,Clear,Highway,64,10,3,1,2,12
19,0,Clear,Urban,23,35,13,6,3,74
0,0,Clear,Highway,79,9,1,0,1,5
17,0,Clear,Urban,32,47,17,6,2,96
7,1,Fog,Suburban,80,35,17,3,6,30
6,0,Clear,Urban,82,29,10,4,4,28
22,0,Clear,Suburban,46,22,9,2,4,45
13,1,Clear,Suburban,60,19,13,1,3,33
2,0,Rain,Urban,69,4,4,1,2,8
8,0,Rain,Highway,31,45,17,6,2,76
16,1,Clear,Urban,87,16,8,2,4,19
3,1,Clear,Highway,88,3,4,1,2,5
20,1,Clear,Suburban,63,14,14,2,4,22
5,0,Fog,Suburban,71,4,3,0,2,9
19,1,Rain,Urban,58,40,24,7,2,48
10,0,Clear,Suburban,49,26,9,2,2,44
3,0,Clear,Urban,64,5,2,0,1,10
23,1,Clear,Highway,87,22,11,4,2,21
2,0,Clear,Urban,71,3,4,1,1,13
18,1,Rain,Highway,51,34,11,4,6,48
14,0,Clear,Urban,74,19,13,3,3,32
1,0,Clear,Highway,84,10,4,0,1,5
18,0,Clear,Urban,35,56,21,4,4,97
16,1,Rain,Urban,77,9,9,4,3,16
2,0,Clear,Urban,71,10,3,0,1,6
2,0,Clear,Highway,66,3,1,1,2,10
20,0,Clear,Highway,47,21,9,1,3,41
4,0,Clear,Suburban,62,8,4,1,2,14
4,0,Clear,Urban,71,6,1,1,1,9
11,0,Clear,Suburban,74,14,6,4,2,26
10,1,Rain,Urban,81,18,12,1,4,20
9,0,Fog,Urban,82,42,20,6,3,31
15,0,Fog,Urban,63,28,6,3,2,19
8,1,Clear,Highway,45,25,11,4,2,62
23,1,Clear,Urban,87,16,7,3,3,33
1,0,Clear,Highway,73,5,3,0,1,6
11,0,Clear,Urban,84,23,8,3,4,22
16,0,Clear,Urban,73,29,8,1,4,28
1,0,Clear,Urban,86,8,2,0,2,5
20,1,Clear,Highway,88,18,13,4,2,15
17,1,Clear,Highway,53,36,22,4,5,50
18,0,Clear,Urban,53,30,13,5,2,55
16,0,Clear,Suburban,75,14,9,2,2,38
8,0,Clear,Suburban,48,54,17,5,5,59
16,0,Clear,Urban,68,28,14,1,3,32
23,0,Clear,Urban,66,20,6,2,2,21
19,0,Rain,Urban,51,58,21,3,5,45
6,0,Clear,Suburban,84,22,13,1,3,38
10,0,Clear,Suburban,68,18,14,2,3,36
10,0,Clear,Urban,63,25,7,4,3,39
1,0,Clear,Suburban,66,4,3,1,1,16
14,1,Clear,Highway,88,20,7,4,3,21
15,0,Clear,Urban,48,16,13,1,2,48
10,0,Clear,Highway,74,26,9,4,3,36
16,0,Clear,Suburban,82,19,8,1,3,33
16,0,Clear,Urban,53,26,5,4,3,48
19,0,Clear,Highway,53,55,12,4,6,58
1,0,Rain,Suburban,82,3,3,0,1,12
5,1,Clear,Suburban,67,7,4,1,2,6
23,0,Clear,Highway,57,25,10,3,4,41
2,0,Clear,Highway,67,7,2,0,2,9
9,1,Clear,Highway,81,39,21,6,2,35
4,0,Rain,Highway,74,11,2,0,1,15
5,0,Clear,Suburban,77,5,3,1,2,11
1,0,Clear,Urban,62,5,4,0,2,17
2,0,Clear,Urban,68,11,4,0,2,16
22,1,Clear,Urban,60,20,14,1,3,28
11,0,Clear,Suburban,65,14,11,1,3,28
21,0,Clear,Urban,75,19,5,3,3,21
1,1,Clear,Urban,63,4,1,1,1,13
18,0,Clear,Urban,33,45,15,7,2,89
2,0,Clear,Suburban,87,11,3,0,2,11
6,0,Clear,Suburban,73,28,5,4,2,33
21,0,Rain,Urban,83,26,9,1,2,19
8,0,Clear,Urban,21,36,19,5,2,76
20,0,Clear,Urban,70,26,9,4,3,35
16,0,Clear,Urban,86,26,13,2,3,37
18,0,Clear,Urban,22,59,23,6,4,73
23,0,Clear,Suburban,87,27,13,4,3,34
7,0,Clear,Urban,33,33,10,4,2,78
11,0,Clear,Suburban,47,19,10,2,4,48
8,1,Clear,Suburban,47,40,24,6,4,56
14,1,Clear,Suburban,62,16,5,2,3,32
23,1,Clear,Urban,61,19,5,2,4,25
9,1,Clear,Suburban,76,32,24,6,3,36
16,1,Clear,Urban,84,15,9,4,4,25
2,1,Clear,Highway,66,7,2,1,1,9
17,0,Clear,Suburban,41,39,19,5,2,66
0,0,Rain,Urban,70,11,1,0,2,12
6,0,Clear,Urban,75,12,11,2,2,21
15,0,Clear,Suburban,43,15,6,4,2,47
22,0,Clear,Highway,85,20,13,2,4,22
16,1,Clear,Suburban,66,19,5,1,2,16
5,0,Clear,Highway,75,4,2,0,1,13
14,0,Clear,Suburban,88,17,11,4,3,32
18,1,Fog,Suburban,76,27,12,5,2,37
15,0,Clear,Suburban,73,17,9,4,4,25
12,0,Clear,Highway,61,17,14,3,4,33
8,1,Clear,Urban,58,25,22,7,6,64
11,0,Rain,Urban,65,21,6,4,3,21
0,0,Clear,Urban,70,11,1,0,2,7
16,1,Clear,Urban,67,22,13,4,3,34
18,1,Fog,Urban,72,36,18,6,2,25
23,0,Clear,Suburban,61,12,7,2,4,33
5,0,Fog,Highway,83,5,1,0,1,5
15,0,Clear,Suburban,89,21,10,1,2,38
18,0,Fog,Suburban,75,51,10,5,5,34
20,0,Rain,Suburban,87,17,11,3,4,35
3,0,Clear,Suburban,89,6,4,1,2,16
11,0,Rain,Highway,79,24,7,1,3,38
23,1,Rain,Suburban,64,21,6,3,2,24
19,0,Rain,Urban,50,35,13,6,5,66
11,0,Clear,Suburban,49,29,6,1,3,42
13,0,Clear,Urban,72,23,14,2,2,22
5,0,Rain,Highway,80,3,2,0,2,4
22,0,Clear,Urban,40,29,6,1,4,48
22,0,Clear,Urban,70,24,11,4,4,39
9,1,Clear,Urban,54,31,11,3,4,58
23,1,Clear,Suburban,75,10,12,4,3,23
16,0,Clear,Suburban,58,14,13,2,3,44
22,0,Clear,Urban,58,17,14,1,2,44
16,0,Fog,Urban,81,18,9,3,2,28
23,0,Clear,Highway,61,26,11,2,3,38
9,0,Clear,Highway,48,53,15,6,5,55
5,1,Fog,Urban,76,8,2,0,1,2
0,0,Fog,Highway,62,7,4,0,1,5
7,0,Clear,Highway,33,42,24,3,6,81
14,1,Fog,Highway,71,19,13,2,2,18
13,0,Fog,Urban,88,23,9,3,2,27
12,0,Clear,Suburban,74,19,11,1,3,38
7,0,Clear,Suburban,51,34,22,3,3,54
11,1,Clear,Urban,83,16,6,1,2,33
4,1,Clear,Suburban,85,5,1,1,2,5
14,1,Clear,Highway,69,16,12,2,4,14
16,0,Rain,Urban,68,19,12,3,3,31
5,1,Fog,Highway,75,3,4,1,1,4
20,0,Clear,Urban,71,12,8,2,2,21
1,0,Fog,Urban,69,8,4,0,2,8
14,1,Rain,Suburban,87,14,14,2,3,25
13,0,Clear,Urban,86,21,11,4,4,29
10,0,Fog,Highway,66,22,9,4,4,19
7,0,Clear,Suburban,28,50,19,7,4,94
5,0,Clear,Highway,60,4,1,0,1,14
4,0,Clear,Urban,72,7,2,1,2,14
15,0,Rain,Suburban,63,16,7,3,4,27
13,0,Clear,Urban,61,21,11,3,2,22
16,1,Clear,Highway,78,19,7,1,2,23
1,1,Clear,Urban,80,3,2,0,1,9
19,0,Clear,Suburban,57,41,18,4,6,68
2,1,Clear,Suburban,79,4,2,1,1,4
4,1,Clear,Suburban,60,8,1,0,2,12
19,0,Clear,Urban,30,33,14,3,4,82
9,0,Clear,Urban,27,34,12,5,3,94
16,1,Clear,Suburban,66,16,11,4,3,23
2,1,Clear,Urban,63,4,2,0,2,4
11,0,Rain,Highway,83,17,5,1,4,17
20,0,Rain,Highway,70,29,6,3,3,20
22,0,Fog,Suburban,74,27,13,2,3,24
0,0,Clear,Urban,84,5,1,0,2,7
13,0,Clear,Highway,48,12,13,1,2,41
15,0,Clear,Highway,40,20,5,1,2,44
21,1,Fog,Suburban,62,9,8,1,3,13
8,0,Clear,Highway,24,57,18,4,2,93
23,0,Fog,Urban,68,18,12,4,3,19
17,0,Rain,Urban,44,53,14,4,4,64
8,0,Clear,Urban,22,50,15,6,3,89
17,1,Clear,Highway,53,46,19,3,6,46
12,1,Clear,Urban,85,20,8,2,2,32
14,0,Clear,Urban,81,29,9,4,4,36
22,0,Fog,Suburban,61,21,9,4,2,29
17,1,Clear,Highway,49,24,13,7,2,49
23,0,Rain,Urban,62,18,9,1,2,31
22,0,Clear,Suburban,79,14,5,1,4,25
6,0,Rain,Suburban,83,15,8,3,4,32
4,0,Rain,Urban,67,5,2,1,2,13
1,0,Rain,Urban,73,6,3,1,1,14
18,0,Clear,Suburban,55,44,21,3,2,57
3,0,Fog,Suburban,70,8,2,0,2,3
15,1,Clear,Urban,80,12,13,4,4,33
20,1,Clear,Urban,85,16,6,1,2,21
7,0,Clear,Urban,49,59,19,5,3,51
10,0,Rain,Urban,67,16,12,4,4,24
5,1,Clear,Urban,73,6,3,0,2,13
5,1,Rain,Suburban,73,7,2,1,2,3
9,0,Clear,Highway,56,43,14,6,2,61
0,0,Clear,Urban,78,11,3,1,1,10
7,0,Clear,Suburban,46,34,16,7,6,68
17,0,Clear,Urban,23,34,17,7,6,71
15,0,Fog,Suburban,71,14,6,4,2,25
3,1,Clear,Suburban,80,4,3,0,2,7
8,0,Clear,Urban,44,43,24,6,2,70
6,0,Clear,Highway,69,16,14,4,2,32
9,0,Clear,Suburban,56,50,14,3,5,50
13,0,Clear,Suburban,88,17,5,2,2,32
10,1,Rain,Suburban,82,9,6,3,4,20
4,0,Fog,Suburban,67,10,1,0,1,8
16,1,Clear,Urban,67,9,14,3,2,28
15,1,Clear,Highway,61,23,9,1,2,34
5,0,Fog,Highway,60,7,4,1,2,8
9,0,Rain,Suburban,41,41,14,6,5,63
22,0,Clear,Suburban,85,20,9,1,3,36
14,0,Clear,Suburban,63,25,13,1,3,22
14,0,Clear,Urban,64,21,12,4,4,20
5,0,Clear,Suburban,60,3,2,0,2,12
7,0,Clear,Urban,21,45,11,7,4,74
5,0,Clear,Suburban,83,5,3,0,1,13
16,1,Clear,Highway,69,9,11,2,3,20
8,0,Clear,Highway,50,59,12,4,3,56
14,1,Rain,Highway,69,17,11,3,3,27
20,0,Clear,Urban,84,23,13,1,4,34
15,1,Rain,Suburban,82,22,9,4,2,17
1,0,Clear,Suburban,64,7,2,1,1,10
22,1,Rain,Suburban,60,9,9,3,4,18
3,0,Clear,Urban,74,9,2,1,2,13
11,1,Clear,Highway,78,16,8,2,3,23
16,0,Clear,Highway,69,23,10,1,4,37
3,0,Clear,Urban,67,11,2,1,2,17
16,0,Rain,Urban,73,28,13,3,4,19
20,0,Clear,Highway,89,17,10,4,3,20
8,0,Clear,Suburban,46,56,16,5,5,60
8,0,Fog,Urban,57,41,13,7,5,45
8,0,Clear,Highway,20,35,24,7,2,92
20,1,Rain,Urban,81,16,5,1,4,25
17,0,Rain,Urban,44,42,15,4,3,46
19,1,Clear,Urban,67,28,15,6,2,36
23,0,Clear,Urban,69,19,6,4,4,30
12,0,Rain,Urban,72,19,12,4,2,33
0,0,Rain,Urban,80,10,1,1,2,4
4,0,Clear,Urban,74,11,1,1,2,7
3,0,Clear,Urban,63,7,4,0,1,17
12,0,Clear,Highway,78,22,5,2,3,38
3,0,Clear,Highway,75,11,2,1,2,7
22,1,Clear,Urban,62,14,9,4,2,28
14,0,Clear,Highway,45,15,12,4,3,44
23,0,Clear,Highway,73,23,12,2,2,36
8,0,Clear,Highway,30,49,24,7,3,93
9,0,Clear,Highway,35,49,21,7,3,75
14,0,Clear,Highway,85,17,14,3,4,39
19,0,Clear,Urban,43,35,10,4,4,52
1,0,Clear,Suburban,64,10,3,0,1,12
0,0,Rain,Urban,81,4,1,1,1,15
5,0,Clear,Urban,72,8,4,1,2,6
13,0,Clear,Suburban,50,13,12,4,2,43
5,0,Clear,Highway,87,10,1,1,1,9
13,0,Rain,Highway,80,17,10,4,4,20
7,1,Fog,Suburban,82,46,11,3,4,25
6,0,Rain,Suburban,72,27,7,2,3,20
23,0,Rain,Highway,83,20,13,1,3,28
7,0,Clear,Highway,35,33,22,6,5,86
5,0,Clear,Urban,72,11,1,0,1,10
16,0,Clear,Suburban,75,16,14,3,2,21
20,1,Clear,Highway,80,17,5,3,4,14
1,0,Clear,Highway,64,4,4,0,1,15
17,0,Clear,Suburban,22,45,18,5,2,77
13,0,Clear,Highway,73,19,7,2,3,22
0,0,Clear,Urban,84,11,2,1,2,19
6,1,Clear,Suburban,73,18,14,2,2,30
6,1,Clear,Urban,64,21,7,1,4,32
2,0,Clear,Urban,67,4,2,1,2,7
9,0,Clear,Urban,36,47,15,4,2,77
14,0,Clear,Highway,64,17,12,1,2,21
22,0,Clear,Highway,42,27,10,1,4,48
22,0,Clear,Highway,66,24,13,1,2,30
2,0,Clear,Urban,87,4,3,1,2,16
5,1,Clear,Urban,77,6,1,0,1,4
3,0,Clear,Urban,85,4,4,0,2,13
10,0,Clear,Urban,53,26,9,1,2,46
13,0,Rain,Highway,66,13,8,2,3,20
17,0,Clear,Highway,50,49,17,3,2,58
5,0,Clear,Highway,66,5,4,1,2,7
21,0,Fog,Suburban,77,23,14,4,4,23
1,0,Rain,Highway,73,11,4,1,1,12
5,0,Clear,Suburban,81,7,3,0,2,16
1,0,Clear,Highway,60,9,2,1,2,14
21,0,Rain,Highway,60,17,14,4,2,34
18,0,Clear,Suburban,27,45,12,6,3,96
9,1,Clear,Suburban,55,27,12,3,4,56
11,1,Fog,Suburban,69,17,14,4,4,20
12,0,Clear,Urban,65,29,8,3,2,37
3,0,Clear,Urban,73,9,1,0,2,16
22,0,Clear,Suburban,79,19,5,4,3,25
3,0,Clear,Suburban,63,3,1,1,2,9
4,1,Clear,Suburban,87,7,3,1,2,5
13,0,Clear,Urban,68,16,11,1,4,37
5,0,Clear,Highway,89,9,1,0,1,9
18,0,Clear,Urban,36,54,10,7,6,89
8,0,Clear,Urban,41,59,15,7,6,66
8,1,Clear,Suburban,55,32,16,7,4,63
20,0,Rain,Suburban,61,29,6,4,4,16
6,1,Rain,Suburban,77,20,7,4,4,12
19,0,Clear,Suburban,47,57,21,7,4,59
16,0,Rain,Urban,61,28,5,3,3,16
4,0,Clear,Suburban,82,6,3,0,1,12
3,0,Clear,Urban,77,4,1,0,1,18
1,1,Clear,Highway,78,4,2,1,2,4
9,0,Clear,Highway,24,47,11,3,2,90
5,1,Clear,Urban,87,3,1,0,2,7
8,0,Clear,Highway,26,57,18,6,2,86
13,1,Fog,Suburban,78,16,10,4,4,19
4,0,Clear,Urban,83,8,1,0,1,7
17,1,Clear,Highway,50,24,15,3,3,65
9,1,Rain,Urban,75,38,12,6,3,32
11,1,Clear,Suburban,71,12,11,4,2,15
15,1,Clear,Urban,69,15,13,2,4,20
11,1,Clear,Urban,69,14,6,2,2,27
7,0,Rain,Highway,58,49,20,5,4,51
22,0,Clear,Suburban,60,15,7,3,3,39
4,0,Clear,Urban,83,11,2,0,2,8
10,0,Clear,Highway,64,16,12,4,3,38
11,0,Rain,Highway,64,16,13,1,3,16
2,0,Clear,Suburban,83,8,2,0,1,10
23,1,Rain,Suburban,64,12,9,3,3,25
0,0,Clear,Suburban,63,10,1,0,1,13
3,0,Clear,Highway,75,4,3,0,2,16
17,0,Clear,Urban,23,33,20,4,3,89
3,0,Clear,Urban,61,3,3,0,1,12
15,0,Rain,Suburban,83,15,6,3,4,33
17,1,Clear,Suburban,80,29,19,6,6,40
16,0,Clear,Urban,41,16,8,3,4,47
11,0,Clear,Urban,89,22,14,3,4,36
13,0,Rain,Highway,63,17,8,3,2,28
4,0,Clear,Highway,64,6,4,1,1,10
10,0,Clear,Urban,88,12,10,4,4,38
3,0,Rain,Highway,88,7,4,0,2,10
14,1,Clear,Highway,84,16,5,4,2,26
17,0,Clear,Urban,24,57,18,6,5,85
13,0,Clear,Highway,75,21,10,4,3,33
15,0,Clear,Urban,86,25,11,4,4,24
8,0,Clear,Urban,35,49,14,4,6,78
20,0,Clear,Suburban,74,16,11,2,2,20
0,0,Clear,Urban,85,6,3,0,1,13
4,0,Clear,Highway,64,7,2,1,2,5
21,0,Fog,Suburban,78,21,8,3,2,13
18,0,Clear,Highway,59,41,18,5,5,67
13,0,Clear,Suburban,51,15,13,4,3,49
19,1,Clear,Suburban,45,24,10,6,6,61
0,0,Rain,Suburban,65,3,4,1,2,6
4,0,Clear,Suburban,83,9,2,0,1,14
2,1,Clear,Urban,63,2,3,0,2,6
5,0,Clear,Urban,69,3,1,1,2,9
19,0,Clear,Urban,59,53,11,7,5,53
6,1,Clear,Urban,85,22,5,4,3,25
20,0,Rain,Suburban,71,17,13,4,4,23
4,1,Fog,Suburban,75,3,4,0,1,2
1,0,Fog,Suburban,73,11,3,1,2,3
23,0,Rain,Highway,70,28,10,1,2,23
7,0,Clear,Urban,52,49,12,7,3,59
23,1,Clear,Urban,80,12,6,2,3,25
12,0,Rain,Suburban,79,20,10,1,2,19
0,1,Clear,Urban,73,5,3,0,2,9
9,0,Clear,Suburban,49,56,23,5,5,50
5,0,Rain,Highway,75,4,4,1,2,6
22,0,Clear,Urban,85,29,7,2,2,21
18,0,Clear,Highway,30,58,11,7,2,96
3,0,Clear,Suburban,84,8,4,1,2,12
12,1,Clear,Highway,88,17,11,2,2,33
12,0,Clear,Suburban,75,21,9,3,3,28
8,1,Rain,Urban,50,28,18,6,5,55
23,1,Clear,Suburban,71,12,12,3,3,16
4,1,Rain,Urban,80,8,4,1,1,8
12,1,Clear,Highway,72,22,7,4,3,32
9,1,Clear,Urban,43,44,21,7,3,65
21,1,Rain,Suburban,76,13,13,4,3,20
14,0,Clear,Urban,46,20,8,4,4,46
11,1,Clear,Urban,89,19,14,1,4,30
5,0,Clear,Highway,75,4,2,0,2,11
20,0,Rain,Urban,65,18,5,2,2,36
7,0,Fog,Suburban,56,56,17,5,5,43
2,1,Rain,Highway,63,2,2,1,2,8
14,1,Clear,Suburban,72,9,13,1,3,26
17,0,Rain,Urban,57,57,12,6,2,60
16,0,Fog,Highway,70,22,11,1,2,25
5,1,Rain,Urban,76,4,2,1,2,9
20,0,Rain,Suburban,85,14,14,2,3,20
18,1,Clear,Urban,78,44,19,5,2,36
13,0,Rain,Suburban,60,15,11,2,2,37
23,0,Clear,Highway,56,13,13,4,3,48
13,0,Clear,Urban,75,25,7,2,4,21
19,0,Clear,Highway,38,55,11,7,3,90
21,1,Clear,Suburban,63,14,8,2,3,21
10,0,Clear,Suburban,85,15,9,3,4,31
10,1,Clear,Urban,66,20,7,3,3,23
18,0,Clear,Highway,47,35,19,4,2,65
6,0,Clear,Urban,68,17,8,3,2,34
5,0,Clear,Suburban,65,3,3,0,2,18
3,0,Clear,Suburban,70,7,4,0,1,16
8,0,Clear,Highway,31,43,15,4,5,71
14,1,Clear,Urban,71,11,7,3,2,14
10,0,Clear,Suburban,79,22,8,3,2,23
1,0,Rain,Highway,63,10,2,0,1,8
12,0,Clear,Suburban,85,20,11,3,4,40
15,0,Clear,Highway,87,28,7,2,3,40
2,1,Rain,Suburban,84,4,4,1,2,10
19,1,Clear,Urban,45,38,14,3,2,56
18,0,Clear,Highway,56,59,22,5,5,56
0,0,Clear,Urban,66,11,4,1,1,19
13,0,Rain,Highway,78,16,5,3,4,35
6,1,Rain,Urban,68,11,9,1,4,17
5,1,Rain,Suburban,78,4,3,1,2,7
22,0,Clear,Highway,84,22,8,1,2,22
18,0,Clear,Suburban,57,57,13,5,2,58
10,0,Clear,Urban,70,19,13,2,3,21
1,1,Clear,Urban,77,3,1,0,2,9
21,1,Clear,Suburban,73,22,8,4,2,31
7,0,Clear,Urban,51,38,11,6,4,63
20,0,Clear,Highway,79,20,7,4,3,29
7,0,Clear,Highway,33,50,24,5,6,73
3,0,Rain,Suburban,86,8,4,0,2,8
23,0,Clear,Highway,52,12,12,3,2,47
6,0,Fog,Highway,79,28,14,1,3,23
4,0,Clear,Suburban,79,10,1,0,1,17
7,0,Clear,Urban,41,35,12,4,5,51
20,0,Clear,Highway,79,29,7,2,2,36
20,1,Clear,Highway,81,12,5,2,4,30
13,1,Clear,Highway,69,17,7,2,4,21
1,0,Clear,Highway,78,4,1,0,1,16
8,0,Rain,Urban,36,57,21,3,2,76
21,1,Rain,Highway,73,14,12,3,2,12
13,0,Clear,Suburban,51,12,5,1,2,42
0,1,Rain,Suburban,86,7,4,1,2,8
16,1,Rain,Urban,73,18,11,3,3,11
13,0,Fog,Urban,71,21,6,1,2,22
8,1,Rain,Suburban,46,27,20,5,4,41
20,1,Rain,Highway,61,16,6,4,4,24
19,0,Clear,Highway,55,54,12,5,5,59
0,1,Clear,Urban,62,4,4,0,1,8
0,0,Rain,Urban,81,11,1,0,2,7
14,0,Clear,Suburban,61,16,14,3,4,40
18,1,Rain,Urban,86,40,18,4,6,36
16,0,Clear,Suburban,66,13,10,4,2,30
12,0,Clear,Urban,84,25,6,4,4,27
21,0,Rain,Highway,89,19,7,2,2,25
23,1,Fog,Suburban,79,21,12,4,3,13
23,0,Clear,Urban,79,21,9,1,2,35
23,0,Clear,Urban,46,16,12,1,3,49
21,0,Clear,Highway,88,22,7,4,4,39
6,0,Rain,Urban,77,12,10,1,2,32
15,1,Clear,Highway,77,9,7,2,3,25
10,1,Clear,Suburban,85,23,11,2,4,26
7,1,Clear,Urban,54,30,14,4,3,59
5,1,Clear,Highway,65,4,2,1,1,13
23,1,Clear,Urban,85,19,13,2,4,26
0,0,Clear,Urban,68,6,1,1,1,11
22,0,Fog,Highway,79,17,13,4,4,18
13,1,Clear,Suburban,64,21,5,4,3,21
14,1,Clear,Suburban,74,18,6,4,3,25
10,0,Clear,Suburban,69,17,10,1,2,25
19,1,Clear,Urban,87,36,19,3,3,35
7,1,Clear,Highway,58,34,17,5,2,52
3,1,Clear,Highway,69,8,4,0,1,11
17,0,Clear,Highway,57,57,17,7,5,61
16,1,Clear,Urban,74,20,12,4,4,20
6,0,Clear,Urban,76,14,9,1,4,30
14,1,Clear,Urban,73,23,11,4,2,25
5,0,Clear,Suburban,82,7,3,1,2,14
0,0,Clear,Suburban,70,4,2,0,2,5
9,0,Clear,Highway,26,57,12,5,5,94
2,1,Clear,Urban,83,4,4,0,1,9
12,0,Clear,Urban,43,17,8,3,4,49
14,0,Clear,Urban,67,28,13,2,4,22
0,1,Clear,Urban,71,4,4,0,2,6
3,0,Rain,Suburban,68,9,2,0,2,12
6,0,Clear,Urban,78,26,14,2,2,35
9,0,Clear,Suburban,21,32,19,7,3,75
12,0,Clear,Highway,45,26,6,1,2,41
11,1,Rain,Suburban,85,15,12,2,3,12
14,0,Clear,Urban,85,22,8,4,2,29
1,0,Clear,Suburban,71,7,4,1,1,7
10,1,Clear,Urban,82,21,9,2,4,25
9,1,Clear,Suburban,56,44,14,6,6,65
9,1,Clear,Highway,56,37,23,3,6,43
5,1,Rain,Highway,82,8,1,1,1,2
12,0,Clear,Suburban,87,17,13,4,3,37
0,1,Clear,Urban,77,7,1,0,2,9
22,0,Rain,Suburban,83,16,9,2,3,36
14,0,Clear,Suburban,69,25,5,3,2,31
12,0,Clear,Suburban,89,24,12,3,4,31
4,0,Clear,Highway,77,10,3,1,2,16
11,0,Clear,Urban,45,14,5,3,2,47
19,0,Clear,Suburban,41,42,13,4,5,70
21,0,Fog,Highway,84,24,10,3,2,25
0,0,Clear,Urban,73,11,4,0,2,12
20,0,Clear,Urban,40,23,11,1,2,44
23,0,Fog,Highway,77,21,9,4,2,15
10,0,Clear,Highway,74,18,11,1,3,36
16,0,Rain,Suburban,73,19,7,1,4,28
1,0,Clear,Highway,64,8,2,0,2,17
14,0,Rain,Suburban,73,12,11,1,3,37
18,0,Clear,Urban,31,54,10,5,4,95
11,0,Rain,Urban,67,21,11,3,4,26
0,0,Clear,Highway,81,7,4,1,1,12
20,0,Clear,Highway,66,21,9,3,2,37
7,0,Clear,Urban,29,50,21,7,5,83
4,0,Clear,Highway,78,3,1,1,2,16
23,0,Rain,Highway,81,27,8,1,3,24
5,0,Clear,Urban,87,11,2,0,1,11
2,1,Clear,Suburban,87,3,3,1,2,11
11,0,Clear,Highway,67,17,9,4,3,38
9,0,Clear,Suburban,50,34,21,3,5,65
19,0,Rain,Urban,53,52,20,7,3,66
9,0,Clear,Suburban,50,59,23,6,6,59
11,0,Clear,Urban,51,15,5,3,2,47
6,0,Clear,Suburban,71,13,9,2,4,25
12,0,Clear,Urban,56,15,13,3,3,41
11,0,Clear,Suburban,48,28,14,4,2,43
19,0,Clear,Urban,53,51,12,3,4,60
13,0,Clear,Urban,57,28,10,3,3,45
21,0,Clear,Urban,58,15,5,3,2,46
16,0,Fog,Urban,67,17,13,1,3,21
3,1,Clear,Suburban,71,6,1,1,1,9
17,0,Clear,Highway,31,32,18,5,2,93
3,1,Clear,Highway,73,7,2,1,2,10
9,0,Rain,Urban,44,35,19,6,3,57
15,0,Clear,Suburban,61,20,9,4,3,39
22,0,Rain,Highway,83,16,12,4,4,28
20,0,Clear,Suburban,56,18,14,3,2,46
7,1,Rain,Suburban,50,28,20,6,4,43
22,0,Fog,Urban,69,27,11,3,4,22
19,0,Rain,Suburban,36,45,18,3,2,73
20,0,Clear,Suburban,85,26,7,1,3,21
11,0,Clear,Suburban,47,17,5,2,2,44
23,0,Rain,Urban,71,12,8,2,4,26
7,0,Clear,Urban,44,46,18,5,2,65
7,1,Rain,Urban,75,29,11,5,2,40
12,0,Clear,Highway,55,17,6,3,4,41
0,0,Rain,Suburban,62,9,1,0,1,12
21,0,Clear,Urban,68,22,11,3,3,35
4,0,Clear,Urban,73,6,3,0,2,7
7,0,Clear,Highway,37,32,14,4,5,85
22,0,Clear,Highway,65,22,13,1,2,27
15,0,Clear,Highway,89,15,12,3,2,34
9,0,Clear,Urban,25,50,20,3,6,93
10,1,Clear,Highway,89,20,5,2,4,30
15,0,Rain,Suburban,64,25,11,1,2,24
1,0,Clear,Highway,80,5,1,1,2,9
6,0,Clear,Highway,81,24,11,3,4,30
1,0,Rain,Suburban,86,9,4,1,2,11
6,0,Rain,Urban,84,13,9,2,4,17
21,0,Clear,Suburban,77,22,14,1,3,21
14,0,Rain,Suburban,82,15,13,2,2,34
17,0,Clear,Highway,46,59,18,5,2,55
1,0,Rain,Highway,60,11,1,0,2,7
15,1,Clear,Highway,83,17,13,4,4,32
7,0,Fog,Highway,53,30,24,4,6,55
0,1,Rain,Suburban,84,6,2,0,2,5
2,0,Clear,Suburban,80,11,2,1,2,5
1,0,Clear,Highway,65,7,2,0,2,11
22,0,Clear,Urban,82,19,12,2,2,26
9,1,Fog,Highway,86,46,20,4,6,39
10,0,Rain,Highway,63,16,7,3,4,20
16,0,Clear,Highway,89,19,12,2,2,27
14,0,Clear,Suburban,52,20,14,2,2,46
7,0,Clear,Urban,55,47,11,6,4,63
19,0,Clear,Suburban,52,34,17,7,2,63
5,0,Clear,Urban,64,6,2,1,2,18
16,0,Clear,Highway,85,16,6,2,3,24
10,1,Clear,Urban,77,20,5,1,4,17
17,0,Clear,Suburban,48,53,21,3,2,59
16,0,Rain,Urban,85,20,6,3,3,37
12,0,Clear,Highway,89,13,9,1,4,39
5,1,Clear,Urban,86,7,4,1,1,7
0,0,Rain,Highway,70,4,4,1,2,12
0,1,Fog,Urban,62,8,4,1,2,7
21,0,Clear,Urban,59,23,5,4,2,49
20,1,Rain,Highway,68,15,8,1,4,17
23,0,Clear,Highway,77,20,10,2,2,22
7,0,Clear,Highway,32,55,13,3,4,74
17,0,Clear,Suburban,53,43,20,5,6,64
0,0,Clear,Urban,85,9,3,1,2,19
14,0,Clear,Urban,42,29,5,2,4,42
7,0,Clear,Highway,34,42,21,7,2,79
3,0,Clear,Highway,63,8,3,0,1,7
11,0,Clear,Highway,73,25,14,2,2,20
6,0,Clear,Suburban,86,15,6,2,4,37
5,0,Clear,Suburban,88,9,2,1,2,5
19,1,Clear,Urban,75,43,24,3,2,39
0,1,Clear,Suburban,84,8,2,0,1,9
12,0,Clear,Urban,60,23,14,4,3,39
21,0,Clear,Highway,66,16,13,2,3,39
4,0,Clear,Highway,65,3,1,1,2,7
11,0,Rain,Highway,79,28,8,1,2,16
5,0,Clear,Suburban,82,8,1,1,2,10
2,1,Rain,Highway,78,4,1,1,1,8
0,0,Clear,Highway,71,9,3,1,2,13
11,1,Clear,Highway,72,20,5,1,2,31
23,0,Clear,Highway,44,24,12,4,2,42
23,1,Clear,Urban,73,13,10,1,4,20
3,0,Rain,Urban,80,7,3,0,1,11
11,0,Clear,Highway,66,29,10,3,2,38
4,0,Clear,Urban,84,9,3,1,2,5
19,1,Rain,Highway,52,33,18,6,3,46
5,0,Clear,Suburban,81,11,1,0,1,6
8,1,Clear,Urban,45,44,10,4,4,44
5,0,Clear,Urban,85,11,1,1,1,13
22,0,Clear,Urban,53,29,14,4,3,45
23,0,Clear,Urban,89,28,10,1,3,38
7,0,Clear,Suburban,45,38,11,4,6,59
0,0,Rain,Urban,61,8,4,0,2,8
1,0,Clear,Highway,82,6,2,1,2,19
16,0,Fog,Urban,84,19,13,3,4,24
19,0,Rain,Suburban,52,37,12,4,4,54
18,0,Clear,Suburban,49,58,15,3,3,52
15,1,Clear,Highway,81,14,9,2,2,14
6,0,Clear,Highway,43,23,14,2,4,47
0,0,Rain,Suburban,66,9,4,1,1,8
9,0,Clear,Highway,32,42,24,5,2,76
11,1,Rain,Urban,65,20,5,3,4,11
12,0,Clear,Suburban,65,22,7,3,4,34
18,0,Clear,Urban,26,47,19,3,2,95
19,0,Clear,Urban,51,40,13,4,5,50
1,0,Rain,Highway,81,3,3,0,1,4
16,1,Clear,Urban,60,21,10,3,3,24
12,0,Clear,Urban,83,19,9,4,2,28
17,0,Rain,Urban,41,45,10,7,5,49
12,0,Clear,Suburban,83,25,13,4,3,30
5,0,Fog,Urban,61,10,4,1,2,4
19,0,Rain,Urban,51,44,20,7,3,43
7,0,Fog,Urban,40,57,19,3,4,48
1,0,Rain,Urban,79,5,1,1,1,10
3,0,Clear,Highway,82,3,3,1,2,16
18,1,Rain,Highway,82,40,14,4,2,36
9,1,Clear,Urban,63,44,21,5,2,37
21,0,Clear,Highway,86,22,14,4,2,40
11,0,Rain,Highway,74,24,7,1,2,36
4,1,Clear,Suburban,76,7,3,1,1,11
5,1,Clear,Highway,83,7,2,0,1,11
22,1,Clear,Suburban,71,17,8,1,2,15
1,0,Rain,Highway,83,5,4,1,2,12
23,0,Fog,Highway,81,16,13,2,2,16
4,1,Clear,Urban,76,2,1,0,1,10
3,0,Rain,Suburban,63,10,1,0,2,12
14,0,Fog,Suburban,77,22,13,1,4,16
12,1,Clear,Urban,86,17,5,3,3,31
22,0,Clear,Suburban,41,16,9,2,4,41
2,0,Fog,Highway,66,3,3,1,1,10
18,0,Clear,Suburban,39,30,15,6,5,73
15,0,Clear,Highway,81,15,12,4,2,20
7,1,Rain,Urban,64,34,21,7,4,34
20,1,Clear,Urban,75,18,5,2,2,25
1,0,Clear,Suburban,75,4,1,0,1,8
22,1,Rain,Urban,65,10,11,1,4,24
23,0,Clear,Highway,53,26,14,3,3,41
9,0,Clear,Urban,34,51,21,7,2,79
7,0,Clear,Suburban,28,43,19,3,2,73
3,0,Clear,Highway,61,5,2,1,1,11
5,1,Rain,Highway,63,4,2,0,2,7
17,1,Clear,Urban,54,31,23,6,6,59
7,0,Clear,Urban,51,47,18,4,4,59
0,1,Clear,Suburban,89,3,1,0,2,6
18,1,Clear,Suburban,52,32,18,4,6,58
9,0,Clear,Suburban,58,42,13,5,5,64
6,0,Rain,Suburban,63,12,7,2,3,20
0,0,Rain,Highway,88,4,4,1,2,5
22,0,Fog,Urban,73,14,6,4,4,27
4,0,Clear,Suburban,76,8,3,0,2,5
5,1,Clear,Urban,79,5,4,1,1,5
1,0,Rain,Suburban,78,3,4,1,2,13
22,0,Clear,Urban,83,29,11,2,4,33
23,0,Clear,Urban,46,28,13,3,3,41
14,0,Clear,Suburban,50,23,14,3,4,46
10,0,Rain,Urban,78,16,10,4,4,36
0,0,Fog,Highway,75,8,3,0,1,11
17,1,Clear,Highway,50,39,10,5,6,57
17,0,Clear,Urban,53,43,17,7,6,60
6,0,Clear,Urban,63,29,10,2,2,25
10,0,Rain,Suburban,87,26,12,2,2,36
15,0,Clear,Suburban,73,27,6,2,2,38
9,1,Clear,Urban,46,26,11,6,4,54
20,0,Clear,Highway,70,24,7,3,4,32
22,0,Clear,Suburban,53,12,14,3,3,47
7,1,Clear,Urban,55,38,12,4,2,62
12,1,Clear,Highway,65,12,8,3,3,30
4,0,Clear,Suburban,71,11,3,1,1,5
4,0,Fog,Suburban,82,9,1,0,2,4
8,0,Fog,Urban,83,35,15,4,2,31
13,0,Clear,Urban,69,15,12,1,2,30
21,0,Clear,Suburban,80,19,13,2,2,33
14,0,Clear,Urban,70,29,9,3,4,33
3,1,Clear,Highway,81,3,1,1,2,3
17,0,Clear,Highway,53,37,15,3,5,67
1,0,Clear,Suburban,66,8,2,1,1,6
4,1,Clear,Highway,70,4,2,0,1,7
0,0,Clear,Highway,81,6,4,1,1,12
16,1,Clear,Urban,63,13,13,1,4,30
16,1,Clear,Suburban,83,11,6,2,2,31
4,0,Fog,Urban,69,6,2,0,1,7
5,0,Clear,Urban,73,4,4,1,2,11
19,0,Fog,Highway,44,46,24,5,5,44
20,1,Clear,Suburban,80,10,9,4,2,30
14,0,Clear,Highway,76,13,12,3,4,24
23,0,Clear,Highway,88,22,5,3,2,30
6,1,Fog,Suburban,75,21,14,1,2,15
21,0,Clear,Highway,40,19,11,2,2,45
20,0,Clear,Suburban,87,13,5,4,3,37
1,0,Fog,Urban,79,7,4,1,2,4
22,0,Clear,Suburban,53,28,10,1,4,44
10,0,Clear,Urban,52,13,12,3,2,43
12,0,Clear,Suburban,63,15,8,4,2,20
22,1,Fog,Highway,81,20,11,4,2,13
16,1,Clear,Suburban,85,12,10,3,4,25
20,0,Clear,Urban,84,23,11,3,4,38
19,0,Rain,Urban,27,53,20,5,3,76
16,1,Clear,Urban,84,10,5,2,3,31
5,0,Rain,Suburban,64,5,4,0,1,8
4,1,Clear,Urban,65,8,2,1,1,11
5,0,Clear,Highway,89,7,2,1,2,17
18,1,Clear,Highway,87,37,16,4,5,39
23,0,Clear,Suburban,85,28,11,1,3,39
17,1,Rain,Suburban,81,28,12,7,4,36
22,0,Clear,Highway,76,29,5,4,4,28
20,0,Clear,Urban,60,16,14,4,3,23
19,1,Clear,Urban,45,42,19,7,6,53
11,0,Clear,Urban,65,28,7,1,4,30
14,0,Clear,Suburban,82,18,5,1,2,40
10,0,Clear,Highway,75,15,11,1,3,25
23,0,Clear,Highway,82,28,14,1,4,27
8,1,Clear,Urban,44,40,17,4,6,67
16,0,Clear,Urban,55,25,8,2,4,42
20,0,Clear,Urban,62,16,5,3,4,24
12,0,Fog,Suburban,63,26,12,4,4,27
12,0,Clear,Highway,59,17,8,1,4,49
3,1,Rain,Highway,69,8,3,0,1,9
18,1,Clear,Highway,54,32,16,5,5,43
13,1,Fog,Suburban,81,14,12,2,3,19
6,0,Clear,Highway,65,29,9,1,2,36
16,1,Clear,Urban,85,21,13,4,2,18
20,0,Clear,Suburban,65,20,11,3,4,26
3,0,Clear,Urban,87,10,1,0,1,15
9,0,Clear,Urban,42,40,20,6,2,70
1,0,Clear,Urban,65,11,3,0,2,18
9,1,Clear,Suburban,44,37,21,5,4,51
21,1,Clear,Suburban,70,16,7,3,2,31
20,1,Clear,Suburban,73,21,11,1,2,25
6,1,Clear,Suburban,69,16,14,4,3,28
20,0,Clear,Urban,81,29,10,3,3,33
16,1,Fog,Suburban,69,21,10,1,3,16
7,1,Rain,Suburban,41,28,16,7,5,54
2,0,Clear,Highway,67,7,1,0,1,8
4,0,Rain,Urban,60,4,3,1,2,8
7,0,Clear,Suburban,27,55,12,4,6,99
21,0,Clear,Highway,46,20,14,1,2,45
3,0,Clear,Suburban,68,6,3,0,2,6
19,0,Clear,Suburban,21,46,13,6,3,83
20,1,Clear,Urban,65,19,10,2,4,33
9,0,Clear,Urban,46,44,18,3,6,67
18,0,Clear,Urban,38,47,13,5,5,73
15,1,Clear,Highway,63,23,6,2,3,28
21,0,Rain,Suburban,72,24,8,4,2,16
8,0,Clear,Highway,43,43,18,6,3,63
17,0,Clear,Suburban,26,34,19,5,3,97
7,0,Clear,Highway,40,59,17,6,6,58
16,0,Clear,Urban,63,28,7,2,3,29
13,0,Clear,Suburban,65,28,8,3,2,40
16,0,Clear,Highway,78,14,10,3,3,36
22,0,Clear,Urban,62,13,6,2,3,32
20,0,Rain,Suburban,62,28,8,2,2,33
7,0,Rain,Urban,48,31,20,5,5,67
16,1,Rain,Urban,82,9,7,4,4,24
3,0,Clear,Highway,83,7,4,1,2,6
2,1,Rain,Suburban,72,8,3,0,2,8
5,0,Clear,Suburban,78,6,2,0,2,10
7,0,Clear,Suburban,30,54,11,4,6,73
19,0,Clear,Highway,37,46,19,4,6,86
5,1,Clear,Suburban,63,6,2,0,2,11
16,1,Clear,Urban,79,18,13,4,2,25
7,0,Clear,Suburban,43,57,24,5,2,61
18,0,Clear,Urban,34,36,19,5,4,87
11,0,Clear,Highway,59,13,5,3,3,42
19,1,Clear,Urban,56,36,12,5,5,66
10,1,Clear,Suburban,76,12,7,4,3,30
19,0,Clear,Urban,36,57,17,6,2,95
12,0,Clear,Urban,85,14,14,2,3,23
11,0,Clear,Suburban,75,29,6,2,3,28
11,0,Clear,Highway,88,15,11,3,4,22
4,1,Rain,Suburban,81,6,3,0,1,5
13,1,Clear,Urban,80,19,8,2,3,21
23,1,Clear,Urban,72,20,13,2,3,23
6,0,Fog,Highway,71,16,12,2,2,15
15,1,Clear,Urban,75,12,8,4,3,28
18,1,Rain,Urban,44,38,16,7,4,44
13,0,Clear,Urban,62,13,13,1,4,24
15,1,Clear,Urban,88,20,7,2,3,22
17,0,Clear,Urban,50,34,15,3,5,70
16,1,Fog,Highway,60,20,6,1,2,13
12,0,Clear,Urban,86,23,7,1,4,26
8,1,Clear,Suburban,81,36,22,6,2,39
8,0,Clear,Suburban,59,38,18,6,2,51
16,0,Clear,Highway,43,27,7,2,2,41
3,1,Fog,Suburban,72,4,3,1,2,7
17,0,Clear,Highway,49,55,14,5,6,60
15,1,Clear,Suburban,69,21,10,4,3,19
5,0,Fog,Urban,81,9,2,0,1,3
17,0,Rain,Highway,37,46,17,3,6,74
9,0,Clear,Highway,49,57,24,7,5,53
14,0,Clear,Highway,55,29,5,1,4,42
11,0,Clear,Urban,44,14,13,3,3,45
0,1,Clear,Suburban,79,3,4,0,2,12
20,1,Clear,Highway,74,15,11,3,2,18
9,0,Rain,Urban,55,47,16,5,3,51
14,0,Rain,Highway,83,22,11,2,2,33
13,0,Fog,Urban,65,16,14,1,3,15
13,0,Clear,Suburban,70,26,6,1,4,24
6,0,Clear,Highway,52,25,6,3,3,43
22,0,Clear,Suburban,58,29,13,3,2,42
0,0,Rain,Urban,63,11,3,1,1,12
19,1,Clear,Urban,45,29,11,3,4,54
12,0,Clear,Urban,83,15,9,4,2,23
22,0,Clear,Urban,76,26,13,4,2,29
12,1,Fog,Highway,85,15,6,1,4,10
6,0,Rain,Suburban,64,23,10,2,2,22
6,0,Clear,Suburban,41,20,14,3,4,42
7,0,Clear,Urban,37,43,18,4,4,95
13,1,Clear,Suburban,89,16,5,4,2,28
13,1,Clear,Urban,65,15,14,3,4,32
4,0,Clear,Urban,85,3,4,1,2,11
11,0,Clear,Urban,56,17,9,1,2,46
13,0,Rain,Suburban,69,23,7,1,3,36
14,1,Clear,Suburban,71,18,8,1,3,18
1,0,Clear,Urban,77,6,1,0,1,15
10,0,Rain,Highway,69,28,7,3,4,19
23,1,Clear,Suburban,79,14,10,1,3,32
19,1,Clear,Suburban,77,25,17,7,4,35
4,0,Rain,Highway,78,8,2,1,1,11
18,0,Clear,Urban,35,37,16,3,3,72
21,0,Clear,Urban,85,14,12,2,2,30
20,0,Clear,Urban,71,28,5,4,2,34
10,1,Rain,Highway,73,23,8,1,4,25
6,0,Clear,Highway,63,16,9,2,2,26
22,0,Rain,Suburban,66,28,6,4,4,16
1,0,Clear,Suburban,67,10,3,0,1,7
10,0,Clear,Highway,67,12,11,2,4,26
2,1,Clear,Urban,82,8,4,0,2,11
14,1,Clear,Urban,85,11,6,3,3,32
23,1,Rain,Highway,76,12,6,4,4,26
21,0,Clear,Urban,49,12,11,2,4,46
20,0,Clear,Suburban,57,19,12,2,3,45
1,0,Clear,Suburban,79,6,3,1,2,5
5,0,Rain,Highway,76,4,2,1,1,11
13,0,Clear,Urban,58,18,7,1,4,42
20,0,Fog,Urban,79,19,6,3,2,26
17,0,Fog,Urban,43,43,19,5,3,45
21,0,Clear,Urban,84,21,7,1,3,29
15,0,Rain,Urban,67,14,11,1,2,25
23,0,Clear,Urban,59,16,14,3,3,47
12,1,Fog,Suburban,64,12,14,4,4,12
21,1,Clear,Urban,65,20,10,3,4,30
13,1,Fog,Suburban,78,20,6,1,3,8
9,0,Clear,Urban,28,40,23,3,2,97
0,0,Clear,Urban,84,7,2,0,2,6
22,0,Fog,Urban,75,26,10,3,2,21
0,0,Clear,Urban,66,3,3,0,1,5
2,0,Clear,Suburban,80,3,2,1,1,5
18,0,Clear,Highway,29,30,17,5,3,83
11,0,Clear,Urban,46,13,9,3,3,42
23,0,Clear,Highway,67,15,13,3,2,37
2,0,Clear,Urban,78,4,4,1,2,19
21,0,Clear,Suburban,88,13,8,2,3,29
21,0,Clear,Highway,73,29,6,1,4,20
21,1,Rain,Urban,61,12,10,1,3,20
16,0,Fog,Highway,77,29,12,2,2,27
13,0,Clear,Urban,59,15,7,1,3,41
7,0,Clear,Suburban,56,55,11,5,4,64
9,1,Clear,Urban,59,28,17,6,6,63
14,0,Clear,Urban,85,29,9,3,2,33
20,0,Clear,Highway,55,26,14,1,2,43
18,0,Clear,Urban,36,41,17,5,3,79
16,0,Clear,Urban,79,21,10,4,4,35
6,0,Clear,Highway,87,20,7,2,3,28
17,0,Clear,Highway,33,48,10,6,4,83
11,0,Fog,Highway,88,12,7,3,4,27
1,0,Clear,Suburban,79,11,1,0,2,8
21,0,Clear,Highway,47,13,8,3,4,42
11,1,Clear,Suburban,64,17,10,1,2,15
6,0,Clear,Suburban,60,17,11,2,4,39
5,0,Clear,Urban,78,11,1,1,2,19
4,0,Clear,Suburban,65,4,1,1,1,7
3,1,Clear,Highway,81,8,1,0,2,9
18,1,Clear,Urban,48,42,10,6,2,58
13,1,Clear,Urban,80,17,10,3,2,34
2,0,Fog,Urban,70,10,2,0,1,9
11,0,Clear,Urban,43,28,6,1,4,45
20,1,Clear,Urban,75,23,10,2,4,34
20,0,Clear,Urban,72,17,13,2,3,24
1,0,Rain,Highway,80,4,1,0,2,8
5,0,Clear,Urban,76,6,2,1,1,16
8,0,Clear,Suburban,57,43,20,5,4,66
2,0,Rain,Suburban,75,5,2,1,2,8
16,0,Clear,Highway,48,18,5,2,3,42
23,0,Clear,Suburban,74,12,7,2,3,21
1,0,Clear,Suburban,60,5,1,1,1,14
20,0,Fog,Highway,85,21,8,1,4,15
6,0,Clear,Urban,59,28,13,2,3,43
2,1,Fog,Suburban,74,8,4,1,1,5
18,0,Clear,Highway,21,56,19,5,6,98
1,0,Rain,Highway,73,9,4,1,1,4
4,1,Rain,Suburban,86,4,1,1,1,7
16,1,Fog,Suburban,73,23,8,1,2,10
7,0,Clear,Urban,20,35,15,4,4,86
1,0,Clear,Highway,78,5,4,1,1,11
6,1,Clear,Suburban,67,20,12,1,3,32
16,0,Rain,Suburban,68,26,7,1,4,25
10,0,Clear,Suburban,63,21,14,1,3,24
7,0,Clear,Suburban,22,47,16,4,6,89
10,0,Clear,Suburban,70,21,5,1,2,28
12,1,Clear,Suburban,80,23,8,4,4,27
4,1,Clear,Urban,85,4,3,0,1,7
5,0,Fog,Urban,69,11,4,0,1,9
4,0,Clear,Urban,63,10,2,0,2,14
7,0,Clear,Suburban,37,46,16,4,3,73
4,0,Clear,Highway,61,7,3,1,1,9
11,1,Rain,Urban,60,14,7,2,3,24
10,0,Clear,Highway,60,27,11,2,3,23
5,0,Clear,Suburban,71,6,1,1,2,7
7,0,Clear,Urban,23,42,14,3,5,77
10,1,Clear,Suburban,67,18,9,1,4,34
10,0,Clear,Urban,83,13,8,4,4,24
1,0,Clear,Suburban,86,3,3,0,2,9
0,0,Clear,Suburban,77,7,3,0,2,17
23,0,Fog,Highway,85,27,13,3,4,18
14,0,Clear,Urban,64,26,8,2,3,34
13,0,Clear,Suburban,46,15,10,3,4,43
12,0,Clear,Urban,57,27,13,3,4,43
3,0,Clear,Highway,62,6,4,0,2,16
17,0,Clear,Highway,28,38,14,6,5,99
21,1,Clear,Urban,68,22,12,1,2,18
2,0,Rain,Highway,72,10,2,1,2,5
20,0,Clear,Suburban,74,23,5,3,4,30
9,1,Clear,Suburban,56,40,21,7,4,45
2,0,Clear,Highway,60,4,1,1,1,10
23,0,Clear,Highway,55,15,12,3,2,47
11,0,Clear,Urban,61,21,9,3,2,31
6,1,Clear,Highway,63,23,13,4,3,22
6,1,Clear,Urban,87,20,9,4,3,17
9,1,Rain,Suburban,46,30,24,7,2,49
12,0,Clear,Suburban,84,12,5,2,4,26
1,0,Clear,Suburban,68,4,3,0,1,19
16,0,Clear,Urban,43,21,11,1,4,43
20,1,Clear,Urban,71,23,10,2,3,29
22,0,Fog,Urban,80,24,12,1,4,16
12,0,Clear,Suburban,63,26,5,3,4,25
20,0,Clear,Highway,79,17,7,1,3,29
0,1,Clear,Urban,81,8,3,0,1,3
22,0,Clear,Urban,51,27,6,1,3,41
18,0,Fog,Urban,46,37,20,6,6,58
23,0,Clear,Highway,83,22,14,4,2,30
18,1,Clear,Urban,51,32,11,7,3,41
13,0,Rain,Suburban,85,21,10,2,3,16
12,0,Rain,Suburban,78,19,10,2,4,16
1,0,Clear,Suburban,64,10,1,0,1,9
1,0,Rain,Highway,89,7,1,0,1,8
9,1,Clear,Suburban,47,45,22,3,4,67
23,0,Rain,Highway,68,17,8,4,2,31
7,0,Fog,Highway,68,38,18,7,6,33
4,0,Clear,Suburban,83,9,4,1,1,16
14,0,Fog,Urban,79,17,9,1,2,13
8,1,Clear,Urban,57,32,14,6,2,60
1,0,Clear,Highway,78,5,2,0,1,6
18,0,Clear,Suburban,52,42,21,7,4,53
2,0,Clear,Urban,83,11,4,0,1,12
17,0,Clear,Urban,47,36,20,4,5,53
3,0,Clear,Urban,69,4,4,0,2,12
13,0,Clear,Highway,58,28,9,1,2,46
16,0,Clear,Urban,52,25,9,4,2,43
13,0,Clear,Urban,76,23,14,1,2,36
13,1,Clear,Suburban,80,22,13,3,3,21
13,0,Rain,Highway,87,28,6,2,4,30
5,0,Clear,Suburban,86,4,4,0,1,15
3,0,Rain,Highway,76,4,1,1,2,10
23,0,Rain,Highway,80,28,7,3,4,21
19,0,Clear,Urban,38,56,15,3,4,93
6,0,Clear,Suburban,75,13,7,1,2,36
16,0,Rain,Highway,61,19,5,1,3,23
2,1,Rain,Urban,84,2,2,1,1,3
14,0,Clear,Highway,78,13,10,3,2,31
1,0,Clear,Suburban,62,11,4,1,1,9
2,0,Fog,Highway,67,6,1,1,1,4
16,1,Clear,Suburban,88,16,12,1,4,23
15,0,Rain,Urban,80,25,8,4,3,17
12,0,Clear,Suburban,82,19,11,3,4,34
1,0,Rain,Highway,62,6,4,0,2,8
5,0,Clear,Suburban,84,5,4,1,1,10
5,0,Rain,Urban,73,6,1,0,2,7
17,0,Clear,Suburban,46,55,11,4,3,59
14,0,Clear,Urban,89,22,11,3,2,20
8,0,Clear,Urban,59,43,20,5,6,68
4,0,Rain,Urban,83,6,1,1,1,15
1,1,Clear,Urban,66,8,4,1,2,7
7,0,Clear,Urban,23,55,22,4,4,83
17,0,Clear,Urban,24,39,12,5,6,97
2,1,Clear,Suburban,66,8,2,1,1,4
13,0,Rain,Suburban,81,27,10,2,3,27
9,1,Clear,Urban,47,37,12,5,2,56
9,1,Clear,Suburban,47,27,23,6,4,53
21,1,Clear,Suburban,62,20,9,2,3,28
16,0,Clear,Highway,53,17,5,1,3,42
23,0,Rain,Urban,60,16,6,3,2,16
17,0,Rain,Suburban,53,48,14,4,4,65
19,0,Clear,Highway,36,49,11,6,2,80
22,0,Clear,Highway,62,14,6,1,2,40
16,0,Clear,Highway,69,28,12,3,4,38
3,1,Clear,Highway,77,4,1,1,2,11
22,1,Clear,Highway,69,20,7,1,2,17
23,0,Clear,Urban,75,24,6,1,2,22
2,1,Clear,Suburban,82,6,2,0,2,7
20,0,Clear,Highway,82,13,7,1,2,38
18,0,Clear,Urban,50,50,16,4,3,51
23,0,Clear,Urban,80,20,12,2,4,38
16,0,Rain,Suburban,63,28,14,4,4,21
22,1,Rain,Suburban,87,22,5,1,4,14
15,0,Clear,Suburban,61,20,14,1,4,35
23,0,Clear,Highway,82,18,14,1,4,22
17,0,Clear,Suburban,43,32,24,7,3,63
12,0,Clear,Urban,87,25,10,3,4,23
21,0,Fog,Urban,69,28,14,4,2,20
18,0,Rain,Highway,32,59,14,4,4,78
1,0,Clear,Urban,76,6,4,1,2,16
17,0,Fog,Highway,50,43,18,3,2,48
8,0,Clear,Highway,58,46,12,7,5,59
11,0,Clear,Urban,74,29,7,3,4,39
15,0,Clear,Suburban,73,12,11,3,2,38
11,1,Rain,Urban,84,18,7,4,2,18
2,0,Clear,Urban,86,3,3,1,2,17
21,0,Clear,Urban,43,21,5,3,4,42
2,0,Clear,Urban,85,11,1,0,2,13
15,1,Clear,Highway,89,23,14,2,4,30
4,0,Clear,Urban,73,5,3,0,1,12
21,0,Clear,Urban,80,17,5,2,4,29
8,0,Clear,Suburban,56,40,20,3,5,52
1,0,Clear,Urban,81,9,2,1,2,19
13,0,Clear,Urban,44,18,13,1,3,44
16,1,Rain,Highway,69,16,7,4,3,16
0,1,Clear,Suburban,68,7,1,1,2,10
16,1,Clear,Suburban,61,21,14,3,4,16
6,0,Rain,Urban,71,27,5,3,2,37
4,1,Clear,Highway,78,3,2,1,2,9
10,0,Rain,Highway,76,25,9,1,2,29
4,0,Rain,Urban,66,8,2,0,1,7
19,0,Clear,Urban,58,46,21,6,2,68
0,0,Fog,Urban,82,3,2,0,2,5
9,0,Clear,Suburban,26,35,23,4,3,91
21,1,Clear,Suburban,77,15,13,2,3,25
5,1,Fog,Highway,61,4,3,1,2,7
16,0,Clear,Suburban,56,14,11,1,2,41
0,1,Clear,Suburban,62,6,3,1,1,4
1,0,Clear,Urban,64,9,3,1,2,13
12,0,Rain,Urban,75,23,11,2,3,28
7,1,Clear,Highway,48,36,10,4,5,50
3,0,Clear,Highway,67,7,1,1,2,13
22,0,Fog,Urban,87,24,13,4,2,29
17,1,Rain,Suburban,41,24,11,4,5,47
7,1,Clear,Urban,44,27,18,7,4,56
20,0,Fog,Suburban,76,29,10,2,4,16
21,0,Clear,Urban,82,12,6,2,3,33
13,0,Clear,Suburban,67,29,13,4,4,40
15,1,Clear,Suburban,74,12,6,4,2,30
14,0,Clear,Suburban,43,14,8,2,3,46
16,1,Clear,Suburban,80,15,12,4,3,23
21,0,Clear,Highway,85,13,8,4,3,27
21,0,Clear,Suburban,50,16,7,3,2,48
0,1,Clear,Highway,61,7,2,1,2,8
6,0,Clear,Suburban,45,26,10,1,2,41
3,0,Rain,Highway,84,11,1,1,1,14
23,0,Clear,Suburban,46,13,9,1,3,47
9,1,Clear,Suburban,44,31,17,7,3,42
10,0,Clear,Suburban,59,23,8,3,2,43
5,0,Clear,Highway,78,10,3,1,2,10
4,0,Fog,Urban,88,4,4,0,2,3
7,1,Fog,Urban,75,32,24,7,6,33
23,0,Fog,Highway,69,12,7,2,2,28
15,0,Rain,Suburban,89,25,5,2,3,25
21,0,Rain,Highway,68,14,5,2,2,33
7,1,Clear,Urban,54,32,20,5,4,67
0,0,Clear,Urban,77,11,4,1,2,19
21,0,Clear,Highway,71,18,5,3,4,20
14,0,Fog,Highway,60,13,8,4,2,19
13,0,Clear,Highway,40,28,11,1,4,48
5,0,Clear,Urban,78,4,2,0,1,6
7,1,Clear,Highway,46,36,10,7,2,50
20,0,Fog,Suburban,71,13,14,2,2,29
20,0,Fog,Suburban,80,22,5,1,3,19
20,0,Clear,Suburban,67,14,5,2,2,38
3,0,Clear,Suburban,82,5,3,1,1,16
12,0,Clear,Highway,83,18,10,2,3,21
16,0,Clear,Highway,56,18,5,3,2,46
11,1,Clear,Urban,79,21,10,3,4,25
3,1,Clear,Urban,61,7,1,0,2,7
18,0,Clear,Urban,58,54,24,6,3,50
11,1,Fog,Highway,73,23,5,4,4,14
6,0,Rain,Suburban,60,18,11,3,4,16
11,0,Clear,Suburban,80,25,13,4,3,35
8,1,Clear,Suburban,84,32,18,6,3,38
17,0,Clear,Highway,30,57,20,3,4,75
16,1,Clear,Suburban,86,12,12,1,3,21
2,1,Clear,Suburban,75,8,2,1,1,10
2,0,Clear,Suburban,62,4,2,0,1,8
15,0,Clear,Urban,74,13,5,1,3,22
4,0,Clear,Urban,74,9,2,0,2,7
10,0,Rain,Urban,72,20,9,4,2,20
21,1,Clear,Urban,89,15,9,2,2,14
1,0,Clear,Highway,75,3,2,1,2,17
22,1,Clear,Suburban,60,21,8,4,4,23
11,1,Rain,Highway,78,11,11,4,3,20
5,1,Clear,Highway,67,6,3,1,2,3
15,0,Clear,Highway,50,17,13,2,4,43
4,0,Clear,Highway,79,8,1,0,1,14
9,0,Clear,Urban,29,57,11,7,3,79
21,1,Clear,Urban,63,14,10,2,2,14
20,0,Rain,Suburban,88,28,7,1,2,38
19,0,Clear,Suburban,25,35,15,5,5,96
0,1,Clear,Urban,74,5,4,0,1,13
5,1,Rain,Suburban,89,4,4,1,1,8
14,1,Clear,Urban,64,17,7,1,2,16
2,0,Clear,Suburban,84,5,1,1,1,8
0,1,Clear,Urban,65,4,4,0,1,11
11,0,Clear,Urban,88,12,6,2,4,25
9,0,Fog,Suburban,42,50,23,7,6,44
3,0,Fog,Urban,79,5,1,1,1,3
4,0,Clear,Suburban,63,8,2,1,2,17
23,0,Rain,Urban,76,26,14,2,4,32
6,0,Clear,Urban,57,13,5,3,3,44
11,0,Clear,Urban,57,26,9,4,4,41
11,1,Clear,Urban,80,20,7,4,4,14
4,0,Clear,Suburban,87,7,2,1,2,11
16,1,Clear,Suburban,89,11,10,4,2,15
15,1,Clear,Urban,73,13,9,2,4,25
9,0,Clear,Suburban,23,31,23,4,6,82
22,0,Fog,Suburban,88,19,14,1,3,21
16,0,Rain,Suburban,73,12,8,1,4,32
15,0,Rain,Urban,81,19,6,3,3,36
15,0,Clear,Highway,52,19,12,3,2,43
23,0,Clear,Suburban,88,25,7,3,3,40
16,0,Clear,Urban,64,13,5,4,3,20
21,0,Rain,Urban,83,18,12,1,4,30
3,1,Clear,Highway,70,7,1,1,1,13
11,0,Clear,Urban,80,13,8,1,4,31
20,0,Fog,Suburban,75,12,7,2,4,25
21,0,Clear,Suburban,57,14,14,3,2,48
14,0,Clear,Highway,56,22,14,1,2,47
16,0,Clear,Urban,57,24,12,1,4,43
17,0,Rain,Urban,41,57,21,4,5,53
18,0,Rain,Highway,36,40,13,3,5,72
2,0,Clear,Suburban,83,10,1,1,2,19
19,0,Clear,Suburban,37,46,21,7,3,91
7,0,Clear,Highway,58,44,19,7,5,60
10,0,Clear,Highway,48,28,9,1,4,47
9,0,Rain,Urban,43,49,19,6,4,60
13,0,Clear,Suburban,85,25,12,3,4,39
2,0,Clear,Urban,73,6,2,1,2,9
14,0,Rain,Urban,77,13,5,4,4,33
8,0,Rain,Urban,27,54,23,3,3,73
22,0,Clear,Urban,84,20,5,3,3,20
20,0,Rain,Urban,82,12,12,4,4,34
12,0,Rain,Urban,72,13,6,2,2,34
18,0,Rain,Urban,27,46,10,6,2,75
7,0,Clear,Highway,55,51,16,7,3,68
11,1,Clear,Urban,61,14,7,2,4,24
14,1,Clear,Urban,87,16,13,4,2,18
6,1,Clear,Urban,87,10,6,2,3,31
6,1,Clear,Urban,87,20,14,4,3,18
8,0,Clear,Urban,49,50,12,3,5,69
10,0,Clear,Urban,50,18,12,2,3,46
16,0,Clear,Suburban,78,14,6,4,4,26
9,0,Clear,Urban,52,35,14,6,2,54
9,0,Clear,Suburban,56,55,16,4,5,54
18,0,Clear,Highway,49,42,21,5,3,50
19,0,Clear,Urban,52,38,13,6,6,58
14,0,Clear,Suburban,67,18,8,1,2,23
5,1,Rain,Suburban,80,4,1,0,1,3
14,0,Clear,Urban,75,24,11,1,3,28
9,1,Clear,Suburban,56,28,18,5,4,49
6,0,Rain,Urban,62,13,9,3,2,20
9,1,Clear,Urban,55,45,21,6,2,68
4,0,Clear,Suburban,70,4,3,1,1,19
15,1,Clear,Urban,65,22,6,1,3,14
17,0,Clear,Highway,34,54,15,3,5,83
9,0,Clear,Highway,25,57,11,7,5,95
23,0,Clear,Suburban,50,14,5,4,3,48
5,0,Rain,Suburban,61,9,2,0,1,10
19,0,Clear,Urban,38,36,10,4,6,88
7,1,Clear,Urban,46,45,18,5,6,47
7,0,Clear,Urban,42,30,12,6,5,70
7,0,Clear,Urban,26,55,24,3,3,79
22,0,Clear,Suburban,74,26,7,3,3,22
18,1,Clear,Urban,59,25,18,6,4,52
8,0,Rain,Highway,46,41,11,5,5,51
8,0,Rain,Highway,42,32,14,4,2,67
10,0,Rain,Urban,88,21,12,1,2,33
3,0,Rain,Urban,62,11,1,0,2,15
12,0,Clear,Highway,87,18,9,3,2,27
8,1,Clear,Highway,89,46,14,5,5,39
1,0,Clear,Urban,60,11,2,1,1,6
0,0,Clear,Suburban,79,5,3,0,2,16
22,1,Fog,Suburban,74,13,10,3,2,10
22,0,Fog,Urban,83,20,9,2,4,18
15,0,Clear,Suburban,86,14,12,2,3,37
15,0,Clear,Urban,65,20,11,1,2,29
23,0,Rain,Urban,84,20,8,4,2,16
11,0,Clear,Urban,79,19,14,1,4,32
11,1,Clear,Suburban,60,19,5,2,4,18
10,0,Clear,Urban,53,18,13,2,4,42
10,1,Fog,Suburban,64,12,14,4,4,17
17,0,Clear,Suburban,27,40,13,4,5,98
22,0,Clear,Urban,66,22,10,2,2,25
16,1,Clear,Urban,89,18,7,3,2,16
4,0,Clear,Highway,84,7,4,1,1,15
7,0,Clear,Urban,38,41,21,5,6,79
21,1,Rain,Urban,74,21,10,2,2,20
17,1,Clear,Highway,48,25,20,7,4,46
20,1,Fog,Highway,78,9,8,1,4,10
15,0,Clear,Suburban,83,22,14,3,3,25
8,1,Clear,Urban,48,33,19,3,6,50
18,0,Clear,Urban,54,58,17,5,6,67
21,0,Fog,Urban,67,27,5,4,2,22
5,0,Rain,Highway,84,8,4,1,2,12
3,0,Clear,Urban,62,9,1,0,1,17
7,0,Rain,Highway,39,56,22,5,4,71
18,0,Clear,Urban,49,57,21,7,3,55
0,0,Rain,Highway,74,3,1,1,1,6
1,0,Clear,Suburban,65,6,4,1,1,5
15,0,Clear,Urban,83,15,13,4,2,24
13,0,Fog,Urban,74,28,6,1,3,15
18,1,Clear,Suburban,57,31,23,4,5,42
17,0,Clear,Suburban,29,45,13,3,2,93
1,1,Clear,Suburban,66,6,2,1,1,4
16,0,Clear,Highway,83,29,13,3,4,23
22,1,Clear,Suburban,70,10,10,3,2,28
23,0,Clear,Highway,62,16,12,3,3,28
16,0,Rain,Urban,83,14,5,2,3,28
15,0,Clear,Highway,51,17,5,3,2,42
11,0,Clear,Suburban,79,20,7,4,2,35
9,0,Clear,Urban,24,55,10,6,2,96
16,0,Clear,Urban,80,25,7,4,2,30
9,1,Fog,Urban,74,33,10,5,2,37
8,0,Clear,Suburban,42,33,19,7,5,68
13,1,Clear,Urban,79,16,12,2,4,19
23,0,Rain,Suburban,89,29,14,1,4,28
14,0,Clear,Urban,86,26,13,4,2,34
0,0,Clear,Suburban,73,11,1,0,2,6
19,0,Clear,Urban,27,32,14,6,2,72
17,1,Clear,Highway,55,44,16,3,2,55
2,1,Clear,Suburban,88,3,1,1,1,7
7,0,Clear,Suburban,25,38,23,4,3,97
1,0,Clear,Suburban,89,9,1,0,1,9
20,1,Clear,Highway,85,21,7,2,2,25
15,0,Rain,Suburban,81,27,11,1,2,19
18,0,Fog,Urban,69,54,17,6,6,36
9,0,Rain,Urban,48,51,14,7,2,66
10,1,Fog,Urban,61,11,13,1,4,10
13,0,Fog,Urban,73,13,14,2,3,25
15,1,Rain,Highway,73,16,6,2,4,24
10,1,Clear,Suburban,61,9,11,3,3,32
21,0,Clear,Suburban,49,15,6,3,3,44
3,0,Fog,Suburban,71,11,3,0,2,11
0,0,Fog,Highway,67,4,4,0,2,7
13,0,Rain,Highway,81,23,11,4,2,25
20,0,Rain,Urban,86,28,12,2,4,22
1,1,Rain,Urban,81,3,3,0,1,4
14,0,Clear,Suburban,68,21,10,2,2,35
13,0,Clear,Urban,51,27,11,4,2,41
23,0,Clear,Urban,85,26,12,4,4,35
6,0,Clear,Urban,79,12,7,4,4,25
20,0,Clear,Highway,58,25,11,1,2,47
17,1,Rain,Highway,41,36,21,3,5,49
18,0,Clear,Highway,59,56,24,7,6,70
1,1,Clear,Urban,74,5,1,1,2,7
5,0,Rain,Urban,85,5,2,1,1,8
21,0,Clear,Urban,69,21,13,1,4,20
18,1,Clear,Urban,47,45,16,4,4,46
21,0,Rain,Suburban,83,25,5,2,2,19
7,0,Clear,Highway,38,42,13,4,5,71
3,0,Fog,Urban,87,7,2,1,1,7
7,1,Fog,Urban,66,45,19,6,3,28
15,1,Clear,Urban,68,22,7,1,4,20
9,0,Clear,Highway,37,53,17,3,4,83
18,0,Clear,Suburban,35,54,20,7,5,94
22,0,Clear,Highway,55,29,12,4,2,42
4,1,Fog,Urban,62,8,3,0,2,7
22,0,Clear,Urban,86,22,11,4,4,28
5,0,Clear,Suburban,73,6,3,1,1,15
21,1,Clear,Highway,70,13,6,4,3,28
2,1,Clear,Suburban,61,7,2,1,2,4
18,1,Clear,Suburban,44,24,13,7,3,65
22,1,Clear,Urban,84,9,12,4,2,27
14,0,Clear,Urban,77,15,10,3,3,26
15,0,Clear,Highway,64,17,12,1,3,38
18,0,Rain,Suburban,41,52,21,6,4,58
21,0,Fog,Highway,67,16,12,2,3,27
19,0,Clear,Urban,59,38,19,6,3,50
2,0,Clear,Urban,88,7,4,1,2,13
15,0,Clear,Suburban,81,27,8,1,2,21
22,1,Clear,Suburban,61,23,11,2,2,19
3,0,Clear,Highway,65,8,2,1,2,10
9,0,Rain,Urban,35,59,14,7,2,77
14,0,Clear,Urban,71,26,12,4,4,20
12,0,Clear,Urban,50,20,8,1,4,45
16,0,Rain,Urban,83,28,6,3,2,19
16,0,Rain,Highway,60,17,11,4,4,25
14,0,Clear,Urban,79,17,9,3,3,28
13,0,Fog,Highway,85,27,12,4,3,13
5,0,Clear,Urban,70,3,3,1,2,12
6,0,Clear,Urban,66,27,13,4,3,24
7,0,Clear,Urban,45,53,11,3,4,62
20,0,Clear,Urban,53,14,8,3,3,41
17,0,Clear,Suburban,20,32,13,7,4,97
23,0,Fog,Urban,68,29,12,1,2,21
3,0,Clear,Urban,89,11,3,1,1,19
8,0,Clear,Highway,29,57,13,4,6,88
19,0,Clear,Urban,24,50,19,5,3,92
11,0,Rain,Highway,68,29,9,3,3,17
5,0,Fog,Urban,87,6,3,0,1,7
18,0,Clear,Urban,44,33,10,3,5,58
15,1,Clear,Urban,71,19,8,2,2,28
2,1,Fog,Highway,84,7,2,1,2,6
10,0,Clear,Urban,49,16,14,1,2,46
15,0,Clear,Urban,64,27,10,3,4,21
11,1,Clear,Suburban,66,10,6,4,2,32
3,0,Rain,Urban,77,6,3,1,2,14
19,0,Rain,Suburban,54,42,10,7,5,68
18,0,Fog,Highway,42,37,21,6,4,52
8,0,Fog,Suburban,55,48,23,4,5,55
22,0,Rain,Highway,76,19,14,3,4,32
9,0,Clear,Urban,37,51,16,3,3,83
23,0,Clear,Highway,89,18,14,4,2,22
18,0,Clear,Urban,51,40,23,3,4,66
10,0,Clear,Highway,64,28,12,2,4,24
22,0,Clear,Highway,52,29,9,1,3,43
15,0,Clear,Suburban,46,21,10,4,4,46
3,1,Clear,Suburban,81,8,1,0,1,5
2,0,Clear,Suburban,85,6,4,0,2,7
3,0,Rain,Urban,78,5,4,1,1,6
23,0,Clear,Suburban,55,27,7,4,2,49
10,0,Clear,Highway,81,26,11,3,2,29
20,1,Clear,Urban,78,16,5,2,2,27
4,0,Clear,Highway,84,11,4,0,2,11
11,1,Clear,Highway,67,22,11,3,2,16
19,0,Clear,Urban,23,33,22,4,4,73
2,1,Rain,Highway,89,4,1,0,2,10
16,0,Clear,Urban,58,15,10,1,2,42
17,0,Clear,Suburban,29,41,12,4,3,93
12,1,Clear,Suburban,64,23,14,1,4,16
18,0,Clear,Highway,20,31,11,4,2,79
22,1,Clear,Suburban,86,20,11,2,4,29
3,0,Clear,Suburban,83,7,4,1,2,10
13,0,Clear,Suburban,75,19,10,2,4,24
10,0,Clear,Highway,66,27,13,3,4,26
5,0,Clear,Suburban,84,9,1,0,2,16
3,0,Rain,Suburban,65,5,1,1,2,5
3,0,Fog,Urban,60,5,2,1,2,10
2,1,Clear,Highway,60,8,4,1,2,9
8,0,Clear,Suburban,40,59,23,5,4,69
17,1,Clear,Urban,56,43,19,4,2,65
22,0,Clear,Highway,82,15,10,4,3,31
19,0,Clear,Suburban,36,58,10,4,4,96
20,0,Clear,Urban,75,29,13,1,4,26
0,1,Rain,Urban,89,4,3,1,2,6
21,0,Clear,Suburban,86,16,11,1,4,21
12,0,Clear,Urban,86,22,7,4,3,30
17,0,Clear,Urban,50,58,23,4,2,63
17,1,Clear,Suburban,63,27,16,4,3,39
7,0,Clear,Suburban,28,48,19,6,5,81
0,0,Clear,Urban,64,5,2,0,2,17
9,0,Rain,Suburban,44,46,13,7,4,63
23,1,Rain,Urban,86,17,12,4,2,21
19,0,Clear,Suburban,20,57,17,3,6,93
4,0,Clear,Highway,84,7,3,0,1,12
6,1,Rain,Urban,80,11,14,2,2,16
0,0,Clear,Suburban,64,3,1,1,2,15
20,0,Clear,Highway,80,24,9,1,2,20
10,0,Fog,Highway,82,27,7,3,2,21
18,0,Clear,Highway,58,38,22,5,6,62
4,0,Rain,Urban,65,10,3,1,1,6
7,0,Clear,Urban,55,50,18,7,4,62
18,1,Clear,Suburban,43,31,22,7,5,48
9,0,Clear,Highway,25,35,18,7,2,72
22,0,Fog,Suburban,87,22,8,4,4,25
10,0,Clear,Highway,52,28,11,4,3,41
4,0,Clear,Suburban,82,9,1,0,1,5
22,0,Fog,Urban,72,29,5,2,4,27
12,0,Rain,Highway,71,15,12,4,3,20
12,0,Clear,Highway,58,28,12,2,4,43
16,0,Clear,Highway,81,25,5,3,3,30
22,0,Clear,Suburban,48,29,7,4,3,42
5,0,Rain,Urban,77,7,1,0,2,8
21,0,Rain,Urban,75,20,12,3,2,25
17,1,Rain,Suburban,49,32,14,3,6,42
4,0,Fog,Urban,89,5,2,1,1,11
16,1,Fog,Highway,76,12,7,2,4,17
20,0,Fog,Urban,71,13,13,1,2,14
15,0,Clear,Urban,76,17,13,4,4,32
11,0,Rain,Urban,87,16,11,2,3,36
19,0,Rain,Urban,31,54,19,5,3,73
8,1,Fog,Suburban,74,33,17,4,4,29
1,0,Fog,Highway,69,4,4,0,2,3
12,0,Clear,Urban,87,15,8,4,3,34
23,0,Clear,Urban,62,14,8,2,3,32
20,0,Clear,Urban,76,14,14,1,3,21
17,1,Clear,Suburban,54,32,15,3,5,54
20,0,Clear,Urban,51,27,6,3,4,46
17,1,Clear,Urban,55,32,17,4,2,67
21,0,Clear,Urban,49,15,10,4,2,43
17,0,Fog,Urban,52,32,18,7,6,51
11,0,Rain,Highway,63,29,6,2,3,22
7,0,Clear,Suburban,33,51,23,6,6,89
14,0,Clear,Urban,46,26,13,4,3,44
1,0,Clear,Highway,70,6,1,0,1,16
17,1,Clear,Suburban,89,40,19,4,2,39
11,0,Clear,Urban,69,20,10,2,3,22
21,0,Clear,Highway,79,19,5,3,3,23
11,0,Clear,Urban,63,26,8,3,2,40
5,1,Clear,Highway,86,6,1,0,2,7
22,1,Clear,Highway,79,10,8,1,3,25
13,0,Clear,Suburban,58,12,6,2,3,47
11,0,Clear,Suburban,65,25,6,1,4,20
12,1,Rain,Suburban,86,9,11,2,3,12
19,0,Rain,Urban,56,45,22,5,5,54
15,0,Clear,Suburban,86,25,11,4,2,32
2,0,Rain,Highway,74,3,2,0,1,5
4,0,Clear,Highway,65,7,3,1,2,10
19,0,Clear,Suburban,49,43,18,5,4,68
12,1,Rain,Highway,67,13,13,2,2,11
4,0,Rain,Urban,85,10,3,1,1,4
4,0,Rain,Highway,68,7,1,0,2,5
6,0,Fog,Highway,89,12,7,1,2,27
19,0,Clear,Highway,24,36,21,5,3,91
2,0,Clear,Urban,69,7,3,1,1,5
3,0,Rain,Suburban,68,4,4,0,2,4
13,0,Rain,Suburban,78,28,6,1,2,34
15,1,Fog,Urban,79,10,7,4,4,15
18,0,Fog,Highway,49,56,18,4,3,56
3,1,Clear,Urban,60,3,4,0,1,6
3,0,Clear,Suburban,69,6,2,0,2,11
4,0,Rain,Suburban,61,9,3,0,2,13
16,0,Clear,Suburban,74,29,14,4,3,22
12,0,Rain,Urban,65,14,9,1,3,17
12,0,Clear,Urban,46,15,7,2,2,42
9,0,Clear,Highway,37,36,13,5,3,77
12,0,Clear,Urban,63,29,14,3,2,25
8,1,Clear,Suburban,44,24,10,4,5,58
7,0,Clear,Suburban,50,32,15,6,2,67
1,1,Clear,Urban,60,4,4,1,2,12
7,0,Fog,Highway,70,40,13,6,3,33
17,1,Clear,Highway,86,40,18,7,6,36
14,0,Clear,Urban,79,21,5,1,2,28
7,0,Fog,Urban,40,47,14,7,2,58
13,1,Clear,Urban,86,12,6,1,2,16
6,1,Clear,Suburban,60,20,8,2,2,17
13,0,Clear,Suburban,82,24,7,2,3,35
9,1,Clear,Urban,54,42,22,5,2,51
15,1,Clear,Suburban,71,20,7,3,4,19
11,0,Clear,Highway,78,29,9,2,2,24
13,0,Clear,Suburban,87,26,6,1,2,33
9,1,Fog,Urban,84,40,23,4,4,21
2,0,Clear,Highway,84,7,1,0,1,5
1,0,Rain,Suburban,69,6,4,1,2,6
19,0,Clear,Suburban,26,40,10,5,2,71
3,1,Rain,Highway,68,5,2,1,1,8
10,1,Fog,Suburban,70,16,7,3,3,15
11,0,Fog,Urban,88,26,10,3,2,24
19,0,Clear,Highway,39,45,16,4,6,90
12,0,Fog,Urban,87,21,13,1,3,19
8,1,Clear,Suburban,55,26,22,7,2,58
12,0,Fog,Urban,67,18,5,2,2,13
9,0,Clear,Urban,39,50,22,6,5,74
9,0,Clear,Suburban,44,44,20,6,6,61
0,1,Clear,Urban,75,8,2,0,2,11
12,1,Clear,Urban,69,22,10,3,4,16
12,0,Clear,Urban,75,12,6,2,4,38
14,0,Clear,Highway,74,21,12,4,2,39
0,0,Clear,Urban,68,6,2,0,2,8
14,0,Rain,Suburban,79,23,9,3,3,28
6,0,Clear,Suburban,82,23,12,1,2,40
17,0,Rain,Highway,42,52,16,4,5,60
6,0,Fog,Urban,86,17,6,2,2,15
15,0,Rain,Suburban,83,23,8,1,3,18
10,0,Clear,Suburban,45,14,12,3,4,45
4,1,Clear,Highway,83,4,1,1,2,4
1,0,Clear,Highway,70,8,1,0,2,19
19,1,Fog,Urban,64,25,12,6,4,39
9,0,Fog,Suburban,74,31,22,4,3,32
22,0,Rain,Highway,86,28,8,1,2,16
18,1,Clear,Urban,45,32,11,4,6,58
14,1,Fog,Urban,61,10,14,3,3,17
0,1,Fog,Highway,70,5,1,0,1,1
2,1,Clear,Highway,76,5,4,0,1,5
13,0,Rain,Urban,79,23,11,3,2,21
9,1,Clear,Suburban,50,28,12,7,3,62
23,0,Clear,Suburban,62,29,6,1,2,26
23,0,Clear,Suburban,76,28,5,1,3,25
22,1,Clear,Highway,79,18,6,2,2,16
1,0,Clear,Highway,60,7,2,0,1,13
14,0,Clear,Suburban,88,25,8,1,4,37
14,1,Clear,Suburban,77,10,8,2,3,28
13,0,Clear,Urban,75,12,11,4,2,34
6,0,Clear,Suburban,71,21,6,1,3,34
16,1,Clear,Urban,81,21,5,4,4,30
16,0,Clear,Highway,48,24,11,3,4,48
14,1,Rain,Highway,85,16,5,1,3,24
6,0,Clear,Highway,78,28,5,3,3,20
22,0,Fog,Highway,76,24,9,4,3,29
13,1,Clear,Urban,74,15,10,2,3,30
4,0,Clear,Urban,82,7,1,1,1,11
15,0,Clear,Suburban,76,22,12,3,2,24
17,0,Fog,Highway,70,42,10,5,5,33
17,0,Rain,Urban,56,56,14,3,5,56
17,0,Clear,Highway,44,37,17,4,4,58
0,0,Rain,Suburban,87,4,3,1,1,10
9,1,Clear,Urban,57,33,24,3,3,50
12,1,Clear,Urban,76,22,13,4,3,19
1,1,Clear,Highway,78,4,4,0,2,7
8,0,Clear,Suburban,25,47,21,3,4,97
12,1,Rain,Highway,67,16,9,3,3,25
5,0,Clear,Urban,85,9,2,1,1,10
16,0,Clear,Suburban,75,21,7,2,4,26
9,0,Rain,Suburban,36,32,19,6,4,71
20,0,Fog,Urban,88,19,7,2,3,13
7,0,Clear,Highway,53,36,20,7,5,70
23,0,Clear,Urban,57,18,11,4,3,48
1,0,Clear,Urban,67,9,4,1,1,13
1,0,Clear,Suburban,60,6,1,0,2,19
11,0,Clear,Highway,47,12,11,2,4,48
18,0,Clear,Suburban,54,54,18,7,4,50
10,0,Fog,Highway,81,25,8,1,3,28
13,0,Clear,Suburban,63,20,8,2,4,26
3,0,Clear,Suburban,60,3,2,1,2,8
0,0,Rain,Urban,70,9,4,0,1,6
9,0,Clear,Suburban,22,37,12,5,6,72
14,0,Rain,Urban,66,23,10,1,4,39
4,1,Clear,Suburban,76,6,3,0,1,7
23,1,Clear,Urban,66,10,8,4,2,27
21,1,Clear,Urban,66,20,11,3,4,17
12,0,Clear,Urban,50,19,5,2,2,44
8,1,Clear,Suburban,40,45,23,5,6,46
10,0,Clear,Highway,43,15,8,1,2,41
18,1,Rain,Suburban,45,32,23,4,6,52
11,1,Clear,Suburban,87,22,8,4,3,21
2,0,Clear,Suburban,82,10,2,1,1,10
6,1,Fog,Suburban,75,9,6,2,3,10
21,1,Rain,Urban,80,17,8,2,4,18
16,0,Clear,Highway,80,12,13,1,3,21
5,0,Clear,Suburban,68,7,4,1,2,10
5,0,Clear,Highway,75,8,2,0,2,14
20,1,Clear,Suburban,75,16,6,2,4,17
4,0,Clear,Urban,64,9,2,0,1,14
21,1,Rain,Highway,88,16,12,4,4,16
16,1,Fog,Urban,89,15,12,1,4,17
22,0,Rain,Urban,72,28,10,4,2,28
20,1,Clear,Highway,84,21,14,4,2,25
6,0,Clear,Suburban,68,14,7,2,3,26
20,0,Clear,Urban,81,13,14,2,3,32
23,0,Clear,Highway,40,27,9,1,4,43
17,0,Clear,Urban,36,52,17,3,3,74
4,1,Clear,Urban,84,7,4,1,2,5
14,1,Clear,Urban,86,20,13,3,2,28
3,0,Clear,Urban,89,4,1,1,2,7
9,0,Fog,Urban,77,40,10,3,2,30
12,1,Rain,Highway,77,16,10,1,4,27
18,1,Rain,Highway,48,44,17,3,3,48
20,0,Clear,Highway,49,19,11,3,3,47
4,0,Clear,Suburban,73,10,2,0,1,8
7,0,Clear,Suburban,30,51,14,4,2,84
22,0,Clear,Urban,71,29,11,1,2,34
14,0,Clear,Highway,77,15,7,2,2,22
7,0,Clear,Urban,44,51,19,3,5,53
4,0,Clear,Highway,78,10,2,1,2,11
15,0,Fog,Urban,88,26,6,3,4,12
11,1,Rain,Suburban,89,12,13,3,4,11
22,1,Clear,Highway,80,16,10,3,4,28
4,0,Clear,Highway,66,4,4,1,2,17
11,1,Clear,Urban,82,16,7,2,3,24
16,1,Clear,Urban,69,15,5,2,2,27
8,1,Rain,Suburban,43,32,14,4,6,44
2,0,Clear,Suburban,85,8,1,1,1,6
5,0,Rain,Suburban,60,10,3,1,1,8
13,0,Fog,Suburban,60,17,10,2,4,20
12,0,Clear,Urban,74,26,8,1,3,22
12,1,Clear,Highway,82,14,12,1,2,17
21,0,Clear,Urban,74,17,12,1,4,36
18,0,Clear,Urban,55,45,22,6,5,63
20,1,Clear,Highway,81,19,6,2,4,28
21,0,Clear,Highway,54,23,10,4,4,43
14,0,Clear,Urban,84,14,13,2,3,32
6,1,Rain,Urban,73,15,7,1,4,11
1,0,Clear,Urban,74,11,1,0,2,14
19,0,Clear,Suburban,45,49,11,4,2,65
18,0,Clear,Urban,21,45,21,6,5,92
14,0,Clear,Suburban,73,20,13,3,3,30
3,0,Rain,Urban,80,9,4,0,1,10
6,0,Fog,Urban,82,26,10,2,3,28
16,1,Clear,Highway,80,19,5,2,3,16
1,0,Clear,Highway,73,11,2,1,1,14
5,0,Clear,Suburban,70,5,4,0,2,11
21,0,Clear,Suburban,77,22,5,3,3,34
12,0,Clear,Urban,84,22,5,4,4,31
9,0,Clear,Urban,45,38,16,4,3,69
22,0,Clear,Suburban,42,14,13,4,3,42
9,0,Clear,Urban,36,56,14,5,4,90
21,0,Clear,Suburban,85,20,12,1,3,38
11,1,Fog,Urban,82,14,8,4,2,18
9,0,Clear,Highway,28,47,14,3,2,71
10,0,Clear,Highway,69,16,9,4,3,28
7,0,Clear,Suburban,24,50,12,5,6,90
23,0,Rain,Highway,81,20,5,3,3,37
5,1,Clear,Highway,75,3,3,1,1,13
15,0,Clear,Highway,47,12,11,4,2,46
8,1,Clear,Highway,67,35,11,3,5,39
14,0,Rain,Highway,60,15,12,4,3,17
17,1,Clear,Suburban,54,28,11,3,2,54
22,1,Fog,Highway,70,11,6,4,3,16
20,0,Rain,Suburban,71,20,7,1,3,31
7,1,Clear,Urban,42,36,20,3,6,58
5,0,Rain,Suburban,72,8,2,0,1,12
21,0,Clear,Highway,72,13,13,4,4,35
22,0,Fog,Highway,83,23,12,4,4,15
12,1,Clear,Suburban,65,10,10,1,2,18
18,0,Clear,Highway,40,52,10,6,4,53
16,1,Clear,Urban,69,21,9,4,4,28
13,1,Clear,Highway,88,22,12,2,4,33
14,0,Rain,Highway,88,26,11,1,3,18
22,0,Clear,Urban,56,21,13,4,2,43
16,0,Clear,Urban,63,14,12,3,4,35
2,1,Clear,Urban,69,7,4,1,2,7
11,1,Clear,Highway,74,19,13,2,3,18
20,0,Rain,Highway,73,13,9,2,2,38
21,0,Clear,Urban,46,15,5,4,4,42
12,0,Clear,Highway,85,15,14,1,2,37
14,1,Clear,Urban,75,10,12,4,4,16
23,0,Clear,Urban,63,26,12,2,4,31
3,0,Clear,Urban,87,9,2,0,2,12
15,1,Clear,Suburban,66,21,14,1,3,33
12,1,Rain,Urban,75,11,7,4,3,22
18,0,Rain,Highway,46,55,17,4,3,61
15,0,Clear,Highway,83,27,14,1,2,32
7,0,Clear,Urban,30,30,19,6,4,74
23,1,Rain,Suburban,88,12,10,2,3,19
23,0,Clear,Suburban,47,21,9,3,3,49
1,0,Clear,Suburban,64,9,4,1,1,9
6,0,Rain,Suburban,73,21,5,1,3,31
13,0,Clear,Urban,65,19,5,2,4,24
11,1,Clear,Highway,64,23,6,4,2,32
21,0,Clear,Highway,67,14,13,4,2,38
0,0,Rain,Suburban,79,3,3,0,1,10
14,0,Rain,Urban,71,19,11,1,2,24
11,0,Clear,Highway,47,23,9,2,2,42
21,0,Rain,Urban,76,13,11,2,4,36
20,1,Fog,Highway,68,13,6,2,4,9
2,0,Rain,Highway,83,8,3,0,1,5
14,1,Clear,Urban,67,18,8,2,3,15
11,0,Fog,Suburban,63,14,10,4,4,18
7,0,Rain,Suburban,52,33,12,7,2,69
19,1,Clear,Urban,42,44,11,5,3,51
9,0,Clear,Suburban,44,47,15,7,3,67
7,1,Fog,Urban,76,46,10,3,6,21
14,0,Fog,Highway,60,29,11,1,4,13
5,0,Clear,Suburban,60,3,1,1,2,11
23,0,Clear,Suburban,79,20,6,2,3,36
19,0,Clear,Highway,47,54,22,5,6,66
15,0,Clear,Urban,71,21,8,4,3,35
21,0,Clear,Urban,51,15,9,3,4,48
19,0,Clear,Highway,55,40,22,4,4,52
0,0,Rain,Suburban,81,10,2,0,2,10
6,1,Clear,Highway,61,16,13,2,3,21
6,0,Clear,Urban,89,16,14,1,2,40
16,0,Clear,Suburban,56,13,11,1,2,45
16,0,Fog,Urban,77,26,9,3,2,26
0,1,Rain,Suburban,83,6,2,1,1,8
6,0,Clear,Urban,64,27,14,2,2,33
1,0,Clear,Highway,72,6,2,0,2,6
19,0,Fog,Suburban,46,49,19,6,3,52
11,0,Clear,Urban,70,20,7,1,4,35
0,0,Clear,Urban,87,4,2,1,2,11
20,1,Rain,Highway,71,17,13,4,3,16
13,1,Clear,Highway,64,17,8,3,2,31
14,0,Clear,Suburban,69,13,13,4,2,23
4,0,Clear,Urban,67,4,2,0,1,17
6,0,Clear,Suburban,41,14,10,3,2,43
1,0,Rain,Suburban,85,9,3,1,2,7
14,0,Fog,Urban,85,27,5,1,4,17
13,0,Rain,Urban,77,20,12,1,2,35
3,0,Clear,Highway,73,4,3,1,2,5
23,0,Clear,Urban,64,26,6,1,2,39
4,0,Rain,Highway,69,9,4,1,2,14
14,0,Clear,Urban,69,25,13,3,2,33
21,0,Rain,Urban,60,20,10,1,2,32
21,0,Rain,Highway,83,16,8,4,4,34
15,0,Clear,Urban,65,23,5,2,2,39
17,0,Rain,Suburban,48,51,18,3,5,68
2,1,Rain,Suburban,67,4,2,0,1,8
10,0,Clear,Highway,49,12,9,4,2,45
21,0,Fog,Urban,75,14,6,4,2,28
23,0,Clear,Highway,65,15,9,1,4,30
14,0,Fog,Highway,80,22,5,1,4,12
21,0,Clear,Highway,73,12,14,3,3,29
11,0,Clear,Highway,84,14,13,3,3,36
11,1,Clear,Suburban,67,9,5,1,2,16
16,1,Clear,Urban,69,12,7,2,4,34
15,0,Rain,Urban,82,18,6,4,2,20
20,0,Clear,Urban,80,17,5,2,3,21
15,0,Clear,Suburban,82,25,7,2,2,40
23,0,Rain,Urban,67,23,10,1,2,16
5,1,Clear,Urban,74,6,3,1,1,12
10,1,Clear,Highway,87,12,8,3,4,21
7,0,Rain,Urban,82,58,10,7,4,40
2,0,Clear,Suburban,63,11,2,1,1,7
1,0,Clear,Urban,88,5,2,1,1,14
14,0,Clear,Highway,47,14,14,4,4,45
11,1,Clear,Highway,62,17,11,1,2,18
23,0,Fog,Suburban,69,16,14,4,2,28
1,1,Clear,Urban,64,3,2,0,1,13
8,0,Fog,Urban,82,54,16,5,3,33
11,0,Clear,Highway,62,26,7,1,4,20
9,0,Fog,Suburban,48,31,18,7,4,59
0,0,Clear,Urban,67,3,3,1,2,16
20,1,Clear,Urban,73,20,10,3,2,26
5,0,Clear,Suburban,85,11,3,0,2,5
14,0,Clear,Suburban,42,25,12,2,4,43
4,0,Clear,Highway,81,3,4,1,2,5
8,1,Clear,Highway,57,42,10,7,2,62
18,0,Rain,Highway,51,46,14,3,2,64
14,0,Clear,Highway,62,12,12,3,3,34
20,0,Rain,Urban,85,29,10,2,3,36
2,1,Clear,Suburban,85,2,4,0,2,3
5,1,Rain,Suburban,88,8,4,1,1,2
2,0,Clear,Suburban,65,10,4,1,1,6
11,0,Fog,Urban,85,27,9,3,3,15
10,1,Clear,Urban,87,18,7,2,2,27
15,0,Clear,Suburban,77,27,11,3,2,34
5,0,Clear,Suburban,75,7,3,1,2,17
21,0,Clear,Urban,62,27,13,1,4,20
7,0,Clear,Urban,36,38,14,7,4,99
1,1,Clear,Suburban,71,7,4,0,2,11
21,1,Rain,Suburban,88,23,13,2,3,16
13,0,Clear,Urban,62,17,9,4,4,33
7,0,Fog,Urban,88,34,23,5,5,30
4,1,Clear,Urban,81,2,4,0,2,3
0,0,Clear,Urban,73,11,1,1,1,16
6,1,Rain,Suburban,65,11,11,4,2,16
17,0,Clear,Highway,36,58,18,3,4,76
12,0,Clear,Highway,57,23,8,2,2,42
14,0,Rain,Urban,67,29,12,3,4,24
16,0,Clear,Suburban,80,23,11,2,4,40
3,0,Clear,Suburban,66,9,4,1,2,15
15,0,Clear,Highway,58,27,12,1,4,47
6,0,Clear,Urban,86,28,10,4,4,28
14,0,Clear,Highway,85,29,12,4,4,38
3,0,Clear,Highway,74,5,1,0,1,9
4,0,Rain,Highway,68,10,4,0,1,8
22,1,Clear,Urban,86,10,10,2,3,33
20,1,Clear,Highway,84,17,12,4,3,23
19,1,Clear,Urban,40,25,21,4,3,58
7,1,Clear,Urban,55,35,24,7,2,56
15,0,Clear,Highway,47,12,14,3,2,48
1,0,Clear,Highway,78,5,4,1,2,16
17,0,Clear,Suburban,34,41,18,7,3,77
11,1,Clear,Highway,85,21,6,2,3,15
9,1,Clear,Highway,57,32,15,5,3,42
6,1,Clear,Suburban,89,19,10,3,3,20
9,0,Fog,Suburban,41,51,19,7,6,45
0,0,Clear,Suburban,84,6,1,0,1,16
10,0,Fog,Urban,77,18,13,4,2,18
17,1,Clear,Urban,66,25,18,5,5,40
7,0,Clear,Suburban,56,33,12,6,5,61
17,1,Clear,Suburban,52,28,12,3,3,42
4,0,Clear,Urban,74,7,4,1,1,17
11,0,Rain,Urban,63,18,10,4,2,23
9,0,Fog,Suburban,42,39,11,6,5,53
11,0,Rain,Highway,73,22,12,2,2,22
9,0,Clear,Suburban,38,35,12,6,2,71
8,1,Clear,Suburban,51,44,19,3,4,61
6,1,Clear,Suburban,75,22,14,4,3,30
23,0,Clear,Suburban,66,28,9,1,2,30
14,0,Clear,Urban,72,27,7,2,2,35
7,0,Clear,Urban,42,44,13,7,4,52
12,0,Clear,Suburban,55,26,5,3,2,48
6,1,Clear,Suburban,82,12,12,1,4,21
21,0,Clear,Urban,54,20,6,1,3,49
23,0,Clear,Urban,81,22,8,1,3,36
10,0,Clear,Urban,83,18,10,3,3,40
15,0,Clear,Urban,48,27,11,4,3,44
6,0,Rain,Urban,77,16,12,2,3,20
21,0,Rain,Suburban,66,24,13,4,3,29
7,0,Clear,Suburban,20,49,23,3,3,71
21,0,Clear,Highway,77,12,12,3,2,32
16,0,Rain,Highway,87,19,5,3,3,17
8,0,Rain,Highway,46,51,21,4,4,60
14,0,Clear,Suburban,73,20,13,3,3,23
2,1,Clear,Highway,74,5,4,0,1,7
22,0,Clear,Urban,65,13,8,2,3,39
4,0,Clear,Urban,77,7,1,0,1,16
6,0,Clear,Urban,85,20,14,1,4,20
22,0,Clear,Urban,56,19,10,3,4,41
14,0,Clear,Urban,76,20,14,1,3,20
15,0,Rain,Highway,88,21,14,1,4,37
13,0,Clear,Urban,46,18,8,1,3,47
11,0,Clear,Highway,67,14,7,3,2,25
17,0,Clear,Urban,43,41,12,3,2,55
0,1,Clear,Urban,89,2,2,1,2,7
6,0,Clear,Highway,69,13,12,4,4,36
11,0,Rain,Highway,64,15,5,4,4,38
1,0,Clear,Highway,69,5,3,1,2,15
6,0,Clear,Urban,66,17,14,2,2,24
9,0,Rain,Suburban,48,43,22,7,4,64
10,0,Clear,Suburban,48,16,12,4,2,43
8,0,Rain,Highway,58,53,10,5,2,45
3,0,Clear,Suburban,71,5,4,0,2,5
16,0,Rain,Highway,69,29,6,4,3,16
20,0,Rain,Highway,88,13,5,4,4,17
18,1,Clear,Highway,43,34,21,5,5,43
11,0,Clear,Suburban,77,27,12,3,4,34
5,0,Clear,Highway,86,11,3,1,2,16
23,1,Fog,Highway,82,13,5,3,2,10
7,0,Clear,Urban,36,52,10,7,4,98
13,0,Rain,Suburban,64,29,10,3,4,27
2,0,Fog,Urban,74,4,1,1,1,4
2,0,Clear,Urban,64,3,4,1,2,8
2,0,Clear,Urban,64,7,4,1,1,10
22,1,Clear,Suburban,82,9,13,3,4,16
19,0,Rain,Suburban,50,30,14,6,3,51
8,0,Fog,Highway,71,34,21,3,3,35
15,0,Clear,Urban,63,14,12,1,3,39
15,0,Clear,Highway,74,18,10,4,3,25
9,1,Clear,Suburban,80,33,17,3,6,35
0,0,Clear,Suburban,80,10,4,1,2,13
4,0,Rain,Highway,79,11,4,1,2,4
12,1,Fog,Suburban,77,16,7,4,3,15
8,0,Fog,Suburban,53,52,23,4,3,59
19,0,Clear,Urban,24,47,20,4,4,78
13,0,Clear,Suburban,61,16,9,2,4,38
15,1,Clear,Urban,82,14,10,3,4,21
15,0,Fog,Suburban,86,23,12,3,3,28
11,0,Clear,Suburban,88,16,6,4,2,26
23,0,Clear,Urban,84,19,13,1,2,38
23,1,Clear,Suburban,82,17,11,3,3,27
23,1,Rain,Highway,71,12,13,1,3,12
2,1,Clear,Urban,73,5,4,0,2,11
12,0,Clear,Highway,71,28,11,2,4,40
14,1,Clear,Suburban,76,11,14,1,3,30
22,0,Clear,Suburban,78,29,5,3,3,33
15,0,Clear,Urban,45,19,5,1,4,48
5,0,Clear,Highway,81,8,3,0,2,9
8,0,Clear,Urban,52,31,18,7,4,51
16,0,Clear,Urban,77,23,10,2,3,36
22,1,Rain,Urban,80,21,12,1,2,17
20,1,Rain,Highway,87,11,5,2,2,22
13,1,Clear,Urban,83,17,14,2,3,34
21,1,Clear,Highway,61,16,13,3,4,24
20,0,Clear,Urban,74,12,12,3,3,27
7,1,Clear,Urban,53,36,22,7,6,62
20,0,Clear,Urban,42,28,9,1,2,47
1,0,Rain,Suburban,89,9,4,1,1,14
12,0,Clear,Urban,55,26,14,2,4,47
11,0,Clear,Suburban,40,24,7,2,3,47
21,0,Fog,Suburban,74,27,11,1,2,25
11,0,Fog,Suburban,69,14,9,1,4,12
8,0,Clear,Urban,25,39,19,5,6,99
8,0,Clear,Highway,50,54,16,6,2,57
6,0,Clear,Suburban,81,15,11,2,3,28
10,0,Clear,Urban,65,23,5,2,3,39
0,0,Fog,Suburban,62,7,4,1,1,3
20,0,Fog,Suburban,89,24,13,2,2,13
14,0,Clear,Suburban,66,13,14,3,3,23
19,0,Clear,Highway,29,53,10,6,6,76
21,1,Clear,Highway,76,20,8,1,2,18
19,1,Clear,Highway,57,43,16,3,4,53
18,0,Clear,Urban,53,48,21,7,4,60
0,0,Clear,Highway,89,10,2,0,1,14
10,0,Clear,Suburban,80,16,12,3,3,22
13,0,Clear,Highway,73,12,5,2,3,21
15,1,Clear,Suburban,60,20,11,3,2,25
18,0,Clear,Urban,33,41,21,4,4,72
20,0,Clear,Urban,58,20,14,2,2,44
11,0,Clear,Urban,55,27,13,4,2,45
16,0,Clear,Urban,49,24,13,2,4,41
23,1,Clear,Urban,88,22,5,3,2,21
21,0,Rain,Suburban,85,25,7,1,2,18
3,0,Rain,Highway,67,10,1,0,1,11
16,0,Fog,Highway,82,27,11,1,3,27
11,0,Clear,Highway,78,26,13,3,4,38
3,1,Rain,Suburban,80,8,3,1,1,8
10,0,Clear,Suburban,59,20,13,3,4,42
22,0,Clear,Urban,69,24,5,2,3,32
23,0,Rain,Urban,83,26,9,3,4,16
5,1,Clear,Highway,65,8,1,1,2,3
9,0,Fog,Urban,46,56,13,4,4,54
13,0,Clear,Urban,43,18,10,3,4,44
10,0,Fog,Suburban,69,14,9,1,4,19
6,0,Clear,Suburban,74,18,13,1,4,22
21,1,Rain,Highway,74,18,6,4,2,22
21,1,Clear,Suburban,76,21,12,4,2,25
0,0,Fog,Urban,64,3,3,0,2,9
9,0,Clear,Highway,52,35,17,5,3,57
14,0,Clear,Suburban,42,12,10,3,4,49
22,0,Clear,Urban,79,13,8,4,4,37
7,0,Fog,Suburban,44,31,16,5,4,44
5,1,Clear,Urban,68,4,3,0,1,6
13,0,Clear,Highway,53,25,5,3,2,42
11,0,Fog,Urban,72,15,7,2,2,26
3,1,Clear,Highway,63,4,1,1,1,8
10,0,Fog,Suburban,88,17,9,3,3,25
11,1,Clear,Urban,73,23,6,2,3,28
3,0,Clear,Urban,61,4,1,0,1,19
6,0,Clear,Urban,42,24,11,2,3,44
19,0,Clear,Urban,41,37,21,4,4,61
8,0,Clear,Highway,58,59,10,7,3,61
12,0,Rain,Highway,62,24,11,1,3,18
23,0,Rain,Highway,77,25,11,3,2,31
19,1,Clear,Suburban,45,45,16,6,4,56
1,0,Clear,Urban,78,4,1,0,2,10
22,1,Clear,Suburban,63,22,9,2,2,32
9,0,Clear,Highway,34,36,12,3,4,91
18,1,Fog,Urban,89,28,10,6,4,40
8,0,Clear,Urban,43,52,16,6,3,64
6,0,Clear,Suburban,66,24,8,4,2,27
6,1,Clear,Urban,73,20,6,1,3,34
17,0,Clear,Urban,51,54,18,6,3,56
9,1,Clear,Urban,72,27,11,3,4,39
15,1,Clear,Highway,71,17,9,4,4,20
20,0,Clear,Highway,76,16,11,1,3,25
18,1,Clear,Urban,69,30,11,7,5,40
17,0,Clear,Highway,26,47,12,4,4,93
19,0,Rain,Suburban,27,31,10,5,5,76
14,1,Clear,Urban,79,19,6,2,2,22
6,1,Clear,Highway,87,20,8,3,4,26
10,0,Clear,Highway,89,18,7,3,3,34
1,0,Clear,Highway,72,9,2,0,1,14
5,1,Clear,Suburban,70,6,2,0,2,10
3,0,Clear,Urban,69,8,2,1,1,16
19,0,Clear,Suburban,23,32,11,7,5,97
16,1,Clear,Suburban,78,20,6,4,4,18
2,1,Clear,Highway,77,4,2,1,1,4
9,0,Clear,Urban,56,55,18,5,3,65
8,1,Rain,Suburban,82,27,16,4,3,33
23,0,Fog,Suburban,84,18,6,4,3,25
7,1,Fog,Highway,76,46,23,4,5,34
8,0,Clear,Highway,27,33,15,7,3,98
3,1,Clear,Urban,66,4,3,0,1,9
12,0,Clear,Urban,61,20,9,3,2,26
23,1,Clear,Suburban,67,22,8,4,2,24
0,1,Clear,Suburban,63,2,2,0,2,4
2,0,Clear,Highway,86,3,4,1,2,12
6,0,Rain,Highway,81,26,10,1,4,34
1,0,Clear,Suburban,75,11,1,0,2,5
18,0,Fog,Urban,43,30,12,6,5,58
2,0,Clear,Highway,72,8,4,0,2,17
15,1,Clear,Highway,70,22,10,1,2,22
1,1,Rain,Urban,86,8,3,1,2,5
21,0,Rain,Highway,60,18,12,3,3,18
18,1,Clear,Urban,55,37,22,4,6,63
8,0,Clear,Urban,28,44,21,6,4,81
17,0,Rain,Urban,45,55,24,5,5,65
20,1,Clear,Suburban,78,20,9,3,3,28
13,0,Clear,Highway,66,23,14,4,3,36
18,0,Clear,Highway,54,40,16,6,3,61
20,0,Rain,Highway,72,22,6,1,2,22
9,0,Clear,Suburban,21,52,15,6,2,81
15,1,Clear,Suburban,85,15,9,2,4,33
19,0,Clear,Urban,27,58,18,4,6,76
3,0,Rain,Urban,69,6,3,0,2,8
0,0,Fog,Urban,74,5,1,0,1,10
17,0,Clear,Suburban,30,41,19,6,4,80
15,0,Rain,Highway,76,21,11,4,2,18
22,0,Clear,Urban,52,28,9,1,2,44
6,1,Clear,Urban,85,16,10,2,4,25
19,0,Clear,Highway,44,31,10,5,2,50
8,0,Rain,Urban,77,40,14,6,3,40
15,1,Clear,Suburban,66,14,11,4,4,15
2,0,Clear,Urban,89,3,4,1,1,14
7,0,Clear,Highway,34,37,24,5,3,79
0,0,Rain,Suburban,60,3,2,1,1,4
6,0,Clear,Highway,84,14,8,2,2,37
7,0,Rain,Urban,55,35,23,7,6,51
5,1,Clear,Suburban,86,2,4,0,1,11
14,0,Fog,Suburban,82,14,12,3,3,12
9,1,Clear,Urban,57,32,15,7,5,59
4,0,Clear,Urban,63,3,4,0,2,6
9,0,Clear,Urban,32,55,22,5,4,92
5,0,Fog,Suburban,71,9,1,0,2,3
8,0,Clear,Urban,32,50,15,3,2,77
10,1,Fog,Urban,74,23,9,4,2,19
18,0,Clear,Suburban,53,50,22,5,6,64
4,0,Clear,Highway,70,10,1,1,1,11
18,0,Clear,Urban,32,30,19,4,3,84
6,0,Clear,Urban,71,27,6,2,4,37
5,1,Clear,Suburban,88,2,2,1,2,12
6,1,Clear,Highway,60,10,6,1,2,32
12,0,Clear,Highway,73,15,5,2,4,25
22,0,Clear,Urban,89,25,10,3,2,20
14,0,Clear,Highway,76,29,9,1,3,24
12,1,Fog,Suburban,79,17,10,2,2,17
16,0,Clear,Urban,68,15,5,2,3,30
6,0,Clear,Urban,72,14,9,4,3,34
6,0,Clear,Suburban,74,14,11,4,4,38
6,0,Rain,Urban,62,16,13,1,3,24
5,0,Clear,Urban,76,10,4,0,2,16
18,1,Clear,Urban,45,47,23,3,6,63
1,0,Rain,Suburban,78,9,3,1,1,12
1,0,Clear,Highway,61,7,4,0,2,17
8,0,Clear,Urban,23,49,20,4,4,71
8,1,Clear,Highway,71,46,13,5,4,35
18,0,Rain,Suburban,48,40,20,5,2,59
1,1,Clear,Urban,84,8,3,1,1,7
2,0,Rain,Urban,87,6,2,1,1,4
5,0,Rain,Highway,65,5,4,1,1,4
12,0,Rain,Highway,76,26,10,2,3,22
22,0,Clear,Urban,57,17,6,3,3,41
18,0,Rain,Suburban,38,35,21,4,5,75
18,0,Clear,Urban,34,55,13,5,4,71
23,0,Clear,Suburban,75,14,5,4,4,30
16,0,Clear,Highway,81,23,10,4,2,29
22,0,Rain,Highway,61,15,7,1,2,18
2,0,Fog,Highway,65,3,3,0,2,10
9,0,Clear,Urban,32,36,16,5,4,81
20,0,Clear,Highway,54,13,6,4,2,41
22,0,Clear,Suburban,83,26,12,4,3,30
22,0,Clear,Suburban,75,22,6,3,2,39
19,0,Clear,Suburban,36,45,10,7,2,84
2,0,Rain,Highway,66,6,3,0,1,4
8,0,Clear,Highway,32,43,18,6,6,96
11,1,Rain,Suburban,73,20,13,2,2,11
3,1,Clear,Suburban,65,4,1,1,2,10
12,0,Clear,Suburban,73,12,9,2,4,24
13,1,Clear,Urban,84,11,7,3,3,26
11,1,Rain,Suburban,71,9,12,4,4,12
8,0,Clear,Suburban,43,36,13,5,6,61
9,0,Clear,Urban,55,48,16,6,3,60
11,1,Rain,Suburban,69,12,9,4,4,20
6,0,Rain,Urban,84,25,7,4,3,23
4,0,Clear,Urban,88,4,2,1,2,10
1,1,Clear,Urban,79,8,1,1,1,7
21,0,Clear,Urban,79,29,5,3,4,29
22,0,Clear,Highway,83,12,11,3,4,35
4,0,Clear,Highway,72,8,2,0,2,8
20,0,Clear,Urban,66,26,8,2,4,35
10,1,Clear,Highway,78,11,7,1,3,34
20,0,Clear,Urban,42,22,14,4,4,46
15,0,Clear,Highway,68,26,5,3,2,31
14,0,Clear,Highway,68,27,11,1,4,35
3,0,Rain,Highway,81,9,2,1,2,9
8,0,Fog,Suburban,40,51,23,3,6,51
12,0,Rain,Urban,64,21,11,2,4,32
11,1,Clear,Suburban,75,9,13,3,4,26
3,0,Clear,Suburban,75,8,1,0,1,16
15,0,Rain,Highway,78,12,10,3,2,36
5,1,Clear,Urban,85,8,2,0,2,6
22,0,Clear,Urban,67,29,11,3,4,28
6,0,Rain,Suburban,74,26,10,4,3,27
0,1,Clear,Suburban,79,5,1,1,1,4
1,0,Clear,Urban,73,10,4,0,1,11
12,0,Rain,Suburban,83,24,13,3,4,28
16,0,Clear,Highway,42,12,7,4,4,49
0,0,Rain,Suburban,66,4,1,1,2,12
2,0,Clear,Urban,81,5,2,0,1,17
17,1,Clear,Urban,46,25,15,4,2,62
6,0,Clear,Urban,78,14,12,3,3,33
16,1,Clear,Suburban,67,23,11,2,3,24
7,0,Clear,Suburban,27,31,23,4,6,93
18,0,Clear,Suburban,50,59,16,6,6,59
9,0,Clear,Highway,25,47,22,4,4,93
17,0,Clear,Highway,31,56,19,3,6,94
4,0,Rain,Suburban,79,11,2,1,1,15
13,1,Rain,Urban,65,13,9,3,3,11
16,0,Rain,Suburban,86,24,5,3,2,38
4,1,Clear,Urban,68,5,2,1,2,4
9,0,Fog,Urban,52,47,16,7,3,51
3,0,Clear,Suburban,80,11,2,1,2,7
18,1,Rain,Highway,45,44,14,6,3,49
20,1,Clear,Urban,87,17,8,3,3,23
4,1,Clear,Urban,88,2,1,0,2,9
19,1,Clear,Highway,84,33,12,7,3,39
12,0,Clear,Suburban,58,28,12,4,4,43
9,0,Clear,Suburban,29,43,15,5,5,71
9,0,Clear,Suburban,28,30,24,4,4,95
23,0,Clear,Highway,81,29,7,1,4,30
18,0,Clear,Urban,32,47,13,5,4,72
2,1,Clear,Urban,84,2,2,1,2,3
12,0,Clear,Urban,64,16,14,3,2,39
19,1,Rain,Urban,41,32,12,4,3,48
20,0,Clear,Urban,83,26,11,4,3,25
21,0,Fog,Urban,66,29,8,3,3,29
3,1,Clear,Highway,72,4,3,1,2,8
15,0,Rain,Urban,72,20,11,3,3,28
17,1,Clear,Highway,53,39,24,3,2,58
11,1,Clear,Highway,73,14,9,4,2,19
21,1,Fog,Highway,88,20,7,3,3,11
3,0,Clear,Suburban,86,8,4,1,2,9
19,0,Clear,Urban,51,53,24,3,2,70
10,0,Clear,Urban,81,22,6,1,3,40
16,0,Rain,Highway,74,19,10,3,2,37
16,0,Clear,Highway,71,17,7,2,3,21
8,1,Clear,Urban,42,28,19,5,3,59
11,0,Clear,Suburban,87,13,8,3,3,32
1,1,Clear,Urban,67,6,3,0,2,5
10,0,Clear,Urban,71,20,9,2,4,30
11,0,Rain,Urban,68,19,8,3,4,36
6,0,Fog,Highway,73,16,13,2,3,27
15,0,Clear,Urban,78,24,11,3,3,28
0,0,Clear,Suburban,61,6,2,1,2,14
15,1,Rain,Urban,62,20,13,1,3,24
1,0,Clear,Urban,86,11,1,1,1,6
21,0,Rain,Suburban,70,13,14,2,3,21
9,1,Rain,Urban,69,41,19,6,5,35
6,0,Rain,Highway,83,28,6,2,2,16
19,0,Rain,Urban,48,46,12,7,4,56
19,1,Clear,Highway,57,44,10,3,5,41
15,0,Fog,Highway,74,12,12,3,3,13
16,0,Clear,Urban,80,15,6,4,4,40
4,0,Clear,Suburban,84,3,1,1,1,13
7,0,Clear,Highway,43,42,19,5,2,50
22,0,Clear,Urban,65,16,12,3,4,33
20,1,Rain,Urban,62,10,10,3,4,25
17,1,Clear,Suburban,75,40,14,7,5,37
13,0,Clear,Suburban,46,29,9,1,4,42
8,1,Clear,Urban,43,28,11,5,6,54
15,1,Clear,Urban,78,23,13,4,2,25
23,1,Clear,Suburban,74,19,8,4,2,21
20,0,Clear,Urban,60,13,7,4,3,32
15,0,Clear,Suburban,45,26,10,3,2,46
9,1,Rain,Urban,71,38,21,5,6,29
21,1,Rain,Urban,63,21,6,4,3,20
10,0,Clear,Highway,69,12,5,1,4,21
7,1,Clear,Urban,59,24,21,3,2,47
2,0,Clear,Suburban,81,9,1,1,2,15
14,1,Rain,Urban,75,11,10,3,4,18
22,1,Clear,Suburban,89,12,9,2,3,21
13,0,Clear,Highway,45,27,12,1,3,41
13,0,Clear,Urban,81,18,5,3,2,27
5,0,Clear,Highway,80,10,2,0,1,5
15,1,Clear,Highway,64,12,9,4,3,23
22,0,Clear,Urban,63,24,5,3,2,30
12,0,Fog,Urban,73,12,12,3,4,29
7,1,Clear,Suburban,48,36,18,5,4,42
23,0,Clear,Highway,50,27,11,2,4,48
18,1,Clear,Highway,55,47,16,6,2,43
13,1,Fog,Urban,85,15,5,1,4,16
22,1,Fog,Highway,78,22,11,4,3,18
13,0,Clear,Urban,65,19,6,2,4,21
16,0,Clear,Highway,47,16,14,2,2,43
20,0,Clear,Suburban,86,26,14,2,3,38
15,0,Clear,Urban,60,26,8,3,2,38
18,1,Clear,Urban,56,30,19,7,5,51
0,1,Clear,Highway,85,2,1,0,1,3
8,0,Clear,Urban,32,53,22,6,6,90
22,1,Rain,Highway,88,17,7,1,4,26
14,1,Clear,Highway,73,14,7,3,3,28
9,1,Clear,Urban,45,38,15,7,4,51
2,0,Rain,Suburban,88,10,3,1,1,12
13,0,Clear,Suburban,52,26,7,4,3,44
12,0,Clear,Suburban,54,24,10,1,3,41
20,1,Clear,Suburban,61,20,10,3,4,14
0,1,Rain,Highway,78,8,2,1,2,4
14,1,Clear,Urban,76,11,8,3,2,25
7,1,Clear,Highway,55,34,19,5,3,63
19,0,Fog,Urban,43,43,12,5,3,51
22,0,Clear,Urban,89,20,10,4,3,35
6,0,Rain,Urban,81,19,5,1,4,37
10,0,Clear,Highway,66,22,14,1,2,31
16,1,Clear,Urban,77,15,10,1,4,34
12,1,Clear,Highway,68,9,5,3,4,25
3,0,Clear,Urban,71,10,1,1,1,12
3,0,Clear,Suburban,83,11,4,1,2,8
3,0,Rain,Suburban,74,6,3,1,1,6
23,0,Rain,Suburban,77,21,7,1,2,27
4,0,Fog,Urban,78,7,2,0,1,7
18,0,Clear,Urban,21,44,14,5,5,71
22,0,Clear,Urban,64,15,9,1,3,25
22,0,Clear,Highway,87,12,8,2,2,36
15,0,Clear,Suburban,82,23,6,3,2,24
15,0,Clear,Suburban,82,12,5,4,4,28
12,0,Clear,Suburban,89,26,14,1,4,32
12,1,Clear,Suburban,73,20,10,3,4,17
18,0,Clear,Highway,40,31,20,7,4,60
7,0,Fog,Suburban,52,54,12,3,5,49
16,0,Clear,Highway,88,26,7,4,2,37
2,1,Clear,Urban,85,4,1,1,1,11
19,1,Rain,Highway,42,31,11,3,4,44
16,0,Clear,Highway,44,16,11,3,3,45
21,0,Clear,Urban,41,13,8,1,4,42
15,1,Clear,Highway,87,10,9,3,4,28
18,0,Rain,Urban,44,50,14,5,3,59
7,0,Clear,Highway,54,33,13,3,3,60
11,0,Fog,Highway,60,18,12,1,4,12
3,0,Clear,Urban,69,4,2,0,1,8
22,0,Fog,Urban,83,15,8,4,4,18
2,0,Clear,Highway,84,5,4,1,1,14
19,1,Rain,Highway,69,47,13,7,4,32
11,0,Clear,Urban,47,27,12,2,2,45
3,1,Clear,Suburban,66,4,2,1,1,8
14,1,Fog,Urban,73,12,13,4,2,18
19,0,Fog,Urban,48,58,22,4,5,58
14,0,Clear,Highway,89,28,7,2,4,27
16,0,Fog,Urban,84,13,9,3,3,21
4,1,Clear,Urban,68,6,3,1,1,12
9,0,Clear,Urban,24,53,13,3,2,74
9,0,Clear,Highway,38,57,13,7,4,98
16,0,Clear,Urban,73,18,8,1,3,35
14,0,Clear,Urban,68,12,14,4,4,37
7,0,Clear,Suburban,26,58,20,3,3,88
11,0,Rain,Highway,60,21,12,2,3,36
2,1,Clear,Highway,73,4,4,1,1,5
18,1,Rain,Suburban,74,36,22,7,2,33
2,0,Rain,Urban,83,8,3,0,2,4
10,0,Clear,Suburban,89,16,8,2,2,26
13,0,Fog,Urban,61,24,5,2,3,27
12,0,Clear,Urban,85,25,10,1,4,39
2,1,Clear,Suburban,60,8,1,1,1,3
0,1,Rain,Suburban,89,5,3,1,2,3
20,0,Clear,Urban,53,13,14,4,3,45
19,0,Clear,Highway,28,52,11,3,2,97
6,1,Rain,Highway,82,19,10,4,2,20
8,1,Clear,Urban,49,28,18,4,5,65
1,0,Clear,Urban,65,5,2,0,1,17
7,0,Fog,Urban,70,57,18,7,4,40
12,1,Clear,Highway,67,12,14,3,4,25
15,1,Rain,Urban,61,13,13,4,2,12
18,0,Clear,Suburban,39,50,23,5,4,88
23,1,Clear,Highway,66,16,5,2,4,30
2,0,Clear,Suburban,82,10,3,1,2,17
13,0,Clear,Urban,68,29,7,1,3,32
17,0,Rain,Urban,41,47,12,6,2,49
2,1,Clear,Highway,81,8,4,0,1,3
13,1,Clear,Urban,87,20,7,4,3,17
2,1,Clear,Urban,66,4,1,0,1,9
14,0,Clear,Suburban,65,19,7,2,2,29
10,1,Clear,Highway,65,23,5,3,2,18
0,0,Clear,Urban,60,7,3,0,1,5
11,0,Fog,Urban,75,16,14,4,2,21
12,0,Clear,Suburban,52,15,10,1,4,45
4,0,Rain,Suburban,75,3,3,0,2,6
13,0,Fog,Urban,62,13,13,2,3,28
0,1,Clear,Highway,81,2,3,1,2,3
2,0,Clear,Suburban,66,10,1,0,2,18
7,1,Rain,Urban,77,40,24,6,3,36
5,0,Rain,Suburban,88,4,4,1,1,6
8,0,Clear,Suburban,29,47,18,3,6,80
1,0,Clear,Urban,89,10,2,1,1,16
5,0,Rain,Suburban,83,4,3,0,2,14
7,1,Fog,Highway,83,33,15,7,2,30
3,0,Clear,Urban,78,3,3,0,2,13
15,0,Rain,Urban,61,23,6,4,2,21
11,0,Clear,Suburban,48,28,14,2,2,42
11,0,Clear,Urban,60,20,12,2,2,25
10,0,Rain,Urban,80,14,10,4,4,36
5,0,Clear,Urban,85,5,3,0,2,19
8,0,Clear,Urban,44,40,24,6,2,70
3,0,Clear,Urban,83,6,1,1,2,14
22,0,Clear,Suburban,45,13,8,1,4,48
0,0,Clear,Highway,60,5,1,0,1,7
12,0,Rain,Highway,85,16,11,4,4,17
6,1,Rain,Urban,72,16,12,3,3,16
18,0,Clear,Suburban,35,34,19,3,4,80
11,0,Clear,Highway,71,19,7,2,2,28
16,1,Fog,Suburban,78,18,11,3,3,9
16,0,Clear,Highway,83,18,11,2,3,30
12,0,Clear,Suburban,41,24,11,4,4,43
9,0,Clear,Highway,20,39,16,6,6,93
8,0,Clear,Suburban,48,45,11,6,3,52
15,0,Clear,Urban,69,17,12,3,4,22
11,0,Clear,Highway,68,22,10,1,3,31
22,1,Clear,Highway,77,12,6,1,3,14
15,1,Fog,Urban,69,16,6,4,2,8
17,0,Clear,Highway,33,46,11,4,2,82
12,0,Fog,Urban,78,17,14,1,4,24
7,1,Fog,Suburban,82,43,17,4,2,37
15,1,Clear,Urban,64,20,14,3,4,28
19,1,Rain,Suburban,83,42,12,5,3,36
23,0,Rain,Urban,77,23,9,4,4,33
15,0,Rain,Highway,86,28,11,3,3,27
13,1,Clear,Urban,68,19,9,3,3,14
16,0,Clear,Urban,64,15,13,2,2,24
10,0,Clear,Urban,56,26,7,4,4,44
21,1,Clear,Urban,63,23,5,4,3,27
13,0,Clear,Urban,76,28,7,1,3,35
10,0,Rain,Urban,87,20,14,3,2,33
7,0,Clear,Urban,25,45,10,7,4,82
3,0,Clear,Suburban,78,4,1,1,1,7
2,0,Clear,Suburban,77,7,4,1,2,16
9,1,Clear,Highway,44,42,20,3,3,67
12,1,Clear,Highway,73,11,5,2,4,31
12,0,Clear,Urban,80,17,13,1,4,20
17,0,Clear,Highway,33,49,15,3,3,71
10,0,Clear,Highway,82,23,5,2,4,35
6,0,Clear,Highway,48,12,6,2,2,45
15,0,Fog,Suburban,65,18,13,4,2,25
16,0,Clear,Urban,60,24,14,4,2,20
8,0,Clear,Urban,37,55,23,4,5,90
5,0,Fog,Highway,76,10,2,1,2,10
23,0,Clear,Suburban,79,18,14,1,3,20
16,1,Rain,Suburban,70,9,6,3,3,24
3,0,Rain,Highway,73,11,4,0,1,12
0,0,Clear,Urban,61,4,3,0,2,17
22,0,Clear,Suburban,81,27,14,4,2,24
21,1,Clear,Urban,84,18,11,1,3,19
12,0,Clear,Urban,41,23,13,1,3,47
4,0,Clear,Urban,73,6,4,1,1,15
19,1,Rain,Urban,40,34,15,5,6,55
1,1,Rain,Highway,75,4,3,0,2,9
7,0,Clear,Urban,44,39,22,3,6,70
20,0,Rain,Urban,73,22,6,4,2,23
17,0,Clear,Urban,24,35,18,6,4,71
12,0,Clear,Highway,54,15,6,3,3,49
11,1,Clear,Highway,75,18,11,4,2,27
17,1,Clear,Suburban,48,44,11,7,5,56
17,0,Clear,Suburban,57,51,24,3,6,68
9,0,Clear,Highway,59,44,12,3,5,55
4,0,Clear,Highway,86,6,3,0,2,17
14,0,Clear,Highway,50,23,9,2,4,44
8,1,Rain,Highway,57,39,15,7,4,55
20,0,Clear,Highway,73,24,12,2,4,38
18,0,Clear,Suburban,20,48,16,7,5,77
9,1,Clear,Highway,87,40,18,4,2,36
5,1,Clear,Highway,71,5,3,0,1,13
20,0,Rain,Urban,69,14,8,2,2,30
17,0,Clear,Urban,30,39,12,5,3,84
22,0,Clear,Urban,45,24,5,1,2,45
2,0,Clear,Suburban,89,11,3,0,1,13
8,0,Clear,Highway,49,58,14,5,3,68
12,0,Clear,Urban,44,27,12,2,4,41
9,0,Rain,Highway,45,35,12,6,5,47
8,0,Rain,Urban,59,41,13,6,2,64
23,1,Rain,Highway,60,17,11,1,4,13
18,1,Clear,Suburban,40,28,11,5,5,57
16,1,Clear,Highway,86,16,13,2,3,33
16,0,Clear,Highway,65,25,13,1,3,30
19,0,Clear,Urban,55,46,22,5,4,60
16,0,Clear,Urban,45,21,11,4,4,45
3,0,Fog,Suburban,73,6,2,0,1,5
19,0,Fog,Urban,40,43,23,4,3,58
16,0,Clear,Suburban,43,13,8,4,4,41
20,0,Rain,Suburban,78,26,11,2,4,26
1,1,Clear,Urban,62,5,1,1,2,6
23,0,Rain,Highway,83,20,8,3,3,24
2,0,Clear,Highway,78,10,3,0,2,9
6,0,Clear,Urban,75,18,14,2,2,40
19,1,Clear,Urban,47,40,20,6,4,51
17,0,Clear,Highway,29,41,17,3,5,91
14,0,Clear,Highway,81,28,12,2,3,32
20,0,Clear,Urban,73,27,11,1,2,36
15,1,Clear,Urban,86,12,14,4,2,27
15,1,Clear,Highway,75,13,7,2,2,24
23,0,Clear,Urban,67,12,8,1,4,37
15,0,Clear,Highway,42,20,12,1,3,43
4,0,Clear,Suburban,73,3,4,1,2,15
3,0,Clear,Highway,61,3,4,1,2,10
0,0,Fog,Suburban,88,6,3,1,2,7
17,1,Clear,Suburban,53,40,13,5,6,54
20,0,Clear,Suburban,40,15,9,2,4,47
6,0,Clear,Highway,80,26,14,3,3,32
10,0,Clear,Urban,66,13,6,2,3,32
7,0,Clear,Suburban,22,48,20,4,2,88
18,0,Clear,Highway,33,32,24,5,5,95
17,0,Clear,Suburban,55,57,14,6,4,53
12,1,Clear,Suburban,78,18,6,1,2,23
3,0,Clear,Urban,72,6,1,0,2,16
12,1,Clear,Urban,67,17,10,2,3,14
13,0,Clear,Highway,58,21,14,2,4,42
5,0,Clear,Urban,72,4,1,0,2,6
15,1,Clear,Urban,77,23,5,4,4,28
12,0,Clear,Suburban,45,25,11,1,3,41
13,1,Fog,Urban,69,23,14,2,4,11
20,1,Clear,Suburban,78,10,13,3,2,20
20,0,Clear,Suburban,41,29,13,2,4,41
16,0,Rain,Urban,64,13,11,2,3,31
6,0,Clear,Highway,54,22,6,3,3,44
4,0,Clear,Urban,67,4,1,0,2,19
3,0,Fog,Urban,71,7,3,0,2,10
13,0,Clear,Highway,44,25,9,4,4,48
10,0,Clear,Suburban,56,17,7,4,4,45
4,0,Clear,Suburban,87,11,4,0,2,6
18,1,Clear,Urban,70,30,10,3,6,40
9,0,Clear,Urban,38,42,22,7,6,95
8,0,Clear,Suburban,36,54,20,3,6,91
2,1,Fog,Urban,72,4,4,1,2,7
21,1,Clear,Suburban,85,21,6,3,3,32
0,1,Clear,Highway,70,8,4,0,1,8
6,0,Clear,Highway,73,13,12,4,4,40
14,1,Rain,Highway,78,21,11,2,3,25
5,0,Rain,Highway,64,6,2,1,1,4
7,0,Clear,Urban,51,51,23,7,2,69
20,0,Rain,Urban,61,19,6,3,2,34
17,1,Clear,Suburban,46,46,24,5,6,42
4,0,Clear,Highway,60,5,1,1,1,12
19,0,Clear,Urban,36,34,13,6,5,87
16,0,Clear,Urban,59,27,9,1,3,49
10,1,Clear,Urban,81,16,14,1,3,32
2,0,Rain,Suburban,81,4,3,1,1,11
1,1,Rain,Urban,60,6,2,0,1,5
3,0,Clear,Highway,87,3,3,0,2,16
7,0,Clear,Urban,37,38,20,6,5,86
11,0,Clear,Suburban,48,24,7,4,4,43
7,0,Clear,Highway,22,38,16,4,4,86
23,1,Clear,Urban,72,12,13,4,2,14
22,0,Clear,Suburban,89,28,12,4,3,34
4,1,Clear,Highway,62,5,3,0,2,6
22,1,Clear,Urban,84,21,13,1,4,27
16,0,Clear,Highway,80,14,12,2,2,24
23,0,Clear,Urban,42,15,13,2,4,42
17,0,Clear,Highway,30,37,24,4,2,86
12,0,Clear,Urban,64,23,14,4,2,25
10,0,Clear,Highway,78,16,6,3,2,20
4,0,Clear,Urban,74,7,2,0,1,6
10,0,Rain,Urban,68,21,12,1,3,20
14,1,Rain,Urban,81,12,12,3,3,13
15,0,Clear,Urban,50,14,7,4,4,47
20,0,Clear,Suburban,85,21,10,3,3,33
4,1,Clear,Highway,71,4,2,0,1,11
14,0,Clear,Suburban,58,27,7,1,2,46
1,0,Clear,Urban,75,10,1,0,2,19
12,0,Clear,Suburban,59,16,9,3,3,44
16,0,Rain,Highway,77,26,7,1,2,29
18,0,Clear,Suburban,27,33,20,7,3,81
15,0,Clear,Highway,87,26,9,4,3,28
2,1,Clear,Suburban,89,4,2,1,2,9
15,0,Clear,Suburban,56,22,7,3,4,48
8,0,Clear,Suburban,50,34,14,7,5,50
20,1,Clear,Highway,75,11,5,2,3,32
16,0,Clear,Urban,87,20,13,4,4,37
7,1,Clear,Suburban,45,40,22,5,6,49
9,0,Clear,Suburban,40,53,20,6,3,58
20,0,Clear,Suburban,52,21,9,3,2,42
10,1,Clear,Highway,75,12,9,3,4,27
19,1,Rain,Suburban,89,31,19,3,2,29
23,0,Clear,Highway,55,17,9,2,3,48
4,1,Clear,Urban,75,2,4,1,2,10
2,0,Clear,Suburban,68,9,1,0,2,16
10,0,Clear,Suburban,73,17,9,3,2,39
8,0,Clear,Suburban,54,34,22,7,5,60
23,0,Clear,Suburban,83,25,5,3,3,21
11,0,Clear,Urban,54,18,11,1,3,48
2,0,Clear,Urban,74,8,2,1,1,5
22,0,Clear,Suburban,87,21,11,3,3,22
2,1,Clear,Urban,63,8,2,1,1,10
15,0,Clear,Urban,77,26,7,3,3,37
9,1,Clear,Highway,40,24,24,5,6,46
22,0,Clear,Urban,61,13,7,1,3,35
22,1,Clear,Suburban,73,16,7,2,3,23
22,0,Clear,Highway,69,26,12,2,3,24
16,0,Clear,Highway,61,25,5,2,3,22
9,0,Clear,Urban,30,35,10,3,6,81
11,1,Fog,Highway,88,16,10,3,2,13
20,0,Rain,Urban,73,18,14,2,4,28
14,0,Fog,Urban,79,29,9,2,2,22
4,1,Clear,Urban,60,8,1,0,2,9
13,1,Clear,Urban,78,14,11,4,2,32
1,1,Clear,Suburban,85,8,3,1,1,6
10,0,Clear,Suburban,71,15,8,1,2,39
15,0,Clear,Highway,50,19,9,4,3,43
18,0,Fog,Highway,51,30,14,5,5,58
15,1,Clear,Urban,76,16,13,2,4,24
17,0,Fog,Urban,53,50,16,3,5,57
10,1,Fog,Urban,81,16,5,1,4,18
1,1,Rain,Suburban,89,3,3,0,1,3
1,0,Clear,Urban,67,11,4,0,2,17
12,0,Clear,Highway,56,24,7,3,2,47
16,0,Clear,Urban,48,26,12,3,2,43
18,0,Rain,Urban,72,44,19,6,3,40
4,0,Clear,Urban,65,8,1,1,1,7
20,1,Clear,Urban,60,15,8,2,3,16
23,0,Clear,Suburban,45,29,11,2,2,44
4,1,Rain,Urban,65,4,1,1,1,7
12,0,Clear,Suburban,76,24,6,2,3,24
6,0,Clear,Suburban,49,23,8,1,3,47
5,0,Clear,Urban,78,6,2,1,1,9
12,1,Clear,Suburban,65,20,13,4,3,17
10,0,Clear,Highway,87,16,5,3,4,21
13,0,Clear,Urban,69,12,8,2,2,32
3,0,Rain,Urban,83,8,2,1,2,11
20,0,Fog,Urban,88,13,7,2,3,26
6,0,Clear,Urban,44,16,9,4,2,49
15,0,Rain,Urban,68,24,10,2,2,32
7,0,Clear,Urban,58,46,16,7,6,67
5,0,Rain,Highway,66,6,3,0,1,12
4,1,Rain,Urban,77,4,2,0,1,7
19,0,Rain,Suburban,56,52,22,6,6,59
9,0,Rain,Urban,47,32,12,6,6,52
13,1,Rain,Urban,63,22,12,3,2,12
16,0,Fog,Urban,61,26,5,3,4,24
16,1,Rain,Suburban,66,12,5,1,4,13
6,1,Clear,Urban,68,23,12,2,2,32
10,1,Clear,Highway,79,21,12,1,4,19
1,1,Rain,Urban,76,8,4,0,1,5
15,0,Clear,Urban,78,19,10,4,4,29
0,0,Clear,Urban,85,3,1,1,2,7
3,0,Rain,Suburban,88,4,4,1,2,12
2,1,Clear,Urban,63,3,1,0,1,3
19,0,Clear,Urban,29,59,14,4,2,89
7,0,Clear,Suburban,36,43,16,3,2,90
19,1,Rain,Suburban,46,33,24,4,5,53
17,1,Fog,Urban,80,33,13,5,3,37
8,1,Clear,Urban,46,32,18,7,5,42
20,1,Clear,Highway,83,11,11,1,3,28
3,0,Clear,Urban,68,8,2,0,1,18
17,0,Clear,Urban,59,39,17,6,4,64
4,0,Fog,Urban,81,11,2,0,1,8
2,0,Rain,Urban,60,4,4,0,2,11
20,1,Clear,Urban,68,14,9,4,3,16
2,1,Clear,Highway,81,2,4,1,2,8
2,0,Clear,Urban,68,8,2,0,2,16
6,1,Fog,Suburban,71,10,7,1,2,10
1,0,Rain,Urban,82,11,2,0,1,5
10,0,Clear,Highway,50,26,5,3,4,47
14,1,Fog,Highway,77,11,11,4,3,12
9,1,Clear,Highway,47,28,12,5,6,45
0,0,Clear,Highway,76,6,2,0,2,6
21,0,Clear,Highway,71,13,9,1,4,38
16,1,Fog,Urban,63,19,7,1,4,16
8,0,Clear,Urban,37,56,23,3,6,73
18,1,Clear,Suburban,54,35,21,7,4,51
8,0,Fog,Urban,75,41,14,7,4,36
3,0,Clear,Urban,81,10,1,1,1,9
20,0,Fog,Highway,72,24,8,3,2,25
1,0,Rain,Suburban,68,6,2,1,1,14
19,0,Clear,Urban,33,36,20,5,3,95
2,0,Rain,Suburban,74,5,2,0,2,12
20,1,Rain,Suburban,87,21,10,1,3,24
15,1,Clear,Urban,66,14,14,3,4,33
2,1,Clear,Suburban,84,4,2,0,1,11
5,0,Clear,Highway,77,3,1,0,2,13
4,0,Clear,Urban,66,10,4,0,2,8
3,1,Clear,Suburban,61,4,3,1,1,4
19,0,Rain,Urban,36,49,15,7,3,72
21,0,Clear,Urban,48,13,14,3,4,49
14,0,Rain,Highway,67,29,9,3,2,19
7,1,Fog,Highway,76,28,15,6,2,25
14,0,Rain,Suburban,62,12,10,1,3,21
12,1,Rain,Suburban,82,15,9,1,2,17
10,0,Clear,Urban,89,20,9,1,3,36
7,1,Clear,Suburban,58,32,12,7,6,41
17,0,Clear,Highway,35,49,20,4,5,78
12,0,Clear,Highway,87,21,9,2,4,23
19,0,Clear,Suburban,44,34,14,6,5,64
18,0,Rain,Urban,54,41,20,5,2,54
0,0,Clear,Highway,67,5,3,1,2,14
4,0,Clear,Highway,88,5,4,1,1,17
1,1,Clear,Urban,83,5,1,1,1,4
22,0,Rain,Suburban,78,17,10,2,2,20
17,1,Clear,Highway,41,40,14,4,6,67
3,0,Clear,Highway,87,5,4,1,1,10
1,0,Clear,Suburban,88,6,1,0,1,8
22,0,Clear,Highway,85,18,11,1,4,40
22,1,Clear,Suburban,72,19,8,1,4,25
5,1,Clear,Urban,82,4,3,0,1,7
17,0,Clear,Suburban,21,52,24,7,4,95
2,0,Clear,Suburban,73,7,2,0,1,18
0,0,Rain,Urban,85,3,4,1,2,10
10,1,Rain,Suburban,75,20,6,3,2,12
3,1,Rain,Suburban,74,4,3,0,1,5
19,0,Clear,Suburban,51,33,10,5,6,69
16,0,Fog,Suburban,75,25,5,3,3,28
15,0,Fog,Urban,83,20,5,1,3,14
0,0,Clear,Suburban,80,3,3,1,1,12
6,0,Fog,Highway,73,14,6,3,2,28
10,0,Clear,Urban,88,18,11,4,4,24
0,1,Rain,Suburban,71,4,4,1,2,8
18,1,Clear,Urban,69,35,16,4,5,35
3,1,Clear,Urban,84,6,2,1,1,5
21,1,Fog,Highway,71,17,13,3,4,18
22,0,Rain,Highway,63,12,9,2,3,20
19,0,Clear,Urban,49,47,22,6,2,64
3,0,Clear,Urban,63,4,3,0,1,7
3,1,Clear,Urban,69,7,2,0,2,12
23,0,Clear,Suburban,44,27,13,3,4,45
5,0,Fog,Urban,65,9,2,0,2,6
23,1,Rain,Highway,73,14,11,1,3,11
12,0,Fog,Urban,72,29,10,2,4,12
6,0,Clear,Highway,86,23,12,3,4,31
21,0,Clear,Suburban,75,19,10,2,2,38
22,0,Clear,Suburban,83,26,6,1,3,35
23,0,Fog,Urban,72,28,11,2,2,25
8,1,Rain,Urban,53,27,22,5,5,53
10,0,Clear,Highway,66,26,13,2,4,22
17,1,Clear,Suburban,50,37,10,3,6,48
13,0,Clear,Suburban,89,28,10,3,4,30
3,0,Rain,Suburban,71,6,2,1,1,9
15,1,Fog,Urban,71,12,10,4,2,19
18,0,Clear,Urban,33,42,23,5,5,82
6,1,Fog,Suburban,70,12,11,4,3,8
14,1,Clear,Urban,68,14,11,1,2,30
0,0,Clear,Suburban,81,7,3,1,2,5
14,1,Rain,Highway,66,18,13,1,4,16
17,1,Rain,Suburban,61,44,21,6,2,32
6,0,Clear,Urban,76,19,12,4,3,35
9,0,Rain,Highway,52,42,12,6,4,57
23,1,Clear,Urban,80,10,10,4,3,25
21,0,Clear,Suburban,83,27,12,4,3,31
18,1,Clear,Urban,78,26,17,6,5,37
2,1,Clear,Suburban,63,4,3,0,2,9
15,0,Rain,Urban,64,12,9,4,2,37
1,0,Clear,Suburban,64,7,3,1,2,14
13,1,Fog,Highway,65,21,10,3,2,9
14,0,Clear,Urban,71,17,11,4,2,32
0,0,Rain,Highway,70,5,3,0,2,12
4,0,Rain,Suburban,72,11,4,1,2,9
16,1,Rain,Suburban,70,20,5,4,4,12
1,0,Clear,Highway,79,5,2,0,2,18
18,1,Clear,Highway,42,29,14,4,3,55
2,0,Rain,Urban,74,7,4,1,2,15
14,0,Clear,Highway,67,29,6,3,3,29
12,0,Rain,Suburban,63,24,11,3,3,26
15,0,Clear,Highway,70,26,11,2,3,33
5,0,Clear,Highway,64,10,2,1,1,10
16,0,Rain,Highway,74,15,5,1,3,24
9,0,Clear,Highway,46,54,14,5,5,52
5,0,Clear,Suburban,68,5,2,0,1,12
6,0,Clear,Suburban,43,15,6,4,2,47
5,0,Clear,Highway,81,9,4,0,1,5
6,0,Fog,Urban,83,18,13,2,3,27
21,0,Clear,Suburban,59,26,11,2,2,47
11,0,Rain,Highway,77,14,14,3,2,17
8,1,Clear,Suburban,62,39,11,4,3,37
21,0,Fog,Highway,62,29,8,2,2,14
17,0,Clear,Suburban,53,45,15,7,6,64
14,1,Rain,Suburban,74,10,6,3,4,14
6,0,Clear,Urban,74,24,5,2,3,27
20,0,Clear,Urban,62,28,9,3,4,20
11,1,Clear,Highway,73,12,13,1,3,30
23,0,Rain,Highway,75,26,7,1,2,25
7,1,Clear,Highway,49,36,18,7,5,67
23,0,Clear,Urban,69,21,5,3,2,31
7,0,Fog,Urban,81,36,16,4,2,40
5,1,Clear,Highway,68,6,2,0,2,8
17,0,Clear,Highway,50,45,12,7,5,60
8,1,Clear,Urban,47,43,17,4,5,56
7,1,Fog,Urban,87,42,23,6,5,28
8,0,Rain,Urban,59,57,20,5,4,48
15,0,Clear,Urban,66,13,14,4,3,21
12,0,Clear,Urban,70,15,7,1,2,22
14,0,Clear,Highway,46,14,9,1,4,43
10,1,Clear,Highway,83,18,9,3,2,22
3,0,Fog,Urban,69,8,3,1,1,9
12,0,Clear,Urban,61,26,13,2,3,29
9,0,Rain,Highway,46,50,15,7,5,52
6,0,Clear,Suburban,50,23,11,3,4,47
7,0,Clear,Highway,22,46,11,6,2,87
14,1,Rain,Suburban,72,12,14,2,2,26
17,1,Rain,Suburban,73,40,11,6,6,28
1,0,Clear,Urban,87,8,2,0,1,16
19,0,Clear,Urban,43,57,11,4,5,53
2,0,Rain,Highway,72,6,3,1,2,15
4,0,Clear,Urban,68,6,3,1,2,17
21,0,Clear,Suburban,74,16,14,3,2,36
9,0,Clear,Urban,36,51,15,7,6,93
8,0,Clear,Suburban,33,30,23,5,3,91
8,0,Clear,Suburban,28,37,20,3,2,77
3,0,Clear,Urban,79,4,2,1,1,8
0,0,Rain,Suburban,69,11,1,1,1,4
12,0,Clear,Suburban,77,16,9,1,2,29
22,0,Clear,Urban,60,14,13,4,4,30
9,0,Clear,Urban,22,43,16,3,4,77
16,0,Clear,Highway,79,29,7,3,2,37
5,1,Rain,Highway,72,7,2,1,2,9
19,1,Clear,Suburban,54,27,10,5,6,56
22,0,Clear,Highway,83,16,11,1,4,36
15,0,Clear,Urban,60,16,11,2,3,35
4,1,Clear,Suburban,60,5,2,0,2,12
12,0,Clear,Suburban,58,24,9,2,4,48
20,1,Clear,Suburban,86,11,11,2,4,21
5,0,Clear,Suburban,83,7,3,0,1,18
11,0,Clear,Suburban,75,28,5,4,3,36
12,0,Clear,Suburban,53,13,9,1,2,41
19,1,Clear,Highway,52,30,17,7,5,42
15,0,Clear,Urban,83,19,14,2,3,39
2,0,Clear,Highway,84,10,2,1,1,12
9,1,Clear,Urban,84,28,10,6,3,35
3,0,Fog,Urban,62,6,2,0,1,7
19,0,Clear,Highway,45,31,22,4,3,61
5,0,Clear,Urban,76,8,3,0,1,7
9,1,Rain,Suburban,65,46,17,6,2,39
13,1,Rain,Suburban,76,21,12,1,3,20
8,0,Fog,Urban,81,38,10,3,6,36
23,1,Clear,Suburban,87,19,6,3,2,24
14,0,Fog,Suburban,83,28,10,4,3,12
16,0,Clear,Suburban,73,13,11,3,4,32
6,0,Clear,Suburban,60,13,6,4,2,37
5,0,Fog,Highway,74,6,3,0,2,4
7,0,Clear,Urban,58,47,21,3,3,67
22,0,Clear,Urban,88,22,11,4,4,36
17,0,Clear,Urban,40,32,21,5,4,61
22,1,Rain,Highway,74,14,6,2,3,14
11,0,Clear,Suburban,82,22,8,3,4,31
9,0,Clear,Highway,40,33,17,4,6,68
4,0,Rain,Suburban,84,5,4,0,1,5
4,0,Clear,Urban,70,10,2,1,2,17
5,0,Rain,Urban,77,7,2,1,1,4
3,0,Clear,Urban,76,6,2,0,1,16
23,0,Clear,Highway,54,25,8,3,3,43
16,1,Clear,Highway,83,14,14,3,2,20
10,0,Clear,Highway,73,21,5,4,3,36
8,1,Clear,Highway,46,27,18,7,3,55
0,0,Clear,Suburban,66,11,3,0,1,10
22,0,Fog,Suburban,86,27,14,1,4,13
7,0,Rain,Urban,52,43,22,4,4,68
15,0,Clear,Highway,82,27,5,4,4,35
6,0,Clear,Suburban,45,25,5,2,3,41
13,0,Clear,Highway,73,23,13,4,4,30
12,0,Clear,Suburban,55,21,9,4,3,44
20,0,Clear,Highway,66,22,7,3,4,20
14,0,Clear,Suburban,72,28,5,3,3,29
0,0,Clear,Urban,67,11,2,1,2,19
22,0,Rain,Suburban,82,16,7,4,3,32
6,1,Rain,Suburban,75,22,7,1,2,24
12,1,Clear,Highway,76,17,12,4,3,22
22,0,Clear,Highway,46,12,6,4,4,47
5,0,Clear,Urban,83,3,4,0,1,16
8,0,Fog,Urban,56,56,23,5,5,55
7,0,Clear,Highway,47,47,15,3,4,67
6,1,Fog,Suburban,83,14,5,4,2,16
4,0,Clear,Highway,69,11,3,1,2,7
2,1,Clear,Suburban,89,8,1,0,2,5
1,1,Clear,Suburban,79,8,2,0,1,4
10,0,Fog,Suburban,77,21,9,2,4,18
19,0,Clear,Highway,42,58,13,6,4,54
8,0,Clear,Highway,28,43,14,4,5,96
1,0,Rain,Suburban,74,5,3,1,1,14
6,0,Clear,Highway,45,25,14,3,4,45
22,0,Clear,Suburban,46,26,14,2,4,43
14,0,Clear,Suburban,40,28,14,1,3,49
0,0,Clear,Highway,60,5,3,1,2,7
3,0,Fog,Urban,68,4,1,1,2,7
18,0,Rain,Highway,52,58,12,7,3,67
20,0,Clear,Suburban,78,28,13,1,3,26
11,1,Clear,Suburban,81,20,7,2,3,17
9,0,Clear,Suburban,21,35,24,7,6,84
4,1,Clear,Urban,84,8,2,0,2,11
12,0,Clear,Highway,69,20,10,2,4,34
22,0,Fog,Highway,89,16,7,3,2,17
21,0,Clear,Highway,72,25,9,3,2,27
2,0,Clear,Suburban,81,7,1,0,1,5
13,1,Clear,Highway,66,9,14,1,2,27
23,0,Clear,Highway,58,26,6,4,2,46
1,1,Clear,Urban,83,8,2,0,2,7
0,0,Clear,Suburban,88,4,2,1,1,12
7,1,Fog,Urban,75,42,22,7,6,22
6,1,Clear,Highway,75,12,9,3,2,21
2,0,Clear,Urban,71,10,1,1,1,12
19,1,Clear,Highway,43,27,14,5,3,45
4,1,Rain,Urban,88,2,2,0,2,8
6,0,Clear,Suburban,72,15,8,2,2,35
14,0,Clear,Highway,66,16,7,4,3,30
2,0,Clear,Urban,84,7,2,0,2,17
2,0,Clear,Highway,60,10,4,0,1,9
17,0,Clear,Suburban,30,56,11,6,2,81
1,0,Clear,Urban,60,5,1,0,1,14
3,0,Clear,Urban,84,11,2,0,1,9
7,1,Clear,Highway,44,36,11,4,2,45
3,0,Clear,Urban,80,9,3,0,2,19
17,1,Clear,Suburban,53,32,17,4,5,49
10,0,Clear,Suburban,80,29,6,4,2,39
5,0,Rain,Urban,68,3,4,1,1,15
7,0,Clear,Suburban,28,42,14,4,3,73
23,0,Clear,Urban,80,24,12,2,4,29
14,0,Fog,Urban,72,23,5,3,2,27
7,0,Clear,Suburban,45,55,18,6,4,67
2,0,Rain,Suburban,72,7,1,1,1,12
21,1,Clear,Suburban,60,16,10,4,4,30
4,0,Clear,Urban,74,11,4,0,1,17
4,0,Fog,Urban,75,8,1,0,2,10
20,0,Clear,Urban,63,17,12,1,4,38
11,1,Clear,Urban,73,15,14,1,4,33
7,0,Clear,Suburban,45,37,18,3,4,53
16,0,Clear,Urban,69,26,9,1,3,36
9,0,Clear,Urban,45,51,11,4,3,56
10,0,Fog,Suburban,84,19,5,2,2,15
6,0,Rain,Highway,81,25,5,3,4,37
19,1,Fog,Urban,60,31,18,7,4,33
8,0,Fog,Urban,54,46,24,5,5,55
14,0,Clear,Urban,87,26,6,3,4,33
22,1,Clear,Highway,76,16,10,4,2,19
0,0,Clear,Urban,78,7,2,1,1,17
9,0,Clear,Highway,51,36,21,5,4,54
16,0,Clear,Suburban,67,12,7,2,2,36
9,0,Rain,Urban,50,51,19,5,3,61
17,0,Clear,Suburban,52,53,16,4,5,61
7,0,Clear,Highway,35,52,23,7,4,97
10,0,Rain,Urban,88,12,11,2,2,25
19,0,Clear,Suburban,50,33,10,7,2,59
8,0,Clear,Highway,30,44,12,3,2,87
17,0,Rain,Highway,20,44,17,7,3,79
6,0,Clear,Highway,59,24,5,1,3,46
15,1,Rain,Highway,78,18,8,1,3,25
18,0,Clear,Urban,43,55,13,7,3,51
6,0,Rain,Suburban,60,14,8,1,2,16
1,0,Clear,Highway,72,4,1,0,1,7
0,1,Clear,Urban,63,4,1,1,2,10
13,0,Clear,Urban,76,28,10,2,2,36
14,0,Clear,Highway,61,24,14,3,3,22
12,1,Clear,Suburban,76,21,13,3,4,34
17,0,Clear,Highway,28,52,20,6,5,81
22,0,Rain,Suburban,77,20,6,4,2,30
2,0,Clear,Urban,87,6,3,0,1,5
2,1,Rain,Urban,87,3,3,0,1,6
16,0,Clear,Suburban,57,23,14,1,2,49
16,0,Rain,Suburban,73,26,13,2,2,20
18,1,Clear,Urban,55,39,22,7,6,64
10,0,Clear,Suburban,48,17,8,4,2,47
16,0,Rain,Suburban,79,21,10,1,2,28
7,0,Rain,Suburban,45,58,16,3,4,68
5,0,Clear,Urban,63,10,4,1,1,6
19,1,Clear,Urban,50,37,23,5,4,68
22,1,Clear,Urban,88,22,6,1,4,25
15,0,Clear,Urban,57,28,11,1,3,46
9,1,Clear,Highway,70,40,13,3,3,35
17,0,Clear,Highway,36,52,14,5,3,71
19,1,Clear,Highway,51,31,16,7,3,45
17,0,Clear,Urban,47,43,22,3,5,62
23,0,Rain,Highway,81,23,7,4,2,34
23,0,Clear,Urban,47,21,6,1,3,41
20,1,Clear,Urban,71,9,10,4,3,20
10,0,Clear,Suburban,88,17,7,3,3,32
0,0,Clear,Urban,69,3,2,1,1,11
8,0,Rain,Urban,56,51,14,7,4,69
11,0,Fog,Urban,77,13,8,1,4,27
6,0,Clear,Urban,50,20,11,3,2,47
0,1,Clear,Suburban,64,5,3,1,2,9
8,0,Clear,Highway,38,54,13,7,3,95
19,0,Clear,Urban,30,41,16,6,5,81
6,0,Clear,Urban,64,12,6,4,4,35
19,0,Clear,Suburban,28,30,18,3,4,92
20,1,Clear,Highway,80,13,9,1,3,32
10,0,Rain,Urban,80,21,10,4,2,29
18,0,Clear,Urban,50,51,14,3,6,69
19,0,Clear,Urban,54,55,11,7,6,50
0,1,Clear,Urban,75,4,1,0,2,10
18,1,Clear,Urban,58,44,23,4,6,52
20,0,Fog,Highway,69,24,14,3,3,27
13,0,Rain,Suburban,66,29,14,2,4,38
12,0,Clear,Urban,63,21,11,1,4,25
6,0,Rain,Highway,83,17,12,1,3,29
6,0,Fog,Suburban,69,28,5,3,3,27
9,1,Clear,Highway,54,35,11,4,3,50
1,0,Clear,Highway,82,10,1,1,2,7
2,0,Clear,Suburban,76,3,4,1,2,6
18,0,Rain,Suburban,28,51,20,7,4,77
16,1,Clear,Urban,72,15,8,2,2,30
2,1,Clear,Urban,77,8,4,1,1,7
17,1,Rain,Urban,41,40,19,6,2,46
19,0,Clear,Urban,31,49,11,4,3,77
19,0,Clear,Suburban,52,52,24,6,3,59
17,0,Clear,Urban,23,31,12,6,5,78
19,1,Clear,Urban,73,27,13,7,3,36
12,0,Clear,Highway,49,22,8,4,2,48
1,1,Clear,Urban,83,3,1,1,2,4
5,1,Clear,Urban,60,8,3,0,1,5
11,0,Clear,Highway,58,19,13,4,4,42
12,0,Clear,Highway,67,12,6,2,3,31
22,0,Rain,Highway,75,27,10,3,2,27
7,0,Rain,Suburban,39,52,10,6,6,76
9,0,Clear,Highway,25,57,19,4,4,89
9,1,Clear,Highway,73,34,22,5,4,35
18,0,Clear,Suburban,36,38,15,4,3,95
16,0,Clear,Highway,72,29,5,1,4,20
22,1,Rain,Suburban,69,12,10,4,4,20
13,0,Clear,Highway,68,26,10,4,4,36
13,1,Rain,Urban,74,16,11,2,3,12
5,0,Clear,Urban,75,4,4,0,2,18
7,0,Clear,Urban,42,44,13,6,6,68
18,0,Clear,Urban,28,35,21,6,3,82
11,1,Clear,Highway,76,11,11,4,2,25
14,0,Clear,Highway,80,15,13,2,2,31
16,0,Rain,Urban,66,26,6,2,3,32
4,0,Clear,Urban,64,5,2,1,2,10
21,1,Clear,Urban,80,11,10,4,2,25
10,0,Clear,Urban,59,15,10,2,3,48
17,0,Clear,Urban,50,33,12,7,5,68
8,0,Clear,Urban,24,58,14,6,3,93
15,0,Clear,Urban,50,28,6,3,4,45
14,1,Clear,Suburban,89,23,8,2,2,33
5,0,Fog,Suburban,68,3,4,0,2,11
0,0,Clear,Suburban,87,7,4,1,1,8
3,0,Clear,Highway,75,7,1,0,2,9
9,0,Clear,Urban,42,40,22,5,6,53
12,0,Clear,Suburban,48,12,8,3,2,49
17,1,Clear,Suburban,54,44,19,5,3,62
9,1,Clear,Urban,85,44,10,4,5,35
12,1,Rain,Urban,76,9,11,1,2,19
9,0,Clear,Suburban,27,36,20,7,6,79
2,0,Clear,Highway,68,5,2,1,1,10
10,0,Clear,Highway,64,17,5,4,4,25
1,0,Clear,Urban,84,8,3,0,1,12
12,0,Clear,Urban,81,15,12,2,2,33
16,0,Clear,Urban,61,18,8,2,2,40
4,1,Clear,Suburban,81,3,1,0,2,4
5,0,Clear,Urban,62,7,2,1,2,18
8,0,Rain,Suburban,47,43,13,3,5,53
14,0,Rain,Suburban,84,21,8,1,2,36
23,1,Rain,Suburban,87,20,11,1,2,12
9,0,Clear,Urban,20,53,23,4,3,98
11,0,Fog,Suburban,73,12,8,2,3,17
14,0,Rain,Urban,71,26,5,2,4,39
20,1,Clear,Urban,70,15,10,2,4,23
6,0,Clear,Urban,85,18,8,2,2,21
7,0,Clear,Urban,38,51,10,5,6,71
16,0,Clear,Highway,59,18,12,2,3,45
15,0,Rain,Urban,66,19,12,4,2,26
9,1,Clear,Highway,49,41,21,4,3,41
1,0,Clear,Suburban,61,10,1,1,1,9
20,1,Clear,Urban,70,12,12,3,4,21
0,1,Clear,Urban,60,2,1,1,1,7
21,0,Clear,Highway,41,15,6,3,2,49
20,0,Clear,Urban,71,25,9,3,4,31
23,0,Clear,Highway,77,20,7,3,4,29
11,0,Rain,Urban,84,29,10,4,2,18
0,0,Fog,Urban,82,4,2,1,1,4
12,0,Clear,Highway,86,13,9,3,4,34
8,0,Clear,Suburban,44,49,18,4,2,59
21,1,Clear,Urban,69,9,5,2,3,21
0,1,Rain,Suburban,80,8,2,1,1,6
1,0,Clear,Highway,87,10,4,1,1,5
5,0,Rain,Urban,62,10,3,1,2,13
11,1,Rain,Suburban,84,18,7,3,2,13
16,0,Clear,Suburban,77,16,8,1,4,32
9,1,Clear,Highway,58,24,20,4,4,58
17,0,Clear,Highway,49,30,24,3,4,62
10,1,Clear,Highway,61,20,11,3,2,18
0,1,Clear,Suburban,64,4,2,1,2,13
11,0,Rain,Suburban,81,23,10,1,4,16
21,0,Clear,Highway,69,19,14,3,3,40
7,1,Clear,Highway,45,28,23,5,2,46
10,1,Clear,Suburban,62,12,10,1,3,31
15,0,Rain,Highway,73,18,8,2,2,38
2,0,Clear,Urban,87,4,2,0,2,9
10,0,Clear,Highway,67,23,8,2,4,27
10,1,Rain,Highway,85,23,8,1,2,16
20,1,Rain,Urban,62,17,10,3,3,12
15,0,Clear,Highway,80,20,10,3,4,35
20,1,Clear,Suburban,86,21,11,4,3,17
8,1,Clear,Urban,85,46,24,4,2,37
23,1,Clear,Suburban,68,12,11,1,2,25
13,0,Clear,Suburban,68,24,13,3,3,37
11,0,Clear,Highway,71,25,5,2,2,31
20,0,Clear,Suburban,50,18,14,3,2,48
22,0,Clear,Highway,62,25,10,2,4,33
8,0,Clear,Suburban,35,46,12,5,3,84
15,1,Clear,Urban,83,16,5,1,3,21
13,1,Rain,Urban,84,19,13,4,4,16
7,0,Rain,Urban,50,57,22,7,3,62
15,1,Clear,Urban,80,21,9,4,2,21
10,0,Rain,Highway,86,22,5,3,2,32
2,1,Fog,Highway,87,6,4,0,2,4
7,1,Clear,Suburban,44,35,18,6,6,47
12,0,Rain,Suburban,62,29,12,1,2,26
11,0,Clear,Urban,84,29,6,3,3,37
19,0,Clear,Urban,22,44,19,4,5,71
1,0,Rain,Suburban,72,11,3,0,2,9
5,1,Clear,Urban,86,4,1,0,1,12
22,0,Clear,Urban,73,18,14,4,4,28
15,1,Clear,Suburban,67,20,6,4,3,30
17,0,Clear,Highway,31,33,12,4,4,99
3,0,Clear,Urban,70,5,3,1,1,10
22,0,Clear,Urban,42,17,8,4,4,49
17,1,Clear,Suburban,70,30,13,6,5,37
6,0,Fog,Suburban,70,24,14,2,2,22
10,0,Clear,Suburban,62,29,10,2,4,37
5,1,Clear,Highway,80,8,2,1,1,7
3,1,Fog,Suburban,64,7,4,1,2,5
13,1,Clear,Highway,84,11,8,1,3,23
14,1,Clear,Highway,80,12,8,2,3,31
21,0,Clear,Highway,87,14,11,1,3,30
5,1,Rain,Highway,74,4,2,1,2,7
20,0,Clear,Urban,54,27,10,1,2,42
3,0,Fog,Highway,62,8,2,1,2,3
20,0,Rain,Highway,81,26,5,3,3,31
0,0,Clear,Urban,79,7,4,0,1,13
19,0,Clear,Urban,42,34,10,4,2,70
11,0,Clear,Highway,45,17,13,4,4,42
17,0,Rain,Urban,48,49,14,5,4,64
18,1,Rain,Highway,55,27,12,6,2,48
19,1,Clear,Urban,44,42,19,3,5,51
5,0,Fog,Suburban,84,6,2,0,1,10
10,0,Clear,Highway,52,28,6,1,4,45
14,0,Rain,Highway,64,12,6,1,3,38
0,0,Clear,Suburban,60,8,1,0,2,12
7,1,Rain,Highway,40,33,24,5,4,54
17,1,Clear,Highway,56,30,21,7,5,44
10,0,Clear,Urban,63,27,5,2,2,33
0,1,Clear,Urban,75,2,2,0,2,13
23,0,Rain,Urban,89,18,12,3,4,36
18,0,Clear,Suburban,36,31,21,7,3,95
10,0,Clear,Highway,87,24,14,4,2,24
15,1,Clear,Urban,68,17,6,2,4,15
9,0,Clear,Suburban,37,50,22,6,2,87
14,0,Rain,Highway,70,15,8,4,2,24
18,1,Clear,Suburban,50,40,18,4,3,58
18,1,Clear,Suburban,45,27,10,7,2,50
15,0,Clear,Urban,77,24,9,4,2,38
9,1,Rain,Suburban,54,30,11,3,3,42
4,1,Clear,Urban,83,4,2,1,1,8
12,0,Clear,Urban,50,15,9,3,2,45
0,0,Clear,Urban,71,5,1,1,2,16
14,1,Clear,Highway,76,17,6,4,3,14
1,0,Clear,Highway,62,11,4,1,2,6
11,0,Clear,Suburban,41,18,6,4,3,49
17,0,Rain,Suburban,87,32,24,4,6,40
18,1,Rain,Urban,46,43,16,4,4,48
7,1,Clear,Highway,49,26,19,6,4,53
13,1,Clear,Suburban,78,11,5,3,2,17
14,0,Clear,Highway,68,22,6,4,3,20
20,0,Clear,Urban,57,24,5,3,3,46
18,1,Fog,Highway,61,41,11,3,5,36
11,0,Clear,Urban,70,27,11,1,4,38
20,1,Clear,Urban,61,17,6,2,3,31
7,0,Clear,Urban,35,44,10,6,3,82
21,1,Clear,Suburban,88,18,6,2,3,18
23,1,Clear,Urban,87,16,12,3,4,17
5,0,Fog,Suburban,81,11,4,0,1,6
15,0,Clear,Highway,67,12,6,1,2,20
20,1,Fog,Urban,71,16,5,2,2,17
14,1,Rain,Urban,81,10,14,4,4,13
22,1,Clear,Suburban,61,13,14,2,2,27
13,1,Rain,Urban,64,20,11,4,4,21
23,0,Clear,Urban,73,25,6,3,3,37
4,0,Clear,Urban,65,3,3,0,2,13
22,0,Clear,Suburban,67,15,11,2,4,25
2,0,Clear,Highway,76,10,3,0,2,12
19,1,Clear,Highway,55,32,13,3,3,60
13,0,Clear,Highway,45,24,7,1,4,42
0,1,Fog,Highway,84,8,2,0,2,3
0,0,Clear,Urban,77,10,3,0,2,17
7,0,Rain,Suburban,25,59,17,7,6,79
5,0,Clear,Suburban,73,11,2,1,2,13
13,0,Clear,Suburban,54,19,7,2,3,49
17,1,Clear,Highway,44,46,15,6,6,64
17,0,Fog,Urban,60,50,18,3,5,40
1,0,Clear,Urban,71,6,3,1,1,7
3,1,Clear,Highway,86,2,2,1,2,10
5,0,Clear,Highway,70,3,3,0,1,9
2,0,Rain,Urban,73,7,4,0,1,4
0,0,Rain,Urban,61,11,2,1,2,14
23,0,Clear,Urban,89,15,6,3,3,33
13,0,Rain,Suburban,71,19,14,3,3,16
22,1,Clear,Suburban,62,18,7,3,3,21
23,1,Clear,Suburban,81,10,9,4,4,22
21,0,Rain,Highway,60,24,10,2,3,28
5,0,Rain,Highway,81,3,1,0,2,12
4,0,Clear,Highway,82,7,4,0,2,6
22,0,Clear,Suburban,74,12,8,4,4,25
21,1,Rain,Suburban,89,23,5,1,3,19
2,0,Rain,Urban,61,3,4,0,1,8
15,0,Rain,Suburban,69,22,12,3,4,27
9,1,Rain,Suburban,75,30,10,5,2,28
3,0,Clear,Urban,83,8,4,1,1,17
10,0,Clear,Urban,75,26,13,1,2,25
21,0,Clear,Suburban,74,29,10,4,4,20
12,0,Clear,Urban,89,24,9,2,2,32
1,1,Clear,Suburban,67,8,1,1,2,4
11,0,Clear,Urban,80,22,6,3,2,31
17,0,Rain,Urban,55,34,17,6,4,57
18,0,Clear,Urban,31,52,11,3,3,80
15,0,Clear,Highway,68,24,13,4,2,35
0,0,Clear,Suburban,88,9,2,1,2,14
7,0,Clear,Urban,56,34,11,5,4,67
4,0,Rain,Urban,88,11,3,1,2,8
0,0,Clear,Urban,60,6,2,1,1,7
15,1,Rain,Highway,61,16,14,4,3,19
12,0,Rain,Highway,69,28,10,4,2,38
6,1,Clear,Urban,72,14,12,2,2,26
2,0,Clear,Urban,67,3,3,1,1,18
5,0,Clear,Highway,67,3,2,0,2,10
21,1,Fog,Highway,69,20,14,3,3,9
15,0,Clear,Suburban,84,16,6,1,2,39
20,0,Clear,Suburban,85,28,10,3,2,25
12,0,Rain,Suburban,80,28,8,2,4,35
2,1,Clear,Urban,68,8,1,0,1,12
12,0,Clear,Highway,89,27,13,3,4,32
4,0,Clear,Urban,68,4,2,0,2,9
5,0,Clear,Suburban,66,4,4,0,2,15
15,1,Clear,Suburban,85,23,9,2,3,30
16,1,Rain,Highway,84,19,10,1,3,21
8,1,Clear,Suburban,49,33,13,3,3,68
23,0,Rain,Suburban,86,13,9,4,3,24
1,0,Clear,Suburban,86,8,2,1,2,8
1,1,Clear,Suburban,78,7,4,0,1,5
22,0,Clear,Suburban,48,24,10,2,3,49
10,0,Rain,Urban,63,18,12,2,3,32
16,0,Clear,Suburban,75,23,13,4,4,33
8,0,Clear,Urban,23,50,21,7,2,94
7,0,Clear,Urban,28,33,22,4,2,73
14,0,Rain,Urban,68,25,5,3,2,31
22,0,Fog,Highway,79,12,11,4,4,22
10,0,Rain,Highway,89,18,9,1,2,26
0,0,Clear,Suburban,80,9,4,0,2,12
17,0,Clear,Urban,42,44,19,6,4,51
23,0,Rain,Urban,74,28,7,1,4,32
9,0,Clear,Suburban,33,58,14,6,6,95
23,0,Clear,Suburban,81,28,7,2,3,34
6,1,Clear,Suburban,70,17,6,3,2,23
8,0,Clear,Highway,59,59,24,6,5,59
7,0,Clear,Highway,44,47,24,3,5,61
3,0,Rain,Suburban,77,9,1,0,2,7
10,0,Clear,Urban,77,15,9,2,2,39
4,0,Fog,Highway,81,11,3,0,2,11
9,0,Clear,Highway,26,58,19,6,4,89
4,0,Clear,Suburban,83,6,1,1,1,15
19,0,Clear,Highway,36,48,10,4,3,89
19,1,Clear,Suburban,59,41,15,6,4,60
10,0,Clear,Urban,59,27,6,2,3,43
16,0,Clear,Urban,45,24,5,1,2,43
12,0,Clear,Highway,53,28,5,4,2,44
21,0,Rain,Suburban,67,26,9,2,2,36
13,0,Fog,Highway,63,15,13,2,2,17
8,0,Clear,Urban,38,59,17,3,5,89
16,1,Clear,Urban,65,10,12,2,3,28
10,0,Clear,Urban,73,25,13,1,2,31
23,0,Rain,Suburban,74,15,7,4,4,38
12,0,Clear,Urban,71,27,11,3,3,34
3,1,Rain,Suburban,77,7,1,0,2,5
18,0,Clear,Highway,26,48,10,3,3,93
11,0,Clear,Highway,71,17,10,3,4,28
23,1,Clear,Urban,75,9,13,4,4,28
7,0,Clear,Highway,48,58,22,7,4,60
16,0,Clear,Highway,71,12,6,4,3,22
15,0,Clear,Highway,59,24,9,3,4,46
11,0,Clear,Urban,54,14,14,4,4,48
19,0,Clear,Suburban,27,45,12,4,6,99
13,0,Clear,Highway,79,29,12,3,4,33
13,0,Fog,Urban,80,18,7,3,3,19
12,0,Clear,Suburban,61,27,6,1,2,23
15,1,Clear,Urban,76,14,6,3,4,14
1,0,Clear,Urban,82,5,4,0,1,6
23,0,Fog,Urban,82,21,6,4,4,29
19,0,Clear,Urban,46,30,17,3,3,54
15,1,Rain,Urban,66,17,12,4,3,26
22,0,Clear,Urban,75,23,6,1,4,36
0,1,Clear,Urban,87,6,2,0,1,4
23,1,Clear,Suburban,67,19,6,2,4,19
21,1,Clear,Suburban,85,14,13,1,3,33
12,1,Clear,Suburban,69,14,11,1,3,18
20,0,Clear,Highway,64,17,12,1,2,35
20,0,Clear,Highway,66,17,5,1,4,26
22,0,Clear,Suburban,89,15,9,2,2,35
23,1,Clear,Highway,72,9,11,3,2,14
21,1,Clear,Suburban,71,11,8,3,3,23
18,1,Clear,Urban,52,28,12,4,2,48
10,0,Clear,Urban,70,21,11,2,3,29
9,0,Clear,Urban,37,52,18,7,6,91
23,0,Clear,Suburban,75,16,11,2,4,38
10,1,Clear,Urban,77,12,6,3,4,18
23,0,Clear,Urban,80,17,8,1,4,37
2,1,Clear,Highway,87,4,3,1,1,3
21,0,Rain,Urban,66,24,10,4,2,37
8,0,Clear,Highway,45,47,10,6,4,55
8,0,Clear,Suburban,54,51,21,6,2,55
21,1,Clear,Highway,73,16,7,2,4,31
5,0,Clear,Highway,81,9,4,0,2,9
2,0,Clear,Urban,70,3,4,1,1,8
9,0,Clear,Suburban,56,58,16,4,4,61
1,0,Clear,Highway,72,6,4,0,1,19
3,1,Fog,Highway,88,4,1,0,2,4
1,0,Clear,Urban,79,10,4,1,2,10
16,0,Clear,Suburban,46,29,12,3,2,46
4,0,Clear,Highway,80,7,1,0,1,13
19,1,Clear,Highway,56,45,24,6,4,68
14,0,Clear,Urban,62,15,11,2,3,36
15,1,Clear,Suburban,66,20,11,4,4,29
8,0,Clear,Highway,23,42,13,6,6,81
23,0,Clear,Urban,78,14,8,1,4,38
6,0,Clear,Highway,69,22,14,1,4,39
18,1,Clear,Urban,57,45,23,3,6,62
20,0,Rain,Urban,63,25,9,3,4,29
23,0,Rain,Urban,80,26,12,4,4,25
6,1,Rain,Highway,66,23,9,3,3,24
19,0,Rain,Highway,58,51,13,6,6,56
12,0,Clear,Suburban,88,12,9,1,4,38
8,1,Rain,Suburban,52,46,22,6,3,49
15,0,Clear,Urban,63,28,13,4,2,36
17,1,Clear,Highway,62,38,15,6,6,40
11,0,Clear,Suburban,88,24,8,3,4,20
8,0,Clear,Highway,27,58,24,4,2,84
23,0,Clear,Highway,70,14,14,3,2,28
7,1,Clear,Urban,52,42,20,5,2,58
11,0,Clear,Highway,65,23,6,1,2,21
16,1,Clear,Suburban,79,16,13,4,4,23
11,1,Rain,Suburban,85,9,10,4,4,20
10,0,Clear,Suburban,49,24,12,3,3,44
8,1,Rain,Urban,65,39,10,7,3,28
18,0,Clear,Suburban,23,30,19,4,3,82
8,0,Clear,Highway,45,57,23,6,3,54
3,0,Clear,Urban,82,8,2,1,1,7
22,0,Clear,Urban,83,21,11,2,3,34
22,1,Clear,Suburban,84,10,6,1,3,14
21,0,Clear,Suburban,82,20,9,1,3,26
6,1,Clear,Urban,77,9,6,4,4,18
7,0,Clear,Suburban,43,33,21,6,4,69
22,0,Clear,Urban,63,18,12,3,4,26
4,0,Clear,Suburban,69,4,1,0,2,8
15,0,Clear,Highway,69,15,10,1,3,25
13,0,Fog,Suburban,76,24,13,4,4,14
0,1,Rain,Highway,69,7,3,1,1,7
1,0,Clear,Highway,69,10,1,0,1,9
0,1,Clear,Suburban,61,4,3,1,2,9
0,0,Clear,Urban,65,3,2,1,2,10
22,1,Clear,Suburban,79,14,13,2,4,30
11,0,Fog,Highway,82,12,9,3,3,20
11,0,Rain,Suburban,76,17,6,4,3,33
0,1,Clear,Highway,73,2,4,0,2,7
22,0,Clear,Highway,47,12,14,1,3,45
20,0,Clear,Highway,86,26,6,4,3,23
15,1,Rain,Highway,64,20,9,1,4,20
22,0,Clear,Urban,89,26,5,1,3,25
21,0,Clear,Suburban,66,25,8,3,2,32
2,0,Clear,Urban,85,9,3,1,1,14
8,0,Clear,Highway,40,47,11,7,6,56
14,0,Clear,Urban,65,21,10,4,2,39
8,0,Clear,Urban,31,33,10,4,5,99
11,0,Clear,Highway,52,27,14,1,3,45
22,0,Rain,Urban,68,26,9,1,4,32
10,1,Clear,Suburban,77,16,11,2,3,17
18,0,Clear,Urban,23,36,11,3,4,95
23,1,Clear,Urban,80,22,11,1,3,16
22,0,Clear,Urban,85,23,13,3,2,33
17,1,Rain,Urban,40,28,12,4,5,49
17,1,Rain,Urban,59,38,18,4,4,52
9,1,Clear,Highway,54,32,11,4,6,60
11,0,Clear,Suburban,69,19,13,1,4,21
3,0,Clear,Highway,84,6,3,0,1,10
8,0,Clear,Suburban,53,39,21,4,2,54
1,1,Clear,Urban,84,8,4,1,2,4
23,0,Clear,Suburban,61,27,12,3,2,26
16,0,Rain,Suburban,68,26,6,2,3,20
6,0,Clear,Urban,76,29,12,3,4,23
15,0,Fog,Suburban,72,12,11,3,2,13
16,1,Clear,Urban,82,12,7,4,4,32
6,0,Rain,Highway,85,26,6,4,2,33
23,0,Clear,Urban,73,14,7,4,3,36
13,0,Clear,Suburban,60,12,10,2,2,36
10,1,Clear,Suburban,63,22,13,2,2,30
20,0,Clear,Urban,75,29,5,4,4,26
8,1,Clear,Suburban,46,42,11,6,6,66
6,0,Fog,Urban,86,25,14,1,4,19
3,0,Rain,Urban,87,4,2,1,2,10
9,0,Rain,Suburban,44,51,17,4,3,66
11,0,Clear,Urban,59,18,14,1,3,45
16,0,Rain,Suburban,66,27,10,2,4,21
8,1,Clear,Highway,41,28,15,5,3,51
19,1,Clear,Suburban,45,36,21,3,5,58
3,0,Clear,Highway,88,6,4,1,2,16
13,0,Rain,Suburban,67,19,10,1,2,35
2,0,Clear,Highway,64,10,3,0,2,16
7,0,Clear,Highway,26,40,15,6,3,81
5,1,Fog,Urban,79,7,1,0,1,7
10,1,Clear,Urban,64,11,14,2,2,28
2,0,Rain,Suburban,87,4,3,1,2,6
20,1,Rain,Urban,81,16,12,4,2,11
22,0,Clear,Highway,53,24,14,4,2,42
10,0,Clear,Urban,86,17,8,3,2,22
15,1,Clear,Highway,69,19,13,1,2,21
12,0,Fog,Suburban,76,19,9,3,2,21
15,1,Rain,Urban,71,22,9,1,3,20
9,0,Clear,Urban,21,45,17,5,4,82
1,0,Rain,Urban,68,6,1,1,2,15
1,1,Clear,Suburban,61,5,3,0,2,11
14,0,Clear,Highway,81,25,13,4,2,25
18,0,Clear,Urban,26,37,10,5,2,98
13,1,Rain,Highway,68,20,6,2,4,12
8,0,Clear,Highway,27,54,18,4,2,81
14,0,Clear,Urban,85,14,11,4,2,37
15,1,Fog,Highway,75,12,8,3,3,18
3,0,Clear,Suburban,75,7,2,1,2,6
18,1,Fog,Highway,47,33,18,3,2,41
23,0,Clear,Highway,62,24,8,2,4,34
8,0,Clear,Highway,27,42,19,6,3,91
16,1,Clear,Urban,86,11,13,2,2,29
5,0,Clear,Urban,82,5,2,1,1,18
21,1,Clear,Highway,86,12,11,2,2,14
19,0,Clear,Urban,38,58,18,5,3,79
15,0,Clear,Suburban,84,29,5,2,4,30
9,0,Clear,Urban,21,38,22,3,4,83
12,0,Clear,Urban,73,26,7,4,3,28
22,1,Rain,Urban,73,12,12,2,3,27
19,0,Clear,Urban,46,56,10,6,4,54
12,0,Clear,Urban,40,19,12,3,3,46
7,0,Clear,Highway,36,36,10,7,6,94
10,1,Clear,Suburban,62,12,10,1,2,23
7,0,Rain,Suburban,55,58,23,7,3,64
0,0,Fog,Urban,72,10,4,0,2,10
17,0,Clear,Suburban,50,39,16,4,3,52
12,0,Clear,Suburban,64,25,10,1,2,39
15,1,Clear,Highway,69,22,9,1,4,27
18,0,Clear,Urban,34,39,10,6,3,74
14,0,Rain,Urban,85,13,11,3,3,31
6,0,Rain,Urban,66,29,8,1,3,25
1,1,Clear,Highway,64,2,2,0,2,6
15,1,Clear,Urban,85,16,12,4,3,15
20,0,Clear,Highway,42,19,8,3,4,46
0,1,Fog,Suburban,69,4,2,0,2,7
14,0,Clear,Suburban,86,12,8,4,2,23
6,0,Clear,Suburban,67,22,10,3,4,20
10,0,Clear,Urban,69,14,7,1,2,39
18,0,Clear,Suburban,39,42,16,5,2,94
12,0,Clear,Highway,71,16,11,4,2,33
17,0,Clear,Highway,45,47,13,5,4,59
10,1,Clear,Highway,70,19,14,3,4,28
12,0,Clear,Urban,68,19,13,3,3,25
9,1,Clear,Suburban,47,46,11,7,4,45
10,0,Fog,Urban,63,12,10,4,2,20
6,1,Clear,Highway,61,17,10,1,4,30
2,0,Rain,Urban,60,9,1,1,2,4
1,0,Fog,Highway,72,10,4,1,1,4
10,0,Rain,Suburban,63,24,12,3,3,23
3,1,Clear,Urban,63,2,1,1,2,6
12,0,Clear,Urban,74,17,14,1,2,21
22,1,Clear,Suburban,75,20,11,2,4,14
11,0,Clear,Highway,81,13,14,1,4,21
21,1,Clear,Highway,86,22,6,2,2,25
22,0,Clear,Suburban,69,25,10,2,3,24
23,0,Clear,Urban,76,28,10,2,2,25
9,0,Clear,Highway,39,44,14,4,2,90
10,0,Clear,Highway,60,24,12,4,2,25
19,0,Clear,Urban,29,38,23,6,3,82
1,1,Rain,Suburban,86,5,3,0,1,5
19,0,Clear,Urban,56,30,24,7,4,70
10,0,Clear,Urban,69,14,14,4,2,39
12,1,Clear,Urban,69,17,9,4,4,24
5,0,Clear,Urban,65,5,4,0,2,19
13,0,Clear,Suburban,71,12,10,1,4,36
19,0,Rain,Urban,33,50,20,6,5,76
4,1,Rain,Highway,69,8,4,1,2,8
1,1,Clear,Suburban,83,7,1,1,1,13
0,1,Clear,Suburban,73,7,2,0,2,5
0,0,Clear,Suburban,80,10,2,0,1,7
18,0,Rain,Suburban,23,37,24,5,5,71
10,0,Fog,Highway,78,19,8,2,2,27
9,0,Rain,Suburban,51,37,15,6,3,52
19,0,Clear,Highway,27,53,12,6,4,75
2,0,Clear,Suburban,85,4,1,0,2,14
19,1,Rain,Highway,84,36,22,4,3,31
15,0,Rain,Suburban,73,21,12,4,2,21
22,0,Clear,Urban,82,29,7,3,2,33
5,0,Clear,Highway,86,10,1,0,1,7
4,0,Clear,Urban,84,4,1,0,2,18
12,1,Clear,Urban,63,15,11,3,4,17
6,0,Rain,Urban,65,22,6,1,2,28
23,0,Fog,Highway,69,29,10,3,4,25
21,1,Clear,Suburban,69,19,5,4,3,28
6,0,Clear,Highway,52,16,10,2,3,45
15,0,Clear,Urban,48,22,10,1,2,44
7,0,Rain,Urban,43,58,23,3,5,64
9,0,Clear,Suburban,20,52,12,3,5,78
5,0,Clear,Suburban,80,6,2,0,1,13
6,0,Clear,Urban,65,13,13,1,4,22
17,0,Clear,Urban,52,51,10,6,2,57
15,1,Clear,Highway,86,21,14,1,2,14
4,1,Clear,Urban,67,2,3,1,1,7
5,1,Fog,Suburban,64,8,4,1,1,4
13,0,Clear,Highway,50,22,7,4,3,47
2,0,Clear,Highway,84,4,3,0,2,8
8,0,Clear,Highway,23,30,17,6,5,90
22,0,Clear,Urban,60,23,7,2,4,39
18,1,Fog,Urban,85,29,19,3,5,40
10,1,Rain,Suburban,80,9,10,1,4,19
15,0,Clear,Highway,84,28,13,4,2,21
6,0,Clear,Urban,60,16,10,2,2,21
2,1,Clear,Urban,62,3,1,0,1,8
16,0,Clear,Highway,48,27,13,1,4,43
1,1,Clear,Urban,68,6,2,1,2,5
21,0,Clear,Suburban,65,28,9,3,3,38
5,0,Clear,Urban,67,9,3,1,2,16
23,0,Rain,Urban,81,26,6,1,4,24
17,0,Clear,Suburban,39,36,22,7,5,98
2,0,Rain,Suburban,64,6,1,1,2,7
7,1,Clear,Suburban,41,44,18,3,4,55
12,1,Clear,Highway,85,17,5,2,2,20
13,0,Clear,Suburban,66,17,6,1,2,32
15,0,Fog,Urban,70,17,5,4,2,28
2,0,Clear,Urban,87,8,1,1,1,8
19,0,Clear,Suburban,46,31,24,6,6,68
17,0,Clear,Suburban,41,47,19,5,4,70
11,0,Clear,Urban,68,21,8,2,3,22
23,0,Clear,Suburban,89,21,7,4,2,21
14,0,Clear,Urban,70,22,5,3,3,30
21,0,Clear,Urban,81,12,7,2,3,21
0,0,Clear,Urban,68,8,4,0,2,7
18,0,Fog,Suburban,64,54,18,4,4,37
15,1,Clear,Urban,74,12,9,1,2,16
19,0,Clear,Suburban,30,44,24,5,2,74
0,0,Clear,Highway,71,7,4,1,2,11
18,0,Rain,Urban,40,33,16,3,6,49
10,1,Clear,Highway,65,12,8,4,4,17
7,0,Clear,Highway,44,45,13,6,2,52
18,1,Clear,Highway,58,32,12,4,6,58
18,0,Fog,Urban,51,41,10,5,6,46
21,0,Clear,Urban,82,18,9,2,2,24
15,1,Clear,Suburban,61,10,11,4,4,28
17,0,Clear,Suburban,41,40,21,4,4,52
12,0,Clear,Highway,75,17,10,1,3,34
8,0,Rain,Highway,41,47,13,7,4,60
2,0,Clear,Suburban,65,5,3,1,2,5
22,0,Rain,Urban,62,20,8,2,4,18
21,1,Rain,Highway,66,10,6,4,3,24
3,0,Rain,Suburban,73,3,4,0,1,10
15,0,Fog,Urban,68,12,6,1,2,25
14,0,Rain,Highway,74,27,11,2,2,36
3,0,Fog,Urban,66,9,3,1,1,4
17,1,Clear,Suburban,44,30,21,6,3,53
4,0,Rain,Highway,70,11,1,1,1,12
2,0,Clear,Urban,78,4,4,0,2,7
12,0,Clear,Highway,40,17,9,2,4,41
14,0,Clear,Highway,61,20,11,4,4,40
14,0,Clear,Suburban,58,13,11,3,3,44
4,0,Clear,Urban,67,6,3,1,1,6
14,0,Clear,Highway,62,21,13,3,4,33
20,0,Clear,Suburban,79,24,12,3,3,40
9,1,Clear,Urban,43,47,19,3,4,42
22,0,Clear,Highway,50,22,7,4,2,43
2,0,Rain,Urban,65,4,3,1,1,13
21,0,Fog,Highway,67,20,9,2,4,22
10,1,Fog,Highway,89,22,11,1,3,19
22,0,Clear,Urban,60,17,7,2,3,28
0,0,Clear,Urban,79,11,1,1,2,7
19,0,Clear,Highway,55,45,20,7,2,69
8,1,Clear,Highway,58,36,14,6,5,66
23,0,Clear,Suburban,84,24,5,1,4,20
7,1,Clear,Highway,44,28,22,3,4,65
12,0,Fog,Urban,86,24,11,2,3,15
17,1,Fog,Suburban,84,37,19,7,2,27
20,0,Rain,Highway,76,13,11,4,4,35
18,0,Clear,Urban,20,47,12,4,6,74
12,0,Rain,Suburban,71,20,9,2,3,30
7,0,Clear,Suburban,40,40,14,4,4,70
17,0,Clear,Urban,32,49,19,7,4,84
0,0,Rain,Urban,62,10,2,0,2,5
17,0,Rain,Highway,55,49,12,5,4,56
21,0,Clear,Urban,54,16,7,2,2,49
16,1,Clear,Highway,65,18,6,3,3,30
8,0,Clear,Urban,42,51,24,3,2,54
16,0,Clear,Highway,58,14,8,4,3,43
18,0,Clear,Urban,22,37,22,6,5,77
18,0,Clear,Suburban,53,35,12,4,2,51
11,1,Clear,Highway,74,16,14,3,2,18
8,0,Clear,Urban,48,52,23,4,4,57
9,0,Fog,Highway,58,38,15,6,4,58
3,1,Clear,Suburban,89,3,2,0,1,9
5,1,Clear,Suburban,68,7,1,0,2,7
11,0,Clear,Highway,42,23,13,1,4,43
15,0,Rain,Suburban,89,27,12,4,3,36
7,0,Clear,Urban,31,36,15,7,2,91
23,0,Rain,Urban,77,22,8,4,2,24
16,0,Clear,Highway,89,14,14,1,2,22
3,0,Fog,Urban,73,3,4,1,1,6
18,1,Rain,Urban,59,32,20,5,6,45
0,1,Clear,Highway,69,2,2,1,2,6
2,0,Rain,Suburban,73,8,4,0,1,12
1,0,Clear,Urban,69,3,4,1,2,5
1,0,Rain,Highway,67,3,1,1,1,12
5,1,Rain,Urban,88,8,1,1,2,5
15,0,Clear,Highway,70,22,5,3,2,25
8,1,Rain,Suburban,87,24,23,3,3,37
6,0,Clear,Urban,68,22,5,4,2,24
8,0,Clear,Suburban,39,55,12,4,6,86
21,0,Clear,Urban,74,25,8,4,2,25
0,0,Clear,Suburban,64,3,4,0,2,9
7,0,Clear,Suburban,47,41,15,4,4,66
3,1,Clear,Urban,77,4,4,0,1,9
8,0,Clear,Urban,47,30,24,5,5,55
18,0,Rain,Highway,52,39,21,6,2,50
2,0,Fog,Highway,68,11,2,1,1,3
21,1,Clear,Suburban,79,12,6,1,3,25
16,1,Fog,Urban,64,16,14,2,2,18
13,0,Clear,Suburban,48,15,14,2,4,48
6,0,Clear,Suburban,89,20,10,2,4,28
9,0,Rain,Urban,33,36,11,5,2,76
6,0,Clear,Suburban,82,18,12,2,4,37
0,0,Fog,Urban,84,9,3,1,1,3
9,1,Rain,Suburban,89,28,16,5,3,28
17,1,Clear,Highway,54,32,13,3,5,67
7,1,Clear,Urban,58,40,12,5,3,67
6,1,Clear,Urban,85,11,12,2,2,18
23,0,Rain,Urban,70,13,10,1,4,21
7,0,Clear,Highway,36,42,14,3,5,89
11,0,Clear,Suburban,57,15,5,2,4,41
1,0,Clear,Urban,87,6,4,1,1,17
12,0,Clear,Suburban,55,29,13,2,2,43
16,0,Fog,Highway,84,24,6,3,4,25
11,0,Rain,Highway,69,28,11,2,4,32
18,0,Clear,Urban,53,36,16,6,4,55
12,1,Clear,Urban,81,16,9,3,4,22
5,1,Clear,Urban,66,2,4,1,1,9
21,1,Clear,Highway,61,12,6,4,4,25
17,1,Clear,Suburban,83,31,24,5,3,35
5,1,Clear,Highway,83,8,1,1,1,11
16,1,Clear,Urban,68,16,9,2,4,24
4,1,Clear,Urban,75,3,3,1,1,6
9,0,Clear,Urban,51,37,12,6,3,51
5,0,Clear,Suburban,65,10,4,1,2,8
7,1,Fog,Urban,68,44,23,4,4,21
3,0,Rain,Suburban,86,7,3,1,1,4
8,1,Clear,Suburban,49,46,18,4,6,46
13,0,Fog,Urban,69,27,8,4,3,18
18,0,Clear,Urban,37,38,16,5,3,79
13,1,Clear,Urban,81,18,7,1,3,20
1,1,Clear,Urban,72,4,2,0,1,7
14,1,Rain,Highway,71,19,14,4,2,12
16,0,Rain,Urban,87,29,10,3,3,27
12,0,Clear,Suburban,70,25,7,4,4,26
23,0,Fog,Urban,64,19,5,3,2,21
0,0,Rain,Highway,69,10,2,1,2,8
6,0,Clear,Highway,67,13,11,4,4,34
6,0,Clear,Suburban,89,18,11,2,2,40
20,0,Fog,Suburban,88,17,9,4,4,19
13,0,Clear,Suburban,81,24,10,2,4,34
0,1,Clear,Highway,69,4,1,1,2,13
18,0,Fog,Highway,54,53,14,7,3,49
17,1,Rain,Highway,42,47,11,5,6,45
11,0,Clear,Highway,76,26,10,3,2,36
22,1,Clear,Suburban,82,21,12,1,3,32
18,0,Rain,Urban,42,49,20,6,5,57
2,0,Clear,Highway,75,9,3,0,2,16
5,1,Clear,Urban,77,4,2,0,2,3
23,1,Clear,Highway,71,16,13,2,2,24
17,1,Clear,Suburban,55,37,14,3,3,64
16,0,Clear,Suburban,63,26,12,2,4,28
14,0,Clear,Highway,81,25,6,3,3,37
16,0,Rain,Highway,78,18,6,4,4,24
0,1,Rain,Urban,68,8,4,1,1,2
19,0,Clear,Highway,40,54,12,7,2,54
14,1,Clear,Highway,60,16,9,1,4,30
20,0,Clear,Suburban,50,27,7,3,3,45
22,0,Clear,Urban,79,20,13,1,4,22
0,1,Clear,Suburban,68,8,4,1,1,12
7,0,Clear,Highway,44,35,23,5,2,60
9,0,Clear,Urban,49,48,23,6,5,66
23,1,Clear,Urban,73,9,9,1,3,28
8,0,Clear,Highway,40,42,11,7,4,69
16,0,Clear,Highway,85,12,10,3,2,31
19,0,Clear,Suburban,57,43,15,5,4,65
1,0,Clear,Urban,68,11,2,1,2,16
3,1,Rain,Urban,79,4,4,1,2,10
20,0,Clear,Urban,69,18,5,2,4,37
11,1,Fog,Suburban,79,15,14,1,4,18
12,1,Fog,Urban,83,21,12,4,4,18
1,1,Rain,Urban,81,2,1,1,1,3
10,1,Clear,Urban,70,11,7,3,3,30
12,1,Clear,Suburban,89,18,7,1,3,32
5,0,Clear,Urban,69,7,4,0,2,5
16,1,Rain,Urban,72,19,7,2,3,24
2,1,Clear,Urban,78,4,4,1,1,12
14,1,Fog,Urban,78,16,6,3,4,20
2,0,Clear,Urban,74,6,4,0,2,9
12,0,Clear,Suburban,71,14,9,1,4,24
7,0,Clear,Highway,24,44,14,6,3,71
21,0,Clear,Urban,72,17,8,4,3,27
21,1,Clear,Urban,65,20,12,3,3,28
23,0,Clear,Urban,76,17,8,2,2,27
23,0,Clear,Urban,65,20,6,1,3,21
22,0,Clear,Highway,64,23,9,1,3,36
9,1,Rain,Highway,51,46,19,3,2,52
14,0,Clear,Highway,56,13,12,1,4,49
0,1,Clear,Suburban,70,4,3,0,1,4
17,1,Clear,Suburban,43,36,19,3,3,56
20,1,Clear,Urban,84,9,8,1,2,25
9,0,Fog,Highway,55,35,18,5,6,46
22,1,Fog,Suburban,63,10,14,2,4,16
9,1,Clear,Urban,50,25,18,5,2,65
2,1,Clear,Urban,63,3,2,1,1,8
9,1,Clear,Suburban,54,44,18,3,2,69
4,0,Clear,Suburban,85,5,3,0,2,19
12,0,Clear,Urban,56,17,5,3,2,41
18,0,Clear,Urban,38,35,22,4,6,86
22,0,Clear,Suburban,83,12,7,2,3,38
15,0,Fog,Urban,66,25,13,3,4,24
16,0,Clear,Suburban,65,13,7,4,3,40
5,1,Clear,Urban,63,6,1,1,2,12
17,0,Clear,Urban,55,56,13,5,2,50
8,0,Rain,Suburban,58,57,15,4,5,66
18,1,Clear,Highway,41,30,10,7,4,69
0,0,Clear,Urban,60,3,3,0,2,6
17,1,Clear,Suburban,58,26,10,3,2,67
14,0,Clear,Suburban,53,24,11,1,3,44
8,1,Fog,Urban,74,43,19,6,4,23
17,0,Clear,Suburban,57,51,18,6,2,63
3,1,Clear,Urban,64,3,3,0,1,4
18,0,Clear,Urban,57,55,10,4,5,58
4,0,Clear,Highway,79,9,1,0,1,17
6,0,Clear,Urban,86,16,6,1,4,21
11,0,Rain,Urban,66,24,14,1,2,29
11,0,Clear,Highway,50,28,8,2,3,43
7,0,Clear,Highway,59,45,18,5,4,54
10,0,Rain,Suburban,75,27,13,2,3,24
2,0,Clear,Urban,79,11,3,0,2,16
16,0,Rain,Highway,77,14,14,1,3,35
2,1,Clear,Highway,76,6,3,1,2,3
20,0,Rain,Urban,89,25,12,1,4,37
8,1,Clear,Urban,45,32,24,7,6,60
17,0,Clear,Urban,30,50,19,5,2,90
18,0,Clear,Highway,41,39,10,4,6,56
5,0,Clear,Suburban,81,9,1,0,2,11
21,1,Clear,Highway,68,21,8,4,3,21
5,0,Clear,Urban,83,5,2,1,1,18
8,0,Clear,Suburban,59,47,24,4,3,60
13,0,Rain,Urban,68,29,5,1,3,39
23,1,Clear,Highway,75,17,6,2,3,16
15,1,Clear,Urban,87,23,8,4,2,18
14,0,Clear,Suburban,66,14,9,4,2,30
18,0,Clear,Urban,25,43,11,6,6,90
20,1,Clear,Suburban,78,22,12,4,3,18
3,0,Rain,Suburban,62,6,1,0,2,15
1,0,Clear,Highway,69,11,4,1,1,17
15,0,Clear,Suburban,52,24,14,2,2,49
1,1,Clear,Highway,88,8,3,0,1,4
19,0,Clear,Highway,25,51,24,4,5,96
19,0,Clear,Highway,20,33,17,6,3,93
17,0,Clear,Suburban,35,53,21,7,5,77
15,0,Clear,Suburban,52,21,5,2,4,48
9,0,Clear,Suburban,57,44,13,5,3,60
17,0,Clear,Highway,37,42,21,6,4,89
14,0,Rain,Highway,76,28,10,3,3,38
12,0,Clear,Suburban,80,29,8,3,3,26
6,0,Rain,Suburban,82,21,12,3,3,22
15,0,Clear,Highway,58,26,11,2,4,42
16,1,Clear,Suburban,74,16,7,1,2,16
10,0,Clear,Suburban,46,13,8,4,4,49
4,0,Clear,Highway,73,10,4,0,2,16
20,0,Clear,Highway,44,15,7,4,3,47
5,1,Clear,Urban,74,8,1,1,2,4
21,0,Clear,Suburban,65,14,12,2,3,33
23,0,Clear,Urban,88,20,14,3,4,28
23,0,Fog,Suburban,80,25,10,2,2,14
9,0,Clear,Suburban,38,32,23,4,4,86
11,0,Clear,Urban,47,25,6,4,2,46
4,1,Clear,Suburban,65,4,4,1,1,10
20,0,Clear,Urban,81,24,9,4,4,39
7,1,Clear,Highway,43,34,12,3,2,61
6,0,Clear,Suburban,40,16,7,1,3,47
22,0,Clear,Highway,70,26,10,1,4,31
0,0,Clear,Urban,88,5,3,0,2,13
15,0,Rain,Highway,81,22,11,3,3,24
8,0,Clear,Highway,42,46,19,4,2,68
10,0,Clear,Highway,83,22,14,4,2,22
14,1,Clear,Urban,82,10,14,4,2,30
13,0,Clear,Urban,65,29,5,4,4,27
11,0,Fog,Highway,82,26,7,2,3,21
23,1,Rain,Highway,85,16,8,4,3,16
17,0,Clear,Highway,23,44,14,3,2,86
2,0,Clear,Urban,71,10,2,1,2,6
18,1,Fog,Highway,77,27,11,7,4,27
23,0,Clear,Urban,86,16,10,1,2,20
16,0,Clear,Suburban,76,24,6,1,3,34
6,0,Clear,Suburban,66,29,6,4,3,26
0,0,Clear,Highway,78,10,3,1,1,9
21,0,Clear,Suburban,67,20,7,3,2,22
12,0,Clear,Highway,48,21,6,1,3,42
21,0,Clear,Suburban,66,29,5,3,4,23
3,0,Clear,Suburban,70,3,4,0,2,11
23,0,Clear,Highway,86,24,8,1,3,21
12,0,Clear,Urban,76,27,9,4,3,31
13,0,Rain,Highway,80,23,11,1,2,19
22,0,Clear,Suburban,87,22,14,4,3,24
19,0,Fog,Urban,40,48,19,7,2,45
16,0,Clear,Urban,81,24,7,2,2,37
14,0,Clear,Suburban,43,15,7,2,3,49
14,1,Clear,Suburban,63,15,14,4,4,20
15,0,Fog,Suburban,81,22,9,4,4,13
5,1,Clear,Highway,63,3,1,0,1,10
6,0,Fog,Highway,83,17,12,2,4,26
2,0,Rain,Urban,69,10,2,1,1,15
2,0,Clear,Highway,65,9,1,1,2,17
14,0,Rain,Urban,61,22,12,1,2,36
0,1,Clear,Highway,61,6,2,1,2,5
21,1,Rain,Urban,80,12,9,2,2,11
15,1,Clear,Urban,86,18,7,3,2,15
16,1,Clear,Urban,65,15,5,2,2,30
17,0,Rain,Urban,54,43,12,4,2,42
3,0,Clear,Urban,64,4,1,1,2,11
12,1,Rain,Suburban,68,18,9,1,4,21
13,0,Clear,Urban,85,21,5,3,2,25
22,0,Clear,Suburban,68,22,5,4,3,23
23,0,Clear,Urban,88,27,13,2,2,38
5,0,Clear,Highway,73,6,2,1,1,10
3,0,Clear,Urban,68,7,3,0,2,17
20,0,Clear,Highway,44,28,8,1,2,45
16,1,Rain,Highway,76,23,9,4,3,16
14,1,Clear,Highway,62,21,8,3,2,33
14,1,Clear,Suburban,62,17,13,4,2,14
13,0,Rain,Highway,65,13,5,3,3,27
18,0,Fog,Highway,54,39,12,5,2,58
11,0,Clear,Suburban,69,16,14,1,4,38
6,0,Clear,Suburban,41,20,7,2,2,44
19,0,Fog,Highway,66,36,13,7,6,33
12,1,Clear,Urban,83,12,12,2,3,27
10,0,Rain,Urban,77,16,6,4,4,32
0,1,Clear,Urban,76,4,4,0,1,8
9,0,Clear,Urban,36,39,12,3,2,97
14,0,Fog,Urban,75,19,14,2,3,25
10,0,Rain,Suburban,60,13,6,4,4,34
18,0,Clear,Suburban,38,58,15,3,2,74
10,0,Rain,Suburban,88,23,10,4,2,30
15,0,Clear,Urban,52,27,12,3,3,48
12,0,Clear,Highway,81,14,6,3,3,36
23,1,Clear,Urban,70,22,12,4,3,32
2,0,Clear,Suburban,86,7,2,1,1,10
4,0,Clear,Suburban,78,3,3,1,2,13
9,0,Clear,Highway,24,36,17,5,3,79
1,1,Clear,Suburban,81,7,4,0,2,8
4,0,Rain,Suburban,85,8,1,1,2,13
5,1,Fog,Highway,79,4,4,1,2,7
13,1,Rain,Urban,69,15,9,3,2,23
6,0,Fog,Highway,64,24,10,3,2,16
1,0,Clear,Suburban,63,3,2,1,1,10
16,1,Clear,Suburban,73,12,5,2,4,30
9,0,Fog,Highway,74,40,23,7,2,39
19,0,Rain,Urban,37,59,13,4,6,72
0,1,Clear,Highway,65,8,4,0,2,12
12,0,Clear,Urban,69,21,7,3,3,40
14,0,Clear,Highway,81,26,13,2,2,39
21,0,Fog,Suburban,74,17,7,3,2,13
11,1,Rain,Suburban,68,17,12,3,4,20
1,0,Clear,Highway,83,9,1,0,1,12
8,0,Rain,Suburban,56,31,17,6,2,41
16,1,Clear,Urban,78,9,12,1,3,34
19,0,Rain,Highway,52,34,22,5,6,59
2,0,Rain,Highway,68,6,4,1,1,4
10,1,Rain,Suburban,73,20,9,1,3,16
22,0,Clear,Suburban,81,28,14,3,4,40
7,0,Clear,Suburban,20,51,23,4,3,75
15,0,Clear,Urban,57,18,5,1,4,46
20,1,Fog,Highway,82,22,5,4,4,15
19,0,Clear,Highway,29,32,23,5,4,86
14,0,Clear,Urban,70,13,12,1,3,25
23,1,Clear,Suburban,68,9,11,2,2,32
8,0,Clear,Urban,25,42,10,5,2,97
4,0,Clear,Suburban,88,3,3,0,2,8
16,0,Fog,Highway,78,29,12,2,4,23
21,1,Clear,Suburban,66,20,6,2,2,27
21,0,Clear,Suburban,83,13,8,1,4,29
21,1,Clear,Urban,69,20,10,4,4,30
9,0,Rain,Suburban,29,58,10,7,2,77
18,0,Clear,Suburban,22,51,12,5,2,94
2,0,Rain,Urban,68,4,2,0,2,11
16,0,Clear,Highway,55,29,10,4,4,42
2,0,Clear,Suburban,71,3,4,0,2,11
0,1,Clear,Highway,76,8,3,1,2,10
9,0,Rain,Urban,34,31,22,4,5,79
8,0,Clear,Highway,27,52,10,7,5,75
7,0,Clear,Suburban,38,57,11,5,2,83
10,1,Clear,Urban,67,19,6,3,3,21
16,0,Clear,Urban,47,23,7,2,2,45
6,0,Clear,Suburban,80,24,10,4,4,29
11,0,Fog,Suburban,80,14,8,2,3,24
3,0,Clear,Highway,87,6,4,0,2,17
8,0,Clear,Suburban,50,40,18,4,2,66
12,0,Clear,Urban,54,14,9,4,2,48
14,1,Clear,Suburban,71,11,9,3,4,30
16,0,Clear,Suburban,83,16,10,4,3,23
8,0,Clear,Suburban,59,44,24,6,3,54
7,1,Clear,Highway,58,34,18,5,6,55
10,1,Clear,Suburban,71,20,7,4,4,32
16,0,Clear,Suburban,89,22,10,2,2,35
15,0,Clear,Urban,86,18,11,1,2,31
11,0,Clear,Suburban,64,13,9,1,3,36
9,0,Clear,Urban,20,34,11,3,3,78
16,0,Clear,Urban,73,29,8,4,4,38
12,0,Rain,Suburban,71,12,7,1,3,36
1,1,Clear,Suburban,71,8,3,1,2,9
11,0,Rain,Urban,87,18,14,2,2,24
22,0,Rain,Highway,73,25,10,3,3,28
4,1,Clear,Urban,80,4,4,1,1,3
6,0,Clear,Urban,81,18,8,3,4,25
4,0,Clear,Highway,85,8,1,1,2,11
21,0,Clear,Highway,81,13,11,1,2,36
1,1,Clear,Highway,72,8,3,1,1,9
7,0,Clear,Highway,58,51,20,3,2,51
0,0,Rain,Highway,62,5,2,1,2,11
19,0,Clear,Urban,34,56,10,5,5,95
12,1,Rain,Suburban,84,16,11,3,4,11
2,0,Fog,Urban,67,5,4,0,1,10
12,0,Rain,Highway,89,17,6,2,2,32
8,1,Rain,Urban,43,29,19,6,4,52
23,1,Clear,Urban,82,12,10,2,4,32
2,1,Rain,Highway,89,2,1,0,1,9
1,0,Clear,Highway,60,11,4,0,2,18
1,0,Clear,Suburban,84,10,3,0,1,9
14,0,Clear,Highway,80,25,7,4,4,28
9,1,Fog,Urban,85,42,10,3,6,27
16,1,Clear,Highway,68,13,12,1,3,28
18,0,Clear,Urban,24,30,12,4,4,95
2,0,Rain,Urban,65,7,1,1,2,14
3,0,Clear,Highway,82,3,3,1,1,15
12,1,Clear,Highway,75,10,9,2,3,28
4,0,Clear,Highway,85,6,3,0,2,8
13,0,Clear,Highway,76,17,11,1,2,20
18,0,Rain,Urban,48,59,20,5,3,52
22,0,Rain,Suburban,65,17,8,3,2,32
4,0,Rain,Suburban,78,10,3,0,2,4
16,0,Clear,Urban,63,17,12,3,3,21
18,0,Clear,Suburban,33,39,15,3,6,90
16,1,Clear,Highway,71,9,14,4,4,18
16,0,Clear,Suburban,53,20,13,1,2,46
2,0,Clear,Suburban,88,3,2,1,2,14
22,0,Clear,Urban,48,28,7,4,3,46
8,0,Clear,Suburban,20,37,15,7,6,76
16,0,Rain,Suburban,69,23,6,3,4,16
17,0,Clear,Urban,48,50,12,5,6,69
16,0,Clear,Highway,55,14,6,3,3,41
22,1,Clear,Urban,71,21,6,1,3,30
1,0,Clear,Suburban,69,5,2,1,2,17
19,0,Rain,Urban,34,51,17,7,6,77
22,0,Clear,Urban,84,18,5,3,3,22
21,0,Clear,Highway,48,15,7,1,4,44
13,0,Rain,Suburban,61,24,6,1,2,35
16,1,Rain,Highway,88,20,10,1,4,14
11,1,Rain,Urban,61,10,6,3,2,12
2,0,Clear,Highway,89,3,4,0,2,14
3,0,Clear,Urban,63,7,4,1,2,15
7,1,Clear,Highway,54,27,24,6,4,57
0,0,Fog,Urban,86,8,1,0,2,11
20,0,Rain,Highway,66,22,14,4,3,36
2,0,Clear,Highway,83,4,4,1,1,6
17,1,Clear,Highway,59,24,20,4,4,52
8,0,Rain,Highway,63,53,15,3,6,40
13,0,Clear,Urban,68,22,6,1,3,29
8,0,Fog,Urban,59,35,16,7,3,53
11,0,Clear,Urban,78,17,10,3,2,30
23,1,Clear,Urban,67,19,7,4,2,19
10,0,Clear,Suburban,69,12,14,3,2,30
21,1,Clear,Urban,73,16,11,4,4,32
21,1,Clear,Highway,89,19,13,1,3,20
12,1,Fog,Urban,81,15,9,2,4,17
18,0,Rain,Suburban,57,36,15,5,3,44
19,0,Clear,Suburban,35,55,12,7,4,91
9,1,Clear,Suburban,49,33,14,5,4,43
21,1,Clear,Suburban,89,15,5,2,2,21
13,1,Clear,Urban,82,21,9,1,4,21
1,1,Clear,Suburban,73,4,4,1,1,4
3,0,Rain,Suburban,72,3,3,0,1,6
21,0,Rain,Suburban,75,21,13,4,2,36
0,0,Rain,Urban,84,10,4,0,2,13
21,0,Clear,Suburban,69,27,7,4,2,20
18,1,Clear,Urban,53,26,19,3,2,44
11,0,Clear,Suburban,84,20,13,4,3,35
3,1,Clear,Highway,81,6,2,1,2,4
22,0,Clear,Suburban,71,14,9,1,3,30
13,0,Clear,Urban,50,22,11,4,3,43
3,0,Rain,Urban,75,11,3,1,2,8
1,1,Clear,Highway,89,2,2,1,2,9
18,0,Clear,Suburban,46,58,16,4,6,69
21,0,Clear,Urban,67,15,11,3,4,33
22,1,Clear,Highway,77,17,11,4,4,33
9,0,Clear,Highway,40,40,21,6,5,52
20,0,Clear,Highway,73,23,14,3,3,35
15,0,Clear,Highway,47,24,8,1,2,41
23,0,Clear,Highway,56,21,14,3,2,42
1,0,Clear,Suburban,70,7,1,1,2,17
2,0,Clear,Urban,62,10,1,1,2,16
14,0,Clear,Urban,50,24,11,1,4,46
14,0,Clear,Urban,78,24,11,3,3,35
9,0,Rain,Suburban,43,54,16,3,3,56
23,0,Clear,Urban,43,21,8,3,3,41
16,0,Clear,Urban,86,25,10,2,4,39
22,1,Clear,Highway,88,18,8,2,4,18
15,0,Clear,Highway,44,26,8,3,3,46
23,0,Clear,Urban,59,23,7,1,4,46
18,0,Clear,Highway,53,32,19,4,5,62
18,0,Clear,Urban,26,30,19,4,6,80
11,1,Clear,Suburban,62,12,11,4,4,27
6,0,Clear,Suburban,80,13,6,3,2,22
21,0,Clear,Suburban,75,21,8,4,3,23
23,1,Rain,Suburban,74,19,10,4,2,22
0,0,Fog,Urban,78,11,1,1,2,11
8,0,Clear,Urban,31,41,17,3,2,97
23,0,Fog,Urban,62,19,5,2,2,22
14,1,Clear,Urban,69,17,9,1,4,33
20,0,Clear,Highway,87,27,13,2,3,32
21,0,Rain,Suburban,62,20,11,1,2,24
0,0,Clear,Highway,70,5,1,0,1,19
8,0,Rain,Urban,38,33,13,5,3,74
5,0,Clear,Highway,60,4,3,0,2,17
21,0,Clear,Suburban,74,22,6,1,4,24
22,0,Clear,Urban,52,29,11,1,4,44
9,0,Clear,Urban,23,35,19,3,3,77
17,0,Fog,Urban,71,59,16,4,3,35
12,0,Clear,Suburban,75,26,7,1,2,24
20,1,Clear,Urban,85,20,9,4,2,30
10,0,Rain,Urban,66,17,8,3,2,22
9,0,Clear,Suburban,52,55,19,4,6,52
19,0,Rain,Highway,41,33,11,3,3,64
14,0,Rain,Highway,83,17,11,4,4,36
17,0,Clear,Suburban,43,47,11,6,6,68
7,0,Fog,Urban,53,40,22,5,4,54
20,0,Clear,Urban,48,19,11,3,4,41
5,1,Rain,Suburban,76,6,1,1,2,3
3,0,Clear,Highway,64,6,3,0,1,5
3,0,Clear,Urban,61,4,4,0,1,8
1,0,Clear,Urban,64,6,2,0,2,15
12,0,Clear,Highway,69,22,13,4,4,40
18,0,Clear,Urban,22,39,13,3,5,86
7,1,Clear,Highway,48,29,13,6,5,49
21,1,Clear,Urban,77,16,7,3,3,16
3,0,Clear,Highway,72,10,1,1,2,5
21,1,Clear,Highway,78,15,10,4,2,27
21,0,Clear,Suburban,74,29,10,1,3,29
10,0,Clear,Highway,48,23,8,2,2,47
19,0,Clear,Suburban,38,37,23,5,5,76
23,1,Clear,Highway,60,13,7,4,2,17
19,1,Clear,Suburban,54,46,21,7,3,61
6,1,Fog,Urban,82,16,13,2,2,12
2,1,Fog,Urban,72,6,3,0,2,5
4,1,Clear,Highway,88,7,2,1,2,6
3,0,Clear,Highway,73,9,3,1,1,14
20,0,Clear,Highway,68,24,5,4,4,25
11,0,Clear,Urban,58,25,14,2,3,49
2,1,Clear,Highway,88,4,3,1,2,9
13,0,Rain,Urban,89,29,10,1,2,16
16,0,Clear,Urban,67,28,14,4,2,36
13,0,Clear,Highway,66,24,7,1,4,30
18,0,Clear,Urban,24,54,11,4,4,85
13,0,Rain,Highway,63,13,7,4,3,21
4,1,Fog,Highway,61,3,4,0,1,4
6,1,Rain,Urban,77,18,8,4,4,16
9,0,Clear,Urban,53,30,19,6,5,51
2,1,Clear,Highway,82,8,1,1,1,5
11,1,Clear,Urban,83,12,13,2,3,17
23,0,Fog,Suburban,64,20,6,1,3,21
16,0,Clear,Suburban,45,13,7,1,4,45
2,0,Rain,Highway,80,3,4,0,2,8
6,0,Clear,Suburban,44,15,7,1,2,45
17,1,Clear,Suburban,46,33,16,6,5,60
1,0,Fog,Urban,71,5,2,1,2,7
1,0,Fog,Suburban,75,10,3,1,2,3
7,0,Clear,Highway,31,35,16,4,4,84
14,0,Clear,Suburban,66,19,9,1,2,24
21,1,Clear,Urban,79,23,12,1,4,28
8,1,Clear,Urban,48,32,17,5,5,60
17,1,Rain,Suburban,40,35,24,5,5,41
13,1,Clear,Highway,79,21,14,2,4,34
18,1,Rain,Suburban,67,26,11,7,5,33
6,0,Fog,Suburban,64,24,10,2,3,12
12,0,Fog,Urban,84,19,14,4,4,16
13,0,Clear,Urban,43,12,14,3,4,48
15,0,Clear,Highway,51,21,11,1,3,42
8,0,Clear,Suburban,50,36,13,4,4,58
19,1,Rain,Suburban,58,29,15,3,3,53
9,0,Clear,Suburban,30,31,20,3,5,71
21,0,Clear,Suburban,69,28,5,4,3,37
13,0,Clear,Suburban,56,25,14,2,3,43
6,0,Clear,Suburban,85,24,14,3,4,38
17,0,Clear,Urban,32,45,21,3,2,88
13,0,Clear,Urban,60,18,14,4,3,36
2,1,Clear,Highway,85,2,3,1,1,4
3,1,Rain,Urban,80,8,1,1,1,4
14,0,Clear,Suburban,73,24,14,1,4,26
10,0,Fog,Suburban,84,26,6,2,4,13
7,0,Clear,Urban,48,39,18,5,4,51
11,0,Rain,Highway,83,24,12,2,2,22
15,0,Clear,Suburban,85,19,7,2,3,21
13,0,Clear,Suburban,42,25,7,1,3,43
15,0,Clear,Highway,49,20,10,3,2,49
5,0,Clear,Urban,78,4,4,1,1,11
10,0,Clear,Highway,87,23,13,1,3,35
0,1,Clear,Urban,69,3,4,0,2,7
13,1,Rain,Highway,83,20,9,2,2,14
7,0,Fog,Urban,53,43,10,7,2,55
6,0,Rain,Urban,84,20,11,1,3,34
16,1,Clear,Suburban,68,14,8,3,3,32
1,1,Rain,Urban,89,4,4,0,1,6
7,1,Clear,Highway,68,27,13,7,3,40
9,1,Fog,Suburban,63,24,16,4,2,25
9,0,Clear,Highway,37,46,20,3,4,87
6,0,Rain,Highway,76,13,6,2,2,38
20,0,Fog,Urban,76,23,6,2,2,27
14,1,Clear,Highway,64,14,10,1,3,32
12,0,Fog,Highway,68,24,14,2,3,28
3,1,Clear,Urban,72,4,3,0,2,9
0,1,Clear,Urban,60,7,3,1,2,4
2,1,Fog,Urban,85,7,2,1,1,7
5,0,Clear,Suburban,72,8,1,0,1,17
0,1,Rain,Urban,84,8,4,0,2,5
14,1,Clear,Highway,81,9,9,1,3,14
0,0,Clear,Suburban,61,4,2,0,2,13
2,1,Clear,Urban,81,4,1,1,1,10
1,0,Fog,Highway,64,3,1,1,1,9
0,0,Clear,Suburban,81,9,1,0,1,15
6,1,Clear,Highway,60,12,8,3,4,29
5,1,Clear,Highway,60,8,3,1,1,7
18,0,Rain,Suburban,41,53,24,4,5,56
20,0,Clear,Suburban,51,14,12,2,4,47
18,1,Clear,Highway,57,42,20,3,4,53
16,0,Fog,Suburban,77,25,7,3,3,21
20,1,Rain,Urban,68,15,6,2,2,22
14,0,Clear,Urban,62,25,8,2,4,32
5,0,Rain,Suburban,64,4,4,0,2,8
12,0,Clear,Urban,58,19,14,1,3,46
4,0,Clear,Suburban,67,4,1,0,2,8
1,0,Clear,Highway,74,6,1,0,2,5
18,0,Clear,Suburban,52,53,22,4,2,55
0,1,Clear,Suburban,62,3,4,0,1,8
13,1,Clear,Suburban,65,13,8,3,4,14
6,0,Clear,Suburban,56,29,13,3,2,41
9,0,Clear,Suburban,29,30,14,5,4,98
5,0,Clear,Suburban,78,10,1,1,2,16
20,1,Clear,Urban,65,13,9,3,2,15
10,0,Clear,Suburban,57,29,7,2,2,44
18,1,Fog,Suburban,67,28,14,6,2,26
3,0,Clear,Highway,71,3,4,1,2,14
9,1,Rain,Suburban,59,33,13,3,4,46
4,1,Clear,Highway,68,4,2,1,2,9
17,0,Rain,Urban,56,31,17,6,2,48
5,0,Clear,Suburban,77,4,1,1,1,7
17,1,Clear,Urban,44,32,10,5,2,49
16,0,Clear,Urban,88,26,10,1,3,20
7,0,Fog,Suburban,41,45,12,4,4,55
12,0,Rain,Highway,74,23,13,2,3,26
5,1,Clear,Suburban,68,8,2,0,2,9
3,0,Clear,Urban,73,3,1,0,2,15
19,1,Fog,Suburban,62,40,16,7,6,31
5,0,Rain,Highway,61,3,2,1,1,7
1,1,Clear,Urban,70,6,3,0,2,5
13,1,Clear,Urban,71,10,6,2,3,24
9,1,Fog,Urban,69,37,20,5,3,30
21,0,Clear,Highway,44,25,12,3,2,41
5,1,Clear,Urban,72,7,1,1,1,6
10,0,Rain,Highway,88,24,9,2,2,29
0,0,Rain,Highway,81,8,3,1,1,7
13,0,Clear,Highway,57,24,10,1,3,41
19,1,Rain,Highway,84,35,21,7,2,39
22,0,Clear,Highway,53,18,9,3,2,42
8,0,Clear,Urban,45,47,19,7,6,69
13,0,Clear,Highway,80,15,5,1,4,37
0,0,Clear,Urban,69,8,2,0,2,12
7,0,Clear,Urban,30,55,14,7,6,99
11,1,Rain,Suburban,60,20,6,3,4,13
8,0,Clear,Highway,54,46,21,7,5,60
5,0,Rain,Highway,82,11,2,0,1,4
13,0,Clear,Urban,69,18,12,4,2,20
20,0,Clear,Highway,85,25,7,2,4,20
2,0,Clear,Highway,67,10,1,0,1,10
21,0,Fog,Highway,63,24,10,3,2,12
23,0,Clear,Urban,77,24,13,2,3,30
17,0,Clear,Suburban,28,33,13,3,3,73
8,0,Clear,Suburban,44,50,17,7,3,67
6,1,Clear,Suburban,88,20,14,3,2,18
0,1,Clear,Highway,71,3,4,0,2,7
6,0,Clear,Suburban,64,18,9,4,2,21
13,0,Rain,Urban,66,27,11,4,2,24
10,0,Clear,Urban,76,20,7,1,3,23
13,0,Clear,Highway,76,27,14,3,2,30
23,0,Clear,Suburban,45,16,14,1,4,41
11,1,Clear,Suburban,62,19,10,2,3,23
15,0,Clear,Suburban,54,14,14,1,2,44
13,0,Clear,Highway,75,23,5,3,3,30
1,0,Rain,Urban,81,7,2,1,1,14
10,1,Clear,Urban,85,16,10,1,4,22
23,1,Rain,Suburban,70,23,14,2,4,13
22,0,Rain,Urban,61,14,9,4,2,28
6,0,Fog,Urban,64,16,13,3,3,12
18,0,Clear,Urban,41,52,20,3,3,58
8,0,Clear,Highway,40,38,22,3,2,56
22,1,Fog,Highway,82,9,11,4,4,9
4,1,Rain,Highway,88,7,1,0,2,2
0,1,Clear,Urban,65,8,4,1,2,12
8,0,Clear,Suburban,57,30,20,5,5,50
11,1,Rain,Suburban,66,14,12,1,3,19
1,1,Clear,Suburban,67,3,2,1,1,12
1,0,Rain,Urban,89,9,4,0,1,12
23,0,Clear,Highway,67,25,10,2,4,40
13,0,Clear,Suburban,40,26,14,4,3,47
4,0,Clear,Urban,70,6,2,1,2,16
6,0,Clear,Urban,71,12,12,1,2,35
3,0,Clear,Highway,86,5,2,1,2,17
1,0,Clear,Highway,80,10,3,1,2,10
22,0,Clear,Suburban,72,25,6,3,2,28
8,1,Clear,Urban,44,33,20,6,6,60
1,0,Rain,Urban,66,5,2,1,2,4
15,0,Clear,Urban,81,14,11,2,4,40
20,0,Clear,Urban,47,12,13,3,2,42
9,1,Fog,Urban,70,33,17,7,4,30
5,0,Clear,Highway,71,10,1,1,2,12
15,0,Clear,Suburban,74,25,11,1,3,26
9,0,Clear,Suburban,41,56,12,6,2,61
19,1,Clear,Suburban,46,39,21,3,4,51
12,0,Clear,Suburban,68,25,9,4,4,38
21,0,Clear,Urban,45,27,8,1,4,46
19,0,Clear,Urban,37,33,24,7,5,81
11,1,Clear,Urban,65,16,6,1,3,25
15,0,Clear,Suburban,67,22,6,3,4,27
22,1,Clear,Highway,71,13,6,4,2,25
19,1,Fog,Highway,60,26,10,3,6,31
2,1,Clear,Highway,72,2,2,0,1,13
20,0,Rain,Urban,71,17,10,4,3,31
13,0,Rain,Urban,80,23,9,3,4,37
16,0,Clear,Urban,56,14,11,2,2,42
17,1,Rain,Suburban,89,35,14,6,4,28
4,1,Fog,Urban,70,8,3,1,2,1
21,0,Rain,Suburban,86,24,7,2,2,35
3,0,Clear,Highway,86,9,1,1,2,11
12,0,Clear,Suburban,85,20,13,3,4,38
11,1,Fog,Suburban,63,13,7,1,3,12
0,0,Clear,Suburban,64,5,4,1,2,9
1,0,Clear,Highway,68,4,1,1,1,13
22,0,Clear,Suburban,49,26,14,2,3,42
0,0,Clear,Highway,77,7,4,0,2,9
2,0,Clear,Highway,73,8,4,1,1,7
9,0,Clear,Suburban,47,36,19,3,4,65
6,1,Rain,Suburban,72,20,13,4,2,25
7,0,Clear,Highway,37,30,12,4,2,76
5,0,Clear,Suburban,71,11,4,1,1,15
23,0,Clear,Urban,77,12,11,4,2,35
15,0,Clear,Urban,89,15,9,4,3,24
12,1,Clear,Highway,71,20,13,2,2,14
1,0,Rain,Urban,89,4,2,1,2,14
8,0,Clear,Urban,36,35,13,4,6,71
8,0,Clear,Urban,55,39,19,5,5,52
0,0,Clear,Highway,84,9,3,1,1,16
2,0,Clear,Suburban,81,9,4,0,2,5
14,1,Rain,Highway,70,13,12,3,2,14
0,1,Rain,Suburban,64,7,3,1,1,4
17,0,Clear,Urban,29,44,10,7,3,75
8,0,Clear,Urban,51,30,21,6,4,62
20,0,Clear,Suburban,77,24,12,1,4,37
17,0,Clear,Suburban,40,32,13,7,3,63
3,0,Fog,Urban,75,9,2,1,1,9
6,0,Clear,Urban,49,14,14,3,3,43
8,1,Clear,Highway,45,46,24,5,4,46
17,0,Clear,Suburban,37,32,22,3,4,90
16,0,Clear,Urban,82,15,12,1,3,35
2,0,Clear,Suburban,85,3,2,1,2,18
16,0,Fog,Highway,89,24,13,1,3,16
7,1,Clear,Highway,41,46,11,4,5,41
9,1,Clear,Suburban,45,26,18,7,5,45
3,0,Clear,Suburban,85,9,3,0,2,6
9,0,Clear,Suburban,24,31,10,4,5,90
11,0,Clear,Urban,84,22,7,2,3,39
0,0,Clear,Suburban,82,7,3,0,2,17
3,0,Clear,Suburban,62,9,4,0,1,16
19,0,Clear,Suburban,59,40,24,7,5,67
13,0,Clear,Suburban,60,19,9,2,4,29
1,0,Clear,Highway,60,9,4,1,2,9
11,1,Fog,Suburban,71,12,14,4,4,10
17,1,Clear,Highway,41,36,24,6,2,65
3,1,Fog,Highway,65,3,3,1,2,1
14,1,Fog,Suburban,82,23,11,4,4,13
5,0,Rain,Suburban,82,6,4,1,1,4
8,0,Rain,Suburban,47,33,15,3,5,56
4,0,Rain,Suburban,65,6,1,1,1,15
4,0,Rain,Highway,76,3,4,0,2,15
13,0,Clear,Highway,68,29,7,2,3,28
11,1,Clear,Suburban,63,20,7,2,2,25
0,0,Clear,Highway,73,6,2,1,1,16
4,1,Clear,Highway,89,6,4,1,2,7
4,0,Clear,Highway,72,4,4,0,1,12
6,1,Rain,Suburban,75,14,6,3,3,16
20,0,Clear,Urban,62,22,13,2,2,38
10,1,Clear,Urban,87,22,10,3,3,23
15,0,Clear,Suburban,43,14,9,1,2,45
0,0,Clear,Highway,65,9,1,1,1,13
22,1,Fog,Suburban,69,12,14,2,2,18
1,0,Clear,Suburban,89,7,2,1,2,15
19,0,Clear,Urban,35,47,14,3,5,99
14,1,Clear,Highway,89,10,10,1,4,16
2,0,Clear,Urban,62,5,3,0,1,15
1,1,Clear,Urban,75,3,1,0,1,4
17,0,Rain,Highway,46,36,11,6,4,68
7,0,Fog,Urban,71,30,23,4,3,40
8,0,Clear,Urban,35,37,11,7,4,75
17,0,Rain,Highway,51,48,10,5,6,50
11,0,Clear,Highway,74,23,9,2,2,31
18,0,Clear,Highway,54,34,17,6,4,60
20,1,Clear,Suburban,65,16,7,3,3,20
8,0,Clear,Suburban,49,52,14,3,5,61
5,1,Clear,Urban,85,2,1,1,1,11
9,0,Clear,Suburban,35,37,20,4,2,98
5,0,Clear,Suburban,84,8,2,0,1,5
16,1,Rain,Highway,62,13,9,1,2,25
18,0,Rain,Highway,46,55,24,6,6,53
4,0,Clear,Suburban,65,7,1,1,2,11
9,0,Clear,Highway,53,31,15,4,6,51
15,1,Clear,Suburban,80,23,8,1,3,27
21,0,Clear,Urban,74,27,6,1,3,30
1,0,Clear,Urban,65,11,2,0,1,17
21,1,Fog,Suburban,73,20,8,1,3,8
5,1,Clear,Urban,75,3,2,1,1,7
22,0,Fog,Urban,68,26,10,2,2,25
4,1,Clear,Suburban,60,4,2,1,1,6
18,0,Clear,Urban,27,42,23,4,4,76
23,0,Clear,Urban,69,24,14,1,3,32
23,0,Clear,Urban,85,20,14,3,2,28
13,0,Clear,Highway,79,17,13,1,4,20
23,0,Clear,Highway,63,13,14,4,4,40
11,0,Clear,Suburban,87,24,14,2,4,26
18,0,Clear,Urban,27,38,20,3,6,88
23,0,Clear,Highway,46,16,14,3,4,41
2,0,Rain,Highway,70,8,4,1,2,8
5,0,Fog,Urban,62,4,4,1,2,10
3,1,Clear,Urban,69,8,1,1,2,4
17,0,Clear,Suburban,37,54,14,6,5,87
1,0,Clear,Suburban,60,7,2,0,1,12
17,0,Rain,Suburban,59,38,19,5,4,60
12,1,Clear,Urban,73,19,9,4,4,28
4,0,Clear,Highway,82,4,1,1,1,9
2,0,Clear,Urban,62,9,3,0,2,12
15,1,Rain,Urban,85,13,11,4,2,20
18,0,Rain,Suburban,49,37,18,3,5,44
0,0,Clear,Highway,62,10,2,1,1,7
5,1,Clear,Highway,71,8,1,0,1,11
5,0,Rain,Suburban,83,4,4,0,2,8
19,0,Fog,Urban,46,33,18,5,6,45
10,1,Clear,Suburban,63,11,11,2,4,16
15,0,Rain,Suburban,66,14,10,1,2,30
17,0,Clear,Urban,29,39,16,3,3,99
22,1,Rain,Highway,89,16,14,4,3,16
18,1,Clear,Urban,47,38,22,4,4,62
14,0,Clear,Urban,68,21,5,3,3,35
3,0,Clear,Highway,72,9,2,1,2,9
2,0,Clear,Urban,62,8,2,1,1,16
4,0,Rain,Urban,63,7,1,1,2,6
19,0,Rain,Highway,21,38,21,3,6,76
13,1,Clear,Highway,81,9,5,3,4,30
7,0,Clear,Suburban,39,49,10,6,4,92
14,0,Clear,Suburban,75,16,14,3,4,34
13,0,Clear,Urban,54,26,5,2,2,45
17,1,Clear,Highway,57,30,24,4,2,44
11,0,Fog,Suburban,85,20,9,3,4,12
13,0,Clear,Highway,54,17,11,4,2,47
20,0,Clear,Suburban,51,13,13,3,2,43
20,0,Clear,Urban,69,21,11,1,3,33
12,0,Clear,Suburban,87,25,5,1,4,32
7,0,Rain,Urban,44,53,17,3,3,43
18,0,Clear,Highway,46,43,20,3,5,54
1,0,Rain,Suburban,72,7,4,1,2,10
12,0,Clear,Highway,50,12,11,3,3,43
10,0,Clear,Urban,64,16,11,2,4,36
9,0,Rain,Suburban,47,49,20,3,4,52
13,1,Clear,Highway,62,16,14,4,2,18
22,0,Clear,Highway,86,20,9,3,3,27
12,0,Fog,Urban,79,20,8,4,4,13
18,1,Clear,Highway,43,33,15,3,2,53
4,0,Clear,Suburban,87,4,1,1,2,15
7,0,Clear,Urban,39,48,18,4,2,79
20,1,Fog,Highway,85,10,11,4,2,11
17,1,Rain,Urban,58,39,14,6,2,46
17,0,Fog,Urban,65,54,22,5,3,36
9,0,Clear,Urban,45,30,17,7,6,65
20,1,Clear,Highway,65,20,8,3,3,20
11,0,Rain,Suburban,75,27,6,2,2,20
1,0,Clear,Suburban,73,7,1,1,2,11
12,1,Clear,Urban,74,9,6,4,3,20
11,0,Rain,Highway,84,24,13,3,4,37
22,0,Clear,Highway,46,18,11,4,4,49
10,0,Fog,Highway,81,13,11,1,4,21
0,0,Rain,Highway,87,4,2,1,2,7
13,0,Rain,Urban,69,15,8,4,3,37
1,0,Clear,Urban,63,3,2,0,1,11
17,0,Clear,Suburban,30,39,16,3,3,95
6,0,Clear,Suburban,88,26,7,2,4,30
16,0,Rain,Highway,85,23,14,2,4,38
23,1,Clear,Urban,80,18,14,2,4,29
17,0,Clear,Urban,34,57,21,3,4,84
0,0,Fog,Suburban,70,3,4,1,1,11
16,0,Clear,Suburban,53,20,5,1,4,45
16,0,Clear,Suburban,52,16,6,4,2,43
0,1,Rain,Urban,82,3,2,1,1,8
11,1,Clear,Highway,69,15,7,4,3,25
3,1,Clear,Urban,64,6,3,0,2,4
14,0,Clear,Suburban,82,21,9,4,3,32
1,1,Clear,Urban,63,8,4,0,2,9
1,0,Clear,Suburban,63,7,1,0,2,12
16,0,Fog,Highway,86,13,9,1,4,28
14,0,Clear,Urban,71,22,5,4,4,27
21,0,Clear,Suburban,74,29,14,1,4,27
4,0,Fog,Highway,75,9,2,0,2,5
16,1,Rain,Urban,80,12,5,4,4,16
9,0,Fog,Urban,41,50,13,5,2,55
2,0,Rain,Highway,86,5,4,1,2,10
18,1,Rain,Suburban,83,29,15,5,5,36
20,0,Clear,Suburban,55,29,14,4,4,42
21,0,Fog,Highway,87,18,7,1,4,16
15,1,Clear,Urban,67,23,11,4,2,24
2,0,Clear,Urban,72,7,3,1,2,12
15,1,Rain,Suburban,77,19,7,1,3,16
6,0,Clear,Suburban,63,14,13,4,4,24
20,0,Clear,Urban,59,20,10,2,2,48
23,0,Clear,Suburban,87,17,12,2,4,38
8,0,Clear,Urban,27,49,16,5,6,79
21,0,Clear,Urban,82,28,7,3,4,34
17,1,Clear,Urban,58,44,14,7,5,43
4,0,Clear,Urban,89,11,1,1,1,13
12,0,Fog,Suburban,60,28,11,3,4,16
1,0,Clear,Suburban,72,8,2,0,1,13
0,0,Clear,Highway,65,7,2,1,1,19
6,0,Rain,Urban,78,15,9,3,4,28
6,1,Clear,Urban,62,15,8,1,2,23
18,0,Clear,Urban,59,50,24,5,6,62
19,0,Clear,Suburban,36,56,19,7,3,90
15,0,Clear,Suburban,80,25,6,1,2,23
3,0,Clear,Highway,60,4,4,1,1,12
21,0,Clear,Highway,53,12,5,4,2,44
10,0,Fog,Highway,81,24,12,4,3,14
9,0,Rain,Urban,23,31,14,4,4,71
3,1,Clear,Suburban,76,7,1,1,2,11
21,1,Clear,Urban,77,16,9,2,2,30
14,1,Clear,Highway,70,10,9,2,4,31
22,0,Rain,Suburban,84,29,7,3,2,21
0,1,Rain,Urban,89,7,2,0,1,6
4,0,Fog,Urban,65,6,1,0,1,3
0,0,Clear,Suburban,79,4,2,0,1,9
15,0,Clear,Highway,64,20,12,2,2,40
16,0,Rain,Urban,62,27,7,1,3,22
10,0,Clear,Urban,81,23,11,3,4,32
20,0,Clear,Urban,69,23,7,4,3,37
11,1,Fog,Urban,89,12,9,2,3,18
3,0,Clear,Urban,82,8,2,1,1,5
5,0,Clear,Highway,78,5,4,0,2,15
23,1,Clear,Suburban,79,19,14,1,4,18
6,0,Clear,Suburban,61,17,9,1,3,28
0,0,Clear,Highway,76,7,3,0,1,17
16,0,Clear,Suburban,53,17,7,1,4,47
2,0,Rain,Suburban,66,4,2,1,1,12
20,0,Clear,Urban,41,12,9,1,4,41
4,0,Clear,Highway,75,7,2,1,1,10
17,0,Rain,Suburban,86,58,10,7,3,40
21,0,Clear,Highway,55,16,9,4,4,48
21,0,Clear,Urban,64,29,6,1,4,22
1,0,Rain,Highway,89,6,2,1,1,10
13,1,Rain,Urban,69,20,5,1,3,12
10,0,Clear,Urban,41,22,7,3,4,46
18,0,Clear,Urban,34,45,10,5,5,80
12,0,Clear,Highway,63,21,6,3,4,33
9,0,Clear,Urban,26,47,10,6,2,86
10,1,Rain,Highway,61,16,14,1,3,14
19,0,Rain,Highway,34,35,22,3,6,72
0,0,Clear,Suburban,60,10,4,0,2,12
15,0,Clear,Highway,51,16,6,1,4,43
3,0,Clear,Urban,62,6,3,0,1,11
20,1,Clear,Highway,79,16,5,2,2,20
18,0,Clear,Suburban,40,37,24,5,4,51
7,0,Rain,Highway,51,47,11,5,6,42
4,0,Clear,Urban,63,4,3,0,2,14
5,0,Fog,Highway,67,11,4,1,1,3
7,0,Clear,Highway,34,54,24,6,2,73
13,0,Rain,Highway,65,22,12,4,3,34
16,1,Fog,Highway,84,20,9,3,3,11
19,0,Clear,Urban,51,57,22,5,4,55
15,0,Clear,Urban,40,17,13,1,3,46
10,1,Clear,Highway,88,14,10,3,4,18
17,0,Clear,Suburban,44,57,14,5,6,64
17,0,Fog,Highway,74,54,23,5,6,34
20,1,Rain,Urban,77,23,8,1,3,16
5,0,Rain,Highway,61,7,4,1,2,6
11,0,Clear,Urban,60,17,9,2,3,28
19,0,Fog,Highway,75,54,22,3,6,36
20,1,Rain,Highway,83,22,10,1,2,14
21,0,Clear,Urban,85,29,10,4,3,32
0,0,Clear,Highway,66,10,3,1,2,9
11,0,Rain,Urban,63,18,12,3,3,33
20,1,Clear,Highway,85,18,5,1,2,26
9,0,Clear,Urban,53,49,13,4,4,51
3,0,Clear,Highway,83,9,4,1,1,13
2,0,Clear,Highway,78,7,3,1,1,9
22,1,Rain,Suburban,82,20,6,1,4,25
14,0,Clear,Suburban,89,20,10,1,4,39
21,1,Clear,Highway,68,15,5,4,2,18
8,0,Clear,Urban,42,58,12,7,4,67
9,0,Clear,Urban,40,47,11,5,3,66
19,1,Rain,Suburban,53,25,13,4,2,49
16,1,Rain,Urban,70,17,7,4,2,16
22,0,Clear,Urban,73,17,14,3,2,26
12,0,Rain,Suburban,80,16,14,1,3,25
11,0,Clear,Urban,84,26,12,4,2,38
20,0,Clear,Urban,86,20,9,4,3,29
1,0,Rain,Suburban,64,10,2,0,1,9
8,0,Clear,Highway,48,56,21,6,6,57
14,0,Clear,Urban,68,22,9,3,4,32
0,0,Clear,Urban,75,10,1,0,2,10
12,0,Clear,Highway,48,28,7,3,4,44
8,1,Rain,Urban,62,32,22,7,3,32
21,0,Clear,Urban,60,23,14,4,4,20
17,0,Clear,Suburban,35,47,11,5,2,93
15,0,Clear,Suburban,71,13,5,3,4,27
9,1,Clear,Urban,52,40,18,6,3,61
14,1,Rain,Suburban,70,22,8,3,2,20
18,0,Rain,Suburban,50,44,17,4,6,52
2,0,Clear,Suburban,60,5,4,0,1,16
22,0,Clear,Highway,89,20,10,1,3,20
18,0,Rain,Suburban,59,43,20,6,2,51
2,0,Rain,Highway,88,4,1,0,2,14
16,0,Clear,Suburban,74,13,8,2,4,24
22,0,Rain,Highway,81,12,9,4,4,36
1,0,Clear,Urban,82,10,2,0,2,14
6,0,Clear,Urban,82,21,11,4,4,24
13,0,Clear,Urban,76,26,5,1,2,23
18,1,Clear,Urban,48,40,11,7,6,50
6,1,Clear,Suburban,70,11,8,4,2,21
1,0,Fog,Urban,62,6,3,0,1,10
12,0,Clear,Urban,49,19,13,2,3,49
20,0,Clear,Highway,67,23,12,2,2,22
21,1,Rain,Suburban,86,12,7,1,2,16
22,0,Rain,Urban,89,15,9,2,3,22
2,0,Clear,Highway,65,3,4,0,2,19
20,0,Rain,Urban,60,16,14,2,4,16
0,0,Clear,Urban,71,5,2,1,1,8
4,1,Rain,Urban,62,8,2,1,2,4
14,0,Rain,Urban,75,27,6,3,2,29
18,0,Fog,Highway,74,46,23,5,3,40
20,1,Clear,Highway,62,20,13,3,4,31
19,1,Rain,Urban,45,36,20,3,5,44
6,0,Fog,Urban,71,24,7,1,2,16
16,1,Clear,Urban,80,20,8,3,2,26
14,1,Clear,Highway,74,11,12,3,3,21
4,1,Clear,Highway,89,2,3,0,1,7
21,0,Clear,Urban,76,26,8,4,4,24
6,0,Clear,Urban,42,12,12,1,2,48
10,1,Clear,Urban,64,22,5,2,2,25
22,1,Clear,Highway,63,9,5,2,4,24
9,0,Clear,Urban,28,38,18,4,4,90
8,1,Rain,Suburban,56,40,18,5,5,52
15,0,Clear,Urban,70,21,6,4,3,22
23,0,Clear,Suburban,51,12,8,3,2,47
6,1,Clear,Suburban,75,16,5,4,4,26
3,0,Rain,Urban,84,11,1,1,2,8
6,0,Clear,Suburban,74,24,8,1,2,31
10,0,Clear,Highway,65,13,5,4,4,33
22,0,Clear,Suburban,69,25,10,4,4,20
20,0,Fog,Suburban,64,29,9,4,4,25
16,0,Fog,Urban,89,13,7,3,2,27
13,0,Clear,Urban,64,22,9,2,4,25
3,0,Clear,Urban,71,8,1,1,1,19
19,0,Fog,Highway,47,48,12,6,4,54
6,0,Clear,Urban,69,12,6,3,3,36
11,0,Clear,Suburban,42,16,5,2,4,41
16,0,Rain,Urban,74,27,6,4,2,28
17,1,Clear,Highway,56,28,24,7,6,52
18,0,Rain,Highway,43,57,13,7,3,64
16,0,Clear,Urban,69,18,6,2,4,29
14,0,Clear,Suburban,57,22,11,1,3,45
5,0,Rain,Urban,74,7,2,0,2,8
17,0,Rain,Highway,56,39,24,7,4,62
18,1,Fog,Suburban,69,26,24,5,5,31
7,0,Clear,Highway,25,42,10,4,5,83
3,1,Clear,Suburban,69,7,1,0,2,4
20,0,Rain,Urban,67,18,14,4,3,18
1,0,Clear,Highway,64,5,1,1,1,19
17,0,Clear,Highway,52,38,15,4,2,54
16,0,Clear,Highway,72,28,13,1,2,25
6,0,Clear,Urban,60,27,13,2,4,37
5,0,Clear,Urban,76,11,2,0,2,13
4,0,Clear,Urban,68,4,3,0,1,12
9,0,Clear,Highway,59,32,19,7,6,52
7,1,Clear,Suburban,49,39,11,7,5,46
10,0,Clear,Highway,65,21,13,3,2,29
7,1,Clear,Suburban,49,28,20,3,6,53
17,0,Clear,Highway,57,42,13,7,4,50
1,0,Clear,Highway,74,10,2,1,2,11
16,0,Fog,Urban,79,17,9,4,4,14
19,0,Clear,Highway,39,41,18,3,2,76
6,0,Clear,Urban,77,22,12,1,3,25
23,1,Fog,Suburban,75,17,5,3,3,18
1,0,Clear,Suburban,79,11,1,0,1,10
4,0,Clear,Urban,76,7,4,0,1,17
11,0,Clear,Urban,56,23,12,3,2,45
18,0,Clear,Urban,51,47,22,5,6,54
15,1,Clear,Urban,78,18,11,2,3,21
20,0,Clear,Highway,77,13,11,2,3,37
19,0,Clear,Urban,44,40,20,4,3,61
14,0,Clear,Highway,58,25,10,3,2,47
13,1,Clear,Highway,71,12,14,1,3,21
12,0,Clear,Suburban,83,20,9,4,3,21
13,0,Fog,Highway,78,26,11,4,2,28
18,0,Clear,Urban,29,43,14,6,6,73
13,1,Fog,Highway,75,17,12,1,3,18
10,0,Fog,Urban,67,22,7,3,2,16
22,1,Rain,Urban,64,9,14,1,3,12
22,0,Clear,Highway,58,12,6,2,4,48
1,0,Rain,Suburban,61,3,4,0,2,10
8,1,Clear,Suburban,59,47,19,3,4,53
2,0,Rain,Urban,69,10,3,0,1,11
13,0,Clear,Urban,57,18,9,1,2,47
10,0,Clear,Suburban,45,27,7,4,3,46
4,0,Rain,Urban,72,8,4,0,2,14
12,0,Clear,Highway,75,14,14,4,3,25
14,0,Clear,Urban,70,17,10,2,4,28
23,0,Clear,Urban,86,13,11,1,2,25
3,0,Fog,Suburban,80,5,2,1,1,3
10,0,Clear,Urban,72,18,5,4,2,22
9,1,Clear,Urban,50,44,15,6,5,47
13,0,Rain,Urban,79,21,5,3,2,24
3,0,Clear,Urban,85,3,3,1,2,14
11,1,Clear,Urban,69,15,12,3,2,34
8,0,Clear,Highway,50,57,21,4,3,66
2,0,Clear,Suburban,86,11,3,0,1,15
20,1,Clear,Urban,68,21,7,4,4,32
13,1,Clear,Suburban,61,17,9,1,2,34
16,0,Rain,Urban,87,25,9,2,2,16
22,0,Clear,Suburban,54,19,10,2,2,47
22,0,Clear,Urban,49,23,14,1,2,48
5,0,Rain,Urban,62,9,1,0,2,12
5,0,Fog,Suburban,87,10,3,0,1,3
1,1,Clear,Suburban,75,7,2,0,2,12
6,1,Clear,Urban,64,20,14,2,4,14
17,0,Fog,Highway,84,51,11,4,2,35
19,0,Clear,Highway,50,55,23,7,6,67
19,0,Clear,Highway,33,40,10,6,2,90
10,0,Fog,Highway,74,24,12,4,4,20
14,1,Clear,Urban,68,20,6,2,2,21
0,0,Rain,Highway,89,11,3,0,2,12
13,0,Rain,Urban,72,29,14,4,2,16
18,0,Clear,Urban,33,43,19,4,3,82
1,0,Clear,Highway,69,5,4,0,1,11
10,0,Clear,Urban,79,26,12,1,2,38
23,0,Fog,Highway,89,21,6,1,2,12
4,0,Clear,Suburban,84,8,1,1,1,18
4,0,Rain,Urban,86,10,2,1,2,11
3,0,Clear,Highway,65,3,1,1,2,12
7,0,Rain,Highway,31,49,16,4,5,79
13,1,Clear,Highway,77,14,11,4,2,23
21,1,Clear,Highway,69,17,13,1,3,15
15,0,Clear,Suburban,65,13,11,1,4,25
12,0,Clear,Highway,74,15,5,1,2,22
2,1,Clear,Urban,70,5,4,0,1,10
15,0,Clear,Urban,80,22,5,4,2,23
8,0,Rain,Urban,51,30,21,5,5,44
8,0,Fog,Suburban,60,55,11,4,5,37
12,0,Clear,Urban,63,20,11,1,2,24
3,1,Clear,Suburban,68,6,1,1,2,8
14,0,Clear,Highway,49,20,9,2,2,45
5,0,Clear,Urban,75,4,1,1,2,18
18,1,Fog,Highway,81,40,23,6,2,31
20,0,Clear,Urban,60,18,9,1,4,31
11,0,Clear,Highway,59,28,6,2,4,42
8,0,Clear,Urban,26,36,14,7,5,84
9,0,Clear,Highway,31,34,18,7,2,86
18,0,Clear,Urban,47,48,12,6,6,68
23,0,Clear,Urban,60,23,12,3,4,36
23,1,Clear,Urban,78,13,5,1,3,18
8,1,Clear,Urban,46,24,11,7,3,42
1,0,Clear,Suburban,62,10,2,1,2,12
13,0,Clear,Highway,75,28,12,1,3,36
23,0,Clear,Highway,78,15,8,4,3,37
6,0,Clear,Urban,68,20,7,4,4,34
2,1,Clear,Suburban,89,8,2,1,1,4
5,1,Clear,Urban,89,8,1,1,2,4
23,0,Clear,Urban,51,27,12,1,3,42
15,0,Clear,Suburban,88,20,7,2,2,36
1,1,Clear,Highway,82,4,3,1,2,13
8,1,Rain,Highway,81,40,10,6,5,28
12,0,Rain,Urban,84,23,14,4,3,23
21,0,Clear,Suburban,84,18,10,2,2,40
15,0,Fog,Urban,78,28,13,1,3,19
9,0,Rain,Highway,43,34,18,5,5,67
11,0,Rain,Highway,61,24,12,1,2,16
3,0,Clear,Urban,66,10,1,0,2,16
22,0,Clear,Suburban,81,12,12,4,3,28
0,0,Clear,Highway,82,9,2,0,1,14
4,0,Clear,Suburban,77,8,1,1,2,18
12,1,Clear,Highway,78,15,9,1,4,21
7,0,Clear,Suburban,45,50,14,3,5,67
21,0,Rain,Highway,72,16,9,2,3,35
15,0,Clear,Highway,42,24,11,3,3,46
2,0,Clear,Suburban,72,3,1,0,1,9
23,0,Clear,Urban,62,14,10,2,4,24
8,0,Clear,Suburban,59,35,24,7,2,69
19,0,Clear,Urban,31,54,24,5,6,74
12,1,Clear,Suburban,81,16,6,2,4,29
20,0,Clear,Highway,86,20,11,3,2,39
9,1,Fog,Suburban,73,29,22,7,4,25
8,0,Clear,Urban,38,44,16,4,6,83
9,1,Clear,Suburban,59,46,11,7,2,65
7,1,Rain,Urban,41,30,23,4,5,44
19,0,Rain,Urban,27,37,16,6,3,72
9,0,Clear,Suburban,50,40,15,6,5,67
0,0,Clear,Highway,78,6,3,1,2,9
13,0,Rain,Urban,62,29,5,4,2,35
16,0,Clear,Highway,52,28,13,4,3,49
10,0,Clear,Urban,45,23,13,2,3,47
21,0,Clear,Suburban,59,15,11,1,3,48
6,0,Clear,Urban,60,28,7,4,4,31
5,0,Rain,Urban,81,5,1,0,1,4
9,1,Clear,Urban,45,35,23,4,3,62
22,0,Clear,Urban,76,29,11,3,4,38
12,0,Clear,Suburban,80,19,11,1,4,25
6,1,Rain,Highway,65,19,7,3,4,14
13,0,Clear,Urban,89,12,6,4,3,32
2,0,Clear,Urban,80,4,1,1,1,8
14,0,Clear,Suburban,79,22,6,1,2,38
10,0,Clear,Suburban,76,14,11,3,3,23
2,0,Fog,Suburban,79,10,3,1,1,3
0,0,Clear,Urban,83,6,3,0,2,15
10,0,Rain,Highway,69,27,5,3,4,29
3,0,Clear,Urban,67,10,2,1,1,17
3,1,Rain,Suburban,74,8,4,0,1,3
4,1,Clear,Urban,70,4,4,0,1,9
3,0,Fog,Highway,64,9,3,0,2,3
12,0,Clear,Urban,54,18,9,3,4,48
2,1,Clear,Suburban,72,2,4,0,2,7
11,0,Rain,Urban,60,13,6,2,2,34
15,0,Rain,Highway,66,12,11,4,2,21
15,0,Clear,Highway,86,18,11,2,2,20
5,1,Rain,Suburban,78,2,3,1,2,3
7,0,Clear,Highway,37,30,24,4,4,96
14,0,Clear,Urban,67,17,14,1,2,32
0,0,Clear,Highway,80,3,2,1,2,12
4,0,Clear,Urban,73,7,3,0,1,15
11,1,Clear,Highway,62,9,12,4,3,32
1,0,Clear,Highway,84,8,3,1,2,8
19,0,Clear,Urban,26,50,24,7,6,84
0,0,Rain,Urban,66,10,3,0,2,12
22,0,Clear,Highway,89,12,6,1,4,39
15,1,Rain,Highway,82,18,10,1,3,18
14,0,Clear,Urban,71,20,6,2,3,28
7,0,Clear,Highway,53,35,23,5,2,65
9,1,Clear,Highway,52,40,23,3,6,61
20,0,Clear,Urban,76,28,8,1,2,28
0,0,Fog,Highway,88,8,1,1,1,7
8,0,Clear,Suburban,30,55,21,7,2,77
15,0,Clear,Urban,68,19,6,3,2,29
16,1,Clear,Highway,70,21,11,2,4,34
3,0,Clear,Suburban,63,3,4,0,2,13
6,0,Clear,Highway,88,14,6,3,2,27
18,0,Clear,Suburban,27,45,13,7,3,87
16,0,Clear,Urban,42,13,8,3,2,42
7,0,Rain,Suburban,45,58,21,6,2,56
0,0,Clear,Highway,63,4,3,0,2,8
6,0,Clear,Urban,64,26,5,3,4,39
17,0,Clear,Urban,42,52,23,7,6,69
19,0,Rain,Highway,41,58,24,5,5,49
12,0,Clear,Urban,55,21,12,2,3,46
10,0,Clear,Urban,68,13,5,1,4,31
1,1,Clear,Urban,68,7,4,0,2,13
17,0,Clear,Urban,43,38,23,7,3,58
7,0,Fog,Highway,68,51,10,5,6,39
10,0,Fog,Highway,85,21,10,1,3,16
12,1,Clear,Suburban,77,22,11,1,2,34
21,0,Clear,Urban,46,17,13,3,2,48
22,0,Clear,Urban,50,21,7,3,2,42
23,1,Fog,Highway,83,15,13,2,4,13
22,0,Rain,Urban,85,25,8,4,3,17
20,0,Clear,Urban,57,16,8,3,4,48
14,1,Rain,Urban,71,15,13,1,4,22
4,0,Clear,Urban,82,3,4,0,1,18
2,0,Rain,Urban,72,11,3,0,2,13
15,0,Clear,Urban,68,13,12,3,2,36
11,0,Clear,Urban,72,17,9,4,2,39
17,1,Clear,Urban,42,42,22,4,3,63
2,0,Clear,Suburban,89,10,4,1,2,11
14,1,Rain,Urban,87,22,10,2,2,25
12,1,Clear,Urban,65,19,13,2,4,31
23,0,Rain,Urban,66,20,11,2,4,16
23,1,Clear,Suburban,73,16,7,2,3,28
1,0,Clear,Suburban,81,8,4,1,1,14
22,0,Fog,Highway,73,29,8,3,3,25
11,0,Rain,Suburban,87,26,12,1,4,18
21,0,Clear,Highway,74,23,10,1,3,31
5,1,Clear,Highway,75,4,4,0,2,9
2,0,Clear,Highway,72,4,4,1,1,14
20,0,Clear,Highway,67,21,10,1,4,32
6,1,Clear,Highway,82,16,13,2,2,23
0,0,Clear,Urban,88,11,2,1,1,6
8,0,Clear,Suburban,22,47,22,6,2,82
1,0,Clear,Suburban,80,11,3,1,1,11
1,0,Rain,Urban,79,3,3,1,2,5
8,0,Clear,Highway,49,39,10,3,3,61
11,0,Clear,Suburban,74,20,14,2,2,36
19,1,Clear,Urban,62,31,10,6,6,39
8,0,Clear,Urban,55,49,21,3,3,62
2,0,Clear,Urban,65,8,2,1,2,19
18,0,Clear,Highway,50,38,18,5,4,63
9,0,Clear,Suburban,30,39,20,3,2,87
11,0,Rain,Suburban,77,19,9,2,3,24
4,1,Clear,Urban,69,4,3,0,1,9
3,0,Rain,Urban,83,7,2,0,1,12
0,0,Clear,Suburban,82,9,2,0,1,9
21,0,Clear,Highway,72,20,10,2,3,28
4,0,Clear,Highway,60,10,3,1,2,18
20,1,Clear,Suburban,65,12,7,3,4,30
5,0,Clear,Suburban,75,3,3,0,2,7
14,0,Clear,Urban,70,28,8,1,3,23
16,0,Clear,Urban,72,22,13,2,3,33
14,0,Clear,Urban,78,20,14,3,2,25
22,1,Clear,Urban,62,14,11,3,3,28
1,0,Clear,Urban,73,4,4,1,2,14
7,0,Clear,Urban,42,33,19,7,6,51
19,0,Clear,Urban,35,42,15,7,2,82
18,0,Clear,Urban,20,57,23,6,6,79
5,0,Clear,Highway,79,11,4,0,2,19
9,0,Rain,Urban,24,58,24,7,5,76
22,0,Clear,Highway,79,28,7,2,3,37
0,0,Clear,Highway,60,7,2,0,2,18
21,0,Rain,Highway,87,28,12,4,4,21
22,0,Clear,Suburban,81,14,14,3,2,21
10,0,Clear,Urban,68,12,6,4,3,33
12,1,Rain,Suburban,82,18,12,3,2,16
15,1,Clear,Urban,79,12,6,2,3,28
7,0,Clear,Urban,43,51,18,5,4,57
13,0,Fog,Highway,72,21,6,3,3,25
2,0,Clear,Highway,61,6,3,1,1,8
2,0,Clear,Urban,62,4,4,1,1,17
17,1,Fog,Urban,63,35,17,3,5,34
3,1,Clear,Highway,67,7,3,0,1,9
19,1,Clear,Urban,55,32,24,7,3,54
12,1,Clear,Suburban,65,12,8,3,3,33
14,0,Fog,Suburban,63,22,14,3,3,17
1,1,Clear,Highway,84,4,2,1,2,7
20,0,Clear,Suburban,75,22,7,2,4,29
15,1,Clear,Urban,70,12,13,1,3,23
21,0,Clear,Suburban,80,18,6,2,3,31
16,0,Rain,Urban,72,20,14,2,2,28
8,0,Clear,Highway,28,35,21,5,2,81
20,0,Clear,Highway,45,27,11,2,3,48
15,1,Clear,Urban,64,15,7,2,3,14
18,0,Clear,Suburban,34,31,20,3,2,81
15,0,Clear,Suburban,43,25,11,1,4,43
20,1,Clear,Urban,61,20,6,3,2,29
20,0,Clear,Highway,70,27,12,3,2,25
23,0,Clear,Urban,47,22,11,1,3,42
3,0,Clear,Suburban,77,11,3,0,2,7
8,1,Clear,Urban,54,30,14,6,5,56
19,0,Clear,Highway,34,50,20,4,6,87
3,0,Clear,Suburban,61,3,1,0,1,9
7,1,Clear,Highway,49,45,21,3,4,65
14,1,Clear,Highway,64,22,12,2,4,17
11,0,Clear,Urban,60,14,5,4,3,32
17,0,Clear,Urban,56,38,21,3,5,57
17,0,Clear,Suburban,39,41,17,7,6,99
4,0,Clear,Suburban,65,3,1,1,1,8
13,0,Rain,Highway,66,21,5,2,3,20
9,0,Clear,Suburban,26,56,10,6,5,75
5,1,Clear,Suburban,86,4,1,1,2,8
18,0,Clear,Suburban,34,42,14,7,4,94
12,1,Clear,Suburban,65,12,13,4,4,15
15,0,Rain,Suburban,89,15,7,4,3,16
2,1,Clear,Suburban,79,7,3,1,1,12
5,1,Clear,Urban,74,4,4,1,2,11
3,0,Clear,Suburban,61,5,4,1,2,14
12,0,Clear,Highway,81,25,8,3,4,30
1,0,Clear,Suburban,72,11,2,0,1,9
5,0,Rain,Highway,60,11,3,1,2,8
10,0,Fog,Suburban,70,24,5,4,3,23
0,0,Clear,Urban,81,8,3,1,2,7
7,1,Rain,Urban,50,45,23,4,4,47
8,0,Clear,Urban,39,47,12,5,3,88
13,1,Fog,Suburban,65,11,14,1,2,10
6,0,Rain,Highway,69,23,14,2,2,20
2,0,Clear,Urban,79,6,2,0,2,17
20,0,Clear,Urban,82,21,6,2,4,32
21,0,Clear,Urban,83,15,11,3,4,22
2,1,Clear,Urban,60,5,2,1,2,4
10,0,Rain,Urban,80,29,9,1,4,28
6,0,Clear,Urban,56,17,9,2,4,47
22,0,Clear,Urban,62,12,6,2,2,25
6,0,Rain,Suburban,67,18,9,1,3,35
18,0,Rain,Suburban,45,43,17,4,5,43
5,0,Clear,Suburban,78,4,1,0,1,7
11,0,Clear,Suburban,69,18,7,2,3,34
0,0,Clear,Highway,66,10,3,1,2,15
9,1,Clear,Suburban,42,28,21,6,3,42
22,1,Rain,Urban,85,17,14,4,2,12
1,0,Clear,Suburban,66,10,2,1,1,10
9,1,Rain,Highway,43,24,22,6,5,48
18,0,Clear,Highway,27,37,14,7,2,74
16,0,Rain,Suburban,75,27,12,3,4,31
17,0,Rain,Highway,40,37,14,4,3,69
10,1,Rain,Urban,77,16,9,3,2,15
1,0,Clear,Highway,79,6,4,0,1,14
13,1,Clear,Suburban,73,12,13,4,2,25
12,0,Fog,Suburban,65,29,7,3,3,15
18,0,Clear,Urban,26,43,12,5,3,83
15,0,Clear,Suburban,82,19,10,3,2,37
23,1,Clear,Suburban,86,21,10,1,3,22
18,0,Clear,Suburban,54,50,21,5,4,67
9,0,Rain,Suburban,58,40,18,7,5,56
17,0,Clear,Suburban,37,51,14,7,3,84
11,1,Clear,Urban,87,20,10,2,4,30
20,0,Clear,Urban,51,14,14,1,2,48
19,0,Rain,Urban,29,50,12,5,3,72
21,1,Clear,Suburban,63,9,11,1,4,21
14,0,Clear,Highway,48,28,12,2,2,45
23,0,Clear,Urban,55,26,14,1,2,49
6,0,Fog,Suburban,68,16,11,3,2,22
1,0,Clear,Urban,80,6,1,1,1,11
17,0,Clear,Highway,38,55,23,3,4,96
3,0,Clear,Urban,78,6,3,0,1,17
21,0,Clear,Suburban,48,20,11,3,4,45
2,0,Clear,Highway,69,10,2,0,2,6
20,0,Clear,Suburban,74,28,8,4,2,27
5,0,Rain,Suburban,82,6,2,0,1,4
3,0,Clear,Urban,83,7,4,1,1,17
22,0,Clear,Urban,64,24,11,4,2,39
16,0,Clear,Highway,86,23,11,2,2,33
22,0,Clear,Urban,55,17,8,2,3,49
20,0,Rain,Urban,72,19,8,1,3,20
6,1,Fog,Urban,82,11,6,3,4,19
2,1,Clear,Highway,74,4,2,1,2,7
13,1,Clear,Urban,69,19,14,3,4,25
18,1,Rain,Urban,50,44,12,7,3,55
17,1,Fog,Urban,81,40,10,3,5,39
11,0,Clear,Urban,77,19,13,4,2,26
10,0,Rain,Suburban,83,29,11,3,3,34
20,1,Clear,Urban,65,21,13,1,2,33
22,0,Rain,Suburban,70,25,6,4,2,37
21,0,Fog,Highway,64,22,13,4,3,15
1,1,Clear,Suburban,65,4,2,1,2,7
18,0,Clear,Urban,31,37,20,7,2,82
3,1,Clear,Suburban,65,5,4,1,1,7
23,1,Fog,Highway,73,9,7,2,3,14
6,0,Clear,Urban,73,29,6,1,2,30
0,0,Clear,Highway,71,7,3,1,1,12
10,0,Rain,Suburban,62,23,5,4,2,28
1,0,Rain,Suburban,71,9,3,1,2,5
12,1,Clear,Urban,67,23,13,1,4,28
2,1,Clear,Highway,88,5,1,1,2,4
5,1,Clear,Suburban,85,5,3,1,1,9
1,0,Rain,Suburban,85,7,2,0,2,8
20,1,Clear,Suburban,70,12,13,4,2,16
14,0,Fog,Suburban,71,20,14,4,4,19
11,0,Clear,Highway,56,19,5,1,2,48
7,0,Clear,Suburban,25,52,18,5,4,95
18,0,Clear,Suburban,21,57,22,6,2,81
7,0,Fog,Suburban,76,30,20,5,6,37
3,0,Clear,Highway,73,8,2,1,2,13
9,0,Rain,Urban,48,39,12,3,6,67
0,0,Rain,Highway,61,8,2,0,2,12
23,0,Clear,Urban,88,29,5,1,4,21
21,1,Clear,Urban,69,10,11,3,4,14
18,0,Clear,Urban,57,36,14,5,4,63
22,1,Rain,Urban,81,16,8,2,2,16
6,0,Clear,Urban,52,12,11,3,4,45
23,1,Clear,Suburban,69,13,14,3,4,16
17,1,Rain,Suburban,89,41,16,6,2,37
10,0,Clear,Urban,83,13,7,2,4,22
7,0,Fog,Highway,64,32,17,3,5,40
10,0,Rain,Highway,76,23,8,1,4,24
20,0,Clear,Highway,87,20,9,4,2,35
18,0,Clear,Suburban,35,40,18,3,4,74
13,0,Rain,Urban,88,26,14,3,3,24
7,1,Clear,Highway,51,39,14,7,2,46
8,0,Clear,Suburban,22,55,24,5,2,71
13,0,Clear,Urban,71,17,6,2,4,38
19,0,Clear,Urban,22,35,14,5,3,95
5,0,Clear,Urban,70,7,1,0,2,17
0,0,Clear,Urban,67,11,1,1,1,12
14,0,Clear,Suburban,76,13,6,2,3,25
14,0,Clear,Suburban,62,29,11,4,4,27
3,0,Clear,Urban,83,7,1,0,1,16
7,0,Clear,Urban,21,52,10,4,3,73
9,0,Clear,Highway,34,47,20,6,2,87
8,1,Clear,Urban,56,37,11,3,3,54
0,0,Clear,Highway,77,11,3,0,2,12
10,1,Fog,Highway,89,21,8,1,4,12
5,0,Clear,Urban,81,5,2,0,1,16
5,0,Clear,Suburban,77,7,4,0,2,10
14,0,Clear,Urban,79,24,8,1,3,34
8,1,Clear,Urban,87,40,15,7,4,40
10,0,Clear,Highway,47,28,11,3,2,46
20,1,Clear,Urban,64,23,10,3,4,17
14,0,Rain,Highway,82,18,14,4,3,35
19,1,Clear,Urban,68,25,23,3,3,40
14,0,Clear,Urban,64,21,10,4,4,29
1,1,Clear,Suburban,60,2,2,0,1,3
19,1,Rain,Urban,44,39,19,6,4,44
3,0,Clear,Urban,77,11,4,0,1,15
20,0,Clear,Highway,63,17,6,4,3,23
21,1,Clear,Urban,61,14,9,4,4,23
23,0,Clear,Highway,69,22,11,4,4,36
1,0,Clear,Suburban,86,11,1,1,2,6
10,0,Clear,Highway,77,12,11,4,4,34
11,0,Clear,Highway,65,12,5,4,4,38
10,0,Rain,Urban,68,21,11,3,2,30
21,0,Rain,Suburban,82,18,12,3,2,37
6,0,Clear,Urban,52,19,5,2,3,43
2,0,Clear,Suburban,67,8,3,1,1,15
11,0,Rain,Urban,68,16,10,2,3,25
4,0,Fog,Suburban,67,3,1,1,2,4
18,0,Clear,Urban,38,38,24,6,2,98
0,0,Fog,Urban,75,6,1,0,1,3
9,0,Clear,Urban,48,49,19,5,6,67
6,0,Clear,Highway,56,21,12,2,2,44
13,0,Clear,Suburban,42,18,11,3,3,47
9,0,Rain,Suburban,49,46,23,4,4,52
21,0,Clear,Suburban,44,21,10,1,4,49
0,0,Clear,Suburban,78,10,4,0,2,12
9,0,Clear,Urban,36,48,22,7,4,84
20,1,Clear,Suburban,64,16,8,1,2,24
18,1,Clear,Urban,52,27,22,5,5,44
4,1,Clear,Urban,70,4,4,0,1,6
10,0,Clear,Suburban,44,17,12,4,3,41
11,0,Rain,Suburban,64,24,12,1,3,34
23,0,Clear,Urban,45,20,6,3,3,45
3,1,Clear,Urban,64,8,2,0,2,7
3,0,Clear,Highway,84,7,2,1,2,19
10,0,Rain,Suburban,75,28,11,2,3,28
14,0,Clear,Urban,79,23,10,3,3,40
10,0,Clear,Urban,66,21,13,1,2,39
9,0,Clear,Urban,30,48,15,6,4,73
20,1,Clear,Urban,88,21,11,2,4,32
9,0,Clear,Urban,55,42,22,3,3,66
17,0,Clear,Highway,27,47,13,5,4,84
11,1,Clear,Highway,69,12,5,1,4,23
9,0,Clear,Suburban,35,41,22,7,4,80
14,1,Clear,Urban,72,19,7,1,3,34
12,0,Clear,Suburban,70,17,7,3,2,29
18,1,Clear,Highway,56,47,15,4,6,50
16,1,Clear,Urban,80,11,10,1,3,31
1,1,Clear,Suburban,71,8,1,1,2,6
14,0,Clear,Suburban,40,29,13,3,2,47
23,0,Rain,Highway,87,26,9,3,4,16
22,0,Clear,Highway,56,29,10,1,2,45
10,0,Clear,Urban,61,28,14,2,4,35
22,1,Fog,Suburban,60,19,11,2,2,10
10,0,Clear,Highway,69,12,14,1,3,35
2,0,Clear,Urban,75,11,4,1,1,14
19,0,Rain,Suburban,57,56,16,4,5,55
16,0,Clear,Urban,77,13,12,4,2,37
17,1,Clear,Urban,56,38,18,6,6,61
9,0,Clear,Urban,20,39,12,7,4,91
22,0,Clear,Highway,48,22,11,2,4,49
15,0,Rain,Suburban,61,29,12,4,4,21
5,0,Clear,Urban,74,4,4,1,1,8
8,1,Rain,Suburban,43,31,19,3,4,48
8,0,Fog,Highway,52,50,20,7,5,54
2,0,Fog,Highway,84,4,4,0,1,10
11,1,Clear,Suburban,68,16,11,4,3,34
14,1,Clear,Urban,70,22,7,3,2,22
2,0,Clear,Urban,81,10,2,1,1,14
15,1,Clear,Urban,62,19,14,1,2,28
7,0,Rain,Suburban,49,56,15,6,5,67
9,0,Rain,Highway,51,46,17,5,4,62
11,0,Clear,Urban,72,29,14,4,2,23
12,0,Clear,Highway,42,26,7,1,3,47
21,0,Clear,Suburban,56,26,12,4,2,41
19,0,Clear,Urban,47,41,19,4,5,57
16,0,Fog,Highway,76,13,7,4,2,28
23,0,Rain,Urban,76,20,6,1,2,23
2,0,Clear,Urban,81,11,1,1,2,14
14,1,Clear,Urban,64,13,13,3,4,22
14,0,Clear,Urban,83,20,14,4,2,35
17,1,Clear,Suburban,47,27,22,5,2,46
0,1,Rain,Urban,62,3,3,1,1,8
14,0,Rain,Highway,72,27,7,4,4,24
13,0,Clear,Highway,76,16,5,2,3,32
22,0,Clear,Suburban,42,25,10,3,2,45
4,1,Clear,Suburban,87,8,2,1,1,12
21,0,Rain,Urban,71,26,5,2,4,33
6,1,Clear,Urban,87,17,8,1,3,22
16,0,Clear,Suburban,60,17,11,2,3,21
8,1,Clear,Highway,47,40,24,4,5,49
12,0,Clear,Highway,83,21,6,3,4,40
13,1,Clear,Urban,83,11,6,3,4,18
18,1,Clear,Suburban,53,24,14,4,2,46
5,1,Clear,Urban,66,4,4,1,2,4
4,0,Clear,Urban,79,7,1,1,2,19
20,0,Rain,Urban,61,27,6,4,2,36
16,0,Clear,Suburban,70,28,5,1,2,30
18,0,Rain,Urban,53,49,10,3,6,44
8,1,Clear,Highway,72,24,15,7,5,37
23,0,Fog,Urban,76,15,11,4,4,19
16,1,Clear,Urban,79,23,11,4,3,21
6,0,Rain,Highway,69,24,11,4,3,38
16,0,Clear,Urban,86,21,9,1,2,23
10,0,Clear,Urban,61,25,9,3,3,39
1,0,Clear,Suburban,79,3,1,0,2,18
5,0,Fog,Suburban,72,10,3,1,1,7
13,0,Rain,Urban,66,20,13,3,2,22
16,0,Clear,Urban,51,16,8,1,4,45
7,1,Fog,Urban,69,24,11,7,5,37
9,0,Clear,Suburban,26,46,17,7,5,97
7,1,Clear,Highway,57,40,11,7,5,62
20,0,Clear,Urban,89,12,12,4,4,28
15,1,Clear,Highway,67,11,10,4,4,16
4,1,Rain,Urban,79,8,3,0,2,7
2,0,Clear,Urban,61,3,1,1,1,10
21,0,Clear,Urban,57,29,14,3,3,47
20,0,Rain,Urban,72,27,13,2,2,20
23,0,Clear,Highway,42,26,5,1,3,49
18,0,Fog,Urban,58,52,12,5,5,55
23,0,Fog,Highway,61,17,5,1,2,28
20,0,Clear,Highway,82,18,9,4,4,22
3,0,Rain,Urban,74,10,3,0,2,9
19,0,Clear,Suburban,25,31,20,5,3,94
20,1,Fog,Highway,80,10,10,2,4,15
18,0,Clear,Suburban,44,39,19,3,3,58
2,0,Clear,Urban,64,6,4,0,2,12
2,0,Clear,Suburban,68,3,3,1,1,11
0,0,Clear,Highway,63,6,3,0,2,17
15,1,Fog,Highway,82,11,10,2,4,16
7,0,Clear,Urban,38,56,10,3,5,88
0,0,Clear,Highway,73,6,2,0,2,13
11,0,Fog,Urban,61,27,11,1,3,12
8,1,Fog,Urban,62,30,24,7,4,39
9,1,Clear,Urban,58,36,20,3,4,62
14,1,Rain,Suburban,88,16,9,2,3,18
21,0,Clear,Suburban,68,13,10,2,3,29
6,0,Fog,Suburban,82,20,9,2,2,22
17,0,Clear,Urban,22,52,12,5,5,80
12,0,Clear,Highway,84,28,9,2,3,32
15,0,Clear,Urban,53,19,5,3,2,43
5,0,Clear,Urban,76,9,3,0,2,5
12,0,Clear,Urban,66,18,5,1,4,23
11,0,Clear,Urban,57,14,9,4,4,43
20,0,Rain,Urban,60,15,13,3,4,32
1,1,Clear,Suburban,65,8,2,1,2,4
12,1,Clear,Urban,87,16,14,3,4,16
16,0,Rain,Urban,70,22,12,1,3,16
8,0,Clear,Suburban,25,38,20,3,5,98
20,1,Clear,Urban,70,19,6,1,3,20
22,1,Clear,Suburban,62,17,12,1,2,32
21,0,Clear,Highway,76,24,8,2,3,25
23,0,Clear,Urban,80,15,5,2,2,22
14,0,Clear,Highway,71,16,7,1,2,27
7,0,Clear,Suburban,52,55,18,6,2,70
9,0,Clear,Suburban,44,57,14,6,3,58
9,0,Clear,Highway,46,56,17,3,6,52
0,1,Clear,Highway,63,8,4,1,2,5
17,0,Rain,Suburban,48,50,18,6,6,64
9,0,Clear,Highway,31,38,10,4,4,79
15,0,Fog,Highway,71,13,7,3,3,26
21,0,Clear,Urban,49,23,5,1,2,44
4,0,Clear,Suburban,88,6,2,0,2,9
15,0,Clear,Urban,50,14,10,4,2,45
19,1,Clear,Suburban,51,28,15,5,4,61
14,0,Clear,Urban,76,12,12,4,2,32
17,0,Clear,Suburban,31,41,21,4,2,84
10,1,Clear,Highway,86,15,12,4,4,33
9,0,Clear,Suburban,33,42,16,5,4,95
21,1,Rain,Highway,78,18,11,4,3,25
7,1,Rain,Urban,51,32,15,5,6,41
16,0,Fog,Urban,60,13,11,4,3,18
3,0,Clear,Suburban,68,7,3,1,1,6
14,1,Fog,Urban,71,11,5,2,3,13
7,0,Rain,Suburban,42,44,13,7,2,66
21,1,Fog,Highway,88,18,5,3,3,15
23,0,Rain,Highway,82,24,14,1,2,28
13,1,Rain,Highway,61,12,10,4,3,17
9,0,Clear,Urban,51,58,12,5,4,61
19,0,Clear,Urban,31,36,14,7,4,88
19,0,Clear,Suburban,24,32,15,7,4,87
9,0,Rain,Suburban,49,35,17,7,3,49
19,0,Clear,Suburban,39,54,22,4,4,74
23,0,Clear,Urban,89,20,11,1,3,35
7,0,Clear,Suburban,59,43,20,3,4,57
7,1,Clear,Suburban,46,42,24,5,6,66
3,1,Fog,Suburban,61,7,2,1,1,1
21,0,Rain,Urban,72,22,12,2,2,21
15,0,Clear,Suburban,53,16,13,1,2,41
15,0,Clear,Highway,71,26,11,3,3,36
22,0,Clear,Urban,49,23,11,4,2,44
3,0,Clear,Suburban,62,6,4,0,1,8
4,0,Rain,Highway,67,11,2,1,1,15
3,0,Clear,Urban,73,9,1,0,2,14
2,1,Clear,Urban,63,8,4,0,2,12
7,1,Clear,Urban,55,40,13,3,5,41
16,0,Rain,Highway,65,21,7,4,3,31
12,0,Rain,Urban,76,29,9,3,2,19
12,0,Clear,Urban,71,23,11,3,3,28
0,0,Clear,Highway,71,10,4,1,1,15
11,0,Rain,Urban,60,25,5,1,3,19
19,0,Clear,Highway,53,38,19,3,6,68
2,0,Clear,Urban,85,6,2,0,2,5
10,1,Clear,Suburban,85,18,10,1,2,20
8,0,Clear,Suburban,31,53,16,5,2,83
3,1,Clear,Highway,75,6,4,0,2,12
4,0,Clear,Urban,70,6,2,0,2,12
20,1,Clear,Urban,63,21,12,3,2,14
2,0,Rain,Suburban,75,3,3,0,1,11
8,0,Fog,Highway,85,32,19,5,2,38
8,0,Clear,Suburban,50,54,17,3,4,54
8,0,Clear,Highway,31,39,19,6,6,73
21,1,Rain,Suburban,64,12,10,2,4,25
1,0,Clear,Urban,67,9,1,1,1,8
15,0,Clear,Urban,68,24,8,4,4,31
8,1,Rain,Urban,75,29,19,7,4,30
1,0,Clear,Urban,68,8,2,1,1,8
6,0,Clear,Urban,54,27,8,3,4,41
3,0,Clear,Urban,76,6,1,1,2,19
0,1,Clear,Suburban,71,3,1,0,1,6
6,1,Clear,Highway,63,15,6,4,3,23
19,0,Clear,Urban,51,33,18,5,4,63
4,0,Fog,Highway,78,5,2,1,1,9
3,1,Clear,Highway,62,8,1,0,2,3
12,1,Clear,Urban,80,14,7,4,4,25
20,1,Clear,Urban,80,23,13,4,3,21
8,1,Rain,Highway,46,40,22,5,2,53
5,0,Clear,Suburban,66,3,4,1,1,12
22,0,Rain,Urban,82,23,10,1,2,37
15,0,Clear,Urban,67,22,8,3,4,40
0,1,Rain,Urban,75,8,4,1,2,3
5,0,Fog,Urban,87,11,2,1,1,8
14,0,Clear,Suburban,60,26,10,2,2,26
11,0,Clear,Highway,57,14,11,3,4,45
3,1,Clear,Suburban,68,3,3,1,1,3
2,0,Clear,Suburban,70,4,2,1,1,17
12,1,Rain,Suburban,88,14,5,4,3,23
5,1,Clear,Suburban,69,5,3,1,1,5
8,1,Fog,Suburban,85,28,22,7,3,33
18,0,Rain,Highway,21,38,20,3,5,77
16,0,Clear,Highway,80,13,12,2,3,39
21,1,Rain,Urban,88,13,5,3,3,14
4,1,Clear,Urban,89,7,2,1,2,6
16,0,Clear,Highway,57,28,5,4,3,46
20,1,Rain,Urban,65,16,11,1,3,25
0,0,Rain,Highway,76,5,1,0,1,12
12,0,Fog,Urban,81,16,10,3,3,18
5,0,Clear,Urban,66,5,4,0,2,14
6,0,Clear,Highway,81,15,11,2,3,28
9,0,Rain,Urban,55,35,21,6,4,48
7,1,Clear,Urban,59,29,20,5,3,63
21,0,Rain,Suburban,88,20,12,1,2,18
22,0,Clear,Highway,73,20,8,4,3,28
9,1,Rain,Suburban,69,32,18,5,4,34
10,0,Clear,Urban,60,21,7,2,4,35
3,1,Clear,Urban,63,5,1,0,2,13
9,1,Rain,Urban,54,33,21,3,3,43
3,0,Clear,Highway,76,8,4,0,1,18
22,0,Clear,Highway,67,12,6,4,3,27
8,0,Clear,Suburban,54,53,19,7,5,61
12,0,Rain,Highway,66,25,10,2,2,19
19,0,Clear,Highway,59,58,10,6,4,53
19,0,Clear,Urban,25,52,16,4,2,84
23,1,Clear,Suburban,72,19,5,2,3,27
17,0,Clear,Highway,23,30,19,3,4,97
0,0,Clear,Highway,86,3,1,0,1,11
4,1,Clear,Highway,87,6,3,1,1,7
14,0,Clear,Highway,86,20,9,3,3,24
5,1,Fog,Suburban,69,8,1,1,1,4
16,0,Clear,Suburban,83,13,14,1,4,37
3,1,Clear,Highway,89,4,4,1,2,11
10,0,Rain,Highway,61,28,6,4,3,37
1,0,Clear,Highway,67,9,4,1,2,7
15,0,Clear,Urban,81,12,9,3,3,39
8,0,Clear,Urban,33,49,18,3,6,88
10,1,Clear,Suburban,79,21,6,2,4,14
17,0,Clear,Suburban,39,58,22,4,4,88
7,1,Clear,Suburban,75,26,21,3,2,37
2,1,Clear,Urban,64,6,2,1,2,4
21,0,Rain,Urban,87,18,6,2,3,36
22,1,Fog,Urban,65,15,14,3,3,19
12,0,Clear,Highway,62,26,7,3,4,23
7,0,Clear,Urban,29,31,24,3,5,76
0,1,Clear,Suburban,78,3,1,0,2,12
7,1,Clear,Suburban,48,24,15,4,4,62
8,0,Rain,Suburban,44,52,17,6,3,69
19,1,Fog,Highway,76,29,21,4,5,25
17,0,Clear,Highway,59,54,21,4,5,65
19,0,Clear,Suburban,27,58,20,4,4,72
22,1,Rain,Suburban,85,19,7,3,4,16
21,0,Clear,Urban,50,14,13,3,4,47
23,0,Rain,Suburban,62,19,6,1,3,22
4,1,Clear,Suburban,62,2,4,1,2,7
22,0,Fog,Urban,63,13,5,1,3,16
19,1,Clear,Urban,75,45,15,4,2,40
2,0,Fog,Highway,60,11,3,0,1,5
23,0,Rain,Suburban,67,25,11,3,3,34
12,0,Clear,Highway,42,27,12,3,2,41
12,0,Clear,Highway,70,26,12,4,4,40
11,1,Fog,Highway,72,11,11,4,2,12
3,0,Clear,Urban,67,6,3,0,1,16
4,1,Clear,Urban,85,2,4,1,2,9
3,0,Clear,Suburban,85,9,1,0,1,6
18,0,Clear,Suburban,32,38,13,7,4,93
16,1,Rain,Urban,69,19,7,1,2,15
20,0,Clear,Urban,72,23,8,4,2,35
11,0,Fog,Highway,87,24,11,3,3,24
5,0,Clear,Suburban,88,3,1,1,1,12
0,1,Clear,Urban,86,4,2,0,1,6
2,0,Clear,Suburban,84,10,3,1,2,18
17,1,Clear,Suburban,57,24,16,7,4,54
20,1,Clear,Urban,65,10,12,3,3,25
11,1,Fog,Urban,64,21,6,3,2,12
3,1,Clear,Urban,78,4,4,1,2,7
16,0,Clear,Highway,48,24,7,2,2,45
6,0,Clear,Suburban,73,21,5,4,4,29
9,0,Clear,Urban,27,54,24,3,2,81
18,1,Clear,Urban,53,24,18,5,2,66
2,0,Rain,Suburban,87,6,1,1,1,12
0,0,Rain,Suburban,82,6,2,1,1,13
23,0,Clear,Urban,41,19,14,3,4,43
13,0,Fog,Urban,60,26,6,2,3,12
23,1,Clear,Highway,84,19,11,2,3,34
23,0,Clear,Urban,89,14,13,2,4,31
10,0,Rain,Suburban,83,22,7,2,3,18
2,0,Fog,Urban,84,11,2,1,2,11
17,1,Clear,Suburban,75,47,19,4,6,35
9,1,Rain,Urban,85,47,19,3,4,30
18,0,Clear,Highway,44,48,10,6,5,57
1,1,Clear,Suburban,86,5,2,0,1,4
12,0,Rain,Suburban,65,27,12,1,2,32
14,0,Clear,Suburban,88,14,8,3,2,38
3,0,Fog,Suburban,78,5,4,0,1,9
6,0,Clear,Suburban,64,23,9,3,2,34
4,0,Clear,Urban,85,9,4,0,2,6
11,0,Rain,Urban,86,13,11,2,2,34
18,0,Clear,Urban,36,55,12,4,2,86
4,0,Clear,Suburban,87,6,4,0,1,7
17,0,Fog,Urban,73,43,16,6,3,36
17,1,Clear,Urban,52,44,18,7,4,44
19,1,Clear,Urban,65,47,12,3,6,35
0,0,Clear,Suburban,83,11,1,0,2,8
20,0,Clear,Urban,60,12,12,3,3,38
19,0,Rain,Urban,45,34,15,4,6,45
19,0,Clear,Highway,46,44,23,5,2,64
6,1,Fog,Highway,72,12,12,3,4,19
14,0,Fog,Urban,66,18,7,1,2,24
17,0,Rain,Urban,37,59,14,6,4,76
21,1,Fog,Highway,65,22,11,1,4,8
5,1,Clear,Suburban,86,4,1,0,2,8
13,1,Clear,Suburban,68,14,12,1,4,31
21,0,Fog,Highway,70,15,13,3,4,28
13,0,Clear,Suburban,64,16,7,3,2,29
6,0,Rain,Urban,65,15,8,2,3,31
1,1,Clear,Suburban,83,8,4,1,2,7
3,1,Clear,Highway,87,8,2,1,1,13
7,0,Clear,Suburban,35,57,14,4,4,74
0,1,Clear,Highway,69,4,2,1,1,9
2,0,Clear,Urban,61,9,1,1,2,6
22,0,Clear,Suburban,51,22,7,4,3,43
17,0,Rain,Urban,48,51,17,7,5,44
21,1,Clear,Urban,75,11,12,3,2,23
18,0,Fog,Urban,79,52,17,4,6,31
21,0,Clear,Suburban,75,23,14,4,3,33
0,0,Fog,Highway,60,10,2,0,2,6
5,1,Rain,Urban,88,3,1,1,1,6
0,0,Clear,Highway,75,5,3,1,2,8
9,1,Clear,Urban,44,46,10,4,5,58
11,0,Clear,Suburban,65,28,5,1,4,38
22,0,Clear,Urban,86,24,11,2,2,22
4,0,Clear,Highway,69,9,2,1,1,16
23,0,Clear,Suburban,83,12,6,2,4,37
13,1,Clear,Suburban,66,14,10,2,2,14
20,1,Clear,Suburban,67,12,5,1,4,22
9,0,Rain,Suburban,25,51,10,5,6,79
17,0,Clear,Urban,47,34,10,4,5,64
18,0,Clear,Highway,52,31,13,5,4,64
4,0,Rain,Urban,78,3,3,1,1,11
11,0,Rain,Urban,76,25,8,3,3,26
16,1,Clear,Suburban,89,20,11,4,4,26
11,1,Rain,Highway,62,13,7,1,3,27
22,0,Clear,Urban,69,19,11,3,4,24
1,0,Clear,Suburban,78,9,3,0,1,6
8,0,Fog,Suburban,46,48,11,4,2,48
20,0,Clear,Highway,54,20,7,4,3,47
11,0,Clear,Suburban,86,14,13,1,2,29
10,0,Clear,Highway,73,15,12,4,2,30
12,0,Clear,Urban,59,26,11,4,4,47
11,0,Clear,Suburban,87,28,8,4,4,22
15,0,Clear,Suburban,70,17,9,2,3,40
10,0,Clear,Suburban,63,14,7,3,4,40
7,0,Clear,Highway,36,56,13,4,4,84
14,1,Clear,Urban,85,18,9,4,2,23
3,0,Clear,Highway,74,3,1,0,2,18
10,0,Clear,Urban,49,22,8,1,2,42
12,0,Clear,Urban,74,15,13,3,4,36
0,1,Clear,Suburban,73,7,2,0,2,5
8,1,Rain,Highway,68,38,19,7,6,38
22,0,Clear,Urban,66,25,9,1,3,35
20,0,Clear,Urban,68,27,7,3,4,31
9,1,Clear,Urban,49,28,20,5,5,67
7,0,Rain,Highway,38,48,19,3,2,78
21,0,Rain,Suburban,74,25,9,4,2,20
15,0,Rain,Urban,60,13,12,3,4,16
23,1,Clear,Suburban,89,19,9,1,4,21
10,0,Fog,Urban,73,16,9,4,4,15
7,0,Clear,Suburban,55,47,18,7,3,51
15,0,Clear,Suburban,72,21,9,4,3,35
22,1,Clear,Urban,75,18,5,2,2,29
2,0,Clear,Suburban,71,7,4,1,2,13
10,0,Rain,Urban,64,19,13,3,3,32
0,0,Clear,Suburban,63,10,2,1,1,17
7,1,Clear,Urban,53,28,20,4,2,64
14,0,Clear,Highway,78,20,7,1,4,26
10,0,Fog,Suburban,76,18,11,4,4,13
22,1,Clear,Urban,71,19,12,2,4,22
9,0,Clear,Urban,35,53,17,5,5,71
23,0,Clear,Suburban,83,21,13,1,3,35
21,0,Clear,Highway,55,24,7,3,4,42
11,1,Rain,Suburban,87,12,6,3,4,12
20,0,Clear,Urban,80,26,12,3,2,34
22,0,Clear,Urban,41,23,14,4,4,44
2,1,Clear,Highway,61,4,1,1,2,9
17,1,Rain,Urban,40,44,11,5,3,48
21,0,Clear,Suburban,65,12,7,1,2,34
9,1,Rain,Suburban,81,46,12,5,5,28
13,0,Clear,Suburban,71,20,14,3,3,39
11,0,Clear,Suburban,75,13,6,3,4,34
19,1,Clear,Highway,49,45,20,4,3,55
11,0,Clear,Highway,64,29,10,4,3,21
4,0,Clear,Urban,74,11,3,1,1,6
9,0,Fog,Suburban,80,37,19,4,5,35
1,0,Clear,Urban,66,5,3,1,2,15
8,0,Clear,Highway,24,40,13,6,2,88
4,0,Clear,Urban,76,4,3,1,2,17
3,0,Clear,Urban,89,3,1,0,2,14
4,0,Fog,Highway,88,5,1,0,2,4
11,0,Clear,Suburban,76,13,6,3,3,26
1,1,Clear,Urban,62,6,4,0,1,4
10,0,Fog,Suburban,69,27,5,2,3,21
3,1,Clear,Suburban,79,4,3,1,2,9
16,0,Clear,Urban,62,15,14,1,3,24
9,0,Clear,Suburban,20,35,23,4,5,88
10,0,Clear,Urban,60,15,6,2,3,32
9,0,Rain,Suburban,34,52,13,4,4,71
22,0,Clear,Suburban,82,14,12,1,3,24
6,0,Clear,Highway,83,13,9,4,4,22
21,0,Clear,Suburban,40,12,5,3,2,44
6,0,Rain,Urban,71,23,9,4,2,24
6,0,Clear,Suburban,62,16,5,2,2,40
5,0,Rain,Urban,89,4,1,0,2,7
20,1,Rain,Urban,76,20,6,3,4,22
9,0,Clear,Suburban,23,44,10,4,4,88
0,1,Clear,Suburban,75,4,2,0,1,8
14,0,Clear,Suburban,86,15,6,3,2,21
7,0,Clear,Highway,32,33,23,6,3,74
12,1,Clear,Urban,77,20,11,4,2,22
18,0,Rain,Urban,20,36,21,3,3,71
12,0,Clear,Suburban,72,25,5,3,2,22
4,0,Clear,Suburban,87,7,1,1,2,11
17,0,Clear,Suburban,38,39,11,7,6,86
23,0,Rain,Highway,67,18,9,1,3,33
5,1,Clear,Urban,61,6,1,1,2,7
20,1,Fog,Highway,73,16,5,3,4,19
20,0,Rain,Urban,71,12,10,3,3,28
7,0,Fog,Highway,65,44,14,7,3,38
2,0,Clear,Urban,89,8,1,0,1,6
20,0,Rain,Urban,85,17,9,2,3,36
9,0,Fog,Urban,54,55,20,5,5,52
4,1,Clear,Urban,80,6,2,0,2,4
6,0,Fog,Suburban,87,12,10,4,2,20
14,0,Rain,Urban,65,23,5,2,3,18
10,0,Clear,Highway,43,20,8,4,2,47
19,1,Fog,Suburban,72,36,11,5,4,39
18,0,Clear,Highway,33,31,15,4,6,75
4,0,Clear,Highway,80,5,3,0,1,14
7,0,Clear,Suburban,31,38,22,5,4,72
20,0,Clear,Highway,80,13,5,4,2,40
1,0,Fog,Highway,69,10,3,0,1,7
17,1,Clear,Suburban,62,25,20,5,2,38
13,1,Clear,Suburban,89,12,8,1,2,32
20,1,Clear,Highway,66,16,5,4,2,19
11,0,Clear,Highway,67,12,14,1,2,23
9,0,Rain,Suburban,58,58,15,4,4,49
11,1,Rain,Suburban,82,21,5,4,3,25
1,0,Clear,Urban,67,8,3,0,1,12
5,0,Rain,Suburban,80,6,3,0,1,4
7,1,Clear,Urban,55,29,10,4,4,46
16,0,Rain,Suburban,75,20,11,3,4,20
7,1,Clear,Suburban,58,46,16,6,5,44
20,0,Clear,Urban,68,17,7,2,4,37
13,1,Clear,Urban,69,23,11,3,4,18
12,1,Rain,Highway,86,16,5,4,2,12
17,1,Clear,Suburban,53,44,11,4,5,59
9,1,Rain,Urban,45,28,20,7,2,48
23,0,Clear,Highway,47,26,12,3,3,48
11,0,Fog,Urban,77,25,10,3,3,16
19,0,Rain,Highway,44,56,19,5,3,41
0,0,Clear,Urban,84,5,3,1,2,13
13,0,Clear,Suburban,71,13,10,3,4,31
16,1,Rain,Urban,64,19,9,1,4,12
19,1,Rain,Suburban,70,36,23,6,2,28
7,1,Clear,Suburban,61,28,10,3,4,35
17,1,Clear,Urban,46,28,19,6,4,55
13,0,Clear,Urban,71,23,9,1,2,36
7,0,Clear,Highway,28,35,24,7,3,72
18,0,Clear,Highway,26,54,16,3,6,88
2,0,Clear,Suburban,77,6,3,1,2,10
0,0,Clear,Highway,75,8,3,0,1,13
8,0,Fog,Urban,58,57,21,4,3,49
3,0,Fog,Suburban,71,3,1,0,1,6
9,0,Rain,Urban,56,49,20,6,3,52
3,0,Rain,Suburban,76,9,4,0,2,14
20,0,Clear,Suburban,84,26,6,1,3,39
6,1,Fog,Urban,65,21,14,1,4,12
14,0,Rain,Highway,84,17,9,4,3,24
3,0,Clear,Highway,78,5,4,0,2,9
22,1,Clear,Urban,77,21,13,2,3,21
13,1,Rain,Urban,71,22,7,2,3,22
9,0,Clear,Urban,37,32,17,5,4,86
4,0,Clear,Suburban,84,8,3,0,1,8
17,0,Rain,Highway,41,49,20,4,5,52
11,0,Clear,Suburban,85,19,6,3,4,30
16,0,Clear,Urban,69,17,12,1,2,31
20,0,Clear,Urban,80,12,5,1,3,23
1,1,Clear,Urban,68,4,2,1,2,11
17,0,Clear,Suburban,33,59,12,4,2,74
17,0,Clear,Urban,35,47,17,6,5,89
9,0,Clear,Urban,21,41,10,5,2,93
19,1,Clear,Urban,50,39,17,4,6,56
4,0,Clear,Suburban,77,11,4,0,1,7
3,1,Clear,Suburban,65,6,2,0,2,7
4,1,Clear,Suburban,60,8,3,0,1,3
10,0,Clear,Urban,81,26,14,1,2,31
16,0,Rain,Highway,86,20,8,2,3,36
2,0,Clear,Highway,66,3,2,0,1,19
20,1,Clear,Urban,63,9,5,3,4,16
20,1,Clear,Highway,83,10,13,2,3,16
21,0,Clear,Highway,42,18,7,1,2,42
22,0,Fog,Suburban,86,18,7,4,3,25
1,1,Rain,Suburban,83,6,3,1,1,5
11,1,Fog,Suburban,76,19,6,1,4,9
9,0,Clear,Urban,50,59,12,4,2,66
21,0,Clear,Urban,56,18,5,3,2,49
15,1,Clear,Highway,63,19,12,3,2,28
20,0,Clear,Highway,66,24,9,4,4,28
8,0,Clear,Urban,49,52,12,4,6,63
16,0,Clear,Urban,79,26,7,2,4,24
8,0,Clear,Urban,30,33,21,3,2,97
14,0,Rain,Highway,65,27,5,3,4,35
12,0,Clear,Urban,89,21,12,4,3,28
9,0,Clear,Urban,29,49,12,5,4,76
12,0,Rain,Highway,79,13,11,4,3,24
22,0,Rain,Suburban,60,12,11,1,3,20
22,0,Clear,Urban,47,14,8,3,3,45
5,0,Clear,Highway,62,9,3,0,1,6
7,1,Clear,Suburban,68,27,19,7,2,39
17,1,Clear,Urban,82,47,21,7,4,39
12,0,Fog,Urban,89,26,9,2,3,24
22,0,Clear,Suburban,89,25,12,2,3,28
17,0,Clear,Urban,41,43,17,6,3,68
15,1,Rain,Urban,88,12,7,3,3,22
1,0,Clear,Suburban,85,9,2,1,1,15
11,0,Clear,Urban,66,26,11,1,2,22
1,0,Clear,Urban,73,10,2,0,1,5
11,1,Fog,Suburban,61,12,14,4,3,18
19,1,Clear,Suburban,43,37,19,6,6,44
16,1,Fog,Urban,83,18,12,1,4,16
10,0,Clear,Suburban,68,26,9,1,2,31
23,0,Rain,Urban,68,29,5,3,3,34
13,1,Fog,Urban,65,12,7,3,2,16
19,0,Rain,Urban,35,43,16,7,4,73
7,0,Fog,Highway,58,31,10,6,6,43
16,0,Clear,Highway,68,16,6,3,2,33
11,1,Clear,Suburban,62,13,11,3,2,18
1,1,Clear,Suburban,61,8,2,0,1,10
0,1,Rain,Urban,86,2,2,0,2,8
21,0,Clear,Highway,61,29,13,2,3,30
0,0,Clear,Suburban,61,10,1,1,2,13
11,0,Rain,Urban,88,16,14,1,3,38
21,0,Clear,Highway,59,13,13,1,4,43
23,1,Rain,Urban,62,10,11,1,3,14
18,0,Clear,Urban,20,47,24,7,6,74
7,1,Fog,Suburban,70,45,16,3,4,31
11,0,Clear,Urban,66,25,11,2,2,31
4,0,Clear,Suburban,64,5,4,1,2,9
3,0,Clear,Urban,82,11,4,1,1,11
11,0,Rain,Highway,85,26,6,3,2,16
4,0,Clear,Suburban,82,8,2,1,1,14
9,0,Clear,Suburban,42,39,18,7,3,59
3,0,Clear,Suburban,60,8,2,0,2,17
23,0,Rain,Suburban,60,21,9,2,4,29
14,1,Rain,Suburban,61,20,6,1,2,16
14,1,Clear,Urban,79,22,10,1,2,28
17,0,Fog,Urban,59,33,10,6,3,54
23,0,Rain,Urban,70,26,6,2,2,37
16,0,Clear,Suburban,71,25,12,3,2,21
20,1,Clear,Urban,78,19,12,4,3,32
9,1,Clear,Urban,72,42,17,4,6,40
11,0,Clear,Urban,86,26,7,1,3,33
6,1,Clear,Urban,79,14,5,2,2,31
10,0,Clear,Suburban,60,15,12,3,2,30
14,1,Fog,Suburban,85,17,5,1,3,8
22,0,Clear,Highway,89,16,5,3,4,37
1,0,Clear,Suburban,81,7,1,1,2,16
12,0,Clear,Suburban,80,28,9,4,3,28
12,1,Clear,Suburban,66,9,13,4,2,23
6,0,Fog,Suburban,88,12,6,4,2,16
6,1,Clear,Suburban,62,15,8,3,3,16
9,0,Clear,Urban,30,46,12,7,6,73
18,0,Clear,Highway,57,44,24,5,4,50
11,1,Rain,Urban,84,19,11,1,4,20
2,0,Rain,Urban,73,3,1,0,2,12
9,0,Clear,Suburban,29,40,24,7,2,78
18,0,Clear,Urban,43,47,22,7,3,51
22,0,Clear,Urban,85,27,11,4,2,31
14,1,Clear,Urban,64,9,6,4,2,30
8,0,Clear,Highway,44,39,23,4,2,63
10,0,Rain,Urban,78,24,14,1,3,20
23,0,Clear,Highway,86,27,8,2,4,37
13,0,Clear,Highway,67,27,5,2,4,24
19,0,Clear,Highway,57,30,16,7,3,52
11,0,Clear,Urban,58,20,5,1,4,41
15,0,Clear,Suburban,40,20,5,3,2,46
10,1,Clear,Highway,69,14,12,1,2,32
9,1,Clear,Highway,50,27,20,7,5,46
13,0,Clear,Urban,88,17,5,3,2,25
1,0,Clear,Suburban,69,4,1,0,1,12
19,0,Clear,Urban,58,42,14,3,4,66
0,0,Clear,Highway,86,10,1,1,2,10
10,0,Clear,Urban,86,28,5,4,2,35
7,0,Clear,Urban,21,51,23,7,4,95
18,0,Clear,Urban,26,40,19,4,4,80
13,0,Clear,Highway,78,24,10,3,3,36
18,0,Fog,Highway,45,39,17,3,2,51
13,0,Clear,Highway,82,21,11,2,4,29
22,0,Clear,Suburban,47,14,10,1,4,44
4,0,Clear,Suburban,62,7,4,0,1,7
16,1,Clear,Suburban,70,20,7,1,3,23
8,0,Clear,Urban,27,49,21,5,5,86
3,0,Clear,Urban,80,9,3,1,2,19
22,0,Clear,Suburban,45,18,14,1,3,42
15,1,Rain,Urban,85,9,7,1,3,13
15,0,Rain,Suburban,68,15,11,4,2,32
13,0,Rain,Urban,84,18,7,3,2,34
19,0,Clear,Highway,49,51,11,7,4,52
22,0,Fog,Urban,65,14,5,3,2,13
2,1,Rain,Urban,75,4,3,0,2,9
11,0,Rain,Urban,61,12,9,2,3,16
23,0,Clear,Highway,67,23,7,3,2,24
20,0,Clear,Urban,72,15,7,3,3,35
22,0,Clear,Urban,57,29,5,2,2,41
3,1,Clear,Suburban,61,8,1,0,2,11
1,0,Clear,Suburban,60,11,2,1,2,7
23,0,Clear,Urban,81,19,9,2,4,40
3,1,Clear,Highway,70,3,4,0,2,5
10,0,Rain,Urban,75,29,6,4,2,32
12,1,Rain,Suburban,75,23,10,4,2,13
13,0,Clear,Suburban,48,12,10,3,4,44
17,0,Rain,Suburban,21,56,14,5,5,71
13,0,Rain,Suburban,76,17,5,3,4,16
16,1,Rain,Suburban,64,15,5,3,4,16
10,0,Rain,Suburban,86,27,13,1,4,28
3,0,Clear,Highway,88,5,1,1,2,18
11,0,Fog,Urban,71,13,10,4,2,27
6,1,Rain,Highway,80,12,14,4,3,23
1,0,Clear,Highway,79,3,3,0,1,15
7,1,Clear,Highway,41,30,12,3,3,46
10,1,Clear,Urban,74,11,14,2,4,14
8,0,Clear,Urban,42,58,19,3,2,51
20,0,Clear,Suburban,55,19,13,1,2,47
17,1,Clear,Urban,50,43,17,5,6,46
1,1,Rain,Highway,65,7,1,1,1,10
18,0,Clear,Urban,48,44,22,6,4,52
22,0,Clear,Suburban,82,12,12,3,4,30
8,0,Clear,Suburban,43,34,17,3,2,51
0,0,Clear,Highway,86,3,1,0,1,8
0,1,Clear,Urban,72,7,1,1,1,5
4,0,Clear,Urban,65,9,4,0,2,5
14,0,Clear,Urban,66,16,9,1,4,21
21,1,Clear,Urban,73,10,12,3,4,30
23,0,Clear,Suburban,47,27,6,2,4,49
17,0,Clear,Urban,51,31,14,7,4,51
5,1,Clear,Highway,70,8,4,1,1,6
23,0,Clear,Suburban,89,13,12,4,2,27
18,1,Clear,Highway,59,24,16,5,6,67
14,0,Clear,Highway,77,15,5,4,4,28
21,0,Clear,Suburban,60,17,7,2,2,30
4,1,Clear,Urban,68,6,2,1,1,11
17,0,Clear,Urban,52,43,24,5,5,59
5,1,Rain,Suburban,64,2,3,0,2,4
1,0,Clear,Urban,86,7,3,1,1,17
5,0,Fog,Suburban,61,8,1,0,2,10
20,1,Clear,Urban,72,9,13,3,2,20
0,1,Clear,Urban,87,7,2,0,2,12
22,0,Clear,Highway,79,15,8,3,3,37
19,0,Clear,Suburban,37,59,23,3,5,98
1,1,Clear,Suburban,63,8,4,0,1,9
7,1,Clear,Urban,42,44,14,7,6,49
8,0,Clear,Highway,41,34,15,4,3,55
6,1,Rain,Highway,74,14,6,1,2,25
10,1,Rain,Suburban,66,14,8,1,2,13
15,1,Rain,Highway,64,16,9,4,3,24
1,1,Clear,Highway,88,8,2,0,2,9
13,0,Rain,Urban,71,23,8,4,2,35
23,1,Rain,Suburban,86,23,11,2,3,15
4,0,Clear,Urban,79,6,4,1,2,14
15,0,Rain,Urban,87,22,7,4,4,32
15,1,Fog,Highway,74,15,11,1,2,10
8,0,Clear,Urban,25,59,22,7,5,90
13,0,Clear,Urban,60,12,14,3,4,24
5,0,Rain,Highway,84,8,1,1,1,10
17,1,Rain,Highway,65,32,18,3,3,40
1,1,Fog,Urban,63,5,3,0,1,4
5,0,Rain,Urban,84,4,2,1,1,15
2,0,Fog,Suburban,80,8,4,1,1,6
2,1,Clear,Urban,66,8,3,0,2,13
20,0,Clear,Urban,63,23,11,1,2,35
18,1,Clear,Urban,41,32,23,4,5,43
7,0,Rain,Urban,46,47,21,5,6,46
20,1,Rain,Urban,75,19,11,3,4,22
15,1,Clear,Urban,67,17,9,3,2,34
4,0,Clear,Highway,86,4,4,1,2,6
2,0,Rain,Suburban,71,6,1,0,1,4
12,0,Clear,Highway,47,18,9,1,4,45
2,0,Rain,Suburban,74,9,4,1,2,10
14,0,Rain,Highway,73,22,12,3,3,26
20,0,Fog,Highway,75,24,14,1,2,12
7,0,Clear,Urban,55,38,11,4,6,64
3,0,Clear,Urban,62,7,2,1,2,5
3,1,Fog,Urban,68,3,1,0,1,5
22,0,Rain,Highway,65,23,11,3,2,23
17,0,Clear,Urban,42,44,18,5,2,52
3,0,Fog,Suburban,89,6,2,0,2,7
12,0,Clear,Suburban,59,12,9,1,2,45
12,0,Rain,Highway,62,14,10,2,3,28
9,1,Clear,Urban,55,44,13,7,3,66
14,1,Clear,Highway,86,9,11,3,3,18
18,0,Clear,Suburban,36,30,19,6,6,84
23,1,Clear,Highway,83,22,8,3,4,32
5,0,Clear,Urban,82,5,3,0,2,15
6,0,Clear,Urban,56,17,12,3,4,41
0,0,Rain,Suburban,84,7,4,1,1,5
13,0,Clear,Highway,65,27,13,4,4,24
11,1,Clear,Highway,70,9,9,1,4,26
17,1,Clear,Suburban,44,26,19,3,5,63
17,0,Fog,Suburban,41,58,21,6,6,55
6,0,Fog,Highway,80,22,11,4,2,12
4,1,Clear,Suburban,83,3,3,0,1,4
13,1,Rain,Highway,67,23,7,2,2,12
17,1,Clear,Suburban,51,47,18,4,4,53
16,0,Clear,Urban,78,29,6,1,3,32
12,0,Clear,Urban,52,29,6,1,3,45
9,0,Clear,Urban,27,58,16,6,6,72
7,1,Clear,Suburban,57,36,12,4,3,62
1,0,Clear,Suburban,85,8,1,0,2,5
13,0,Clear,Suburban,77,17,8,3,3,37
10,0,Clear,Urban,62,13,11,3,4,35
22,0,Clear,Urban,72,17,12,2,4,27
23,1,Clear,Suburban,64,22,14,3,3,18
10,0,Rain,Urban,65,23,5,1,3,31
10,0,Clear,Highway,83,12,9,3,2,28
16,1,Clear,Suburban,80,23,11,3,4,31
7,0,Clear,Urban,45,43,20,7,5,53
14,0,Rain,Highway,78,12,14,3,3,33
4,1,Clear,Suburban,86,2,2,1,1,11
0,0,Clear,Urban,62,10,4,0,2,15
17,0,Clear,Urban,36,49,16,3,4,76
5,0,Clear,Urban,87,10,4,1,1,11
6,0,Rain,Highway,88,23,13,3,3,33
9,0,Fog,Highway,49,40,14,6,4,55
21,0,Clear,Suburban,80,18,12,1,3,27
13,0,Clear,Highway,61,20,8,1,2,26
0,0,Clear,Urban,83,7,2,1,1,18
18,0,Fog,Suburban,88,58,20,5,5,37
1,0,Clear,Suburban,85,5,4,0,2,13
5,1,Clear,Urban,78,5,3,0,2,4
21,0,Clear,Highway,73,22,7,3,3,28
19,1,Fog,Suburban,60,45,12,7,6,21
7,0,Rain,Suburban,25,57,24,7,4,71
10,0,Fog,Highway,84,18,5,3,4,19
7,0,Clear,Urban,38,55,14,5,5,99
18,0,Clear,Suburban,47,32,24,5,4,58
23,0,Rain,Suburban,82,19,9,4,4,35
1,0,Clear,Urban,88,7,4,0,2,8
9,0,Clear,Urban,23,45,20,5,2,71
13,1,Clear,Suburban,73,19,10,1,2,27
0,1,Clear,Highway,83,8,4,1,1,11
14,0,Clear,Highway,48,21,12,4,2,42
15,0,Clear,Highway,89,13,6,4,4,34
19,1,Clear,Urban,52,43,11,6,4,44
7,0,Clear,Urban,28,30,11,6,2,73
23,0,Rain,Highway,71,25,10,1,4,27
17,0,Fog,Suburban,45,36,20,7,6,54
4,0,Rain,Urban,70,6,3,0,2,5
4,0,Clear,Highway,60,11,2,0,1,11
1,1,Fog,Urban,71,5,4,1,2,3
12,0,Clear,Highway,61,29,5,1,4,21
12,0,Clear,Suburban,41,17,5,3,2,43
1,0,Clear,Urban,73,8,3,1,1,19
23,0,Clear,Suburban,54,12,7,3,3,47
2,0,Rain,Urban,66,4,2,0,1,4
1,0,Clear,Highway,80,5,4,0,2,13
21,1,Fog,Urban,68,17,13,2,2,19
15,1,Clear,Highway,87,10,5,1,2,22
11,0,Clear,Urban,51,26,14,2,3,49
7,0,Clear,Highway,57,42,15,7,5,51
20,1,Clear,Urban,67,15,7,3,3,21
7,1,Rain,Highway,46,44,18,6,2,52
17,0,Fog,Suburban,47,48,12,5,3,43
7,1,Clear,Urban,46,32,16,6,6,42
4,0,Fog,Suburban,74,6,2,1,2,9
9,1,Clear,Highway,48,36,13,5,3,42
15,0,Clear,Urban,43,17,9,4,4,41
23,1,Rain,Highway,67,17,14,1,3,21
21,0,Clear,Suburban,80,24,11,1,3,32
11,1,Clear,Urban,64,20,11,4,4,14
3,1,Clear,Suburban,77,8,3,1,1,4
22,1,Clear,Suburban,88,23,8,2,2,28
10,1,Rain,Highway,88,15,11,2,2,21
15,1,Clear,Urban,87,20,13,1,4,19
17,1,Clear,Highway,46,34,21,6,3,48
18,1,Clear,Suburban,51,41,16,4,6,45
13,0,Clear,Urban,75,12,14,3,3,33
4,0,Clear,Urban,63,3,4,1,2,8
20,0,Clear,Suburban,87,19,12,3,4,35
13,1,Rain,Highway,77,16,9,4,3,11
3,0,Clear,Highway,79,10,1,1,1,5
1,1,Rain,Urban,72,6,1,0,1,5
22,1,Rain,Suburban,85,20,13,3,2,21
19,0,Fog,Suburban,51,41,22,6,5,50
1,1,Clear,Highway,75,4,2,1,1,6
3,0,Clear,Highway,82,3,3,0,1,8
19,0,Clear,Suburban,51,54,16,4,5,53
5,0,Fog,Suburban,74,11,2,0,2,10
10,1,Clear,Urban,84,10,11,1,2,26
5,0,Rain,Urban,72,11,1,0,1,8
15,0,Rain,Suburban,80,14,12,1,2,36
17,1,Clear,Urban,87,43,20,5,2,40
5,1,Clear,Urban,85,8,2,1,2,3
13,0,Clear,Urban,84,18,14,2,2,26
6,0,Clear,Urban,81,16,14,3,2,39
20,0,Clear,Urban,86,12,7,4,2,20
5,0,Clear,Urban,61,7,2,1,1,6
4,0,Clear,Highway,63,11,1,0,1,7
8,0,Fog,Urban,89,51,24,7,3,39
17,0,Clear,Urban,45,47,11,6,2,58
23,0,Clear,Suburban,63,19,5,4,3,35
20,1,Fog,Urban,83,16,6,1,3,9
15,0,Rain,Highway,86,24,7,4,4,34
1,1,Clear,Suburban,67,4,4,0,1,7
10,0,Clear,Highway,60,26,5,2,4,23
19,0,Clear,Highway,29,54,16,6,5,74
6,0,Clear,Urban,74,28,13,3,2,23
16,0,Clear,Urban,51,26,9,1,3,47
6,1,Rain,Urban,76,12,5,3,4,24
16,0,Clear,Highway,70,14,11,4,3,30
3,0,Rain,Urban,80,9,3,1,1,6
6,0,Clear,Suburban,77,28,7,2,2,29
9,0,Rain,Urban,47,58,16,6,3,44
10,1,Clear,Suburban,70,9,9,2,3,30
14,1,Clear,Urban,61,19,14,4,4,24
23,0,Clear,Suburban,82,29,13,2,4,37
18,0,Rain,Urban,45,57,16,7,2,70
10,0,Clear,Suburban,75,18,8,1,2,21
9,1,Clear,Suburban,86,28,12,5,3,39
4,0,Clear,Urban,61,9,3,0,2,18
6,0,Clear,Suburban,76,14,7,3,4,38
5,0,Clear,Urban,84,3,1,0,2,11
15,1,Rain,Urban,87,14,6,2,2,22
10,0,Rain,Urban,78,22,13,2,2,37
2,0,Clear,Suburban,75,3,3,0,2,8
4,0,Clear,Urban,66,7,1,1,2,9
15,0,Clear,Urban,62,12,7,1,3,21
17,0,Rain,Urban,85,35,19,6,3,40
20,0,Clear,Suburban,70,21,5,2,3,26
1,1,Clear,Highway,84,7,1,1,2,9
12,1,Fog,Urban,86,17,11,3,4,9
19,0,Clear,Urban,57,51,19,6,4,56
12,0,Clear,Urban,81,27,11,2,2,35
16,1,Rain,Suburban,89,20,8,3,3,11
4,0,Rain,Suburban,89,11,1,1,1,7
1,0,Clear,Highway,84,5,1,1,2,15
19,0,Rain,Suburban,54,33,14,4,3,68
11,0,Clear,Urban,63,27,13,2,2,26
18,0,Clear,Highway,35,48,15,7,5,99
6,0,Rain,Urban,82,12,9,2,3,20
6,0,Clear,Suburban,71,29,7,2,4,40
21,0,Clear,Suburban,88,17,6,2,4,29
9,0,Fog,Urban,46,48,17,4,3,57
15,1,Clear,Suburban,71,16,7,4,4,18
21,0,Rain,Highway,77,19,6,4,3,24
1,1,Fog,Suburban,61,4,4,0,1,2
11,0,Rain,Suburban,74,20,7,2,3,26
11,0,Clear,Urban,77,23,14,4,2,26
19,0,Clear,Suburban,30,46,12,5,5,86
0,0,Clear,Highway,65,3,2,0,1,6
16,0,Rain,Urban,72,15,13,3,2,24
18,1,Clear,Highway,58,32,23,4,3,53
11,1,Clear,Suburban,77,11,14,4,2,22
0,0,Rain,Suburban,83,7,3,1,2,8
18,0,Clear,Highway,56,44,17,5,5,62
12,0,Clear,Suburban,63,20,5,4,3,33
18,1,Rain,Urban,80,44,13,6,3,33
11,0,Clear,Urban,88,12,7,4,2,38
12,0,Clear,Highway,76,26,5,1,2,35
18,0,Clear,Urban,25,55,12,7,2,84
16,0,Clear,Urban,83,28,7,1,4,31
7,0,Clear,Highway,28,38,14,5,5,92
22,0,Rain,Suburban,88,13,13,1,2,24
18,0,Clear,Urban,37,31,12,5,6,81
5,0,Clear,Suburban,81,4,3,1,1,16
19,0,Clear,Highway,51,34,22,4,2,61
2,0,Rain,Suburban,76,11,2,1,2,10
13,0,Clear,Highway,69,21,7,2,3,32
11,0,Clear,Urban,82,12,9,3,2,20
23,0,Clear,Highway,77,19,9,2,3,21
11,0,Clear,Highway,85,19,10,2,3,25
5,0,Clear,Suburban,87,11,3,0,2,8
5,0,Clear,Suburban,85,11,3,0,1,17
18,1,Fog,Suburban,83,40,10,3,3,22
20,0,Fog,Suburban,80,17,10,3,4,12
4,0,Clear,Urban,87,11,3,0,1,5
21,0,Clear,Urban,50,22,14,2,2,48
11,0,Rain,Suburban,83,17,10,3,3,36
23,0,Clear,Suburban,50,16,5,2,3,46
6,0,Clear,Urban,86,17,13,4,4,31
9,0,Clear,Highway,25,35,16,4,2,98
11,0,Clear,Highway,85,17,6,2,2,25
17,0,Clear,Highway,33,34,16,6,6,92
4,0,Clear,Urban,84,6,1,0,2,19
6,0,Clear,Urban,80,24,7,2,4,39
9,0,Clear,Urban,32,37,16,7,2,88
19,0,Clear,Highway,48,30,16,3,5,55
20,0,Clear,Urban,72,21,13,4,2,29
18,0,Clear,Urban,21,56,20,5,5,92
1,0,Clear,Urban,84,10,2,1,1,7
16,0,Rain,Suburban,77,28,11,3,2,29
17,0,Clear,Highway,50,32,11,6,5,65
4,1,Rain,Highway,75,3,4,0,1,8
9,0,Fog,Highway,83,33,10,7,2,34
21,0,Clear,Suburban,53,14,7,3,4,48
13,0,Clear,Suburban,64,23,5,4,2,26
3,0,Clear,Urban,66,7,1,1,2,19
11,0,Clear,Highway,52,14,6,2,3,47
17,0,Rain,Highway,27,34,11,3,5,78
21,0,Clear,Suburban,52,14,6,4,3,48
10,0,Clear,Suburban,72,16,5,4,2,24
1,0,Clear,Highway,88,3,1,0,2,18
21,1,Clear,Suburban,60,20,9,2,3,26
17,0,Clear,Highway,21,41,23,5,6,90
13,1,Rain,Urban,88,9,12,2,3,12
22,0,Clear,Suburban,60,16,7,1,2,24
14,1,Rain,Urban,66,15,9,3,2,12
14,1,Clear,Urban,76,21,6,3,3,14
2,1,Rain,Urban,78,8,2,1,2,4
3,0,Clear,Suburban,72,3,4,1,1,19
10,1,Rain,Highway,68,12,12,3,2,22
6,0,Clear,Urban,74,18,7,2,4,31
5,1,Fog,Suburban,85,5,4,0,1,3
6,0,Clear,Suburban,43,14,8,1,4,45
11,1,Rain,Urban,88,12,5,2,4,24
18,1,Clear,Urban,50,44,10,7,3,47
9,0,Fog,Suburban,83,36,11,5,2,30
3,0,Clear,Urban,61,10,4,1,1,6
9,1,Clear,Highway,67,32,14,4,4,37
17,1,Clear,Highway,57,28,18,4,2,69
3,0,Clear,Highway,65,9,2,1,2,8
19,0,Rain,Urban,20,45,20,4,6,78
17,0,Clear,Urban,33,39,16,5,4,75
3,1,Fog,Urban,73,8,2,0,1,4
11,1,Rain,Highway,78,16,5,1,3,12
1,1,Clear,Suburban,72,5,1,1,2,8
22,1,Rain,Highway,67,11,14,1,3,24
8,0,Rain,Suburban,55,55,21,3,3,49
7,0,Clear,Highway,52,38,23,7,5,69
11,0,Fog,Urban,76,23,14,4,4,17
14,0,Clear,Highway,73,17,12,1,4,20
4,0,Rain,Urban,89,10,3,0,1,12
19,1,Rain,Highway,79,41,20,5,6,32
15,0,Clear,Highway,84,14,13,3,3,23
22,0,Clear,Urban,73,12,13,3,3,25
5,0,Rain,Suburban,71,9,1,0,1,15
1,0,Clear,Urban,77,4,1,1,1,15
18,0,Clear,Suburban,36,52,17,4,3,80
1,0,Clear,Urban,75,6,3,1,1,16
20,0,Clear,Urban,51,12,7,3,4,49
8,1,Clear,Suburban,42,46,12,3,4,65
11,0,Clear,Suburban,82,23,5,1,3,38
22,0,Clear,Suburban,64,20,7,2,3,33
3,1,Clear,Highway,60,7,2,0,1,7
21,0,Clear,Suburban,78,28,8,1,3,30
4,0,Clear,Urban,75,6,3,1,1,14
1,0,Clear,Urban,80,11,3,1,1,12
2,0,Clear,Urban,83,3,4,0,1,11
12,0,Clear,Suburban,74,24,11,1,3,31
21,0,Fog,Highway,89,29,8,1,4,21
13,0,Fog,Highway,76,20,5,2,4,29
5,1,Clear,Suburban,83,6,1,0,1,8
6,0,Fog,Urban,83,15,7,3,4,29
10,0,Clear,Suburban,49,14,14,2,2,46
3,1,Clear,Suburban,84,3,1,1,1,4
1,0,Clear,Urban,79,8,2,0,1,9
3,0,Clear,Highway,66,5,1,0,1,18
15,1,Clear,Highway,67,16,9,2,4,22
18,1,Rain,Urban,46,28,12,6,4,47
14,0,Clear,Suburban,62,28,8,4,3,30
16,1,Clear,Urban,65,13,9,1,3,24
6,0,Clear,Urban,83,21,11,3,4,39
7,0,Fog,Highway,51,45,12,5,3,52
19,0,Clear,Suburban,33,59,16,7,2,85
18,0,Rain,Highway,43,39,17,5,6,62
5,1,Clear,Urban,69,6,3,1,1,8
15,0,Clear,Highway,81,17,9,4,3,21
11,1,Clear,Urban,80,13,11,4,2,22
6,0,Clear,Highway,46,16,8,1,4,44
5,0,Rain,Urban,79,6,3,1,1,12
2,0,Clear,Urban,65,5,3,1,2,7
14,1,Fog,Highway,75,15,5,1,2,16
1,0,Clear,Highway,87,5,2,1,1,16
16,1,Clear,Suburban,89,18,9,2,2,21
20,0,Clear,Highway,51,20,6,4,2,41
16,1,Clear,Highway,72,17,14,3,4,14
2,0,Fog,Urban,88,5,4,1,2,4
8,0,Rain,Urban,53,47,22,6,2,55
11,0,Clear,Suburban,54,25,14,1,4,47
21,0,Clear,Highway,43,12,11,1,4,42
2,0,Clear,Urban,73,4,3,0,1,10
21,0,Rain,Suburban,83,13,7,3,3,18
23,1,Rain,Suburban,66,19,7,2,4,24
11,0,Rain,Suburban,73,25,8,2,2,32
14,0,Clear,Suburban,75,27,12,1,2,20
0,0,Clear,Urban,80,8,2,1,2,12
0,1,Clear,Highway,80,4,2,1,2,12
0,1,Clear,Suburban,64,4,3,1,1,12
8,0,Clear,Highway,29,57,14,6,4,91
21,0,Clear,Suburban,73,27,14,1,3,38
8,0,Clear,Urban,35,56,24,7,6,86
10,1,Clear,Urban,65,18,10,1,2,24
18,0,Clear,Urban,25,48,22,5,3,83
8,0,Clear,Urban,21,48,16,3,5,71
4,0,Rain,Highway,77,3,3,1,2,10
4,0,Clear,Urban,76,9,4,0,2,16
12,0,Fog,Urban,60,25,7,1,2,25
2,0,Clear,Highway,75,9,3,1,1,7
3,0,Clear,Highway,61,6,4,1,2,16
16,0,Rain,Urban,68,15,12,1,3,31
7,0,Rain,Suburban,59,57,16,3,3,46
2,0,Clear,Urban,78,8,2,1,1,8
3,1,Rain,Suburban,84,2,4,0,2,10
5,1,Fog,Suburban,88,8,4,1,2,2
13,0,Clear,Highway,48,18,9,4,2,43
21,1,Clear,Urban,63,16,10,1,3,34
19,1,Fog,Urban,83,28,11,3,5,29
20,0,Clear,Highway,69,25,5,3,3,23
15,0,Clear,Suburban,74,21,5,1,4,40
6,0,Clear,Suburban,48,21,13,4,3,45
6,1,Clear,Highway,60,15,14,3,2,14
21,0,Rain,Suburban,61,29,6,4,3,18
10,0,Clear,Highway,52,13,6,2,4,49
22,0,Rain,Suburban,63,29,14,4,3,39
22,1,Clear,Highway,82,20,10,4,3,30
18,1,Rain,Urban,56,29,14,7,2,52
8,0,Clear,Suburban,23,33,23,6,2,85
3,0,Clear,Urban,86,7,3,1,1,11
18,1,Rain,Suburban,42,35,17,7,3,48
17,0,Clear,Suburban,23,30,15,3,5,99
17,0,Clear,Urban,23,39,23,7,4,82
22,0,Clear,Urban,59,13,6,1,4,47
7,0,Clear,Highway,46,40,11,3,3,57
2,1,Clear,Suburban,87,6,4,1,2,5
7,0,Clear,Urban,45,44,18,6,6,67
0,0,Clear,Urban,86,5,2,1,1,18
16,0,Rain,Suburban,76,26,10,1,2,38
22,0,Clear,Suburban,58,26,12,1,3,48
0,0,Clear,Urban,83,4,3,1,2,13
8,0,Clear,Urban,42,39,18,6,2,60
21,0,Clear,Urban,65,23,12,1,3,22
12,0,Fog,Highway,83,19,6,3,4,29
2,0,Clear,Suburban,75,6,4,1,2,14
14,1,Rain,Highway,85,16,9,1,4,16
12,0,Clear,Suburban,72,24,7,1,4,20
13,0,Clear,Urban,76,24,8,1,2,21
4,0,Fog,Suburban,74,10,2,1,1,11
14,1,Rain,Highway,70,12,12,1,2,20
18,1,Rain,Suburban,65,28,20,7,6,28
15,0,Clear,Urban,72,20,6,4,2,38
11,0,Clear,Suburban,59,13,13,2,2,42
20,0,Rain,Suburban,81,29,14,2,3,28
9,0,Clear,Suburban,45,56,17,5,4,61
10,0,Clear,Suburban,78,21,13,3,2,26
4,1,Rain,Urban,76,2,2,1,2,5
16,0,Fog,Suburban,74,17,9,2,4,25
15,0,Clear,Highway,44,17,7,4,2,48
17,0,Clear,Suburban,30,37,19,3,4,89
12,0,Clear,Urban,47,19,11,1,4,42
5,0,Clear,Suburban,66,4,3,0,2,13
22,0,Rain,Urban,71,13,9,2,3,38
17,0,Clear,Suburban,20,37,23,4,4,94
4,0,Rain,Urban,76,6,1,0,1,12
20,0,Clear,Highway,70,28,13,1,4,35
17,0,Clear,Highway,30,53,12,5,4,94
21,1,Clear,Urban,76,19,8,4,3,16
21,0,Clear,Suburban,80,17,13,3,3,31
11,1,Clear,Urban,70,18,9,1,3,33
11,1,Fog,Urban,71,23,8,3,2,19
6,0,Clear,Suburban,61,28,10,3,4,21
23,0,Clear,Urban,75,18,6,4,2,33
14,0,Clear,Highway,62,19,6,1,3,40
20,1,Clear,Suburban,75,17,9,2,4,29
18,0,Clear,Suburban,54,41,15,7,2,66
11,0,Fog,Urban,85,20,14,3,4,20
14,1,Rain,Suburban,76,12,14,2,3,21
16,0,Clear,Highway,87,22,5,4,4,39
13,0,Clear,Suburban,80,13,8,3,2,37
9,1,Rain,Highway,74,29,11,7,3,31
5,0,Rain,Urban,75,5,3,1,1,8
1,0,Clear,Urban,78,10,2,1,1,11
11,0,Clear,Highway,72,28,6,3,4,37
0,0,Clear,Urban,74,6,2,1,1,11
2,0,Fog,Urban,72,6,1,0,2,7
18,1,Rain,Urban,81,28,11,3,5,28
5,0,Clear,Urban,80,11,4,1,1,11
8,1,Clear,Urban,53,43,11,4,3,49
23,1,Rain,Highway,65,9,11,4,4,23
21,1,Clear,Urban,74,10,14,2,4,28
4,1,Clear,Urban,88,8,2,1,2,3
3,0,Rain,Highway,67,9,1,1,1,9
18,0,Clear,Highway,37,43,11,5,5,98
23,0,Rain,Suburban,65,20,13,2,4,39
19,0,Rain,Suburban,56,51,22,7,6,60
19,1,Clear,Suburban,74,24,15,3,3,39
6,0,Clear,Highway,58,19,14,2,2,48
22,0,Clear,Highway,40,13,6,4,3,42
8,0,Rain,Suburban,55,47,13,3,5,66
17,0,Clear,Urban,29,57,19,7,2,99
22,1,Rain,Highway,67,23,7,1,3,14
16,1,Clear,Urban,69,9,13,3,4,19
8,1,Rain,Urban,66,26,14,5,2,29
8,0,Fog,Suburban,69,31,14,7,5,40
20,0,Clear,Suburban,45,16,13,4,3,42
5,0,Fog,Suburban,82,9,1,0,1,7
6,1,Fog,Urban,86,16,12,2,2,16
8,1,Clear,Suburban,51,47,21,4,5,68
18,0,Clear,Suburban,43,34,21,7,5,63
23,0,Clear,Highway,40,24,14,1,2,42
3,0,Fog,Suburban,74,3,3,0,1,7
18,0,Clear,Highway,41,45,18,5,2,58
5,1,Clear,Suburban,72,5,1,1,1,8
9,1,Clear,Suburban,41,39,11,5,6,59
9,0,Clear,Highway,39,50,19,3,3,77
12,0,Clear,Suburban,81,26,12,2,3,21
8,1,Clear,Suburban,47,32,10,6,4,68
9,0,Rain,Urban,41,37,12,5,5,58
7,1,Rain,Urban,43,26,13,7,4,50
23,1,Rain,Urban,73,12,8,3,4,16
22,0,Clear,Highway,54,22,6,2,4,49
12,0,Clear,Suburban,43,14,8,4,4,46
1,0,Clear,Urban,66,8,3,1,1,13
19,1,Clear,Suburban,54,32,24,5,6,49
19,0,Clear,Urban,23,30,24,7,6,85
6,0,Fog,Suburban,71,12,6,4,3,14
13,0,Clear,Urban,79,21,8,1,4,20
8,0,Clear,Suburban,28,40,16,6,5,95
11,0,Clear,Urban,59,29,7,4,2,48
3,1,Clear,Highway,60,4,4,1,2,12
3,0,Clear,Highway,89,4,2,1,2,7
21,1,Clear,Urban,82,13,6,3,3,25
2,0,Rain,Urban,86,10,4,1,1,8
7,0,Clear,Highway,35,45,15,5,4,93
18,0,Clear,Suburban,23,37,14,5,3,87
12,1,Clear,Urban,73,16,12,4,2,15
9,0,Clear,Urban,32,51,14,5,3,86
8,0,Clear,Highway,28,51,20,5,4,85
4,0,Clear,Highway,83,11,3,1,2,15
12,0,Clear,Suburban,56,22,11,3,4,49
7,0,Rain,Suburban,48,57,18,3,3,67
22,1,Clear,Suburban,75,18,11,2,3,21
19,0,Clear,Urban,20,51,24,3,3,78
20,0,Clear,Urban,71,23,10,2,3,37
5,0,Rain,Urban,70,4,2,0,1,8
22,0,Rain,Highway,85,20,12,4,4,37
17,0,Rain,Highway,49,49,23,3,5,47
6,0,Clear,Highway,83,17,11,3,3,32
11,0,Clear,Highway,45,12,13,3,3,46
15,1,Clear,Urban,74,14,10,4,2,21
6,0,Clear,Urban,62,19,7,2,2,31
16,0,Fog,Urban,86,29,7,3,4,26
17,0,Clear,Highway,30,57,10,5,5,86
13,0,Fog,Urban,85,25,5,2,4,15
16,0,Clear,Suburban,85,19,9,2,3,28
10,0,Clear,Highway,84,21,9,4,2,21
11,1,Clear,Highway,75,12,7,4,4,32
3,0,Clear,Suburban,81,5,1,0,1,10
13,0,Rain,Highway,67,17,10,4,2,21
23,0,Fog,Urban,66,27,12,2,3,14
7,1,Rain,Urban,45,41,19,5,5,42
13,1,Clear,Urban,66,20,11,4,2,30
22,0,Clear,Highway,70,28,7,4,2,24
12,1,Clear,Urban,68,10,5,1,3,15
7,0,Rain,Highway,45,46,14,5,6,52
17,0,Clear,Suburban,20,49,24,4,4,77
19,1,Clear,Suburban,69,42,22,5,3,35
15,0,Rain,Urban,76,22,13,3,4,18
14,0,Clear,Suburban,86,21,14,4,3,24
1,1,Clear,Highway,61,8,3,0,2,9
15,0,Clear,Suburban,41,20,14,3,3,42
23,0,Clear,Highway,84,13,11,1,2,38
14,1,Clear,Suburban,77,20,10,4,2,21
22,0,Clear,Suburban,65,27,14,4,3,35
14,1,Rain,Urban,87,20,8,4,2,14
5,1,Clear,Urban,66,6,3,1,1,5
22,0,Clear,Suburban,52,21,5,2,3,49
23,1,Clear,Suburban,70,10,7,2,4,23
0,1,Clear,Urban,80,7,2,1,2,6
5,0,Clear,Highway,64,3,3,1,1,6
22,0,Fog,Urban,61,23,13,2,2,15
19,0,Clear,Highway,22,30,13,4,4,76
8,1,Clear,Highway,47,39,20,5,3,41
4,1,Fog,Urban,79,8,1,0,2,5
8,1,Clear,Urban,48,44,11,7,6,53
21,0,Clear,Suburban,88,16,9,3,4,30
17,0,Rain,Urban,22,50,14,6,3,71
14,1,Clear,Urban,69,9,10,3,3,20
13,0,Fog,Highway,63,25,10,1,2,25
1,1,Fog,Suburban,79,7,2,0,1,7
10,0,Clear,Highway,83,27,11,2,2,38
7,1,Fog,Highway,79,40,13,5,6,37
2,1,Clear,Suburban,68,8,2,1,2,11
2,0,Clear,Urban,81,3,4,0,2,19
14,1,Rain,Suburban,61,20,6,3,4,16
15,0,Clear,Urban,81,26,12,3,2,35
1,1,Clear,Suburban,76,3,3,1,1,4
23,0,Clear,Suburban,78,29,10,2,4,25
19,1,Fog,Suburban,77,38,13,3,3,34
1,0,Clear,Highway,89,5,2,0,1,14
23,1,Clear,Urban,73,21,9,3,4,14
2,1,Clear,Suburban,65,6,1,1,2,5
16,1,Clear,Suburban,73,23,10,1,2,32
11,1,Clear,Highway,81,17,12,1,3,26
5,0,Clear,Urban,64,7,1,1,2,5
7,0,Clear,Highway,37,47,13,5,6,95
23,0,Clear,Highway,84,29,8,1,3,22
17,0,Clear,Urban,31,55,13,7,4,93
13,1,Clear,Suburban,63,23,8,1,4,23
18,1,Fog,Urban,60,28,21,7,6,36
4,1,Clear,Suburban,63,6,3,0,2,8
1,1,Clear,Suburban,75,3,4,1,2,13
8,0,Clear,Urban,30,45,11,4,3,77
12,0,Fog,Urban,65,29,7,2,4,18
12,1,Rain,Urban,86,22,5,2,2,24
9,0,Rain,Suburban,28,42,11,7,5,76
11,1,Clear,Suburban,73,18,12,1,4,31
6,0,Clear,Urban,80,15,5,3,3,36
8,0,Clear,Urban,55,52,17,4,6,64
7,0,Clear,Highway,49,46,18,5,4,66
7,1,Clear,Highway,54,42,15,4,5,47
1,1,Clear,Suburban,70,8,4,0,1,9
12,1,Clear,Suburban,69,16,10,2,3,22
13,0,Rain,Suburban,84,29,6,1,4,36
1,1,Clear,Suburban,62,8,3,0,1,9
17,0,Clear,Urban,40,34,11,7,2,58
22,0,Clear,Suburban,66,20,13,1,3,38
5,1,Clear,Urban,70,5,4,1,1,12
18,0,Clear,Urban,58,52,14,7,4,59
12,0,Clear,Highway,68,15,12,1,2,30
14,0,Clear,Suburban,78,20,8,4,2,23
10,0,Clear,Suburban,75,12,9,3,4,32
16,1,Clear,Urban,70,15,5,2,4,16
0,0,Clear,Highway,71,3,1,1,2,12
20,0,Fog,Suburban,60,22,12,2,2,19
15,0,Clear,Suburban,80,18,10,3,4,20
8,0,Clear,Urban,28,45,16,6,5,95
23,1,Rain,Urban,84,20,11,1,2,22
8,0,Clear,Urban,26,37,24,4,4,82
4,1,Rain,Urban,70,4,4,0,1,5
3,0,Clear,Urban,85,10,1,0,2,13
21,0,Clear,Urban,47,17,13,1,3,48
17,1,Clear,Suburban,48,31,11,7,6,42
18,0,Clear,Highway,25,46,24,7,6,74
21,0,Clear,Urban,75,20,6,4,3,35
17,1,Clear,Highway,43,28,12,6,3,49
10,0,Rain,Highway,60,12,9,2,3,17
17,0,Rain,Suburban,51,52,10,7,4,45
12,0,Clear,Urban,46,17,12,3,4,45
10,0,Clear,Urban,40,28,7,2,4,45
13,0,Rain,Urban,75,28,6,3,4,29
2,0,Clear,Highway,85,8,4,0,1,5
11,0,Clear,Urban,67,28,11,4,4,35
5,1,Clear,Highway,71,4,3,1,2,4
9,0,Clear,Urban,47,59,11,7,2,67
20,0,Clear,Highway,87,27,9,3,4,31
11,0,Clear,Urban,79,12,9,2,4,24
8,0,Clear,Urban,58,39,20,4,3,52
1,0,Rain,Highway,77,5,4,0,1,6
4,1,Fog,Suburban,84,6,4,1,1,4
11,1,Rain,Highway,89,20,8,4,2,14
19,0,Clear,Urban,25,39,15,5,5,80
9,1,Rain,Suburban,63,38,17,5,2,33
23,0,Rain,Highway,87,13,12,3,4,24
7,0,Clear,Highway,51,43,17,5,3,50
5,0,Clear,Urban,72,11,4,0,2,12
20,0,Rain,Suburban,83,13,11,1,3,23
5,0,Clear,Suburban,81,5,1,1,1,8
18,0,Fog,Highway,51,34,24,5,2,45
22,0,Clear,Suburban,42,22,8,3,3,49
4,0,Rain,Suburban,87,10,1,0,2,4
6,0,Rain,Suburban,61,21,13,2,4,30
10,1,Rain,Urban,80,16,10,1,2,20
16,1,Clear,Highway,68,21,13,4,3,15
4,0,Clear,Highway,66,7,3,1,2,15
20,0,Clear,Highway,62,16,7,3,2,30
6,0,Clear,Highway,89,18,10,1,4,29
13,1,Clear,Urban,72,13,7,2,2,14
12,0,Fog,Suburban,63,27,14,3,4,13
11,0,Rain,Highway,75,27,12,3,4,16
20,0,Clear,Urban,77,24,14,2,4,40
19,1,Rain,Highway,45,32,12,4,6,55
7,1,Clear,Suburban,46,37,15,4,3,51
22,0,Clear,Urban,52,27,14,3,2,46
22,0,Clear,Urban,51,29,14,1,4,46
16,1,Clear,Urban,78,22,6,3,4,24
23,1,Clear,Suburban,75,18,11,2,4,25
21,0,Fog,Urban,77,19,9,3,2,13
7,0,Clear,Urban,50,47,22,3,2,59
6,0,Fog,Urban,64,21,9,4,3,22
4,0,Clear,Urban,79,3,1,0,2,19
0,1,Clear,Suburban,86,6,2,1,2,3
12,0,Clear,Urban,69,26,12,3,2,40
3,0,Clear,Highway,80,6,3,0,1,13
0,0,Clear,Suburban,79,11,1,0,1,14
20,0,Clear,Urban,70,15,12,3,2,28
12,0,Clear,Urban,44,14,8,2,4,49
20,0,Clear,Suburban,76,27,10,1,2,20
14,0,Clear,Highway,44,24,6,2,4,45
19,0,Rain,Urban,51,31,12,4,5,56
21,0,Clear,Suburban,84,15,8,2,4,28
16,1,Clear,Suburban,88,9,13,1,3,26
15,0,Clear,Urban,83,23,12,1,3,39
3,0,Clear,Urban,70,3,4,0,1,16
7,1,Clear,Suburban,50,42,17,4,4,66
17,0,Clear,Urban,42,42,16,4,3,66
22,0,Clear,Highway,76,16,7,3,2,20
4,1,Rain,Suburban,86,7,2,1,2,10
9,0,Clear,Suburban,35,55,14,6,6,97
3,1,Rain,Urban,68,8,1,0,2,7
13,0,Clear,Urban,58,24,14,1,2,48
9,0,Clear,Urban,21,37,23,4,4,99
19,1,Clear,Highway,55,42,11,3,3,46
14,0,Rain,Urban,84,26,6,4,2,25
19,0,Rain,Highway,59,37,24,5,6,67
11,0,Clear,Highway,80,27,6,2,2,32
14,0,Fog,Highway,73,22,7,2,2,27
9,0,Clear,Suburban,39,35,17,7,5,71
9,0,Clear,Highway,32,47,12,5,3,94
23,1,Clear,Suburban,60,22,13,1,3,32
18,0,Clear,Highway,20,35,17,6,6,87
11,0,Rain,Urban,77,15,6,3,4,35
9,0,Rain,Urban,51,51,17,3,6,41
4,0,Rain,Suburban,80,7,3,0,2,11
19,0,Clear,Suburban,31,40,16,6,5,89
7,1,Clear,Urban,61,28,12,3,3,36
20,0,Fog,Highway,89,29,10,3,2,18
20,0,Clear,Suburban,56,24,5,1,2,46
18,1,Clear,Highway,40,25,18,6,2,63
5,0,Clear,Suburban,71,3,4,0,2,19
0,0,Clear,Highway,71,10,1,1,1,5
13,1,Fog,Urban,74,12,6,1,2,19
2,0,Clear,Highway,84,4,2,1,1,11
14,1,Clear,Highway,62,12,7,1,3,28
3,0,Clear,Urban,75,10,2,0,2,10
5,0,Clear,Suburban,84,3,2,1,2,12
8,0,Rain,Suburban,49,59,11,6,6,57
8,0,Clear,Urban,44,43,16,5,3,54
19,1,Clear,Urban,57,42,24,3,5,55
12,1,Clear,Urban,79,22,11,2,2,33
6,0,Clear,Urban,83,28,13,3,2,40
3,1,Clear,Urban,70,6,4,0,2,3
11,0,Clear,Suburban,43,17,5,2,2,47
20,1,Clear,Urban,70,20,5,3,3,32
9,1,Clear,Highway,43,37,11,6,6,49
17,0,Clear,Highway,20,30,17,5,6,96
10,0,Clear,Urban,66,27,5,3,3,31
16,1,Clear,Highway,77,20,13,4,2,14
11,0,Clear,Urban,50,19,13,1,4,41
12,0,Clear,Highway,52,24,5,1,4,47
21,1,Clear,Suburban,87,10,12,4,3,23
12,0,Clear,Highway,42,13,12,4,2,43
7,0,Clear,Highway,54,43,21,7,6,61
15,1,Rain,Urban,85,19,8,2,3,14
17,0,Rain,Urban,50,35,23,3,6,59
5,0,Clear,Urban,66,5,3,1,1,16
21,0,Clear,Urban,44,18,11,4,2,41
5,0,Clear,Suburban,81,10,3,1,2,16
12,0,Rain,Urban,82,17,11,4,3,22
1,0,Clear,Urban,83,9,3,1,2,18
23,0,Fog,Highway,60,21,13,4,2,25
23,0,Clear,Urban,66,20,8,2,4,30
7,1,Rain,Highway,42,39,16,3,5,44
14,0,Clear,Urban,70,29,14,1,2,39
13,0,Clear,Urban,66,17,10,4,4,29
7,1,Clear,Urban,41,38,19,4,3,41
19,0,Clear,Highway,26,51,17,5,4,90
9,0,Fog,Urban,61,55,22,4,3,39
17,0,Clear,Suburban,25,56,18,4,3,94
22,0,Clear,Highway,73,21,10,4,4,39
10,1,Rain,Highway,65,16,12,3,4,24
15,1,Rain,Suburban,76,16,13,3,4,20
17,0,Fog,Highway,40,48,18,7,2,54
23,1,Clear,Urban,66,20,7,4,2,17
17,0,Rain,Urban,45,36,18,5,6,49
10,0,Clear,Urban,82,20,6,1,4,37
19,0,Clear,Suburban,40,45,12,4,6,52
18,0,Rain,Suburban,50,35,13,4,5,48
9,0,Clear,Highway,38,42,10,4,5,98
11,0,Clear,Highway,51,19,8,3,4,47
15,0,Rain,Highway,84,26,11,3,2,18
11,1,Clear,Urban,69,19,14,4,3,23
16,1,Fog,Highway,67,17,6,3,4,17
3,0,Clear,Urban,89,4,2,1,2,12
13,0,Clear,Highway,67,14,6,3,2,23
10,1,Clear,Urban,78,22,5,4,2,19
19,0,Clear,Urban,45,41,17,6,5,52
3,0,Rain,Urban,86,3,2,1,1,12
8,0,Rain,Urban,51,55,22,4,4,66
4,0,Clear,Suburban,89,4,3,0,1,17
13,0,Clear,Suburban,72,19,14,4,4,22
7,0,Clear,Urban,34,59,17,6,4,87
20,0,Rain,Suburban,62,26,10,3,2,24
23,0,Clear,Urban,78,23,12,3,3,26
6,0,Rain,Highway,72,27,14,4,2,28
18,0,Clear,Suburban,24,47,20,4,4,98
0,0,Fog,Highway,89,8,1,0,1,10
5,0,Fog,Suburban,69,7,4,0,1,8
9,0,Clear,Suburban,51,40,20,7,4,70
16,1,Clear,Urban,86,16,7,4,2,27
21,0,Rain,Highway,62,16,7,2,3,35
1,0,Clear,Urban,86,6,1,1,1,12
13,0,Rain,Highway,71,20,13,3,2,38
14,1,Rain,Highway,81,15,9,4,4,24
9,0,Clear,Urban,32,37,22,7,2,99
3,1,Clear,Urban,74,4,2,1,2,12
13,0,Clear,Urban,46,13,7,2,3,45
20,0,Rain,Urban,65,17,10,2,2,33
21,0,Rain,Suburban,87,16,6,4,3,16
1,0,Clear,Highway,71,11,4,0,2,18
5,0,Rain,Urban,82,9,1,0,1,13
1,0,Rain,Highway,69,7,3,0,1,14
13,0,Fog,Urban,86,15,11,1,4,24
14,1,Rain,Highway,60,11,11,3,3,20
3,0,Fog,Highway,86,4,4,1,1,11
5,1,Clear,Highway,74,6,2,1,1,6
15,0,Clear,Suburban,41,18,9,1,4,49
19,1,Rain,Suburban,75,40,22,6,6,34
4,0,Clear,Highway,65,3,1,0,2,11
21,1,Clear,Urban,63,15,8,4,3,32
7,0,Clear,Suburban,46,47,21,4,6,63
19,0,Rain,Highway,53,36,10,4,3,50
5,0,Rain,Suburban,64,11,4,0,2,8
5,0,Clear,Highway,63,3,1,0,2,16
15,0,Clear,Highway,54,27,11,3,4,49
15,0,Clear,Urban,84,22,10,4,3,33
9,0,Rain,Urban,36,58,19,5,4,76
19,1,Clear,Highway,50,31,11,6,3,53
4,1,Clear,Suburban,84,5,1,1,1,11
3,1,Fog,Suburban,89,5,4,0,1,4
18,1,Clear,Urban,52,31,15,4,5,58
17,0,Rain,Highway,31,32,24,6,5,78
23,1,Clear,Urban,87,17,8,3,4,16
0,0,Clear,Suburban,69,3,3,1,1,11
3,1,Clear,Suburban,66,2,4,1,1,10
6,0,Clear,Suburban,67,27,6,1,2,34
4,0,Clear,Highway,75,10,4,0,1,12
5,0,Clear,Urban,68,7,1,1,2,18
17,0,Fog,Suburban,46,41,22,3,3,54
1,1,Clear,Highway,82,3,3,0,2,4
8,0,Rain,Suburban,49,44,17,5,4,62
14,1,Clear,Highway,71,9,12,2,4,33
9,1,Clear,Urban,57,28,11,7,2,42
18,0,Clear,Suburban,24,30,15,3,2,89
12,0,Clear,Urban,62,29,5,1,4,26
11,1,Clear,Suburban,69,12,7,2,3,22
16,0,Clear,Highway,66,21,11,2,4,21
20,0,Rain,Highway,78,27,14,1,4,37
4,0,Clear,Highway,84,4,4,1,2,7
19,0,Clear,Suburban,30,37,15,6,2,81
11,1,Rain,Suburban,85,20,8,4,2,14
1,0,Clear,Suburban,61,8,3,0,1,8
23,0,Rain,Suburban,79,28,12,4,3,19
22,0,Rain,Highway,66,22,9,3,2,32
13,1,Clear,Suburban,66,12,6,4,2,31
0,0,Clear,Urban,77,6,4,0,1,19
22,0,Fog,Highway,62,12,13,1,3,26
9,1,Rain,Urban,70,31,20,3,2,36
17,1,Clear,Urban,56,34,15,5,4,43
0,0,Rain,Suburban,69,11,1,1,1,4
9,1,Clear,Urban,43,45,24,4,4,53
21,0,Clear,Urban,86,29,5,4,4,35
14,0,Clear,Suburban,75,26,12,2,3,23
3,1,Fog,Suburban,86,4,3,0,1,6
19,0,Rain,Suburban,51,51,12,4,2,44
1,1,Clear,Urban,70,5,1,0,1,10
5,1,Clear,Urban,61,2,4,1,2,11
22,0,Clear,Urban,68,29,12,1,4,30
2,0,Clear,Highway,71,10,2,1,1,11
4,0,Clear,Suburban,87,6,4,1,2,19
7,0,Clear,Urban,38,49,18,6,3,87
9,0,Rain,Urban,49,49,19,6,6,64
15,1,Clear,Urban,60,12,10,3,2,19
21,0,Rain,Suburban,62,26,7,1,2,26
20,0,Clear,Highway,63,22,8,3,2,32
12,0,Clear,Suburban,85,21,13,3,4,33
1,1,Clear,Urban,79,4,1,0,1,11
10,0,Clear,Urban,80,14,13,3,2,20
6,0,Clear,Suburban,79,12,14,4,4,30
4,1,Rain,Highway,68,3,1,1,1,2
0,0,Fog,Suburban,87,10,2,0,1,4
17,1,Fog,Urban,81,33,18,3,6,28
18,0,Clear,Highway,51,53,19,3,5,51
23,0,Rain,Suburban,65,24,14,2,2,37
20,0,Clear,Highway,77,22,7,1,2,38
18,0,Fog,Highway,81,59,16,3,5,39
4,1,Rain,Urban,69,6,2,0,1,8
15,0,Clear,Urban,55,17,5,1,4,47
20,0,Clear,Urban,65,28,9,3,4,38
19,1,Clear,Urban,44,24,12,6,2,60
21,0,Clear,Suburban,83,26,13,2,3,32
18,1,Clear,Suburban,52,29,10,4,2,44
23,0,Clear,Urban,86,26,7,1,4,22
15,1,Clear,Urban,72,9,6,2,4,19
6,0,Rain,Urban,83,16,9,3,3,37
7,0,Rain,Highway,50,46,16,7,5,69
18,0,Rain,Highway,52,47,12,6,6,57
12,0,Rain,Urban,75,13,7,2,2,36
5,0,Fog,Urban,71,11,3,1,1,4
2,0,Clear,Suburban,63,8,1,0,1,6
19,0,Clear,Suburban,32,54,22,6,3,83
19,0,Clear,Urban,54,38,16,3,6,61
17,1,Clear,Highway,43,32,17,5,3,47
15,0,Fog,Urban,74,12,9,1,2,12
3,1,Rain,Highway,87,2,2,0,1,8
23,0,Clear,Suburban,75,17,11,2,2,37
4,0,Fog,Highway,72,8,2,1,2,10
13,0,Clear,Suburban,40,12,11,1,3,46
12,0,Clear,Urban,65,20,5,2,2,35
11,1,Clear,Urban,86,14,13,3,2,25
1,1,Clear,Urban,88,8,2,0,2,10
10,0,Fog,Suburban,86,28,5,3,2,27
23,1,Clear,Highway,70,12,13,2,4,32
13,0,Clear,Urban,53,19,6,3,2,43
1,0,Clear,Highway,73,8,4,0,2,6
9,0,Rain,Suburban,42,48,19,3,3,63
19,0,Clear,Urban,49,36,20,7,2,67
22,0,Rain,Urban,83,19,8,2,2,22
3,0,Clear,Urban,85,5,1,0,2,9
9,0,Clear,Urban,33,58,20,7,3,90
3,0,Clear,Urban,89,5,4,1,2,9
15,1,Clear,Highway,70,23,12,3,3,29
13,0,Clear,Suburban,42,24,14,1,4,45
6,1,Clear,Suburban,76,22,6,1,4,22
6,0,Clear,Urban,44,25,12,1,2,47
8,0,Clear,Highway,25,56,17,4,6,91
9,0,Rain,Suburban,56,45,15,5,4,52
23,0,Clear,Suburban,44,16,11,4,4,44
19,0,Rain,Highway,45,45,18,6,3,58
11,0,Clear,Urban,88,24,7,1,3,37
18,0,Clear,Suburban,35,41,19,5,6,88
5,0,Rain,Highway,62,5,3,0,1,8
5,1,Clear,Highway,76,8,3,1,2,8
20,1,Clear,Urban,74,19,6,2,3,14
11,0,Clear,Highway,59,22,13,2,2,43
17,0,Rain,Suburban,55,53,18,5,5,45
16,1,Rain,Urban,71,23,12,3,3,11
5,1,Clear,Highway,64,2,3,1,2,7
5,0,Clear,Highway,63,8,4,0,2,7
1,0,Clear,Suburban,75,8,2,1,1,8
2,1,Clear,Urban,67,2,1,0,1,4
4,0,Clear,Urban,61,8,2,1,1,18
12,1,Rain,Suburban,73,16,11,3,2,20
11,0,Clear,Urban,44,29,6,3,3,47
10,1,Clear,Suburban,83,12,10,2,4,22
22,1,Clear,Urban,81,12,10,3,3,30
19,1,Rain,Urban,70,43,17,5,4,29
4,0,Clear,Suburban,85,6,2,1,2,18
13,1,Clear,Suburban,73,16,11,3,4,14
17,0,Rain,Highway,56,55,21,6,4,67
8,0,Clear,Urban,25,57,12,6,2,72
6,0,Clear,Suburban,84,16,10,4,2,32
9,1,Clear,Highway,59,27,16,4,4,45
23,0,Rain,Suburban,71,22,8,3,3,23
2,0,Clear,Suburban,69,8,4,0,2,7
21,1,Rain,Urban,82,16,9,3,4,12
0,0,Clear,Highway,67,8,2,0,2,10
15,0,Rain,Suburban,86,17,6,4,4,29
13,0,Clear,Highway,70,25,6,2,4,32
7,0,Clear,Urban,21,37,20,6,3,80
0,1,Clear,Suburban,68,3,2,1,2,11
19,1,Clear,Urban,81,43,24,5,3,39
22,0,Clear,Urban,73,14,8,2,3,25
22,0,Rain,Urban,71,17,10,1,3,37
23,0,Fog,Urban,87,27,12,1,4,28
1,0,Clear,Highway,87,7,4,0,2,6
23,1,Clear,Urban,78,11,5,3,4,18
3,0,Clear,Suburban,65,6,3,0,1,14
6,1,Clear,Highway,64,20,11,4,3,18
2,0,Clear,Urban,89,9,2,0,2,10
8,0,Clear,Suburban,35,48,12,6,5,78
5,0,Rain,Suburban,71,11,3,1,1,5
12,0,Clear,Urban,41,29,9,3,4,41
11,0,Clear,Urban,73,21,9,4,3,21
23,0,Clear,Urban,55,15,7,1,3,46
21,0,Clear,Highway,46,26,13,1,2,41
22,1,Fog,Urban,78,12,14,4,4,18
12,1,Clear,Highway,87,16,13,2,2,32
1,1,Clear,Suburban,87,6,1,1,1,11
19,0,Clear,Suburban,28,41,18,4,5,80
7,1,Rain,Highway,58,24,19,3,3,52
3,0,Clear,Urban,74,4,1,1,2,6
18,1,Clear,Suburban,81,24,18,4,6,35
15,0,Clear,Highway,88,27,9,2,2,37
0,1,Clear,Urban,76,5,4,1,1,4
19,0,Clear,Highway,42,57,22,4,6,66
5,0,Rain,Highway,84,6,4,1,1,12
18,0,Rain,Urban,49,42,10,7,5,64
9,1,Clear,Urban,44,24,12,3,3,58
1,0,Clear,Suburban,63,7,3,1,2,13
4,0,Clear,Urban,83,6,2,1,2,12
13,0,Clear,Urban,80,22,12,1,2,38
0,1,Clear,Suburban,63,3,4,0,2,4
19,1,Clear,Suburban,59,46,16,7,2,58
5,0,Clear,Highway,86,7,3,0,2,12
20,0,Clear,Suburban,81,21,9,2,2,21
10,0,Clear,Suburban,42,14,14,3,2,41
8,0,Clear,Highway,59,40,10,3,3,61
17,0,Clear,Suburban,22,59,18,4,6,80
3,0,Clear,Highway,81,6,4,0,2,15
17,0,Clear,Suburban,29,33,13,3,2,92
18,1,Clear,Highway,53,42,11,3,6,51
4,0,Rain,Urban,64,3,2,1,1,4
6,0,Clear,Suburban,83,27,10,3,2,37
2,0,Clear,Highway,85,7,4,1,2,16
10,0,Clear,Highway,75,16,12,2,4,25
20,1,Clear,Suburban,72,22,12,3,2,20
3,0,Rain,Urban,89,9,2,1,1,5
15,1,Clear,Urban,79,19,13,1,3,26
19,0,Clear,Suburban,21,47,24,3,6,89
22,0,Fog,Suburban,76,29,13,4,3,28
22,0,Rain,Urban,76,23,9,4,3,37
12,1,Rain,Highway,63,22,11,1,3,14
19,0,Clear,Suburban,25,42,15,3,6,94
13,0,Rain,Suburban,63,24,7,1,2,32
21,0,Clear,Urban,75,28,6,3,3,26
16,0,Clear,Suburban,60,19,9,1,4,22
1,0,Clear,Highway,81,6,4,0,1,9
4,0,Clear,Highway,64,3,1,1,2,15
12,1,Clear,Urban,86,20,6,2,2,20
11,0,Clear,Urban,87,24,10,2,3,24
15,0,Rain,Suburban,78,28,8,2,4,19
7,0,Clear,Urban,40,51,13,3,3,56
17,1,Clear,Suburban,41,32,16,7,2,64
16,1,Rain,Urban,86,19,9,2,2,19
7,0,Clear,Urban,56,42,17,4,2,55
2,0,Clear,Urban,85,7,4,1,2,8
12,0,Clear,Urban,53,20,10,2,3,43
22,0,Clear,Suburban,79,17,11,1,2,23
20,1,Clear,Highway,88,12,10,4,2,32
2,0,Clear,Highway,84,7,4,0,1,5
17,0,Clear,Urban,31,56,13,4,4,82
7,0,Rain,Highway,38,54,14,7,5,77
4,1,Rain,Highway,81,4,1,0,2,8
0,0,Clear,Highway,66,6,2,1,1,19
19,0,Clear,Suburban,55,43,10,7,2,64
0,0,Fog,Highway,77,7,3,0,2,3
23,1,Clear,Highway,78,20,11,2,4,14
5,0,Clear,Suburban,78,3,4,0,1,10
16,0,Rain,Suburban,86,13,5,1,4,37
23,0,Clear,Suburban,45,20,13,2,3,46
1,0,Clear,Urban,85,9,1,1,2,11
2,0,Clear,Highway,87,8,2,1,2,13
23,0,Clear,Suburban,64,28,11,3,2,34
16,0,Rain,Highway,83,16,13,4,4,39
23,1,Clear,Highway,75,12,6,2,3,32
5,1,Clear,Suburban,69,4,3,1,2,7
23,0,Clear,Highway,55,25,8,4,3,41
8,0,Fog,Urban,67,45,10,5,4,40
6,1,Rain,Urban,88,21,11,3,4,23
12,0,Clear,Urban,78,26,5,3,4,31
2,0,Clear,Suburban,69,10,4,0,1,17
7,1,Clear,Highway,76,38,23,7,2,35
4,0,Fog,Suburban,64,4,4,1,1,10
9,0,Rain,Urban,27,31,10,5,3,78
18,0,Clear,Urban,39,59,23,6,5,83
8,0,Clear,Urban,22,44,22,5,2,85
1,1,Clear,Urban,71,7,3,0,2,4
7,1,Clear,Urban,56,26,13,6,3,62
21,0,Clear,Highway,61,16,10,2,4,39
14,0,Clear,Suburban,76,15,11,3,2,38
6,0,Clear,Highway,62,23,9,2,3,23
6,0,Clear,Urban,52,13,14,1,4,46
22,0,Clear,Highway,49,21,11,3,4,41
22,0,Clear,Urban,60,28,14,3,3,27
17,0,Clear,Highway,27,46,12,7,3,81
1,0,Clear,Urban,74,6,3,0,2,14
17,0,Clear,Urban,54,56,16,7,6,60
13,0,Clear,Urban,67,28,9,4,4,29
8,0,Clear,Highway,47,57,23,7,4,68
11,1,Clear,Urban,67,16,6,3,4,32
3,0,Clear,Urban,76,11,2,1,1,19
21,0,Clear,Suburban,65,22,14,2,3,39
0,0,Clear,Suburban,66,7,4,1,1,15
7,0,Rain,Highway,39,41,20,3,4,79
23,1,Clear,Suburban,85,21,12,3,4,22
19,0,Clear,Highway,23,54,14,4,5,98
15,0,Fog,Urban,70,18,9,4,4,28
18,0,Clear,Urban,31,34,22,5,4,81
7,0,Clear,Highway,36,57,11,4,6,91
14,1,Fog,Suburban,73,10,12,2,4,9
14,0,Fog,Highway,66,27,10,2,2,13
17,1,Clear,Urban,45,37,17,6,4,53
20,0,Clear,Urban,55,29,7,1,4,46
0,0,Rain,Urban,89,3,1,1,2,15
4,1,Rain,Suburban,75,7,2,0,2,4
1,0,Clear,Urban,66,5,2,1,2,10
17,0,Clear,Urban,36,33,12,6,2,77
14,1,Clear,Urban,80,20,10,1,4,16
23,1,Clear,Suburban,76,23,8,4,2,23
6,0,Rain,Urban,72,17,5,2,3,31
21,0,Clear,Suburban,56,27,5,3,3,43
11,0,Clear,Suburban,62,14,12,2,4,34
19,0,Rain,Urban,52,35,18,7,3,41
14,0,Clear,Highway,89,26,6,3,4,38
19,1,Clear,Urban,41,45,17,6,4,61
8,1,Clear,Urban,56,44,18,6,4,44
18,0,Clear,Urban,35,42,14,5,2,81
9,0,Clear,Urban,53,45,24,5,3,56
5,0,Clear,Highway,73,5,4,1,2,15
8,0,Clear,Urban,39,39,12,4,5,90
0,0,Clear,Urban,70,9,3,0,2,18
3,1,Rain,Urban,63,3,3,0,2,4
12,0,Rain,Suburban,79,13,12,1,3,35
10,0,Clear,Urban,64,27,7,3,3,36
2,0,Clear,Urban,72,9,2,0,1,9
21,1,Clear,Highway,89,20,13,1,3,18
4,0,Clear,Urban,74,9,3,1,2,7
5,0,Clear,Suburban,86,8,4,0,1,5
15,0,Clear,Highway,66,20,13,2,2,36
22,0,Clear,Highway,85,28,8,2,3,34
21,1,Clear,Highway,86,10,13,1,2,16
22,0,Clear,Urban,66,29,8,4,3,36
3,0,Rain,Urban,86,5,1,0,1,9
0,0,Clear,Highway,88,5,1,0,2,16
17,0,Clear,Urban,36,58,19,7,6,88
22,0,Clear,Suburban,53,13,12,4,4,48
9,0,Rain,Urban,42,48,15,3,4,53
22,0,Clear,Urban,77,16,13,4,4,25
20,0,Fog,Urban,86,28,12,1,4,19
16,0,Clear,Highway,77,14,5,1,4,32
10,1,Rain,Highway,84,10,11,3,2,25
21,1,Clear,Urban,61,17,10,3,4,34
11,1,Clear,Urban,82,11,10,3,3,25
14,0,Fog,Urban,87,18,5,2,3,12
1,1,Clear,Suburban,82,8,2,1,1,8
18,0,Rain,Urban,76,55,12,4,4,40
3,0,Clear,Suburban,72,7,4,0,2,11
6,0,Clear,Suburban,77,26,9,2,2,24
9,0,Clear,Highway,36,49,22,4,3,82
22,0,Rain,Urban,88,16,6,3,3,20
8,1,Rain,Urban,89,29,13,5,3,29
4,0,Clear,Urban,78,11,4,1,2,16
5,0,Clear,Suburban,76,7,4,0,1,14
7,0,Fog,Suburban,41,30,24,5,3,58
12,1,Clear,Urban,66,19,12,3,4,32
14,1,Clear,Urban,86,9,11,4,3,30
21,0,Clear,Highway,57,25,7,1,4,46
16,0,Fog,Urban,71,27,13,4,4,19
3,0,Clear,Suburban,67,7,2,0,1,17
0,0,Clear,Urban,88,8,3,1,2,10
13,0,Clear,Highway,47,17,11,1,4,47
13,0,Clear,Suburban,85,27,9,2,3,32
19,1,Clear,Highway,42,35,19,5,6,56
0,0,Clear,Urban,75,9,3,1,1,17
16,0,Rain,Urban,80,29,7,2,2,29
9,1,Clear,Highway,50,24,12,4,3,47
1,0,Clear,Urban,75,11,1,0,1,5
18,0,Clear,Urban,28,36,24,5,3,73
15,0,Clear,Suburban,77,13,9,4,3,33
7,1,Clear,Suburban,50,42,20,5,2,54
13,1,Clear,Urban,64,15,9,1,2,15
11,1,Clear,Urban,80,20,8,1,2,14
4,0,Rain,Urban,75,6,3,0,2,12
21,0,Clear,Urban,69,29,10,1,4,31
19,0,Rain,Suburban,25,52,16,4,3,72
5,0,Clear,Urban,60,8,3,0,1,11
3,0,Clear,Suburban,79,7,4,0,1,9
6,0,Clear,Highway,75,12,10,1,4,24
6,0,Clear,Suburban,84,24,9,1,4,25
10,0,Rain,Suburban,68,19,8,3,4,18
15,1,Clear,Urban,68,18,7,1,4,14
1,0,Clear,Urban,88,8,4,0,2,10
19,0,Fog,Suburban,43,49,12,3,4,46
16,0,Clear,Urban,70,21,6,2,4,23
11,0,Clear,Highway,83,26,8,4,2,22
18,1,Clear,Urban,54,36,10,5,6,53
7,1,Clear,Highway,56,44,10,5,4,60
15,1,Clear,Suburban,70,12,9,3,2,30
19,0,Rain,Highway,65,35,19,4,2,40
23,0,Clear,Highway,88,15,14,1,4,21
4,0,Fog,Suburban,81,3,4,0,2,8
4,0,Clear,Highway,67,11,3,0,2,7
16,0,Clear,Suburban,54,27,5,2,3,42
2,1,Clear,Urban,82,5,4,1,2,5
8,0,Fog,Urban,63,30,14,4,4,33
22,0,Clear,Highway,80,29,10,1,4,20
12,1,Clear,Highway,67,11,10,1,2,18
19,0,Clear,Urban,20,34,18,6,3,97
0,0,Rain,Highway,77,10,4,1,2,10
14,1,Clear,Urban,79,9,8,4,4,28
20,0,Clear,Highway,48,21,10,1,3,44
4,0,Fog,Urban,64,6,2,0,2,6
21,0,Clear,Highway,79,17,9,3,3,37
15,1,Rain,Highway,83,18,11,4,4,12
12,1,Clear,Urban,74,20,7,2,3,16
9,1,Fog,Highway,79,28,12,3,4,24
21,1,Clear,Suburban,88,14,8,4,2,30
0,1,Clear,Urban,88,6,1,0,2,9
9,0,Clear,Highway,53,54,13,5,3,53
6,0,Fog,Urban,77,19,5,2,4,17
1,0,Rain,Suburban,77,4,4,0,2,9
6,1,Clear,Urban,73,20,7,1,2,26
8,1,Clear,Suburban,82,24,19,3,3,39
10,0,Clear,Urban,40,26,14,4,3,43
9,1,Clear,Highway,52,27,21,7,2,69
16,1,Rain,Suburban,78,16,13,2,3,25
5,0,Clear,Highway,76,8,1,0,1,17
8,0,Clear,Suburban,58,41,23,3,5,70
2,0,Clear,Urban,77,6,3,1,1,14
21,0,Rain,Urban,74,12,10,4,4,25
4,0,Clear,Suburban,88,11,1,0,2,11
3,0,Fog,Suburban,60,4,2,0,2,6
22,1,Clear,Urban,74,18,13,4,4,30
0,0,Clear,Highway,76,6,2,0,2,19
13,0,Clear,Urban,89,18,10,4,4,30
13,1,Clear,Urban,62,19,6,4,2,21
23,0,Clear,Highway,88,28,6,2,3,29
23,1,Rain,Urban,84,16,10,3,3,14
0,1,Clear,Highway,64,6,4,1,1,7
0,0,Rain,Suburban,84,8,2,1,2,9
21,0,Rain,Urban,62,21,5,4,4,33
16,0,Rain,Suburban,83,15,6,4,3,32
4,0,Fog,Urban,68,5,3,1,2,10
1,0,Clear,Suburban,84,6,4,0,2,16
15,0,Rain,Highway,66,14,8,3,3,24
13,0,Clear,Urban,48,14,6,2,3,43
1,1,Clear,Suburban,60,4,3,1,2,12
19,0,Clear,Suburban,21,58,16,6,6,84
11,1,Clear,Urban,69,18,13,1,4,30
16,0,Rain,Urban,62,12,10,2,3,16
1,0,Clear,Suburban,85,11,3,1,2,19
11,0,Clear,Highway,81,13,13,4,4,38
20,0,Rain,Highway,70,12,8,4,4,39
10,0,Clear,Suburban,82,27,6,2,4,20
11,0,Clear,Urban,56,28,13,2,2,47
13,0,Clear,Highway,83,22,14,3,4,38
19,0,Clear,Highway,29,32,20,3,3,72
16,0,Clear,Suburban,74,15,5,3,3,27
5,0,Clear,Highway,61,3,1,1,1,15
13,0,Clear,Urban,46,22,14,3,2,46
9,0,Rain,Highway,30,35,21,6,2,76
11,1,Clear,Highway,75,18,8,2,3,34
7,1,Rain,Urban,86,42,22,4,4,40
6,0,Clear,Suburban,83,17,12,1,2,36
18,0,Clear,Highway,27,39,12,5,4,72
11,0,Clear,Urban,86,22,12,1,4,27
6,0,Rain,Suburban,85,18,9,2,3,22
17,0,Rain,Highway,46,59,23,6,6,46
1,0,Clear,Highway,71,11,1,0,1,8
18,0,Clear,Urban,34,34,12,3,6,72
21,0,Rain,Urban,84,21,11,1,2,34
6,1,Clear,Highway,87,23,7,4,3,25
22,0,Clear,Highway,41,15,7,3,4,44
16,1,Clear,Highway,65,17,13,1,2,14
12,0,Clear,Urban,44,14,10,1,4,49
4,1,Clear,Urban,78,8,2,1,1,10
12,0,Clear,Urban,57,13,8,3,2,43
13,0,Clear,Highway,85,19,10,1,3,32
5,1,Clear,Suburban,72,4,3,0,1,11
5,0,Clear,Urban,86,9,4,0,1,5
9,0,Clear,Urban,28,43,16,5,4,96
15,0,Clear,Suburban,40,15,9,3,3,45
20,0,Clear,Urban,44,12,10,3,3,45
7,0,Clear,Urban,21,44,11,4,6,79
5,0,Clear,Urban,66,3,2,0,1,14
1,0,Clear,Urban,62,8,2,0,2,14
1,0,Clear,Highway,72,7,2,0,1,5
22,0,Clear,Urban,68,12,5,1,2,25
1,1,Clear,Urban,76,6,1,0,2,13
15,0,Clear,Highway,72,14,9,4,4,28
5,1,Clear,Highway,66,3,1,0,1,9
19,1,Rain,Suburban,44,33,19,6,6,49
16,0,Clear,Highway,64,24,7,2,3,24
0,0,Clear,Suburban,70,7,2,0,2,12
1,0,Clear,Urban,82,10,4,0,1,13
8,1,Clear,Highway,47,45,21,5,6,66
7,0,Rain,Urban,46,52,17,4,3,51
2,1,Clear,Suburban,75,6,1,0,1,4
2,0,Clear,Highway,64,8,4,1,1,14
9,0,Clear,Highway,23,36,22,7,3,74
20,0,Clear,Highway,76,16,7,1,4,32
3,0,Clear,Urban,68,5,1,1,2,7
3,0,Rain,Suburban,88,6,2,0,1,4
15,0,Rain,Urban,72,29,12,1,3,17
14,0,Clear,Highway,73,29,6,1,3,30
0,0,Clear,Urban,71,3,2,1,2,15
8,0,Clear,Suburban,21,31,18,7,5,87
21,0,Clear,Suburban,89,21,7,3,2,31
2,1,Clear,Suburban,83,3,4,1,2,7
10,0,Clear,Urban,41,19,13,2,4,42
12,1,Clear,Highway,84,12,6,3,2,33
9,0,Clear,Urban,50,40,24,3,4,52
21,1,Clear,Urban,79,14,14,1,3,14
19,0,Clear,Suburban,36,49,16,6,4,87
4,0,Rain,Urban,74,4,3,1,2,7
14,0,Clear,Suburban,74,15,7,1,4,39
4,1,Clear,Urban,63,8,2,1,1,4
23,0,Clear,Urban,63,29,10,2,4,22
10,0,Rain,Suburban,77,26,14,2,3,21
6,1,Clear,Suburban,69,16,5,3,2,33
23,0,Rain,Suburban,74,25,12,2,4,26
0,1,Clear,Urban,85,7,1,1,2,7
8,0,Clear,Highway,46,45,22,5,3,52
5,0,Clear,Urban,86,5,2,0,2,7
5,0,Clear,Urban,61,8,3,0,2,6
17,0,Clear,Urban,31,42,22,5,6,90
6,0,Clear,Urban,83,16,6,3,3,20
21,0,Clear,Urban,50,20,10,4,2,45
1,1,Clear,Urban,61,2,2,0,2,4
22,0,Clear,Highway,71,29,10,2,3,21
4,0,Clear,Urban,69,6,3,1,2,17
12,1,Clear,Highway,85,21,5,4,3,17
0,0,Rain,Suburban,89,10,1,1,1,8
7,1,Clear,Highway,43,25,14,7,3,58
16,1,Rain,Urban,86,19,8,3,4,23
17,0,Clear,Suburban,52,34,13,4,5,57
7,0,Clear,Suburban,28,59,10,4,2,79
10,0,Clear,Highway,57,24,12,3,4,43
16,1,Clear,Urban,74,16,10,1,2,29
12,0,Clear,Urban,69,16,12,3,4,34
20,1,Clear,Urban,67,15,6,3,4,34
19,0,Clear,Suburban,34,42,24,7,4,97
5,1,Rain,Urban,87,8,1,1,2,7
13,0,Clear,Urban,71,13,13,3,4,30
12,0,Clear,Urban,53,15,7,1,3,48
5,1,Clear,Highway,73,8,4,0,2,6
10,0,Clear,Suburban,87,21,9,2,4,35
15,0,Rain,Suburban,71,15,8,4,2,17
13,0,Rain,Urban,86,23,9,2,3,31
5,0,Clear,Urban,88,9,3,0,2,19
7,1,Rain,Highway,50,32,14,5,2,43
6,1,Clear,Highway,82,12,12,4,2,25
6,1,Fog,Highway,74,11,6,1,2,16
4,0,Clear,Suburban,64,11,4,0,1,16
8,0,Clear,Suburban,50,59,20,5,6,51
9,1,Clear,Suburban,84,41,14,4,3,35
5,0,Clear,Highway,82,7,4,1,2,17
22,0,Clear,Urban,49,18,12,4,4,48
9,1,Fog,Highway,62,42,13,4,5,27
1,1,Clear,Urban,64,5,3,1,1,10
0,0,Fog,Urban,88,11,4,1,2,11
2,0,Fog,Suburban,80,4,2,1,1,4
5,0,Rain,Urban,61,10,3,1,2,14
15,0,Clear,Highway,84,16,10,3,3,20
9,0,Clear,Suburban,23,43,18,3,3,75
23,0,Clear,Suburban,75,19,13,4,2,28
13,0,Fog,Urban,62,27,5,1,3,13
23,0,Clear,Urban,59,25,7,1,4,42
17,1,Clear,Suburban,56,30,23,5,3,57
8,0,Clear,Highway,24,35,17,7,2,92
2,0,Clear,Urban,81,8,1,1,2,7
14,0,Rain,Suburban,73,13,8,1,3,32
13,0,Fog,Suburban,84,16,14,1,3,19
17,0,Clear,Highway,32,49,22,7,6,96
6,0,Rain,Urban,62,25,8,4,3,17
22,0,Clear,Suburban,52,17,10,3,3,49
1,0,Fog,Suburban,77,5,4,1,2,7
6,0,Clear,Urban,85,25,13,4,4,30
2,0,Clear,Suburban,83,10,3,0,2,11
6,1,Fog,Suburban,89,17,14,4,3,16
12,0,Clear,Highway,45,12,7,2,4,48
12,0,Clear,Urban,85,19,11,4,2,31
5,0,Clear,Urban,88,5,1,1,1,10
21,1,Rain,Suburban,73,21,6,3,3,20
1,0,Clear,Suburban,61,4,4,0,2,17
17,0,Clear,Urban,29,44,17,4,5,86
22,0,Rain,Suburban,78,17,11,4,2,28
11,1,Clear,Highway,60,20,7,3,2,33
3,1,Clear,Urban,87,2,2,1,1,4
22,1,Clear,Suburban,81,12,5,2,3,31
12,1,Clear,Suburban,62,19,9,2,2,16
16,0,Clear,Urban,74,19,5,1,4,40
23,0,Clear,Urban,71,13,7,3,2,38
22,1,Clear,Highway,76,17,10,1,4,29
21,1,Rain,Urban,69,18,9,2,2,11
16,0,Rain,Suburban,73,13,10,3,3,32
18,1,Fog,Urban,69,32,19,7,6,39
22,0,Rain,Urban,66,18,9,1,2,28
1,0,Clear,Urban,72,4,1,0,2,7
11,0,Clear,Highway,61,26,6,4,3,31
2,0,Rain,Urban,81,10,2,1,2,12
8,1,Clear,Urban,49,47,23,4,3,67
7,0,Clear,Suburban,45,54,23,6,3,52
12,0,Clear,Highway,70,15,7,3,2,40
10,0,Rain,Highway,71,21,11,3,4,20
16,1,Clear,Highway,62,16,5,4,2,18
0,0,Rain,Urban,70,7,4,1,1,6
2,0,Rain,Suburban,89,5,4,1,2,8
16,1,Clear,Urban,72,18,14,2,2,28
4,0,Clear,Urban,69,8,4,1,1,19
11,0,Clear,Suburban,72,15,7,2,3,31
1,0,Rain,Urban,62,6,2,1,2,12
20,1,Rain,Urban,63,16,6,3,2,22
17,1,Clear,Suburban,55,40,12,4,5,49
18,1,Clear,Urban,59,47,20,5,3,58
18,0,Clear,Suburban,53,58,11,5,3,56
16,0,Clear,Highway,57,19,14,1,3,49
14,0,Clear,Urban,70,13,9,3,4,24
11,0,Clear,Suburban,82,16,5,1,2,36
14,1,Clear,Suburban,78,14,13,2,2,31
7,0,Clear,Highway,30,37,16,4,4,91
18,0,Rain,Highway,51,33,18,7,3,57
3,1,Clear,Urban,83,8,2,1,2,3
15,0,Clear,Urban,79,23,5,4,4,25
20,0,Clear,Suburban,49,27,11,3,3,41
5,0,Fog,Suburban,80,7,1,0,2,11
10,0,Clear,Urban,86,24,7,4,2,24
18,0,Clear,Highway,30,39,20,5,5,95
11,0,Clear,Highway,87,20,14,4,2,32
21,0,Fog,Highway,67,22,10,3,3,24
7,0,Clear,Suburban,26,53,20,6,6,95
23,0,Clear,Highway,88,28,13,1,3,31
14,1,Rain,Suburban,71,9,6,1,3,19
4,0,Clear,Highway,87,9,1,0,1,12
12,1,Clear,Highway,87,21,7,2,2,23
15,0,Clear,Highway,47,12,8,4,3,42
14,1,Clear,Suburban,83,10,11,2,3,21
21,1,Clear,Urban,74,11,7,4,2,32
11,0,Clear,Suburban,74,15,5,3,2,30
19,0,Clear,Suburban,27,46,23,3,5,90
7,1,Fog,Urban,61,28,16,6,4,22
0,0,Clear,Highway,71,9,2,1,2,19
21,0,Clear,Urban,47,15,12,4,3,49
14,1,Rain,Urban,75,16,10,3,2,21
21,0,Clear,Highway,61,18,8,2,3,31
4,0,Clear,Urban,85,4,1,0,1,9
12,0,Clear,Urban,84,16,12,2,4,29
17,0,Clear,Suburban,26,53,24,5,6,74
5,0,Rain,Urban,80,11,4,1,1,8
8,1,Clear,Urban,40,39,16,3,2,47
23,1,Clear,Urban,73,9,10,4,3,26
18,1,Rain,Suburban,62,28,21,5,5,33
1,0,Clear,Suburban,68,10,2,0,2,15
5,0,Clear,Highway,86,3,2,1,1,16
18,0,Clear,Urban,48,33,18,6,5,51
6,0,Clear,Urban,88,16,7,4,4,34
9,0,Fog,Suburban,52,59,14,3,3,48
10,0,Clear,Suburban,52,24,10,2,4,48
7,0,Rain,Urban,40,54,21,4,3,66
21,0,Clear,Highway,40,25,5,3,2,45
3,0,Clear,Highway,77,9,3,0,1,16
13,0,Clear,Suburban,89,17,10,3,3,34
0,0,Clear,Highway,71,9,3,1,1,16
22,0,Fog,Urban,61,14,11,4,3,16
11,1,Clear,Suburban,76,20,10,4,3,20
0,0,Clear,Highway,81,7,4,0,2,14
19,1,Clear,Urban,49,37,17,3,2,42
18,1,Clear,Highway,83,25,21,6,2,35
17,1,Clear,Urban,61,39,22,4,2,40
22,1,Clear,Suburban,75,18,12,3,4,23
20,0,Rain,Urban,73,16,6,2,3,39
4,0,Clear,Suburban,67,4,1,0,1,19
8,0,Clear,Highway,22,46,24,3,2,79
17,1,Clear,Urban,45,29,14,6,4,49
19,0,Rain,Highway,57,36,20,3,3,44
11,1,Clear,Highway,82,14,13,3,4,14
1,0,Clear,Urban,74,6,1,1,2,10
20,0,Clear,Urban,70,12,13,4,4,36
18,1,Clear,Highway,70,45,11,7,5,38
23,0,Clear,Urban,78,28,9,1,4,31
15,0,Clear,Highway,60,28,10,4,3,24
7,0,Clear,Suburban,41,45,23,7,2,65
3,0,Clear,Suburban,73,5,2,1,2,10
11,1,Rain,Urban,72,19,9,3,4,15
13,0,Clear,Urban,48,12,5,4,2,41
18,0,Rain,Urban,20,50,22,6,2,79
13,0,Clear,Suburban,47,26,5,1,3,46
14,0,Rain,Urban,61,20,6,3,2,23
21,1,Clear,Suburban,71,21,7,3,2,30
3,0,Clear,Urban,80,8,2,1,2,16
8,0,Clear,Highway,26,54,21,4,3,87
19,0,Clear,Urban,21,50,18,5,3,94
0,1,Clear,Urban,87,8,1,0,2,13
23,0,Fog,Urban,66,18,13,3,2,15
7,0,Clear,Suburban,53,33,13,6,6,69
15,0,Clear,Urban,48,22,6,2,3,49
21,0,Clear,Suburban,61,26,5,2,3,30
22,0,Clear,Suburban,73,15,12,4,4,30
5,0,Fog,Urban,64,9,2,1,2,6
18,1,Clear,Highway,45,30,19,3,4,51
4,0,Clear,Suburban,67,6,2,1,2,19
21,1,Rain,Urban,84,22,13,4,3,19
1,0,Clear,Highway,86,11,2,0,1,8
19,1,Rain,Highway,70,45,18,3,4,33
5,1,Clear,Highway,79,8,4,1,2,6
23,0,Clear,Suburban,48,20,14,1,2,45
17,0,Clear,Urban,35,41,16,5,4,79
22,0,Clear,Suburban,56,17,12,1,2,48
18,0,Clear,Urban,35,34,18,6,4,96
1,0,Rain,Urban,73,8,4,1,2,10
11,0,Clear,Highway,63,19,12,2,3,40
22,0,Clear,Suburban,75,20,13,3,2,28
12,1,Clear,Urban,87,12,5,1,3,24
1,0,Clear,Urban,62,4,1,1,1,6
4,1,Clear,Suburban,60,6,4,1,2,4
16,0,Clear,Urban,54,29,12,1,3,43
11,1,Clear,Highway,75,18,14,4,2,19
17,0,Clear,Highway,39,31,13,5,5,99
6,0,Fog,Highway,71,20,14,3,3,22
8,1,Clear,Suburban,43,28,24,6,2,64
6,1,Clear,Suburban,60,20,6,3,2,24
23,0,Clear,Urban,52,18,12,2,4,44
4,0,Rain,Urban,67,11,2,0,2,4
10,1,Clear,Urban,76,20,8,3,4,34
21,0,Rain,Suburban,79,13,10,4,2,37
14,0,Fog,Urban,86,19,9,3,4,15
22,0,Clear,Suburban,77,15,12,2,3,39
14,0,Clear,Urban,76,23,14,1,3,20
14,0,Clear,Urban,51,23,12,1,4,47
22,0,Fog,Suburban,82,14,13,1,3,18
6,0,Clear,Suburban,67,28,14,4,2,40
3,0,Rain,Suburban,71,6,1,0,1,8
12,0,Rain,Suburban,68,26,6,3,2,32
19,0,Clear,Suburban,31,46,11,7,5,87
4,0,Clear,Urban,87,8,4,1,1,16
14,0,Fog,Highway,76,24,8,3,3,13
20,0,Fog,Highway,76,20,10,4,4,21
12,0,Clear,Highway,74,25,9,3,4,25
15,0,Clear,Urban,89,12,9,2,2,28
10,0,Clear,Urban,60,20,6,1,4,20
4,1,Clear,Highway,69,7,1,0,1,10
5,0,Clear,Highway,86,10,4,0,1,13
6,1,Clear,Urban,79,11,7,4,4,21
7,0,Clear,Urban,27,35,11,7,6,90
21,1,Clear,Suburban,83,19,11,2,2,28
23,1,Clear,Urban,73,10,7,4,4,30
15,1,Clear,Urban,85,20,7,3,4,19
18,0,Clear,Highway,49,39,23,5,6,60
8,0,Rain,Highway,50,56,24,5,5,69
22,0,Clear,Urban,49,15,5,2,4,46
4,0,Clear,Suburban,74,4,2,1,1,5
17,0,Fog,Highway,86,30,16,6,4,36
16,0,Rain,Urban,81,25,6,1,2,17
17,0,Clear,Highway,29,47,16,4,3,83
3,0,Clear,Highway,62,7,1,1,2,15
4,1,Clear,Suburban,73,6,4,0,2,8
15,0,Clear,Highway,51,28,10,1,4,41
17,0,Clear,Highway,22,48,23,7,5,95
14,0,Clear,Highway,63,12,14,3,3,31
22,0,Clear,Highway,75,21,6,2,4,22
6,0,Fog,Urban,85,20,11,3,2,15
19,1,Clear,Urban,81,47,15,3,3,35
20,0,Clear,Highway,73,28,5,4,4,31
17,0,Clear,Urban,55,57,18,3,6,62
8,0,Clear,Urban,49,56,17,3,3,64
6,0,Rain,Suburban,74,12,6,3,2,31
23,0,Clear,Urban,60,17,10,4,3,26
11,0,Clear,Highway,42,14,14,1,4,44
8,1,Clear,Highway,74,33,20,5,2,39
9,0,Clear,Urban,55,43,24,3,4,61
15,1,Clear,Highway,84,20,6,4,2,28
22,0,Clear,Urban,87,21,5,4,3,39
11,0,Clear,Urban,62,21,6,3,3,34
14,1,Clear,Urban,77,16,5,3,2,24
12,0,Clear,Suburban,67,13,8,4,2,38
3,0,Rain,Suburban,78,10,4,0,2,10
8,0,Rain,Suburban,55,43,19,4,2,57
6,1,Rain,Highway,63,10,12,2,2,20
17,0,Fog,Highway,55,36,11,6,5,42
5,0,Clear,Highway,65,9,3,0,2,13
6,0,Rain,Highway,74,22,13,4,2,38
22,0,Clear,Suburban,80,22,13,3,2,22
18,0,Fog,Highway,41,48,14,4,4,46
23,0,Fog,Highway,63,13,12,1,2,15
15,1,Rain,Highway,60,14,13,4,4,25
13,0,Clear,Urban,42,20,10,3,4,45
17,0,Fog,Urban,76,38,14,7,6,36
4,0,Fog,Urban,80,6,2,1,2,10
0,1,Clear,Suburban,85,2,3,1,2,6
4,1,Clear,Highway,79,3,1,1,2,8
4,0,Fog,Highway,76,6,3,1,2,5
17,0,Clear,Suburban,32,32,17,5,6,91
17,0,Clear,Urban,35,40,17,7,2,99
22,0,Clear,Urban,61,23,8,3,2,34
15,0,Clear,Highway,75,14,9,3,4,27
15,0,Clear,Highway,89,27,10,3,2,28
16,0,Clear,Urban,56,25,5,1,4,45
16,0,Rain,Suburban,65,29,13,4,2,26
0,0,Rain,Suburban,82,5,3,0,2,4
5,0,Fog,Highway,84,3,3,0,2,10
7,0,Clear,Suburban,46,39,10,5,4,70
18,1,Rain,Urban,86,26,12,5,6,35
13,1,Clear,Urban,86,12,5,1,4,30
4,0,Clear,Suburban,79,9,2,0,1,8
8,0,Clear,Highway,52,55,15,4,5,50
17,0,Clear,Suburban,46,51,16,7,3,51
10,0,Clear,Urban,80,16,10,1,3,36
20,0,Rain,Highway,72,20,12,2,4,24
0,1,Clear,Urban,80,8,3,0,1,13
16,0,Rain,Urban,60,18,13,4,3,30
0,0,Clear,Urban,77,3,3,0,2,18
18,0,Clear,Suburban,42,52,10,7,5,65
7,0,Clear,Highway,34,47,12,3,2,76
4,0,Fog,Suburban,69,8,4,1,2,10
0,1,Clear,Suburban,61,2,3,0,2,5
14,0,Rain,Highway,87,22,7,4,3,20
1,1,Clear,Highway,85,6,2,1,1,7
10,1,Clear,Urban,62,15,7,1,3,16
16,0,Rain,Urban,88,16,5,1,4,26
13,0,Clear,Urban,81,13,11,4,3,27
17,0,Clear,Highway,49,50,13,3,2,67
19,1,Clear,Highway,44,37,11,5,4,55
1,0,Rain,Urban,73,3,4,0,2,5
13,0,Clear,Urban,83,28,12,2,2,28
21,1,Clear,Urban,72,12,11,3,3,20
4,0,Clear,Highway,66,10,3,0,2,6
13,1,Clear,Highway,77,14,5,1,4,16
21,1,Fog,Suburban,87,11,5,3,4,18
12,0,Clear,Urban,55,16,14,4,3,42
8,0,Clear,Suburban,58,49,15,3,4,57
2,0,Clear,Suburban,84,5,3,0,2,13
21,1,Clear,Suburban,89,19,10,1,3,24
16,1,Clear,Highway,67,21,6,2,4,28
17,1,Clear,Suburban,50,33,12,3,6,49
9,1,Clear,Urban,46,28,20,3,3,52
11,0,Clear,Urban,76,17,14,3,2,40
20,0,Fog,Suburban,66,13,11,1,3,27
23,1,Rain,Urban,85,21,12,2,3,24
4,0,Clear,Urban,87,9,3,0,2,11
23,0,Clear,Suburban,62,17,6,3,4,26
12,0,Rain,Suburban,61,29,12,3,2,28
14,0,Clear,Suburban,64,21,11,3,3,23
16,0,Clear,Suburban,45,28,7,4,3,49
0,0,Clear,Highway,68,5,1,0,1,19
20,0,Clear,Urban,62,28,6,1,2,33
23,0,Clear,Highway,45,19,6,3,2,48
9,0,Clear,Suburban,30,53,21,5,3,88
12,0,Clear,Highway,79,13,8,4,2,28
22,0,Clear,Suburban,85,26,12,4,3,38
2,1,Fog,Suburban,73,4,4,1,2,6
20,1,Rain,Suburban,71,20,10,2,3,14
20,0,Clear,Suburban,51,16,14,3,4,41
10,1,Clear,Suburban,82,18,11,1,4,23
5,0,Clear,Urban,84,6,1,1,1,13
14,0,Clear,Urban,51,29,6,4,4,47
15,0,Clear,Urban,75,21,5,4,2,28
17,1,Fog,Highway,88,37,19,7,2,23
14,0,Clear,Urban,61,21,5,2,3,25
1,0,Clear,Urban,66,3,2,1,2,16
18,0,Clear,Highway,56,30,17,7,4,53
15,1,Rain,Suburban,74,20,8,1,3,14
23,0,Clear,Highway,76,13,12,1,3,39
11,0,Clear,Highway,52,17,9,4,2,43
4,0,Clear,Highway,64,8,1,1,1,11
10,1,Clear,Suburban,60,22,10,2,4,34
14,1,Clear,Highway,87,18,12,2,4,32
12,1,Clear,Urban,61,9,9,3,2,17
0,0,Rain,Highway,83,8,3,1,1,4
22,1,Clear,Highway,66,9,5,3,3,22
22,0,Rain,Highway,84,20,12,2,3,25
9,0,Clear,Urban,47,56,10,6,5,55
10,0,Clear,Suburban,49,23,10,1,3,45
12,1,Clear,Highway,77,17,9,4,4,16
5,0,Clear,Suburban,89,6,1,1,1,8
7,1,Clear,Urban,62,35,12,6,3,38
22,1,Fog,Urban,71,17,6,3,2,19
10,0,Rain,Urban,79,26,6,4,4,28
18,1,Clear,Highway,52,31,11,5,3,57
6,0,Rain,Urban,82,17,6,3,3,16
8,0,Rain,Suburban,51,37,23,3,3,48
16,0,Clear,Suburban,63,15,12,2,4,34
16,0,Rain,Suburban,87,16,13,1,2,32
9,0,Rain,Suburban,52,51,10,4,4,58
4,0,Clear,Highway,68,5,4,1,2,5
21,0,Clear,Urban,64,13,7,3,4,35
6,0,Clear,Urban,54,18,5,1,3,49
7,0,Clear,Highway,38,50,16,4,2,79
7,0,Clear,Highway,40,42,22,6,4,68
20,0,Clear,Urban,55,12,10,4,2,49
19,0,Clear,Suburban,21,55,14,3,2,89
7,0,Clear,Suburban,20,35,18,6,3,90
23,0,Fog,Suburban,77,25,8,1,4,24
21,1,Clear,Highway,64,19,7,3,4,25
19,0,Clear,Suburban,28,51,23,4,3,83
14,1,Clear,Highway,70,17,13,3,4,18
18,0,Clear,Urban,28,57,18,6,4,72
5,0,Clear,Highway,64,7,2,0,2,12
15,0,Clear,Suburban,70,26,8,1,3,35
11,0,Clear,Highway,88,29,10,3,3,38
10,0,Clear,Highway,69,12,7,3,2,21
21,0,Clear,Suburban,49,23,7,2,3,49
1,0,Clear,Urban,77,4,1,1,2,7
18,1,Clear,Highway,41,36,16,4,3,60
9,1,Rain,Urban,43,40,12,5,2,46
16,0,Fog,Highway,76,18,12,3,3,18
7,1,Clear,Urban,59,40,15,7,4,42
19,1,Clear,Urban,40,24,24,4,5,68
2,0,Clear,Suburban,60,7,2,0,2,17
13,0,Rain,Urban,69,16,6,4,3,26
11,0,Clear,Urban,85,18,12,4,3,36
8,1,Clear,Suburban,44,38,13,5,4,59
19,0,Clear,Highway,52,51,19,7,6,66
19,0,Clear,Suburban,24,36,17,3,4,71
14,0,Clear,Urban,76,22,14,2,4,24
19,1,Clear,Suburban,45,26,14,7,2,62
9,0,Clear,Highway,44,46,15,6,2,54
18,1,Rain,Highway,80,29,23,4,6,29
13,0,Clear,Urban,67,16,13,4,4,24
5,1,Clear,Suburban,86,6,4,1,1,4
12,0,Clear,Urban,69,23,9,3,2,26
1,0,Clear,Urban,71,10,1,1,1,17
8,0,Clear,Urban,52,55,18,4,3,54
8,0,Rain,Urban,56,41,10,7,5,67
7,0,Fog,Highway,74,42,10,3,6,34
19,0,Rain,Urban,50,54,22,3,3,65
12,1,Clear,Suburban,88,10,9,4,4,14
13,0,Clear,Highway,66,26,13,2,4,36
15,0,Fog,Urban,65,15,9,3,3,24
9,0,Rain,Suburban,56,34,17,4,3,68
4,0,Rain,Urban,86,6,3,1,2,12
22,1,Clear,Highway,76,18,13,2,2,18
2,0,Clear,Suburban,63,10,4,1,2,17
18,0,Clear,Suburban,47,34,16,7,2,64
1,0,Clear,Urban,62,7,3,0,2,8
8,0,Clear,Highway,40,47,20,6,4,70
12,0,Clear,Highway,58,14,8,4,2,42
6,0,Clear,Urban,74,13,6,1,2,40
3,0,Clear,Suburban,66,8,3,1,2,18
14,0,Clear,Suburban,60,29,10,4,3,27
20,1,Clear,Urban,80,9,11,3,2,15
22,0,Clear,Highway,40,27,11,2,4,47
1,0,Fog,Urban,61,5,1,0,2,5
17,1,Clear,Highway,58,27,24,5,3,53
9,0,Clear,Suburban,34,51,20,5,2,92
11,1,Clear,Urban,69,23,5,4,4,18
3,1,Rain,Suburban,73,2,3,1,1,7
16,0,Clear,Urban,74,19,12,3,2,40
4,0,Fog,Suburban,79,3,4,0,2,3
4,0,Clear,Urban,75,7,3,1,1,18
5,0,Clear,Suburban,62,9,3,1,2,19
22,0,Rain,Suburban,71,26,10,1,4,16
7,0,Clear,Suburban,49,38,14,4,6,67
21,0,Clear,Suburban,60,15,10,3,2,22
0,0,Fog,Suburban,66,9,1,0,1,7
18,1,Clear,Suburban,50,39,22,6,4,52
15,0,Clear,Urban,68,15,5,3,3,20
17,0,Clear,Urban,47,44,20,3,3,51
13,0,Clear,Urban,67,26,6,3,2,23
11,0,Rain,Suburban,86,12,7,4,2,28
11,1,Clear,Urban,71,17,6,3,3,23
15,1,Clear,Highway,78,18,9,2,2,30
8,0,Clear,Highway,40,32,11,6,3,62
22,0,Clear,Highway,77,16,9,3,3,29
15,1,Clear,Urban,61,13,14,2,2,27
23,0,Clear,Suburban,69,20,7,4,4,26
10,1,Clear,Highway,79,21,11,2,4,27
19,0,Clear,Highway,26,55,23,6,5,86
4,0,Clear,Urban,83,8,3,0,2,8
14,0,Fog,Suburban,78,12,7,3,4,23
6,0,Clear,Urban,63,19,8,4,4,38
11,0,Clear,Highway,78,14,7,3,3,21
13,1,Clear,Urban,62,13,14,3,3,23
9,1,Clear,Urban,56,27,20,6,5,42
12,1,Clear,Highway,77,9,12,2,3,18
5,0,Clear,Highway,70,5,1,0,2,17
10,1,Clear,Urban,65,15,12,1,2,32
22,0,Clear,Urban,73,25,10,4,2,25
8,1,Clear,Highway,46,35,18,5,5,57
5,1,Clear,Urban,62,5,2,0,2,13
9,0,Clear,Urban,28,59,17,4,3,93
19,0,Clear,Urban,21,36,21,6,2,83
17,0,Fog,Urban,58,38,20,5,4,42
0,0,Clear,Suburban,63,10,4,0,1,10
0,1,Clear,Suburban,66,6,3,0,2,3
15,0,Clear,Suburban,81,18,13,1,3,27
23,0,Clear,Urban,61,26,6,3,3,23
21,0,Clear,Urban,87,16,10,3,4,37
23,1,Rain,Suburban,72,17,7,1,4,22
10,1,Clear,Highway,65,16,10,3,4,33
9,1,Clear,Highway,88,32,24,4,6,36
7,0,Clear,Highway,38,38,10,5,3,90
8,0,Clear,Suburban,31,57,22,4,2,77
9,1,Fog,Urban,67,34,15,7,2,36
1,0,Clear,Suburban,77,3,3,1,2,13
23,0,Clear,Urban,82,26,9,3,2,30
17,1,Clear,Suburban,40,40,24,6,6,45
6,1,Clear,Highway,74,11,6,4,4,22
22,0,Clear,Highway,79,16,10,1,3,36
14,0,Clear,Highway,41,27,9,3,4,48
0,0,Clear,Suburban,85,10,3,0,1,19
21,1,Clear,Urban,60,20,14,1,4,28
3,0,Clear,Urban,71,6,4,1,2,11
7,1,Clear,Highway,53,32,17,5,2,43
4,1,Clear,Highway,87,3,4,0,1,10
23,0,Clear,Suburban,65,28,5,1,4,23
7,0,Clear,Suburban,35,51,20,4,2,86
18,1,Rain,Urban,87,40,19,6,6,31
2,0,Clear,Urban,64,3,1,1,2,14
22,0,Rain,Suburban,63,16,6,2,4,35
11,0,Clear,Suburban,63,27,5,1,2,27
20,0,Rain,Highway,83,29,10,4,3,20
22,0,Clear,Highway,71,14,7,1,3,35
23,0,Fog,Urban,72,14,14,2,4,16
16,0,Clear,Urban,74,23,6,1,4,33
11,0,Clear,Urban,47,26,12,3,4,41
4,1,Clear,Urban,76,4,4,1,1,6
5,1,Rain,Highway,84,8,3,1,1,8
22,1,Clear,Urban,64,18,7,1,4,18
19,1,Fog,Suburban,60,41,22,5,6,25
21,0,Clear,Urban,87,28,11,4,3,21
18,1,Clear,Suburban,55,24,16,3,4,63
22,0,Clear,Urban,71,17,10,4,4,23
19,1,Rain,Highway,58,29,14,6,4,47
6,0,Rain,Suburban,65,23,8,4,2,36
10,0,Rain,Urban,85,21,11,4,2,16
2,1,Fog,Urban,83,6,2,0,1,5
12,0,Fog,Urban,64,23,8,4,4,18
22,0,Clear,Suburban,80,28,5,4,3,24
12,1,Clear,Urban,62,21,13,1,4,30
22,0,Rain,Highway,83,16,9,1,3,24
1,0,Clear,Urban,70,8,3,0,1,13
18,0,Clear,Suburban,31,46,22,3,2,82
7,0,Rain,Highway,46,41,10,5,2,48
4,0,Rain,Suburban,71,9,4,0,1,15
1,0,Clear,Urban,67,10,2,0,2,19
6,0,Clear,Suburban,47,17,11,4,3,43
12,0,Clear,Suburban,64,27,9,1,3,36
7,1,Clear,Suburban,48,36,19,5,6,56
1,1,Clear,Highway,78,2,3,0,2,11
1,0,Clear,Suburban,77,8,3,0,2,9
0,0,Clear,Highway,73,3,1,1,2,19
6,0,Clear,Urban,65,23,11,3,2,20
6,0,Rain,Highway,87,13,7,2,3,38
3,1,Clear,Highway,65,4,4,0,1,10
3,0,Clear,Urban,67,9,2,1,1,7
14,0,Rain,Suburban,79,12,13,4,2,32
22,1,Rain,Suburban,65,14,11,4,4,14
2,0,Clear,Highway,71,3,2,1,1,13
14,0,Fog,Highway,68,16,10,1,3,14
20,0,Fog,Highway,86,22,14,1,3,18
0,0,Clear,Highway,78,3,2,1,2,10
13,0,Clear,Highway,44,13,6,4,2,43
16,1,Clear,Suburban,89,9,8,2,2,28
1,0,Clear,Urban,61,3,1,1,1,19
7,1,Fog,Urban,75,46,24,3,5,30
4,1,Clear,Highway,75,3,3,1,1,11
1,0,Rain,Urban,61,9,3,0,1,9
10,1,Clear,Highway,63,15,14,4,2,15
15,0,Rain,Suburban,61,24,11,1,4,32
18,1,Clear,Suburban,53,44,13,7,2,62
6,1,Rain,Highway,61,19,8,1,3,14
16,0,Clear,Suburban,76,29,10,2,3,39
20,0,Rain,Suburban,78,24,9,4,4,28
13,0,Fog,Highway,81,22,8,2,3,25
1,0,Rain,Highway,78,9,1,1,1,15
18,0,Clear,Urban,26,58,19,5,4,97
19,0,Clear,Highway,25,32,21,4,2,95
20,1,Clear,Urban,68,17,6,3,4,32
14,0,Clear,Urban,72,18,9,1,3,31
8,0,Clear,Suburban,34,34,16,3,4,81
2,0,Clear,Suburban,81,7,2,0,2,12
4,0,Clear,Highway,69,3,3,1,2,13
21,0,Clear,Highway,46,23,7,3,2,47
8,0,Clear,Urban,48,46,17,4,3,60
14,0,Clear,Suburban,68,23,14,4,4,36
12,0,Clear,Highway,67,13,10,2,3,24
20,0,Clear,Suburban,75,15,8,1,3,27
16,1,Clear,Suburban,60,17,8,4,4,18
6,0,Clear,Highway,80,26,14,4,3,24
18,0,Clear,Suburban,50,58,22,3,2,63
13,0,Clear,Urban,85,13,8,4,3,38
21,0,Clear,Highway,46,21,6,1,4,46
17,0,Rain,Suburban,54,32,20,4,4,49
16,0,Clear,Urban,88,29,9,2,4,34
8,0,Clear,Urban,32,39,21,4,5,90
5,1,Clear,Urban,80,8,2,1,2,10
20,0,Clear,Highway,88,18,6,4,3,35
13,0,Clear,Urban,78,29,14,2,3,30
22,0,Clear,Highway,63,24,11,2,2,24
9,0,Clear,Highway,41,58,17,5,6,60
4,1,Clear,Highway,71,8,2,0,1,7
10,1,Clear,Highway,89,11,9,3,4,32
3,0,Clear,Highway,78,9,2,1,1,13
15,0,Clear,Suburban,55,19,13,2,2,43
11,0,Clear,Suburban,68,19,7,3,3,29
13,0,Clear,Suburban,79,24,10,4,4,37
5,0,Clear,Urban,64,7,2,1,2,13
1,0,Rain,Highway,70,4,3,1,1,10
6,0,Clear,Urban,66,22,8,3,2,36
17,0,Clear,Highway,24,59,10,5,3,71
1,0,Fog,Urban,80,3,1,0,2,6
14,0,Clear,Highway,52,19,6,1,3,47
17,0,Fog,Highway,65,40,22,6,5,30
15,0,Clear,Urban,43,18,14,2,3,42
14,0,Clear,Suburban,61,21,13,1,3,27
20,0,Rain,Suburban,63,21,6,2,4,36
2,1,Clear,Urban,76,7,3,1,2,11
5,0,Clear,Suburban,65,5,1,0,2,19
2,1,Clear,Suburban,78,8,1,0,2,11
11,0,Clear,Highway,82,27,5,3,2,26
17,1,Clear,Urban,57,31,19,3,6,60
2,0,Clear,Suburban,88,8,3,1,2,8
5,0,Clear,Suburban,83,9,2,0,2,16
13,1,Clear,Highway,61,10,5,1,2,22
21,0,Clear,Highway,47,18,11,1,4,47
19,0,Rain,Highway,41,45,17,5,4,61
16,1,Clear,Urban,84,23,9,1,2,19
21,0,Clear,Highway,84,25,9,3,3,30
7,0,Clear,Suburban,42,55,18,6,2,50
14,0,Clear,Urban,56,20,13,1,3,46
16,1,Rain,Suburban,65,12,12,2,2,26
20,0,Fog,Suburban,74,25,10,2,3,20
14,1,Clear,Highway,83,19,14,3,4,28
10,0,Clear,Suburban,66,25,12,3,2,22
18,0,Clear,Suburban,26,50,23,4,3,83
14,0,Clear,Urban,79,27,11,4,4,23
18,0,Clear,Highway,26,53,13,6,4,82
20,1,Clear,Suburban,88,15,13,3,2,19
3,0,Clear,Highway,85,10,3,0,1,13
11,0,Clear,Suburban,44,20,5,4,3,48
9,0,Clear,Highway,36,42,18,7,6,88
15,0,Rain,Suburban,82,15,7,4,2,16
2,0,Clear,Highway,82,6,3,1,1,15
2,0,Clear,Highway,66,8,1,0,1,7
8,0,Clear,Suburban,40,35,11,7,6,66
19,0,Clear,Urban,38,57,17,4,6,80
0,1,Clear,Suburban,80,7,2,0,1,9
3,0,Fog,Highway,74,7,3,1,2,6
2,0,Clear,Suburban,86,10,2,1,2,6
23,1,Rain,Urban,85,14,10,1,4,26
18,0,Fog,Suburban,46,34,13,4,4,55
0,0,Fog,Urban,83,7,4,1,1,7
14,0,Clear,Suburban,86,21,10,1,2,24
3,0,Rain,Suburban,78,8,3,0,1,6
7,1,Clear,Urban,49,32,20,7,2,48
5,1,Clear,Urban,80,4,3,1,2,9
11,1,Clear,Suburban,83,18,13,1,4,19
3,1,Clear,Suburban,79,8,3,0,1,12
1,1,Fog,Urban,77,3,1,0,1,3
11,0,Clear,Highway,83,24,14,4,4,39
20,0,Clear,Highway,76,23,6,1,4,35
16,0,Fog,Highway,82,25,8,1,2,26
16,0,Clear,Urban,63,18,14,2,4,36
3,0,Clear,Urban,72,6,3,0,1,17
2,0,Fog,Suburban,88,4,4,0,2,8
21,0,Clear,Highway,59,19,10,4,3,47
1,0,Clear,Highway,81,6,1,1,2,15
20,0,Rain,Urban,65,28,9,2,2,38
15,0,Fog,Suburban,64,21,5,3,3,16
6,0,Clear,Urban,73,12,5,4,3,28
16,0,Rain,Suburban,75,18,9,2,3,38
8,1,Clear,Suburban,40,32,14,3,2,46
8,1,Clear,Highway,45,31,23,4,5,62
14,1,Rain,Urban,61,19,5,2,2,16
16,0,Clear,Suburban,44,21,14,3,3,46
22,0,Rain,Urban,84,18,12,4,4,32
11,0,Clear,Suburban,46,17,10,3,3,48
23,0,Rain,Urban,66,27,6,3,4,29
12,0,Rain,Urban,75,15,5,2,4,24
18,0,Clear,Highway,31,41,20,6,5,90
5,0,Clear,Highway,81,7,3,0,2,8
10,1,Rain,Highway,74,19,9,4,2,22
0,0,Clear,Urban,89,7,2,1,1,12
23,1,Clear,Suburban,81,15,13,1,4,25
23,0,Fog,Urban,84,28,12,1,4,18
15,1,Clear,Urban,78,12,7,1,4,16
21,1,Rain,Urban,60,20,12,3,4,21
3,0,Fog,Highway,63,4,2,1,2,10
13,0,Rain,Highway,65,18,12,1,4,16
23,0,Rain,Highway,64,29,11,2,4,17
8,0,Clear,Highway,37,47,18,3,5,96
19,0,Rain,Highway,56,30,15,3,4,57
18,1,Clear,Urban,54,33,24,4,3,57
21,1,Clear,Suburban,89,10,10,1,4,34
8,0,Rain,Urban,50,46,12,5,3,44
0,0,Clear,Highway,87,3,4,1,1,15
21,0,Rain,Highway,86,28,5,4,2,22
5,0,Clear,Highway,70,5,1,1,2,5
20,1,Clear,Urban,88,12,12,2,2,20
1,0,Clear,Urban,71,4,4,1,1,16
18,0,Clear,Urban,45,33,12,6,4,61
3,1,Clear,Urban,61,6,4,0,2,13
9,1,Fog,Urban,63,44,15,3,5,28
6,1,Clear,Urban,74,22,13,3,2,31
4,1,Clear,Urban,64,7,3,1,1,3
8,1,Clear,Highway,58,28,18,4,4,66
10,1,Rain,Suburban,74,10,7,2,2,20
1,0,Clear,Suburban,67,6,4,0,1,14
14,0,Fog,Highway,64,25,9,2,3,24
8,1,Clear,Urban,56,46,20,5,2,44
7,0,Clear,Suburban,42,32,17,4,6,55
2,0,Clear,Urban,89,5,1,0,2,7
5,0,Clear,Urban,87,9,1,0,1,10
11,1,Clear,Suburban,61,20,8,1,3,24
13,0,Clear,Highway,72,13,7,2,3,28
5,1,Rain,Urban,79,2,4,0,2,2
12,0,Clear,Urban,75,24,12,2,4,25
8,0,Clear,Urban,21,33,24,4,3,80
23,0,Clear,Urban,85,22,9,1,3,31
23,0,Clear,Urban,71,17,5,3,3,24
20,0,Clear,Suburban,60,29,12,3,2,38
12,0,Clear,Highway,55,27,9,2,3,47
20,0,Rain,Urban,83,26,13,4,4,32
9,0,Rain,Urban,50,37,17,4,4,51
18,0,Clear,Urban,33,55,14,3,5,92
21,0,Rain,Urban,67,28,12,4,4,36
9,0,Clear,Urban,37,46,15,5,4,82
15,0,Clear,Suburban,42,24,11,2,2,43
3,1,Rain,Highway,64,6,2,0,2,5
14,1,Clear,Highway,89,13,5,2,3,16
10,1,Rain,Suburban,88,16,11,4,2,24
22,0,Clear,Urban,79,20,12,2,4,29
15,0,Fog,Suburban,62,13,12,4,3,28
14,0,Rain,Highway,85,17,12,1,2,37
13,0,Clear,Highway,66,29,11,2,4,28
2,0,Clear,Urban,63,3,4,0,2,15
15,0,Rain,Suburban,75,15,8,1,3,17
7,0,Rain,Highway,53,54,23,4,2,62
2,0,Clear,Highway,78,5,3,1,1,10
8,0,Clear,Highway,29,56,17,6,6,98
11,0,Rain,Suburban,81,28,12,3,2,35
17,0,Clear,Urban,24,43,21,5,3,85
23,0,Clear,Suburban,81,24,13,3,2,23
18,0,Clear,Highway,52,45,22,3,2,50
5,0,Rain,Urban,62,5,3,1,2,8
3,1,Clear,Urban,65,4,2,0,2,4
15,0,Clear,Urban,54,27,13,1,2,48
2,0,Clear,Highway,64,10,1,0,2,19
9,0,Fog,Urban,49,32,13,6,3,46
18,0,Rain,Highway,29,45,18,7,5,78
9,1,Rain,Urban,89,25,17,5,2,35
9,1,Clear,Highway,40,39,17,7,4,65
18,0,Fog,Urban,71,44,24,4,4,33
22,0,Clear,Highway,62,25,5,1,3,27
1,1,Clear,Urban,75,8,3,0,1,9
14,0,Clear,Urban,59,21,9,3,4,49
0,0,Clear,Urban,80,8,3,1,1,19
2,0,Clear,Highway,66,9,1,0,2,19
7,0,Fog,Urban,40,56,14,5,6,51
2,1,Rain,Urban,88,4,3,0,1,8
23,0,Clear,Suburban,55,20,14,4,4,42
11,0,Rain,Suburban,74,29,11,1,4,32
11,0,Clear,Suburban,63,21,13,2,4,31
10,1,Rain,Urban,65,13,6,2,3,11
3,0,Rain,Urban,60,7,1,1,2,15
23,0,Clear,Suburban,55,24,7,4,4,45
23,1,Rain,Suburban,62,14,9,1,3,17
9,0,Clear,Urban,29,43,10,7,3,86
9,0,Rain,Highway,49,31,11,4,4,42
15,1,Rain,Urban,62,9,11,3,3,21
19,0,Clear,Urban,55,58,12,5,4,59
23,0,Clear,Highway,81,13,12,3,2,32
10,0,Clear,Highway,73,29,9,1,4,31
18,0,Clear,Urban,42,45,11,7,4,58
12,1,Clear,Highway,62,22,12,3,4,31
14,0,Clear,Urban,59,12,8,1,2,42
19,0,Clear,Urban,32,49,23,4,3,97
3,1,Clear,Highway,62,4,1,1,1,13
5,0,Clear,Urban,71,9,1,0,1,6
0,0,Clear,Suburban,76,3,2,1,1,15
2,0,Clear,Urban,62,5,1,0,1,7
12,1,Clear,Suburban,61,17,8,3,3,31
12,1,Clear,Urban,80,16,8,1,2,20
12,0,Clear,Highway,82,14,9,2,4,36
2,0,Clear,Urban,89,3,1,1,2,14
9,1,Fog,Highway,56,33,13,4,2,41
10,0,Clear,Urban,62,23,6,4,2,37
21,0,Clear,Urban,73,27,13,2,4,33
18,0,Clear,Suburban,50,43,21,4,3,70
7,1,Clear,Suburban,53,32,14,3,5,62
22,0,Clear,Highway,47,21,13,3,4,44
0,1,Fog,Highway,65,3,3,0,2,7
4,1,Fog,Suburban,60,4,1,0,2,5
3,1,Clear,Suburban,68,7,2,1,1,4
3,0,Clear,Highway,77,9,3,1,2,9
3,0,Clear,Highway,60,6,1,1,2,7
2,0,Clear,Urban,88,8,1,1,2,12
12,0,Rain,Urban,71,22,6,1,2,22
18,0,Rain,Suburban,44,39,12,5,6,68
16,0,Fog,Urban,76,26,9,2,4,12
4,0,Rain,Suburban,82,7,3,1,1,11
15,1,Fog,Suburban,61,21,8,2,4,8
12,0,Clear,Urban,59,25,12,4,4,49
23,0,Clear,Highway,77,27,12,3,2,21
5,0,Clear,Suburban,68,4,3,0,2,18
16,1,Clear,Urban,67,12,10,1,3,24
14,0,Clear,Suburban,68,16,7,2,2,24
22,0,Rain,Highway,81,27,12,1,4,30
15,0,Clear,Urban,47,29,9,4,4,47
18,0,Rain,Urban,56,55,16,5,4,41
13,0,Clear,Urban,89,20,7,3,4,39
10,0,Clear,Urban,68,19,13,2,3,40
7,1,Clear,Urban,56,42,23,5,2,62
13,1,Clear,Urban,82,21,12,2,2,18
12,0,Clear,Highway,61,17,11,4,4,27
10,0,Rain,Highway,82,29,7,4,4,31
15,0,Clear,Urban,88,26,13,4,4,26
13,1,Fog,Urban,86,20,8,1,3,12
22,0,Clear,Urban,83,28,10,2,2,26
14,0,Rain,Urban,75,22,8,2,2,34
2,1,Clear,Highway,76,8,4,1,1,8
6,1,Clear,Urban,60,17,12,1,2,23
6,0,Clear,Urban,67,22,8,4,2,25
0,0,Clear,Highway,86,11,4,0,2,17
10,0,Clear,Urban,42,27,5,2,2,47
19,0,Clear,Urban,50,55,13,3,3,57
4,0,Clear,Urban,73,4,3,1,1,14
20,0,Clear,Suburban,78,29,6,2,2,33
17,0,Clear,Urban,39,49,13,6,4,74
13,0,Clear,Suburban,45,13,9,1,2,48
22,0,Rain,Urban,88,13,10,4,4,33
6,0,Clear,Urban,67,13,7,1,4,21
5,1,Clear,Urban,68,6,3,0,1,11
4,0,Rain,Highway,79,9,3,0,2,8
8,0,Rain,Highway,20,59,18,4,5,76
18,1,Clear,Suburban,42,35,14,4,2,54
2,0,Clear,Urban,84,10,3,0,2,17
4,0,Clear,Suburban,69,11,2,0,2,16
11,0,Clear,Suburban,49,29,10,2,2,45
22,0,Clear,Urban,61,28,8,4,2,34
21,0,Clear,Urban,65,16,7,3,3,27
12,1,Rain,Urban,69,12,6,4,2,20
21,0,Clear,Suburban,70,16,9,3,3,29
10,0,Clear,Urban,58,17,8,3,2,43
3,0,Rain,Suburban,84,10,2,1,1,8
10,1,Clear,Urban,79,16,10,4,3,32
14,1,Clear,Highway,76,19,10,1,4,18
20,0,Clear,Urban,61,26,11,3,3,33
0,0,Rain,Urban,72,3,3,0,2,8
10,0,Clear,Highway,42,29,6,4,4,45
22,1,Clear,Highway,65,14,6,1,4,17
21,1,Clear,Urban,85,23,5,3,3,28
2,0,Clear,Urban,67,11,3,1,1,14
6,0,Clear,Urban,88,25,8,1,4,38
3,0,Clear,Highway,81,4,1,1,2,15
22,0,Clear,Suburban,73,15,8,2,3,39
4,1,Rain,Urban,87,2,1,0,2,8
20,0,Clear,Highway,47,25,10,3,3,43
9,1,Clear,Highway,47,44,19,6,6,67
19,1,Rain,Urban,75,46,20,6,6,40
19,1,Clear,Suburban,45,36,23,6,6,62
12,0,Clear,Urban,47,13,9,4,4,49
22,1,Clear,Urban,88,16,9,4,4,16
15,1,Clear,Suburban,89,20,11,2,4,23
2,0,Clear,Highway,61,3,2,0,2,14
6,0,Clear,Urban,53,18,10,4,3,45
4,0,Clear,Suburban,60,9,2,0,2,11
20,0,Clear,Urban,61,12,6,2,2,25
16,0,Fog,Suburban,63,19,9,2,3,13
3,1,Clear,Urban,63,5,1,1,2,10
6,0,Rain,Suburban,74,26,5,3,4,22
13,0,Clear,Suburban,61,18,9,1,3,31
6,1,Fog,Urban,76,13,7,3,4,15
13,1,Clear,Urban,77,12,7,3,3,18
21,0,Clear,Urban,52,14,12,4,3,48
21,0,Fog,Urban,77,18,6,3,4,20
20,0,Clear,Urban,84,28,14,4,4,36
17,0,Clear,Urban,33,35,16,7,4,89
15,0,Clear,Suburban,71,22,14,2,4,23
22,0,Rain,Suburban,84,15,8,4,4,18
4,0,Fog,Urban,84,11,2,0,2,5
6,1,Rain,Suburban,71,20,5,4,4,16
10,0,Clear,Urban,74,19,6,4,4,25
13,0,Fog,Suburban,84,27,6,4,2,29
8,1,Clear,Suburban,55,32,14,3,4,51
23,0,Clear,Suburban,72,18,11,2,2,28
16,0,Clear,Urban,43,19,6,3,2,45
15,0,Rain,Highway,82,17,9,2,2,25
11,0,Rain,Urban,80,16,14,1,4,36
2,0,Rain,Urban,68,6,4,0,1,11
21,1,Fog,Urban,81,17,12,3,2,16
17,0,Clear,Urban,24,51,17,3,3,86
13,1,Clear,Suburban,77,16,12,1,3,32
3,0,Clear,Highway,70,9,4,1,2,15
19,1,Clear,Suburban,44,31,10,7,5,62
5,0,Clear,Highway,66,10,1,1,1,15
15,1,Fog,Suburban,88,19,9,3,3,8
3,1,Clear,Suburban,84,5,2,0,2,3
17,1,Clear,Urban,72,45,20,4,5,36
15,0,Rain,Suburban,66,12,5,4,3,36
9,0,Clear,Urban,26,59,19,7,6,77
21,0,Clear,Urban,63,12,11,3,3,33
21,1,Clear,Urban,68,12,6,3,2,19
21,0,Clear,Suburban,80,15,12,2,3,25
9,0,Clear,Urban,40,33,17,4,4,68
7,0,Clear,Urban,25,41,20,6,6,85
6,0,Clear,Suburban,61,21,14,4,4,28
12,0,Clear,Suburban,74,29,7,4,4,40
2,0,Rain,Highway,65,3,2,0,1,15
6,0,Clear,Suburban,83,27,10,4,2,21
12,0,Clear,Highway,74,15,7,3,4,36
1,0,Rain,Urban,88,7,3,1,1,15
13,0,Clear,Highway,66,26,6,2,3,24
9,1,Rain,Highway,60,29,16,3,6,28
10,0,Clear,Urban,52,19,14,3,2,43
7,1,Rain,Urban,45,47,20,4,6,53
9,0,Clear,Suburban,22,40,13,7,4,85
11,0,Clear,Highway,63,19,8,2,2,29
2,1,Clear,Suburban,86,4,3,1,2,13
9,1,Fog,Urban,75,24,24,6,5,31
19,1,Clear,Urban,40,28,16,3,6,56
6,0,Clear,Urban,48,17,12,2,4,47
3,0,Clear,Highway,75,4,3,1,1,15
15,0,Clear,Highway,80,29,14,3,4,29
17,0,Clear,Suburban,57,46,17,7,5,61
14,1,Clear,Urban,67,14,8,2,2,23
23,1,Rain,Urban,66,22,9,2,2,20
8,0,Rain,Urban,57,47,16,7,4,53
1,0,Fog,Urban,75,10,4,1,1,3
19,0,Rain,Urban,52,51,15,3,5,55
23,0,Clear,Highway,87,20,8,2,2,29
3,0,Clear,Highway,71,11,3,1,2,15
9,1,Clear,Highway,87,24,16,5,6,35
8,0,Clear,Highway,59,53,23,4,6,58
17,1,Clear,Suburban,50,36,11,6,5,50
15,0,Rain,Suburban,68,29,5,4,2,24
9,1,Clear,Highway,43,31,12,6,2,44
14,0,Fog,Urban,84,22,9,3,2,23
1,1,Clear,Highway,76,7,4,0,2,10
19,0,Rain,Highway,53,36,13,6,6,68
7,0,Clear,Highway,55,43,18,6,2,56
5,0,Fog,Urban,83,7,2,1,2,7
13,1,Clear,Suburban,85,17,12,3,2,28
14,1,Clear,Urban,78,21,11,2,3,23
9,0,Clear,Urban,53,55,21,4,2,70
16,0,Rain,Suburban,89,13,10,3,3,37
7,1,Clear,Suburban,53,40,10,6,2,41
12,0,Clear,Suburban,89,27,9,2,4,22
16,0,Clear,Highway,79,12,5,3,4,37
15,0,Fog,Suburban,65,21,8,2,2,25
9,0,Clear,Urban,24,32,12,7,6,94
19,1,Clear,Urban,51,24,18,6,6,41
6,0,Clear,Urban,79,25,7,3,3,37
0,0,Clear,Suburban,71,6,2,0,2,12
3,1,Rain,Urban,83,8,2,1,1,8
21,0,Clear,Highway,67,12,7,4,2,37
13,0,Clear,Highway,81,18,11,4,3,22
5,0,Clear,Suburban,70,11,4,1,1,6
3,0,Clear,Urban,78,10,1,0,1,18
1,0,Fog,Urban,85,8,3,0,2,7
21,1,Clear,Urban,61,10,13,1,2,29
13,0,Rain,Urban,66,27,13,4,2,17
0,0,Clear,Urban,77,5,4,0,1,17
2,0,Clear,Highway,89,6,2,1,2,16
17,0,Clear,Urban,56,33,12,3,3,62
18,0,Clear,Urban,27,50,24,7,5,86
3,0,Rain,Suburban,70,8,2,1,1,12
18,0,Clear,Highway,58,59,13,5,5,56
12,0,Clear,Urban,59,23,8,1,2,49
10,1,Clear,Highway,65,13,5,2,3,29
18,0,Rain,Highway,53,36,22,5,2,58
9,0,Clear,Suburban,53,51,19,3,3,64
11,1,Clear,Highway,81,23,14,1,3,17
2,1,Clear,Highway,81,5,3,0,2,4
1,0,Rain,Suburban,83,11,3,0,1,6
18,1,Rain,Urban,47,28,22,3,3,53
3,0,Rain,Highway,65,4,2,1,2,12
1,0,Clear,Urban,88,7,4,1,2,12
6,0,Clear,Suburban,49,16,8,2,4,45
9,1,Clear,Suburban,59,41,19,3,2,69
12,0,Fog,Urban,60,12,13,4,4,28
22,1,Clear,Urban,71,16,8,1,3,30
8,0,Clear,Urban,25,56,10,4,3,88
7,0,Clear,Suburban,24,59,20,7,2,81
19,1,Clear,Highway,41,24,18,7,2,60
8,1,Fog,Urban,87,44,16,6,6,29
14,0,Clear,Urban,54,20,8,1,4,47
22,0,Clear,Highway,76,21,8,1,2,26
17,0,Clear,Highway,24,34,16,7,4,95
6,0,Rain,Highway,74,21,13,2,4,37
22,1,Clear,Suburban,89,22,10,3,3,22
10,0,Clear,Urban,77,15,10,4,4,29
14,0,Clear,Highway,71,14,9,1,2,22
23,0,Clear,Suburban,60,27,13,4,4,23
6,0,Clear,Suburban,64,17,5,2,3,20
4,0,Fog,Highway,71,10,2,1,2,10
22,0,Clear,Urban,66,23,5,3,4,30
23,0,Rain,Suburban,72,26,14,1,2,28
15,0,Rain,Suburban,84,26,7,2,2,36
7,1,Clear,Highway,49,32,19,3,3,51
11,0,Clear,Highway,46,27,7,1,2,46
17,1,Clear,Suburban,56,24,12,4,3,63
1,0,Clear,Urban,77,4,4,0,1,19
9,0,Clear,Highway,41,43,22,6,6,57
3,1,Clear,Suburban,72,4,4,1,1,13
5,0,Clear,Urban,81,6,1,0,2,12
17,0,Rain,Highway,54,52,24,7,3,44
23,0,Clear,Urban,64,14,10,4,3,33
18,0,Clear,Suburban,31,45,12,5,4,73
9,0,Clear,Highway,34,38,13,3,5,78
20,1,Clear,Suburban,60,12,14,4,2,33
12,0,Clear,Highway,68,17,13,2,3,33
0,0,Clear,Urban,74,8,4,0,1,13
18,1,Clear,Urban,48,24,21,4,3,53
10,0,Clear,Urban,45,25,14,1,3,45
17,1,Clear,Urban,46,31,13,7,3,43
18,1,Clear,Highway,40,42,15,3,6,67
4,0,Clear,Highway,82,4,2,1,2,6
6,0,Clear,Highway,63,22,8,1,2,22
10,0,Rain,Urban,81,13,6,4,3,20
15,0,Clear,Suburban,54,14,8,4,3,43
0,0,Clear,Suburban,70,6,3,0,1,15
20,0,Clear,Highway,88,24,9,1,4,24
16,0,Clear,Highway,42,28,12,2,3,47
3,0,Clear,Urban,65,4,2,0,2,11
13,0,Clear,Highway,60,16,5,2,4,32
9,0,Clear,Urban,40,46,21,5,6,56
10,1,Clear,Suburban,68,21,12,4,2,15
5,0,Fog,Highway,80,5,2,1,1,4
22,0,Rain,Highway,83,15,5,3,2,29
1,0,Rain,Urban,88,8,1,1,2,8
11,0,Rain,Urban,81,23,12,4,2,31
7,0,Clear,Suburban,35,38,24,5,6,72
16,0,Clear,Urban,78,12,9,2,4,28
11,1,Rain,Urban,75,12,9,3,3,15
22,0,Fog,Highway,72,28,6,3,3,28
14,1,Clear,Urban,70,12,9,4,3,26
19,1,Rain,Highway,89,47,14,4,4,36
13,0,Rain,Suburban,89,25,6,3,3,31
9,1,Clear,Urban,55,26,20,7,6,49
0,1,Clear,Urban,84,5,3,0,2,7
19,1,Clear,Suburban,79,32,15,3,4,37
19,0,Clear,Urban,55,53,20,6,6,55
6,1,Rain,Highway,73,15,6,2,2,22
4,0,Clear,Suburban,75,3,1,1,2,11
5,1,Clear,Urban,77,4,4,1,2,4
21,0,Rain,Urban,80,28,10,3,4,33
1,0,Clear,Suburban,72,8,4,1,2,9
22,0,Clear,Urban,66,13,13,4,2,33
18,0,Clear,Suburban,44,40,15,6,4,52
12,1,Clear,Suburban,65,16,7,2,2,25
19,0,Clear,Suburban,49,37,23,4,6,66
21,0,Clear,Urban,51,29,8,2,2,42
4,0,Rain,Urban,76,6,3,0,1,5
23,0,Clear,Highway,63,15,12,4,3,20
23,0,Clear,Highway,44,26,9,3,2,48
13,0,Rain,Highway,72,19,9,1,2,28
9,1,Clear,Suburban,48,31,10,7,2,44
6,0,Clear,Highway,81,20,8,3,4,33
7,0,Rain,Urban,42,36,11,6,5,47
0,1,Rain,Highway,89,3,4,1,1,8
3,0,Rain,Urban,72,4,3,0,2,14
12,0,Clear,Urban,58,20,6,2,2,43
23,1,Fog,Suburban,74,12,10,3,4,18
20,1,Clear,Urban,89,12,14,3,3,31
1,0,Clear,Suburban,70,5,2,1,1,13
4,0,Clear,Urban,63,7,3,1,1,7
3,0,Clear,Urban,87,5,4,0,1,14
23,0,Clear,Urban,51,23,8,1,3,43
22,0,Clear,Suburban,87,22,13,3,3,23
11,1,Rain,Highway,87,12,12,1,2,22
22,0,Fog,Urban,68,22,6,2,2,23
12,1,Clear,Highway,64,17,11,1,3,14
20,1,Clear,Urban,72,9,9,1,4,23
12,0,Clear,Highway,65,20,6,2,3,21
19,1,Rain,Urban,52,24,14,3,5,47
4,1,Clear,Highway,63,2,4,1,1,4
14,1,Clear,Highway,66,12,7,4,2,23
1,0,Clear,Urban,65,10,2,1,1,19
13,1,Clear,Suburban,72,17,7,2,2,34
7,0,Fog,Highway,43,50,17,4,6,48
12,0,Fog,Urban,61,23,8,4,2,28
11,1,Rain,Highway,62,22,5,4,2,26
11,1,Clear,Highway,85,22,10,1,2,16
15,0,Clear,Highway,40,12,6,4,4,47
9,0,Clear,Urban,31,39,12,7,5,91
4,1,Clear,Urban,64,7,1,0,1,9
4,0,Clear,Suburban,85,6,2,1,1,17
23,1,Rain,Highway,73,11,10,2,2,24
21,0,Clear,Suburban,71,12,9,2,4,32
6,0,Clear,Suburban,78,25,14,3,3,27
3,0,Rain,Urban,76,11,2,0,2,8
5,0,Rain,Highway,87,4,1,0,1,13
14,1,Clear,Suburban,74,21,7,1,2,34
11,0,Rain,Urban,82,29,6,3,3,18
3,1,Clear,Urban,63,8,3,1,1,5
9,1,Clear,Highway,51,43,19,3,5,47
13,0,Clear,Urban,84,16,7,1,3,24
22,0,Clear,Suburban,75,13,6,2,4,27
7,0,Clear,Highway,55,36,15,5,3,66
6,1,Clear,Suburban,71,10,6,1,3,21
18,1,Rain,Highway,55,36,13,3,3,46
2,0,Clear,Urban,78,8,4,0,2,5
17,0,Clear,Urban,52,43,19,6,3,67
17,0,Rain,Urban,32,50,18,3,6,77
21,0,Fog,Urban,64,17,11,4,3,24
20,0,Rain,Suburban,73,24,8,3,4,28
19,0,Clear,Highway,24,54,17,7,6,84
17,0,Clear,Highway,33,58,22,7,4,85
7,0,Rain,Suburban,86,32,16,3,4,40
6,0,Clear,Urban,74,21,14,4,4,23
2,0,Rain,Suburban,65,7,3,1,2,4
13,0,Clear,Urban,70,20,6,3,3,30
5,0,Clear,Suburban,65,9,4,1,1,16
16,0,Rain,Suburban,61,19,10,1,4,30
19,1,Fog,Highway,70,36,18,6,4,36
2,0,Rain,Urban,60,4,1,0,2,4
8,0,Clear,Suburban,34,37,21,3,5,79
9,0,Clear,Suburban,55,44,23,7,3,66
10,0,Clear,Urban,62,18,11,1,2,35
9,1,Clear,Urban,71,24,16,7,5,39
5,0,Rain,Suburban,63,11,3,0,2,14
17,0,Clear,Urban,32,40,12,7,2,77
8,1,Clear,Suburban,88,32,19,7,3,39
11,0,Clear,Urban,83,22,11,3,2,32
17,1,Rain,Suburban,57,41,15,6,2,49
7,1,Rain,Highway,65,42,11,5,4,34
13,0,Clear,Suburban,80,15,14,4,4,29
21,0,Clear,Suburban,48,26,10,2,2,46
12,0,Clear,Highway,87,13,10,2,2,22
13,0,Fog,Highway,81,19,12,2,4,27
1,1,Fog,Urban,82,3,4,0,1,4
4,0,Clear,Urban,84,3,3,0,2,11
10,0,Clear,Suburban,70,20,5,3,3,36
10,1,Clear,Highway,61,17,8,1,2,28
18,0,Clear,Suburban,37,45,14,3,5,72
9,0,Clear,Suburban,48,45,17,6,6,60
9,0,Rain,Urban,54,52,23,5,2,64
22,0,Clear,Suburban,62,20,13,3,3,39
16,0,Clear,Urban,80,27,12,2,2,23
16,0,Rain,Highway,65,19,9,4,4,37
14,0,Rain,Suburban,72,18,5,2,3,21
14,1,Rain,Suburban,76,9,7,4,3,23
3,0,Clear,Suburban,68,4,4,0,2,10
1,1,Clear,Suburban,76,3,4,1,1,11
1,0,Clear,Highway,85,6,3,0,1,8
16,1,Rain,Highway,75,13,14,3,3,23
15,0,Rain,Suburban,78,19,10,2,3,31
1,1,Clear,Suburban,65,7,1,0,2,6
19,0,Rain,Urban,45,49,20,5,2,55
5,0,Clear,Urban,67,7,2,0,2,7
22,0,Clear,Suburban,47,23,5,3,4,41
7,1,Clear,Suburban,84,44,12,5,3,40
3,0,Clear,Highway,61,7,2,0,1,9
22,0,Clear,Highway,68,16,10,2,3,29
17,0,Rain,Highway,57,36,10,4,6,53
22,1,Clear,Suburban,78,18,14,2,3,32
20,0,Clear,Highway,54,12,13,4,2,44
18,0,Clear,Urban,28,48,19,7,3,90
17,0,Clear,Suburban,47,48,21,4,2,61
14,0,Rain,Highway,87,12,9,1,4,32
18,1,Clear,Urban,56,40,21,6,6,58
0,0,Clear,Urban,86,5,2,0,2,15
20,0,Clear,Highway,68,15,14,4,2,21
13,0,Clear,Urban,80,27,8,2,3,37
11,0,Clear,Urban,81,24,13,2,2,40
0,0,Clear,Highway,88,11,1,0,2,19
10,0,Clear,Suburban,70,15,13,1,4,22
1,0,Rain,Suburban,70,11,4,1,2,6
6,0,Clear,Urban,70,23,10,4,3,27
0,0,Clear,Suburban,81,5,4,0,1,15
5,0,Clear,Urban,63,11,2,0,2,16
11,0,Clear,Suburban,74,21,12,3,2,25
8,0,Rain,Suburban,49,46,17,7,5,67
21,1,Rain,Highway,80,15,5,2,4,24
14,0,Clear,Highway,44,13,12,4,4,49
21,0,Clear,Urban,77,26,11,2,4,20
10,0,Clear,Highway,70,22,11,3,4,24
2,1,Clear,Urban,68,8,3,1,2,11
16,1,Clear,Suburban,86,20,13,4,4,25
7,0,Rain,Highway,49,30,22,3,4,45
6,0,Clear,Highway,54,27,12,3,4,41
18,0,Clear,Urban,34,58,15,6,5,73
11,0,Fog,Suburban,71,23,6,1,3,23
10,1,Clear,Urban,80,10,9,1,4,14
2,0,Clear,Urban,82,3,3,0,1,15
20,1,Rain,Highway,65,12,7,4,2,12
18,1,Clear,Suburban,57,37,21,6,5,59
14,0,Clear,Highway,71,15,12,2,3,26
2,0,Rain,Suburban,73,7,2,1,1,14
10,0,Clear,Urban,66,13,6,1,3,35
7,0,Fog,Urban,46,45,16,3,3,43
12,0,Clear,Highway,87,28,12,2,2,35
9,1,Rain,Suburban,57,42,11,5,5,49
4,0,Rain,Urban,60,8,4,0,2,7
16,0,Fog,Suburban,60,26,7,2,2,20
23,0,Clear,Suburban,86,24,13,3,2,38
9,0,Fog,Suburban,76,43,10,4,4,34
23,0,Fog,Highway,78,16,14,3,3,24
17,1,Rain,Suburban,46,35,23,3,2,45
1,1,Rain,Urban,64,4,1,0,2,4
7,1,Clear,Highway,52,39,22,4,4,41
5,0,Clear,Highway,86,3,1,0,2,15
20,0,Clear,Suburban,84,27,7,4,4,37
3,0,Clear,Urban,71,6,4,1,2,9
19,0,Fog,Suburban,53,30,19,5,3,55
7,0,Clear,Highway,24,47,11,6,4,80
1,0,Clear,Suburban,85,6,1,0,1,19
11,1,Clear,Suburban,64,23,8,1,2,14
14,0,Fog,Urban,86,15,13,2,2,29
1,0,Clear,Highway,73,5,2,1,1,5
13,0,Clear,Highway,85,18,9,1,4,24
18,1,Clear,Highway,59,36,19,4,4,66
1,0,Clear,Highway,87,7,1,1,1,17
11,1,Fog,Urban,68,12,8,3,2,17
6,0,Clear,Urban,81,14,12,2,4,29
5,0,Fog,Suburban,75,9,4,1,1,4
12,0,Clear,Highway,84,27,8,2,4,40
1,0,Fog,Suburban,65,11,3,0,2,4
5,1,Clear,Urban,81,2,1,0,2,6
2,0,Clear,Urban,80,10,3,1,1,12
19,1,Clear,Urban,44,25,13,5,3,58
4,1,Rain,Highway,88,4,1,0,1,10
17,1,Clear,Suburban,45,24,20,3,4,49
22,1,Clear,Urban,85,11,10,3,4,21
18,0,Clear,Highway,51,58,23,3,6,64
23,0,Clear,Urban,42,13,6,3,3,47
22,0,Clear,Urban,73,12,14,2,3,24
23,0,Clear,Highway,89,29,12,1,3,31
17,0,Clear,Urban,48,48,11,3,5,61
4,0,Clear,Urban,76,4,1,0,1,19
6,0,Clear,Urban,46,26,8,1,4,44
23,0,Fog,Urban,79,21,13,3,4,26
2,0,Clear,Suburban,89,3,2,0,2,16
14,0,Clear,Suburban,72,15,10,3,2,22
15,0,Clear,Urban,51,27,10,2,3,48
5,0,Clear,Urban,60,9,1,0,1,5
2,0,Clear,Highway,63,7,4,0,1,14
22,0,Clear,Suburban,43,23,14,3,2,42
9,0,Clear,Suburban,54,45,16,5,2,59
20,0,Clear,Highway,48,16,10,4,3,45
23,0,Rain,Suburban,64,23,5,1,3,33
11,0,Clear,Suburban,79,24,5,1,2,40
12,0,Clear,Urban,84,28,6,1,2,28
19,0,Clear,Highway,55,34,19,6,2,51
3,1,Clear,Suburban,72,7,4,1,2,8
0,0,Clear,Highway,61,10,1,0,1,16
15,0,Clear,Urban,61,27,11,3,3,28
19,0,Rain,Highway,57,59,21,7,2,65
5,0,Fog,Urban,81,9,1,1,2,7
20,0,Clear,Suburban,84,21,10,1,3,24
15,0,Clear,Urban,83,21,12,1,4,30
12,0,Rain,Highway,86,17,14,1,4,21
5,1,Clear,Suburban,89,2,3,0,2,4
7,0,Fog,Urban,46,33,19,6,4,45
17,0,Clear,Urban,39,52,15,6,4,93
4,0,Rain,Urban,88,9,3,1,2,9
10,0,Clear,Suburban,69,13,9,2,4,27
2,0,Rain,Urban,60,10,2,0,1,6
0,0,Clear,Suburban,66,10,3,1,2,9
9,0,Clear,Urban,44,41,11,5,3,63
10,0,Rain,Highway,79,27,5,3,4,29
12,1,Clear,Suburban,89,16,9,4,4,30
8,1,Clear,Suburban,48,28,24,3,4,53
14,0,Clear,Urban,61,17,14,4,3,33
11,0,Fog,Suburban,60,14,12,4,3,13
23,0,Clear,Highway,51,18,12,2,3,41
17,0,Fog,Highway,59,38,19,6,2,48
7,0,Clear,Highway,26,34,24,5,4,94
2,1,Rain,Highway,65,7,1,0,2,10
5,1,Clear,Highway,75,3,2,0,1,4
11,0,Clear,Highway,72,16,9,1,4,28
2,0,Rain,Suburban,81,7,2,0,1,4
11,0,Fog,Urban,82,29,9,2,3,24
14,1,Clear,Highway,67,20,14,1,4,20
6,0,Clear,Urban,64,23,8,4,4,20
16,0,Rain,Highway,79,21,10,2,2,18
6,0,Fog,Urban,80,22,10,4,4,22
14,0,Clear,Urban,89,25,14,4,3,22
7,0,Clear,Urban,24,54,13,4,4,90
18,0,Clear,Suburban,27,51,24,4,5,81
16,1,Clear,Highway,66,11,6,3,2,16
16,1,Clear,Highway,69,9,10,2,2,28
3,1,Clear,Suburban,78,8,3,1,2,13
17,0,Clear,Suburban,32,43,23,3,5,99
7,0,Clear,Urban,25,37,21,7,5,75
21,0,Clear,Urban,84,25,14,3,4,21
5,0,Fog,Urban,62,5,2,0,1,10
11,0,Clear,Highway,68,22,10,2,2,22
17,0,Rain,Suburban,45,37,16,3,5,53
12,0,Fog,Highway,82,21,8,3,2,14
17,0,Clear,Suburban,33,30,19,3,3,99
22,1,Clear,Urban,69,22,13,4,3,21
16,0,Clear,Urban,88,18,11,2,2,27
7,1,Fog,Suburban,70,36,18,7,4,38
8,0,Clear,Highway,47,47,22,4,4,54
1,0,Clear,Highway,86,10,1,1,2,18
8,0,Rain,Highway,29,37,24,5,5,79
4,1,Clear,Highway,68,4,2,0,2,12
14,0,Clear,Urban,83,25,6,2,4,30
15,0,Clear,Highway,86,21,14,1,4,39
20,0,Clear,Suburban,76,29,11,1,4,35
20,0,Fog,Urban,82,26,8,3,2,16
6,0,Fog,Highway,87,18,9,3,4,28
20,0,Rain,Suburban,65,14,10,2,4,38
15,1,Rain,Suburban,68,23,10,3,2,21
22,0,Clear,Highway,68,22,9,2,4,27
15,0,Clear,Urban,84,29,10,3,2,31
5,0,Clear,Highway,72,4,1,1,1,15
5,1,Clear,Highway,70,7,4,0,2,13
16,0,Rain,Suburban,85,12,7,3,3,37
13,0,Clear,Highway,84,14,8,2,3,28
5,0,Clear,Suburban,73,6,4,1,1,17
8,1,Clear,Highway,69,27,23,7,5,40
13,0,Clear,Urban,70,20,6,1,4,40
16,0,Clear,Suburban,47,16,14,1,2,49
16,0,Clear,Urban,88,14,13,3,4,32
18,1,Clear,Suburban,63,44,23,4,6,39
6,0,Rain,Suburban,88,29,11,3,3,29
5,0,Rain,Urban,82,11,1,1,1,7
15,0,Clear,Urban,56,20,13,1,3,48
4,0,Fog,Urban,72,7,2,1,2,9
2,1,Clear,Urban,70,3,1,0,2,13
13,0,Clear,Suburban,60,18,5,4,3,37
13,1,Clear,Suburban,82,11,6,3,4,27
16,1,Rain,Highway,84,13,12,3,3,22
6,1,Clear,Urban,64,14,11,4,4,25
4,1,Clear,Suburban,86,4,2,0,1,6
9,0,Clear,Suburban,26,33,17,4,2,78
4,0,Clear,Suburban,85,7,3,0,1,15
9,0,Clear,Highway,52,40,17,5,5,55
6,0,Clear,Urban,51,28,7,1,4,46
10,0,Clear,Urban,69,22,5,4,3,36
0,1,Clear,Suburban,89,5,2,1,2,11
1,0,Rain,Urban,74,4,2,1,1,9
7,0,Fog,Highway,46,33,11,6,3,44
6,0,Rain,Highway,79,13,12,3,3,16
0,0,Clear,Urban,63,9,1,0,1,11
11,1,Rain,Urban,76,22,8,4,2,27
12,1,Rain,Urban,80,11,7,1,3,20
3,0,Fog,Urban,79,4,3,0,2,9
14,1,Clear,Urban,61,15,5,2,2,23
22,0,Clear,Highway,73,29,13,3,2,26
7,1,Clear,Suburban,49,41,22,3,3,57
20,0,Clear,Urban,51,13,14,2,4,49
6,0,Clear,Urban,65,21,7,1,2,22
22,0,Clear,Highway,64,21,11,3,4,25
12,1,Clear,Highway,66,22,5,2,3,26
1,0,Clear,Urban,63,9,4,0,1,12
19,1,Rain,Urban,61,36,24,5,5,29
20,0,Rain,Highway,75,27,6,2,3,31
6,0,Clear,Urban,73,19,11,1,2,21
18,0,Clear,Urban,22,51,20,3,5,81
12,1,Rain,Urban,77,13,9,4,3,16
2,0,Clear,Highway,64,4,4,1,2,14
22,0,Fog,Urban,62,25,13,1,4,16
19,0,Rain,Highway,57,59,10,3,2,56
3,0,Rain,Urban,81,7,3,1,1,8
11,0,Clear,Highway,64,22,12,4,2,39
18,1,Clear,Suburban,59,46,22,4,3,42
13,0,Rain,Suburban,84,27,13,1,3,18
15,0,Clear,Highway,48,18,10,3,3,48
19,0,Clear,Suburban,27,51,11,6,3,98
0,0,Clear,Urban,72,7,4,1,1,16
12,1,Clear,Urban,79,23,14,4,2,18
12,0,Clear,Urban,45,18,10,2,4,49
5,0,Clear,Suburban,81,6,1,1,2,16
12,0,Clear,Suburban,66,12,10,3,4,23
18,0,Rain,Highway,37,35,19,3,2,76
15,0,Clear,Highway,87,18,10,3,3,20
22,0,Clear,Suburban,72,27,14,3,4,26
12,0,Clear,Highway,58,29,13,4,4,47
1,0,Clear,Highway,89,7,2,1,2,12
12,1,Rain,Urban,79,20,14,4,2,15
7,0,Rain,Urban,36,33,20,7,6,71
12,1,Clear,Urban,64,9,14,3,4,33
2,1,Rain,Highway,82,4,1,1,1,8
14,1,Clear,Highway,79,14,9,2,2,28
15,0,Clear,Urban,66,12,6,3,3,40
0,1,Rain,Urban,85,6,1,1,1,6
3,1,Clear,Highway,64,4,1,0,1,9
16,0,Fog,Urban,70,25,7,3,2,13
9,0,Clear,Urban,49,31,17,7,5,55
11,0,Rain,Suburban,85,26,5,2,4,27
12,0,Clear,Highway,69,14,11,2,3,30
14,1,Clear,Highway,71,20,12,2,4,18
7,0,Clear,Urban,53,45,13,7,5,62
13,0,Fog,Urban,82,13,11,1,2,22
18,0,Fog,Urban,49,54,12,6,4,48
19,0,Clear,Urban,27,39,14,6,3,97
12,0,Clear,Highway,49,17,10,2,2,43
10,1,Clear,Urban,74,18,12,4,2,17
19,1,Clear,Suburban,51,25,22,3,6,53
21,1,Clear,Urban,80,11,11,3,2,30
7,1,Clear,Suburban,61,29,20,3,3,39
8,0,Clear,Urban,21,56,13,3,4,77
12,0,Fog,Urban,62,21,13,4,3,24
7,0,Clear,Urban,26,38,15,5,6,92
23,0,Clear,Suburban,59,14,8,2,2,42
6,0,Clear,Highway,61,16,6,2,4,25
7,0,Rain,Urban,54,30,13,6,5,60
13,1,Clear,Highway,81,16,8,2,4,25
9,1,Clear,Urban,83,46,12,7,6,39
1,0,Clear,Highway,65,7,1,1,2,6
4,0,Rain,Highway,60,8,4,0,2,6
5,1,Fog,Urban,86,8,2,1,2,2
12,0,Rain,Urban,85,18,12,4,3,36
7,1,Clear,Urban,56,32,10,6,2,43
13,1,Clear,Suburban,70,10,6,3,3,26
4,0,Clear,Urban,73,5,3,0,2,13
3,0,Clear,Highway,79,11,4,1,2,5
3,0,Clear,Highway,87,6,1,1,1,6
14,1,Clear,Urban,83,21,12,3,3,31
0,1,Clear,Suburban,88,8,3,1,2,13
18,0,Clear,Highway,51,35,11,3,2,58
13,0,Clear,Urban,85,28,7,3,2,40
8,1,Clear,Urban,83,28,12,7,4,35
0,0,Clear,Suburban,61,7,4,1,1,6
0,0,Clear,Highway,72,10,1,0,2,5
5,0,Clear,Suburban,81,9,4,1,2,19
9,0,Rain,Suburban,40,54,16,6,2,68
22,0,Rain,Highway,86,23,14,4,3,33
19,0,Clear,Urban,24,42,13,4,2,75
6,0,Clear,Suburban,55,26,11,4,4,44
19,0,Clear,Highway,41,32,12,6,6,54
11,1,Fog,Suburban,88,11,12,4,2,19
17,0,Clear,Urban,59,55,18,4,4,50
14,1,Clear,Suburban,77,16,8,3,4,28
17,1,Clear,Suburban,42,43,16,5,5,48
2,0,Fog,Suburban,72,5,2,1,1,9
8,1,Clear,Suburban,49,33,16,7,4,65
21,1,Clear,Urban,85,15,13,3,4,27
8,0,Rain,Highway,48,30,16,3,2,64
2,0,Fog,Highway,74,7,2,0,2,8
17,0,Clear,Urban,53,47,21,7,6,51
16,0,Clear,Highway,63,21,7,3,4,30
23,0,Clear,Suburban,43,16,8,1,2,42
7,1,Rain,Urban,41,24,21,6,5,52
2,0,Clear,Highway,67,3,4,0,2,9
4,0,Clear,Highway,89,7,4,1,2,17
23,1,Clear,Urban,81,10,5,4,4,30
0,1,Clear,Highway,65,4,4,0,2,4
17,1,Clear,Suburban,51,24,18,5,5,59
11,0,Clear,Urban,79,12,7,4,3,24
17,0,Clear,Urban,35,55,21,6,2,92
8,0,Clear,Highway,57,39,23,7,2,51
9,0,Clear,Highway,24,49,12,3,2,75
21,0,Clear,Suburban,46,28,5,2,4,45
1,0,Clear,Urban,61,7,2,0,1,19
10,0,Clear,Urban,53,18,7,4,2,45
22,0,Clear,Urban,74,14,10,1,4,25
20,1,Clear,Urban,80,23,6,1,3,28
21,0,Fog,Suburban,73,22,14,3,4,20
14,1,Rain,Highway,87,19,13,4,2,12
7,0,Clear,Highway,33,45,18,7,5,91
22,0,Clear,Highway,74,20,12,3,3,35
7,0,Rain,Urban,47,55,23,3,2,45
13,0,Clear,Suburban,86,22,10,2,3,40
14,0,Clear,Urban,50,24,13,4,4,44
13,1,Clear,Highway,77,9,12,4,2,29
19,1,Clear,Highway,56,32,10,3,6,50
9,0,Clear,Urban,21,38,10,4,5,77
23,1,Clear,Urban,84,10,8,2,2,24
7,1,Clear,Highway,56,46,18,7,4,66
7,0,Clear,Highway,22,51,13,7,6,93
19,0,Fog,Suburban,45,43,11,6,3,42
0,1,Clear,Urban,86,8,1,0,1,6
23,0,Rain,Urban,70,17,7,3,2,25
18,1,Clear,Suburban,44,24,19,3,2,64
17,1,Clear,Suburban,54,33,21,5,6,46
0,0,Clear,Highway,63,8,4,0,1,18
19,0,Clear,Suburban,56,54,14,4,5,55
2,1,Clear,Suburban,65,2,1,1,2,10
5,0,Clear,Urban,66,11,1,1,1,17
11,0,Clear,Urban,49,16,10,3,4,49
10,1,Clear,Highway,89,15,7,1,3,23
20,0,Clear,Highway,72,25,7,3,4,32
15,0,Rain,Urban,80,26,13,1,2,30
3,1,Rain,Urban,72,3,1,0,1,5
8,0,Clear,Suburban,20,37,16,5,6,88
23,0,Rain,Urban,83,15,7,1,2,26
19,1,Rain,Urban,55,44,13,5,3,44
2,0,Clear,Urban,85,9,3,0,2,16
10,0,Clear,Highway,73,17,9,4,4,30
2,1,Fog,Suburban,66,3,2,0,1,6
19,0,Clear,Suburban,47,50,20,4,3,64
11,0,Rain,Highway,62,26,13,3,2,22
4,1,Clear,Urban,82,5,1,1,2,5
19,0,Clear,Suburban,28,53,23,3,3,99
8,0,Fog,Suburban,57,59,10,7,5,57
9,0,Clear,Urban,34,34,15,6,4,87
19,0,Clear,Urban,41,54,15,5,5,57
23,0,Clear,Highway,68,13,10,4,2,39
10,0,Rain,Highway,62,27,7,2,4,23
5,0,Rain,Suburban,76,9,2,0,2,11
10,1,Clear,Suburban,71,12,14,2,2,28
11,0,Rain,Suburban,88,19,10,1,3,34
14,0,Clear,Highway,64,22,11,3,4,29
2,1,Fog,Highway,89,2,3,1,1,3
13,0,Rain,Suburban,74,25,6,2,3,35
2,0,Clear,Highway,65,3,3,1,1,14
6,0,Clear,Urban,89,12,11,2,4,31
2,0,Clear,Suburban,84,3,1,1,1,13
18,0,Clear,Highway,21,30,15,5,3,72
5,1,Clear,Urban,67,2,1,1,1,9
23,0,Clear,Urban,76,20,13,4,4,39
19,1,Clear,Highway,55,32,11,5,5,59
23,0,Clear,Highway,64,15,12,2,3,36
13,1,Clear,Suburban,81,14,9,1,4,29
9,0,Clear,Urban,36,48,16,3,6,72
5,0,Clear,Urban,66,4,2,0,2,9
21,0,Clear,Urban,63,28,7,2,4,30
15,0,Clear,Urban,66,26,12,3,3,27
12,0,Rain,Urban,84,22,14,2,2,21
4,1,Fog,Suburban,75,2,4,1,1,7
3,1,Clear,Highway,69,4,3,0,1,3
17,0,Clear,Highway,31,39,16,6,3,87
23,1,Rain,Suburban,60,11,5,3,4,12
10,0,Fog,Urban,65,25,5,1,4,28
6,0,Clear,Urban,82,16,10,3,2,34
5,0,Clear,Urban,77,10,2,0,1,7
9,0,Clear,Highway,30,49,17,4,6,90
15,0,Clear,Urban,58,29,11,2,3,46
21,1,Clear,Suburban,79,15,11,3,4,18
2,0,Rain,Urban,68,11,1,1,1,13
0,0,Clear,Urban,76,9,1,0,1,7
8,1,Clear,Urban,72,34,10,6,4,37
8,0,Clear,Urban,47,52,23,7,4,69
12,0,Clear,Suburban,61,17,7,4,4,23
8,0,Rain,Highway,35,54,23,5,6,71
6,0,Clear,Urban,62,20,9,4,3,39
7,0,Clear,Highway,47,34,22,6,2,58
23,1,Clear,Urban,78,20,7,3,3,23
14,0,Rain,Suburban,83,28,14,2,2,16
18,1,Rain,Suburban,83,31,20,4,5,35
2,0,Clear,Suburban,69,5,4,1,1,10
19,0,Clear,Suburban,30,59,17,5,6,94
8,0,Clear,Highway,28,34,22,4,2,82
13,0,Rain,Urban,81,16,6,2,2,32
8,0,Fog,Highway,59,59,11,4,2,58
0,1,Rain,Highway,67,8,2,1,1,10
16,0,Clear,Highway,88,28,8,3,3,38
5,0,Clear,Highway,64,10,3,0,1,6
15,0,Fog,Highway,82,27,11,1,2,15
20,0,Clear,Suburban,70,19,11,3,2,40
12,1,Clear,Highway,87,12,7,1,4,30
22,1,Clear,Highway,61,17,8,1,2,27
3,0,Rain,Urban,83,3,4,0,2,12
14,0,Clear,Urban,64,29,7,4,3,38
14,0,Rain,Urban,75,27,8,2,4,31
3,1,Clear,Urban,83,3,1,1,2,5
16,1,Clear,Suburban,86,22,9,4,2,21
8,1,Clear,Urban,85,45,20,6,6,37
23,0,Fog,Highway,68,22,12,2,4,28
3,1,Clear,Urban,69,8,4,1,1,7
1,1,Clear,Suburban,76,7,3,1,2,4
8,0,Clear,Suburban,31,50,17,5,5,76
9,1,Clear,Urban,41,24,17,7,3,53
13,0,Clear,Highway,56,19,12,2,2,43
4,0,Clear,Suburban,87,3,4,1,2,9
9,0,Rain,Suburban,44,36,16,3,3,62
7,1,Clear,Suburban,59,44,19,5,2,63
6,0,Clear,Suburban,70,28,12,4,4,20
13,0,Clear,Urban,46,27,7,2,3,45
8,0,Rain,Urban,58,48,16,7,5,48
1,0,Clear,Urban,61,7,1,1,2,7
5,1,Rain,Urban,82,8,1,1,2,7
14,1,Clear,Suburban,88,20,12,1,4,15
23,0,Clear,Urban,73,26,8,4,3,24
16,0,Clear,Urban,67,29,9,1,2,24
18,1,Clear,Urban,51,32,18,4,2,67
19,0,Clear,Suburban,28,35,24,4,4,98
12,1,Rain,Urban,60,11,9,3,2,12
10,0,Clear,Suburban,48,14,10,2,3,44
18,0,Clear,Suburban,57,55,24,4,5,56
0,0,Clear,Urban,72,4,1,0,2,6
2,1,Rain,Highway,66,7,1,0,1,8
2,0,Clear,Urban,65,10,4,0,2,12
20,1,Clear,Urban,66,15,12,2,2,25
19,0,Clear,Urban,35,30,14,3,5,77
13,0,Clear,Suburban,71,19,11,1,2,36
20,0,Clear,Highway,80,15,7,2,2,23
18,1,Clear,Highway,40,27,12,3,3,62
9,0,Clear,Suburban,33,55,16,6,6,82
23,0,Clear,Urban,72,24,9,1,4,23
9,1,Clear,Highway,79,24,22,6,6,35
7,0,Clear,Suburban,28,34,21,7,2,93
8,1,Clear,Urban,77,24,10,5,5,37
20,1,Clear,Suburban,81,12,14,2,3,26
22,0,Clear,Suburban,79,17,14,4,2,25
8,1,Rain,Suburban,74,42,18,4,6,35
12,0,Clear,Suburban,80,25,9,4,3,28
20,0,Clear,Urban,44,26,6,2,4,43
13,0,Clear,Highway,62,29,11,3,2,29
0,0,Rain,Highway,76,9,1,1,1,10
21,0,Rain,Urban,64,24,5,4,4,28
16,0,Rain,Urban,80,22,10,1,4,38
2,0,Clear,Suburban,69,11,1,0,1,19
9,1,Rain,Highway,84,40,15,5,4,28
6,0,Rain,Suburban,88,17,10,1,4,32
4,1,Clear,Urban,81,4,1,0,1,6
4,0,Rain,Highway,61,5,2,0,2,8
19,0,Fog,Suburban,67,33,23,7,6,31
5,0,Clear,Highway,75,9,1,0,2,14
6,0,Clear,Suburban,42,27,5,1,3,48
22,0,Rain,Highway,82,12,5,1,4,24
11,1,Clear,Urban,76,20,8,3,2,30
9,0,Fog,Highway,78,59,23,4,4,36
20,0,Rain,Urban,61,19,14,1,2,32
0,0,Clear,Highway,88,9,3,0,1,7
11,1,Clear,Urban,60,13,10,1,4,28
4,0,Clear,Suburban,87,4,3,0,2,18
14,0,Rain,Urban,74,20,7,3,4,20
4,0,Clear,Urban,66,8,3,0,2,6
6,0,Rain,Suburban,71,22,13,2,3,24
13,0,Clear,Highway,52,12,14,1,2,44
19,1,Clear,Urban,50,34,21,3,2,54
22,1,Clear,Urban,89,13,10,1,3,30
15,1,Fog,Urban,74,20,9,3,4,19
10,0,Rain,Urban,87,23,9,1,3,39
18,0,Rain,Suburban,46,54,17,6,3,51
0,1,Clear,Highway,69,6,1,0,1,8
7,1,Clear,Highway,87,25,20,3,5,37
6,0,Clear,Highway,55,22,6,3,3,44
15,0,Clear,Urban,55,20,11,3,4,45
5,1,Rain,Highway,76,2,3,1,2,7
5,0,Clear,Suburban,63,8,2,1,1,8
4,1,Fog,Highway,65,6,1,0,1,4
13,0,Rain,Highway,77,13,11,2,3,20
2,0,Rain,Suburban,62,9,3,0,2,7
11,1,Clear,Urban,81,16,9,4,2,33
18,1,Clear,Suburban,44,38,11,7,3,62
13,1,Clear,Suburban,66,16,9,2,2,29
20,0,Clear,Suburban,40,17,13,3,2,47
15,1,Clear,Suburban,61,16,7,3,3,19
5,1,Clear,Highway,75,3,2,0,2,10
15,0,Clear,Highway,79,18,10,4,2,31
13,0,Rain,Highway,85,27,11,4,4,38
20,0,Fog,Suburban,76,13,8,4,2,24
15,1,Clear,Highway,71,18,14,3,2,27
20,0,Clear,Highway,60,16,6,4,2,20
0,0,Clear,Highway,66,5,3,0,2,6
15,1,Clear,Urban,68,16,7,2,4,22
6,0,Clear,Suburban,66,17,5,1,2,20
11,0,Clear,Highway,69,18,13,2,4,21
5,0,Clear,Highway,85,9,3,0,1,18
22,0,Clear,Urban,59,23,13,1,4,45
5,0,Clear,Highway,61,7,2,1,1,11
9,0,Clear,Suburban,25,32,20,7,3,84
3,0,Clear,Highway,82,10,2,1,2,11
4,0,Fog,Suburban,74,5,2,0,1,3
10,0,Fog,Urban,69,29,10,2,4,21
13,0,Fog,Suburban,76,27,14,1,3,22
2,1,Clear,Urban,75,2,3,0,2,10
1,0,Clear,Suburban,77,3,3,0,2,15
6,0,Clear,Urban,70,14,9,1,4,26
15,1,Clear,Suburban,66,22,7,3,4,32
5,0,Clear,Urban,70,10,2,0,2,17
13,0,Clear,Suburban,65,17,9,2,4,25
16,0,Clear,Suburban,48,27,8,3,4,47
18,1,Clear,Urban,46,38,12,3,2,67
19,0,Clear,Highway,30,35,19,5,3,72
14,0,Clear,Suburban,48,21,13,4,4,47
0,0,Clear,Highway,65,4,2,1,2,13
1,0,Clear,Urban,74,5,4,0,1,18
15,0,Clear,Suburban,84,24,6,1,2,25
0,0,Fog,Urban,66,5,2,0,2,3
11,0,Clear,Urban,44,21,8,1,2,47
2,0,Clear,Suburban,71,7,4,0,1,13
17,0,Clear,Highway,27,50,10,5,4,76
22,1,Clear,Highway,66,16,12,1,4,25
3,0,Clear,Suburban,77,8,4,0,1,5
14,0,Clear,Urban,64,18,10,2,4,39
21,0,Clear,Highway,86,20,9,2,4,32
15,0,Clear,Urban,47,14,9,3,3,45
20,0,Clear,Urban,69,22,9,1,4,37
9,0,Clear,Urban,53,46,13,5,4,56
20,0,Fog,Urban,61,29,14,1,2,13
23,0,Clear,Urban,84,15,9,1,2,38
16,0,Rain,Highway,89,14,14,4,3,39
7,1,Clear,Urban,57,43,24,3,3,60
0,0,Clear,Highway,60,9,2,0,1,11
12,0,Clear,Suburban,83,15,9,2,4,30
14,0,Clear,Urban,73,23,10,2,4,37
6,0,Clear,Suburban,40,25,9,1,3,44
22,0,Rain,Urban,67,27,7,1,4,31
6,1,Clear,Highway,65,16,9,2,2,25
9,0,Rain,Suburban,56,33,12,4,5,62
14,0,Clear,Urban,57,17,12,2,2,45
5,0,Fog,Highway,69,3,2,0,2,9
23,0,Clear,Suburban,84,19,5,4,3,35
19,0,Clear,Highway,40,51,19,3,3,61
17,0,Fog,Suburban,68,41,21,3,5,38
15,0,Clear,Highway,89,16,11,2,3,34
0,0,Clear,Urban,79,8,2,1,1,15
0,1,Rain,Highway,65,2,4,1,2,7
17,0,Rain,Suburban,43,54,13,4,4,41
16,1,Clear,Urban,61,21,7,1,2,18
4,0,Clear,Urban,78,3,3,0,1,9
1,0,Clear,Urban,65,11,1,1,2,7
0,0,Clear,Suburban,83,3,3,1,1,5
19,0,Clear,Urban,26,35,14,6,4,71
8,1,Fog,Highway,67,34,16,4,4,39
16,0,Clear,Urban,60,25,11,2,4,40
8,0,Clear,Urban,38,45,20,4,5,80
16,0,Clear,Suburban,80,29,9,2,2,26
14,0,Clear,Suburban,50,14,8,4,4,47
5,0,Clear,Suburban,75,3,4,1,1,5
15,0,Clear,Urban,57,25,14,1,3,43
7,1,Clear,Suburban,42,47,21,7,4,45
9,0,Clear,Highway,37,46,22,4,3,85
2,1,Clear,Highway,71,6,4,1,2,13
14,0,Fog,Urban,69,18,12,4,2,24
23,0,Rain,Highway,75,22,14,3,3,23
20,1,Rain,Highway,85,17,8,3,3,15
17,0,Clear,Suburban,54,33,20,3,3,62
5,0,Rain,Highway,81,4,1,0,2,7
4,0,Clear,Urban,68,6,2,0,2,8
12,0,Clear,Suburban,83,21,6,2,3,28
5,0,Fog,Suburban,60,6,4,0,1,7
15,0,Clear,Urban,57,19,8,1,3,46
14,0,Clear,Highway,52,26,7,1,2,49
10,1,Clear,Highway,71,18,13,2,2,32
5,0,Fog,Urban,81,11,4,1,2,4
22,0,Clear,Highway,77,28,14,3,4,40
1,0,Clear,Suburban,72,3,4,1,2,10
21,1,Fog,Suburban,76,20,13,4,4,19
14,0,Clear,Suburban,72,28,6,4,3,31
15,1,Rain,Urban,86,21,14,4,2,16
14,1,Rain,Suburban,63,19,7,3,2,27
23,1,Clear,Urban,77,14,12,2,4,16
22,1,Fog,Highway,69,23,6,3,3,19
21,1,Clear,Highway,73,12,13,1,4,26
7,1,Clear,Suburban,42,44,15,5,5,49
9,0,Fog,Suburban,48,40,12,6,2,42
5,1,Rain,Urban,81,6,4,0,2,4
21,0,Clear,Urban,83,26,14,4,4,34
9,1,Clear,Highway,89,36,22,7,4,35
4,0,Rain,Highway,68,7,1,1,1,9
3,1,Fog,Urban,61,7,3,0,2,3
7,0,Clear,Suburban,32,39,22,3,2,82
20,0,Clear,Urban,62,29,10,1,2,27
19,0,Clear,Highway,22,55,17,7,5,79
0,0,Clear,Highway,77,3,2,0,2,8
2,0,Rain,Urban,63,4,3,1,2,4
6,1,Fog,Highway,60,12,12,2,2,16
17,1,Clear,Highway,43,27,16,5,5,46
11,0,Clear,Suburban,83,27,11,2,4,25
7,0,Rain,Urban,44,54,22,6,6,44
21,0,Clear,Suburban,78,26,14,3,3,24
12,0,Rain,Suburban,80,15,7,1,3,28
15,0,Clear,Urban,71,29,10,3,4,27
18,0,Clear,Urban,44,39,14,7,5,51
22,1,Clear,Suburban,83,23,6,2,2,19
23,1,Clear,Urban,68,14,6,1,4,22
11,0,Clear,Suburban,65,21,10,3,4,25
2,1,Clear,Suburban,80,4,4,0,1,5
7,0,Clear,Suburban,46,54,23,4,3,69
10,1,Clear,Suburban,74,12,8,4,4,29
11,1,Fog,Urban,81,10,8,3,2,19
14,1,Clear,Suburban,66,17,9,2,3,21
3,1,Clear,Highway,85,7,1,0,1,11
11,0,Clear,Urban,80,14,13,2,4,23
17,0,Rain,Urban,50,34,14,5,2,69
15,1,Clear,Urban,83,16,7,4,3,26
17,0,Clear,Urban,26,58,11,4,2,92
12,0,Clear,Suburban,67,20,11,4,2,39
17,0,Fog,Urban,61,51,20,3,2,31
11,0,Clear,Highway,53,27,5,2,4,47
6,0,Clear,Highway,46,24,13,2,3,48
9,1,Rain,Suburban,45,25,20,4,5,50
1,0,Clear,Suburban,75,4,1,1,2,11
10,0,Clear,Urban,86,26,10,4,3,31
21,0,Fog,Urban,66,15,13,2,2,21
2,1,Clear,Urban,88,4,1,1,2,7
17,0,Clear,Suburban,48,44,15,6,6,58
15,1,Clear,Urban,68,20,10,3,3,29
8,0,Clear,Urban,21,58,13,5,5,77
8,0,Clear,Highway,35,59,20,5,4,91
3,0,Clear,Suburban,61,4,2,1,2,14
22,0,Clear,Suburban,84,29,11,1,2,38
3,0,Clear,Urban,80,9,2,0,1,17
3,0,Clear,Suburban,73,8,2,0,1,10
13,0,Clear,Highway,70,29,13,2,3,33
19,1,Clear,Highway,50,24,18,5,3,51
21,1,Rain,Suburban,79,10,10,1,4,27
7,0,Clear,Urban,28,55,18,3,4,92
16,1,Rain,Suburban,61,13,12,3,3,16
6,0,Clear,Suburban,66,16,14,1,2,26
22,0,Clear,Suburban,78,28,14,3,2,29
22,0,Clear,Urban,62,18,6,3,2,20
0,0,Clear,Highway,68,9,1,1,2,7
1,0,Clear,Suburban,76,7,4,1,1,10
12,0,Clear,Suburban,58,23,12,2,4,46
19,0,Rain,Urban,26,50,18,7,4,76
6,1,Clear,Suburban,77,18,6,1,4,25
15,0,Clear,Urban,75,18,10,1,4,25
7,0,Rain,Highway,35,59,17,5,4,71
14,0,Clear,Urban,72,28,11,2,4,20
2,0,Clear,Urban,62,6,2,1,1,18
14,0,Fog,Urban,65,28,7,4,2,26
4,0,Clear,Suburban,64,10,4,1,2,8
7,0,Clear,Highway,51,33,11,4,2,57
10,1,Clear,Suburban,87,9,5,2,2,27
2,0,Rain,Suburban,86,7,3,0,1,4
13,0,Clear,Highway,82,27,14,1,4,40
15,1,Clear,Suburban,68,23,5,4,3,14
6,0,Clear,Highway,63,20,11,4,4,23
3,1,Rain,Urban,68,2,2,1,2,8
23,0,Rain,Urban,79,13,14,1,3,16
5,0,Clear,Urban,88,8,2,1,2,18
17,0,Clear,Suburban,38,32,15,3,4,91
7,1,Clear,Suburban,81,42,20,4,3,37
4,1,Clear,Highway,60,8,1,0,2,3
19,0,Clear,Highway,29,36,13,6,4,91
13,0,Rain,Highway,62,12,12,3,4,25
10,1,Clear,Suburban,70,9,7,1,4,23
23,1,Clear,Suburban,71,15,8,1,4,28
10,0,Clear,Suburban,54,17,8,3,3,48
14,0,Clear,Suburban,68,29,7,1,2,20
3,0,Clear,Urban,74,8,1,0,1,11
21,0,Clear,Highway,68,20,5,2,3,39
1,0,Clear,Suburban,81,7,1,0,2,8
12,0,Clear,Highway,86,17,12,3,4,30
4,0,Clear,Urban,80,3,4,1,1,10
5,0,Rain,Suburban,72,10,2,0,2,8
15,0,Clear,Suburban,73,17,13,2,2,24
3,0,Fog,Suburban,60,9,1,0,2,3
2,1,Clear,Suburban,74,8,1,0,2,8
5,1,Clear,Suburban,75,8,3,1,2,5
13,0,Clear,Highway,63,26,9,1,4,24
19,0,Clear,Highway,23,58,11,5,2,96
6,0,Clear,Urban,42,15,11,3,3,41
23,0,Clear,Suburban,47,17,13,4,4,42
8,0,Rain,Suburban,35,43,13,3,2,78
6,0,Clear,Suburban,58,21,7,2,4,49
2,1,Rain,Urban,64,4,4,0,1,8
2,0,Clear,Urban,65,9,2,1,1,11
21,0,Clear,Suburban,72,25,10,3,2,34
0,1,Clear,Highway,81,3,4,1,1,10
23,1,Rain,Urban,85,20,6,2,4,23
17,0,Rain,Urban,42,59,18,5,2,52
3,0,Fog,Suburban,67,5,1,0,1,3
17,0,Clear,Suburban,32,49,23,4,4,72
13,0,Rain,Suburban,78,13,9,3,3,28
20,0,Clear,Suburban,62,12,8,3,2,40
22,0,Rain,Highway,67,24,13,4,3,28
5,0,Rain,Suburban,63,3,3,0,2,12
14,0,Rain,Highway,67,24,9,1,2,22
14,1,Clear,Suburban,69,16,10,4,3,25
0,0,Rain,Highway,80,10,3,1,2,10
8,0,Clear,Urban,59,51,23,6,4,62
22,0,Clear,Urban,75,20,13,4,3,39
10,0,Clear,Urban,86,28,10,3,4,28
5,0,Clear,Urban,83,9,2,0,1,11
1,1,Clear,Urban,84,5,4,1,2,7
16,0,Rain,Suburban,74,18,6,2,3,36
16,0,Clear,Urban,65,29,13,3,2,27
18,0,Clear,Highway,48,55,11,5,6,70
0,0,Rain,Urban,81,5,3,0,2,4
6,0,Rain,Urban,89,19,9,1,3,36
4,0,Rain,Highway,79,3,1,1,1,5
22,1,Clear,Suburban,76,15,11,1,4,32
23,0,Rain,Suburban,74,14,12,4,4,20
21,0,Clear,Highway,45,27,6,2,3,43
6,1,Clear,Urban,89,20,5,3,4,31
2,0,Clear,Highway,74,4,2,1,1,11
1,0,Rain,Urban,80,5,3,0,1,5
7,0,Clear,Urban,54,47,15,4,4,65
10,1,Clear,Highway,83,12,7,2,2,21
0,0,Clear,Highway,87,7,3,1,2,19
13,0,Clear,Urban,72,25,10,1,2,31
3,1,Fog,Suburban,74,8,4,0,1,4
9,0,Clear,Suburban,33,32,18,5,3,98
3,0,Clear,Urban,84,10,1,0,1,18
19,0,Clear,Urban,58,42,13,3,2,51
19,1,Clear,Urban,55,45,24,6,2,46
12,0,Fog,Urban,84,12,8,3,4,23
21,0,Clear,Urban,60,20,13,2,4,34
4,0,Clear,Urban,88,9,4,1,1,8
10,0,Clear,Urban,58,15,12,4,4,44
22,0,Clear,Highway,70,19,6,3,3,23
20,0,Clear,Urban,76,29,6,1,4,22
15,1,Rain,Urban,76,10,5,1,4,20
22,0,Clear,Highway,75,18,10,1,4,25
18,0,Clear,Highway,24,50,10,7,5,99
5,0,Clear,Urban,70,6,4,0,1,13
2,0,Rain,Suburban,77,8,4,1,1,4
7,0,Rain,Suburban,20,55,22,6,3,75
6,0,Clear,Urban,61,22,9,2,4,27
18,1,Clear,Highway,42,32,11,4,3,65
23,0,Clear,Suburban,71,16,10,1,4,38
19,0,Clear,Urban,56,44,17,4,5,67
0,0,Clear,Highway,60,5,2,0,2,19
2,1,Clear,Highway,62,3,2,0,2,9
7,0,Clear,Suburban,38,41,15,6,2,72
17,0,Clear,Urban,33,42,13,6,5,83
2,0,Rain,Urban,60,10,3,1,1,4
9,1,Clear,Highway,51,32,17,5,2,60
14,0,Rain,Urban,62,26,6,2,2,36
20,0,Clear,Highway,86,14,14,2,2,21
20,0,Clear,Urban,70,25,7,1,2,22
19,1,Fog,Urban,61,28,21,3,3,31
0,0,Rain,Highway,73,7,1,1,2,9
20,0,Clear,Suburban,72,27,7,3,4,28
7,0,Clear,Urban,24,53,16,4,4,92
20,0,Clear,Suburban,59,28,12,4,4,46
17,0,Clear,Highway,42,31,13,5,6,62
2,0,Clear,Highway,83,11,2,0,1,14
23,1,Fog,Urban,88,20,10,1,2,19
14,0,Clear,Urban,86,24,8,3,2,40
19,0,Clear,Highway,20,51,23,6,2,81
23,0,Rain,Urban,84,24,12,2,4,36
16,0,Clear,Suburban,62,26,9,1,4,36
1,1,Rain,Urban,77,4,2,1,1,5
7,1,Clear,Urban,43,38,12,3,3,56
21,0,Clear,Suburban,65,27,13,1,3,23
21,1,Fog,Suburban,72,21,12,3,4,17
19,0,Clear,Highway,37,53,13,6,5,89
14,0,Clear,Suburban,69,18,9,1,4,21
20,0,Clear,Suburban,85,25,14,1,3,24
6,1,Clear,Urban,86,19,9,3,4,25
13,0,Clear,Suburban,78,13,10,4,2,27
2,1,Clear,Urban,88,5,3,1,2,11
10,1,Clear,Urban,89,17,9,3,3,22
4,0,Fog,Urban,73,11,4,0,2,11
18,1,Clear,Suburban,49,40,14,3,3,51
3,0,Clear,Highway,83,9,2,0,2,15
18,0,Clear,Highway,53,35,23,3,5,64
12,0,Rain,Suburban,64,27,14,4,4,19
4,0,Clear,Urban,61,7,1,1,2,6
14,0,Clear,Suburban,87,14,12,1,3,33
5,1,Clear,Urban,85,8,1,1,1,3
9,0,Rain,Suburban,24,42,19,3,2,79
20,1,Clear,Urban,74,17,12,2,3,31
0,0,Clear,Suburban,69,3,3,0,1,5
4,1,Clear,Highway,74,2,2,0,2,9
23,0,Clear,Urban,67,21,6,2,3,28
18,0,Clear,Highway,22,49,23,3,5,74
4,0,Rain,Urban,83,5,4,0,2,6
18,0,Clear,Urban,57,55,16,6,3,66
3,0,Clear,Urban,79,3,3,1,1,17
23,0,Clear,Suburban,64,27,6,2,3,23
5,0,Rain,Highway,79,6,2,1,2,15
7,1,Rain,Urban,51,36,13,3,3,55
12,1,Clear,Highway,78,10,8,2,2,32
11,0,Clear,Highway,76,26,5,4,2,35
2,0,Clear,Suburban,84,7,1,1,1,5
23,0,Clear,Urban,66,17,8,4,3,24
1,0,Clear,Suburban,75,10,1,1,1,16
20,0,Rain,Urban,75,24,11,3,3,33
7,0,Clear,Urban,56,34,23,4,3,59
22,1,Clear,Urban,67,16,12,2,3,14
23,0,Clear,Highway,71,27,10,4,2,20
5,1,Clear,Suburban,69,4,3,0,1,5
18,1,Clear,Suburban,46,40,21,5,5,45
5,0,Clear,Urban,72,5,3,0,2,5
15,0,Clear,Suburban,62,12,8,1,4,39
7,1,Rain,Suburban,78,29,23,3,5,40
17,0,Fog,Suburban,53,52,23,5,5,49
5,1,Rain,Suburban,63,8,4,1,1,7
2,1,Clear,Highway,73,8,2,1,2,13
11,1,Rain,Suburban,85,13,10,1,2,24
12,0,Clear,Suburban,73,13,13,4,2,20
22,0,Clear,Highway,76,17,9,1,3,23
2,0,Fog,Suburban,76,8,2,0,1,9
4,0,Clear,Suburban,82,6,1,0,2,7
12,0,Clear,Highway,67,28,6,3,3,24
13,0,Fog,Highway,77,23,11,1,4,26
5,0,Clear,Suburban,72,5,4,0,1,12
22,1,Rain,Urban,68,17,14,4,4,20
23,0,Clear,Suburban,42,20,8,4,3,47
11,1,Rain,Urban,72,13,7,2,2,24
8,1,Rain,Urban,88,35,22,7,6,30
11,1,Rain,Urban,65,20,11,4,2,24
19,0,Clear,Urban,26,31,16,4,3,75
20,0,Clear,Urban,85,15,11,3,4,30
17,0,Clear,Urban,28,32,12,6,6,85
23,1,Clear,Highway,87,10,10,2,2,27
13,1,Clear,Suburban,83,22,7,4,4,32
22,0,Clear,Suburban,52,24,13,1,4,44
7,0,Rain,Suburban,45,46,15,6,3,43
13,0,Clear,Highway,69,17,9,4,2,37
6,0,Clear,Highway,78,13,13,1,3,29
4,0,Rain,Highway,87,4,4,1,2,11
14,0,Fog,Urban,65,29,13,3,4,16
13,1,Clear,Suburban,70,17,6,4,2,34
3,1,Clear,Highway,74,4,3,0,1,5
11,0,Rain,Urban,73,15,13,2,4,39
4,0,Rain,Urban,77,10,2,1,1,9
13,1,Clear,Highway,86,21,13,4,3,29
3,0,Rain,Suburban,83,11,1,0,2,5
7,0,Clear,Urban,29,46,16,5,2,78
20,0,Fog,Highway,75,17,5,3,3,19
0,0,Clear,Urban,85,6,3,1,1,12
4,0,Clear,Highway,73,3,1,1,2,16
10,0,Rain,Suburban,72,16,6,2,2,32
5,0,Clear,Highway,65,6,4,0,1,19
10,0,Clear,Urban,87,13,14,3,2,40
14,0,Clear,Highway,74,15,8,2,3,30
16,0,Rain,Suburban,85,24,10,1,3,21
2,1,Clear,Suburban,68,7,4,0,1,6
15,1,Rain,Highway,66,16,14,4,4,23
0,0,Clear,Urban,68,11,2,0,2,5
21,0,Clear,Urban,62,25,14,2,2,28
9,1,Clear,Urban,59,32,16,7,2,60
14,1,Clear,Urban,87,9,6,3,2,14
17,0,Clear,Urban,57,32,11,3,2,51
2,0,Rain,Urban,67,3,1,1,1,15
11,0,Clear,Urban,70,13,12,1,2,38
9,0,Rain,Urban,24,59,17,6,6,76
1,1,Clear,Highway,83,4,2,0,2,7
23,0,Clear,Urban,87,18,11,1,4,32
19,1,Clear,Highway,54,24,10,6,4,46
10,0,Clear,Suburban,50,13,14,2,4,41
3,0,Clear,Highway,71,6,4,0,2,14
9,0,Clear,Urban,40,41,15,3,6,69
19,1,Clear,Urban,42,24,23,5,2,47
5,0,Clear,Urban,85,5,3,0,2,18
4,1,Clear,Urban,89,4,2,0,1,8
17,1,Rain,Urban,51,33,21,7,5,53
18,0,Clear,Highway,38,38,14,6,4,73
12,0,Clear,Highway,80,20,10,3,2,36
16,1,Clear,Urban,89,16,10,2,4,32
7,1,Clear,Suburban,46,28,13,3,4,60
23,0,Rain,Urban,70,23,13,1,3,20
5,0,Rain,Highway,74,9,4,0,1,15
2,1,Rain,Suburban,79,6,4,0,2,8
20,1,Fog,Suburban,67,19,7,2,3,10
12,1,Clear,Urban,76,21,8,4,4,16
3,0,Fog,Highway,82,9,2,1,1,11
17,0,Clear,Urban,58,31,14,7,2,70
13,0,Clear,Highway,51,24,13,3,3,42
12,0,Clear,Urban,69,21,5,2,3,35
12,0,Rain,Highway,74,14,11,2,3,17
9,1,Clear,Highway,53,36,17,3,2,46
17,1,Clear,Highway,50,28,23,3,4,66
23,1,Clear,Suburban,89,16,13,3,2,20
4,1,Clear,Urban,62,8,3,1,2,13
15,0,Clear,Urban,54,16,5,3,4,43
22,1,Clear,Highway,70,21,5,1,2,25
4,1,Clear,Highway,63,6,4,0,2,9
22,0,Fog,Suburban,65,22,6,1,2,18
17,1,Fog,Highway,75,46,23,4,6,40
20,0,Clear,Suburban,89,14,8,1,2,36
9,0,Fog,Urban,56,40,20,4,6,44
14,0,Clear,Suburban,69,12,7,3,4,26
19,0,Clear,Urban,33,52,24,5,4,77
14,0,Rain,Suburban,66,27,7,1,3,21
2,1,Rain,Suburban,76,4,2,0,2,2
4,1,Clear,Suburban,72,2,1,0,2,4
3,1,Clear,Suburban,80,8,2,1,2,12
15,0,Fog,Suburban,74,14,10,2,2,28
18,1,Fog,Urban,79,25,12,4,6,23
2,1,Clear,Urban,84,7,2,1,2,11
16,0,Clear,Urban,61,24,13,2,4,40
3,0,Clear,Urban,88,11,1,0,2,15
9,0,Rain,Suburban,58,56,18,7,5,43
22,0,Clear,Suburban,79,23,6,4,3,22
7,1,Clear,Suburban,45,33,17,5,3,51
20,0,Fog,Urban,68,23,8,4,2,13
18,0,Clear,Highway,29,41,15,4,3,85
22,0,Clear,Highway,73,16,9,1,4,28
15,0,Rain,Urban,69,15,7,3,2,32
0,1,Clear,Suburban,78,7,3,0,1,13
23,0,Clear,Urban,55,17,5,3,2,46
22,0,Rain,Urban,77,12,12,4,2,28
7,0,Clear,Suburban,42,45,16,6,5,59
20,0,Rain,Highway,65,28,9,4,3,24
9,0,Clear,Highway,49,45,10,3,2,54
11,1,Fog,Urban,87,19,6,4,4,16
22,0,Rain,Highway,68,25,12,1,3,19
5,1,Clear,Urban,77,8,3,1,1,7
0,0,Clear,Urban,77,4,2,0,2,11
16,0,Clear,Suburban,89,27,5,1,2,34
15,0,Clear,Urban,50,27,9,2,2,43
23,0,Clear,Highway,86,12,11,4,3,23
9,0,Clear,Suburban,37,45,14,7,4,88
18,0,Fog,Suburban,46,37,10,3,2,45
10,0,Fog,Urban,68,12,11,1,4,16
15,0,Clear,Suburban,64,29,5,1,4,23
10,1,Clear,Highway,75,13,5,2,2,33
10,1,Fog,Urban,67,20,5,2,3,13
19,0,Clear,Highway,44,49,22,3,4,57
3,1,Clear,Suburban,60,8,2,1,2,6
11,0,Rain,Highway,60,21,13,1,2,36
18,0,Rain,Highway,52,44,20,6,5,41
23,0,Clear,Urban,71,13,10,4,2,23
18,0,Clear,Urban,45,44,18,7,2,56
21,0,Rain,Urban,75,15,13,2,2,20
13,1,Rain,Highway,86,16,6,1,2,19
18,0,Clear,Suburban,40,38,13,7,2,70
2,0,Fog,Suburban,73,7,1,0,2,11
20,0,Clear,Suburban,83,20,12,4,2,34
10,1,Clear,Suburban,83,21,13,2,2,14
4,0,Clear,Highway,68,3,4,0,1,11
23,0,Clear,Highway,79,29,14,2,3,20
19,1,Fog,Highway,72,27,15,7,5,28
15,0,Rain,Urban,71,25,8,3,2,18
16,1,Clear,Suburban,77,18,9,2,3,25
20,1,Clear,Urban,68,22,11,2,2,23
1,0,Clear,Suburban,75,7,1,1,2,5
1,1,Rain,Suburban,68,3,2,1,1,10
13,0,Clear,Urban,86,19,13,3,3,36
17,0,Rain,Highway,55,56,23,3,3,53
0,0,Clear,Suburban,64,11,3,0,1,19
14,0,Clear,Highway,47,19,11,1,4,49
19,0,Rain,Highway,47,39,20,7,5,64
15,0,Clear,Suburban,86,27,11,2,3,35
8,0,Fog,Highway,54,53,19,3,3,46
23,0,Clear,Highway,57,24,7,1,4,42
13,0,Clear,Suburban,77,14,9,3,3,25
13,0,Clear,Urban,42,17,12,1,2,47
6,1,Clear,Highway,68,14,13,2,4,26
23,0,Clear,Urban,71,20,9,1,3,36
9,0,Rain,Urban,32,43,19,4,6,79
7,1,Clear,Urban,52,36,13,4,6,69
18,0,Fog,Highway,72,36,20,3,3,33
1,1,Clear,Urban,75,4,3,0,2,11
15,0,Rain,Highway,70,29,9,3,4,33
16,0,Clear,Highway,57,15,8,1,3,48
1,0,Fog,Urban,71,5,1,0,2,3
1,0,Rain,Urban,77,11,2,0,2,14
20,1,Clear,Urban,60,10,13,4,4,17
10,1,Clear,Suburban,70,18,5,2,4,28
2,0,Clear,Urban,86,5,1,0,1,16
3,1,Clear,Highway,64,8,1,1,1,7
17,0,Clear,Highway,35,58,21,3,4,88
2,1,Clear,Urban,61,7,3,1,1,11
18,0,Clear,Urban,27,50,21,5,4,94
12,1,Clear,Urban,77,12,5,3,4,16
21,1,Rain,Urban,62,12,13,3,3,25
0,1,Clear,Urban,68,8,2,0,2,9
5,1,Clear,Suburban,76,8,2,1,2,9
2,0,Clear,Urban,69,10,1,1,1,6
10,0,Clear,Urban,63,14,11,2,4,27
7,1,Clear,Suburban,52,47,23,6,4,58
21,1,Rain,Suburban,70,12,8,4,3,22
3,0,Clear,Suburban,66,6,2,1,1,18
4,0,Clear,Suburban,65,5,3,0,2,18
8,0,Clear,Urban,27,52,18,4,6,71
2,0,Rain,Urban,79,4,4,0,2,8
0,0,Clear,Suburban,66,9,1,1,2,16
19,1,Clear,Highway,41,29,18,7,5,66
5,1,Clear,Highway,80,7,1,0,2,5
23,0,Clear,Highway,42,28,9,3,3,49
9,0,Clear,Urban,31,39,16,5,5,80
23,0,Clear,Urban,80,20,10,2,2,20
4,1,Clear,Highway,86,3,1,1,1,9
6,0,Clear,Highway,47,15,12,2,2,44
4,0,Fog,Urban,84,10,2,0,1,11
2,0,Fog,Urban,70,11,3,0,1,4
0,0,Clear,Urban,87,7,4,0,2,19
21,0,Clear,Urban,73,27,13,2,3,22
16,1,Clear,Highway,74,13,9,1,2,33
0,0,Clear,Suburban,83,4,2,0,1,14
22,0,Clear,Urban,56,20,7,3,2,44
0,0,Rain,Highway,81,6,1,0,2,8
15,1,Clear,Highway,79,22,7,2,2,24
18,0,Clear,Suburban,43,49,24,7,6,50
4,0,Clear,Highway,62,8,1,1,2,13
16,1,Clear,Suburban,74,11,7,1,4,18
17,0,Rain,Urban,59,39,10,3,6,48
23,1,Rain,Urban,69,20,12,1,2,21
15,0,Clear,Highway,86,17,13,2,2,34
22,0,Clear,Urban,41,23,7,1,4,47
4,0,Fog,Highway,66,4,2,1,2,8
7,0,Clear,Urban,49,45,21,6,4,50
8,1,Rain,Urban,62,28,12,6,2,31
23,1,Fog,Urban,77,13,5,1,2,16
14,0,Clear,Suburban,70,14,13,4,4,24
22,1,Rain,Urban,85,12,10,1,2,21
15,1,Rain,Highway,79,11,11,1,4,27
2,0,Rain,Urban,74,10,2,1,2,6
9,0,Clear,Urban,49,54,15,7,2,61
16,1,Rain,Suburban,70,22,6,2,3,16
5,1,Clear,Suburban,74,5,3,1,2,6
12,0,Rain,Highway,61,27,5,1,4,19
2,0,Clear,Urban,88,6,3,1,1,10
19,0,Clear,Urban,22,52,24,5,4,82
0,0,Rain,Urban,70,5,4,0,1,4
9,0,Clear,Suburban,43,51,13,5,3,58
22,1,Clear,Suburban,62,17,9,2,2,21
1,0,Clear,Suburban,74,11,2,0,2,19
10,0,Rain,Urban,63,29,5,2,4,18
15,0,Clear,Suburban,88,17,5,2,4,20
0,0,Clear,Suburban,89,8,4,1,1,8
21,0,Clear,Urban,89,14,8,3,2,40
16,0,Clear,Suburban,72,20,14,1,4,39
7,0,Fog,Urban,42,39,14,5,6,48
0,0,Clear,Urban,89,4,4,0,1,15
12,0,Rain,Highway,76,25,10,4,4,32
18,0,Rain,Suburban,56,44,24,3,2,44
15,0,Clear,Urban,48,24,14,2,2,44
15,0,Clear,Urban,68,29,11,3,2,30
19,1,Rain,Suburban,56,46,11,5,3,51
21,0,Clear,Highway,74,24,10,2,4,36
6,0,Clear,Highway,71,14,14,2,4,20
5,1,Clear,Urban,82,5,1,1,2,10
18,0,Rain,Urban,56,32,14,6,2,44
21,0,Clear,Highway,63,18,13,1,2,31
23,0,Clear,Suburban,64,17,7,3,2,35
14,1,Rain,Highway,69,19,6,2,3,21
18,1,Clear,Suburban,53,40,12,5,3,58
19,0,Clear,Urban,35,36,10,6,4,98
22,0,Rain,Urban,60,14,8,2,2,27
6,0,Rain,Highway,85,15,7,2,4,19
14,0,Rain,Suburban,69,25,12,2,2,19
12,0,Clear,Highway,86,24,11,2,2,37
17,1,Rain,Highway,44,29,21,5,3,44
4,1,Clear,Urban,71,8,1,1,1,13
2,1,Clear,Urban,83,8,1,0,1,9
1,1,Clear,Urban,78,8,4,0,1,9
5,0,Clear,Suburban,62,7,3,1,1,16
8,1,Clear,Urban,88,31,18,3,4,39
8,1,Clear,Urban,59,45,10,3,2,56
13,0,Clear,Highway,47,23,10,4,4,46
5,0,Clear,Urban,73,4,3,1,1,15
12,0,Rain,Highway,62,28,13,1,2,39
1,0,Rain,Urban,88,7,3,1,2,8
3,0,Rain,Urban,79,11,4,0,1,13
15,0,Clear,Highway,88,24,8,4,3,36
1,0,Clear,Urban,62,11,1,0,2,18
12,0,Clear,Urban,50,14,10,1,2,47
16,0,Clear,Highway,59,16,5,3,3,41
14,1,Clear,Urban,81,12,7,1,3,34
0,0,Clear,Suburban,76,5,4,1,1,12
20,0,Rain,Highway,71,20,7,1,3,25
23,1,Clear,Suburban,88,10,6,3,2,15
7,1,Clear,Suburban,57,38,12,6,4,58
13,0,Clear,Urban,63,14,5,4,3,30
15,0,Rain,Urban,78,14,12,3,3,20
12,0,Clear,Urban,88,19,12,3,4,26
20,0,Clear,Urban,78,28,11,3,4,27
12,0,Rain,Urban,72,12,8,4,2,22
5,0,Clear,Highway,60,9,4,0,1,9
8,0,Clear,Suburban,24,44,20,6,6,77
22,0,Rain,Highway,67,15,6,2,3,29
2,0,Clear,Urban,74,3,1,1,2,9
23,0,Clear,Urban,62,17,5,2,4,26
3,0,Clear,Suburban,63,9,4,0,1,12
3,1,Clear,Urban,66,5,4,1,1,7
14,0,Fog,Urban,80,27,8,4,4,19
5,0,Clear,Highway,86,8,1,0,2,7
0,0,Clear,Suburban,73,5,3,0,1,19
22,1,Clear,Suburban,77,22,12,3,2,29
18,0,Clear,Urban,38,58,24,6,2,86
10,0,Rain,Urban,86,19,14,3,2,28
13,0,Rain,Urban,83,25,11,4,4,39
16,0,Rain,Suburban,76,28,11,1,4,17
12,0,Clear,Highway,41,26,6,2,4,49
8,0,Rain,Highway,33,37,10,6,6,72
23,1,Fog,Urban,71,12,14,1,4,9
14,0,Clear,Highway,83,20,14,4,2,40
1,1,Clear,Urban,71,8,2,1,1,3
0,0,Clear,Suburban,79,7,3,1,2,17
1,0,Clear,Urban,66,7,4,1,1,16
4,0,Fog,Suburban,69,10,2,0,1,11
7,0,Rain,Highway,52,47,11,4,5,48
3,0,Clear,Suburban,81,6,4,1,1,17
13,0,Clear,Suburban,40,27,12,1,2,43
14,1,Clear,Urban,86,17,8,1,4,23
8,0,Clear,Suburban,51,40,15,6,4,55
15,1,Fog,Highway,87,19,5,3,2,12
11,1,Clear,Suburban,68,11,10,1,2,26
11,1,Rain,Suburban,69,15,10,2,2,24
6,1,Clear,Highway,66,15,13,4,4,30
9,1,Rain,Suburban,41,46,22,4,2,48
2,0,Rain,Suburban,84,4,2,0,2,6
19,0,Clear,Highway,42,31,24,4,4,70
3,0,Rain,Highway,67,5,1,0,1,12
3,1,Clear,Suburban,64,8,3,0,2,10
20,1,Clear,Urban,86,12,9,2,2,24
11,1,Clear,Suburban,68,15,8,3,3,32
2,0,Clear,Highway,65,4,1,1,1,9
18,1,Clear,Highway,51,36,21,4,5,54
22,0,Clear,Urban,86,25,6,4,2,38
4,1,Clear,Suburban,64,6,3,0,1,13
17,0,Clear,Suburban,32,37,10,6,2,76
20,0,Fog,Urban,71,25,9,1,4,15
3,0,Clear,Highway,81,6,2,0,2,10
1,0,Clear,Suburban,88,9,1,0,2,12
16,0,Clear,Highway,60,23,11,2,3,21
12,1,Fog,Urban,76,9,9,1,3,19
15,1,Rain,Urban,76,23,14,4,2,25
20,0,Clear,Urban,61,17,13,4,4,38
5,0,Clear,Highway,87,9,3,1,1,15
8,0,Clear,Highway,36,39,13,5,3,99
8,0,Clear,Urban,31,34,13,6,3,87
13,0,Clear,Suburban,52,28,5,2,4,45
1,0,Clear,Urban,65,4,1,1,1,10
2,0,Clear,Urban,68,5,1,0,2,6
0,0,Clear,Urban,88,8,2,1,2,7
14,0,Clear,Highway,53,16,13,3,2,42
11,0,Clear,Suburban,88,26,13,1,3,40
18,0,Clear,Highway,29,45,17,4,4,87
15,0,Fog,Urban,89,27,13,3,3,21
22,0,Rain,Suburban,85,24,8,1,3,26
19,0,Clear,Urban,24,44,19,5,3,73
4,0,Clear,Urban,70,10,4,0,2,19
8,0,Clear,Suburban,48,39,24,3,5,69
10,0,Clear,Urban,85,17,13,3,4,36
23,1,Clear,Urban,73,16,10,4,4,23
5,1,Clear,Highway,72,8,1,0,2,4
6,0,Clear,Suburban,79,17,9,1,3,36
10,0,Clear,Urban,70,13,13,3,4,36
17,0,Clear,Suburban,45,38,17,5,5,52
3,1,Clear,Urban,62,4,2,0,1,6
4,1,Fog,Urban,72,7,1,1,1,2
12,0,Clear,Suburban,62,15,11,4,4,26
3,0,Rain,Urban,89,9,1,1,1,4
23,1,Clear,Urban,70,15,11,2,3,28
17,1,Fog,Suburban,86,26,23,3,3,21
5,0,Clear,Suburban,79,7,2,0,1,12
3,0,Clear,Highway,86,9,1,1,2,13
1,0,Clear,Suburban,77,5,3,1,1,6
9,1,Rain,Urban,78,40,23,3,6,28
19,1,Clear,Urban,67,39,13,4,5,35
10,0,Clear,Urban,80,20,6,4,3,36
15,0,Clear,Highway,60,22,7,1,4,23
17,0,Clear,Suburban,25,45,16,4,3,98
8,1,Clear,Suburban,48,38,23,3,2,67
0,1,Clear,Highway,80,2,1,1,2,9
19,0,Rain,Urban,45,49,23,5,6,62
11,0,Rain,Highway,80,26,6,3,2,36
16,0,Rain,Highway,82,20,6,1,4,38
22,0,Clear,Highway,77,27,12,1,4,20
8,1,Clear,Highway,53,28,12,6,6,44
2,1,Clear,Highway,72,7,4,0,2,3
20,0,Rain,Highway,65,19,12,4,4,30
1,1,Clear,Urban,84,5,2,0,1,4
16,0,Clear,Urban,73,24,7,3,4,37
1,1,Fog,Urban,81,2,4,0,2,4
18,0,Clear,Highway,45,33,19,3,4,65
13,1,Rain,Highway,77,17,10,2,3,24
18,1,Clear,Urban,45,35,22,7,2,54
23,1,Clear,Urban,81,22,13,2,4,15
6,1,Clear,Highway,85,18,10,4,2,32
5,1,Clear,Highway,60,8,1,1,1,9
1,1,Clear,Urban,86,4,3,1,1,11
18,1,Clear,Suburban,47,25,11,6,4,46
21,0,Clear,Suburban,68,27,10,2,3,21
7,0,Clear,Highway,58,33,19,3,5,58
20,0,Clear,Urban,87,18,5,3,4,32
22,0,Clear,Urban,80,19,5,3,4,23
2,0,Clear,Suburban,60,8,2,0,1,10
3,1,Clear,Suburban,61,7,3,0,2,11
2,0,Clear,Highway,69,7,4,0,2,6
17,1,Clear,Highway,44,24,16,7,3,41
6,0,Clear,Urban,64,15,7,1,4,21
21,0,Clear,Suburban,63,22,13,4,3,28
1,0,Fog,Urban,70,4,2,1,1,3
15,0,Rain,Urban,81,13,7,2,4,26
2,0,Clear,Suburban,78,7,3,1,1,17
15,0,Clear,Urban,86,23,8,4,4,26
9,0,Clear,Suburban,25,40,23,4,5,73
5,1,Rain,Urban,81,5,3,1,1,3
17,0,Clear,Suburban,37,37,16,6,2,93
20,0,Clear,Suburban,55,26,13,4,2,49
2,0,Rain,Suburban,81,9,1,1,1,12
15,1,Clear,Suburban,78,20,7,3,2,15
11,0,Clear,Highway,42,24,7,1,2,45
23,0,Clear,Suburban,70,14,12,3,3,39
10,1,Rain,Suburban,60,17,11,4,4,16
9,0,Clear,Urban,44,34,20,5,2,55
5,1,Rain,Suburban,83,8,4,0,1,2
1,0,Clear,Suburban,84,9,4,1,2,7
6,0,Clear,Highway,72,23,11,3,4,31
7,0,Clear,Urban,27,47,10,4,5,96
22,0,Rain,Highway,79,26,10,1,4,29
6,1,Rain,Highway,84,23,7,4,2,21
6,0,Clear,Urban,48,21,14,3,4,46
4,0,Clear,Suburban,89,11,2,1,1,13
6,0,Rain,Urban,75,25,9,4,2,18
11,0,Rain,Suburban,85,22,7,3,3,27
9,1,Clear,Urban,63,24,14,6,6,38
17,1,Clear,Suburban,70,33,17,3,2,39
0,0,Clear,Urban,76,4,3,0,1,6
10,0,Clear,Highway,41,17,12,2,4,42
0,0,Clear,Highway,81,6,4,0,2,15
19,0,Clear,Urban,52,50,11,4,6,56
10,0,Clear,Suburban,78,18,13,1,4,38
17,0,Clear,Suburban,35,44,17,5,6,97
0,0,Clear,Highway,78,4,4,1,1,11
2,0,Rain,Urban,69,9,3,1,2,4
3,0,Clear,Highway,67,3,2,0,1,12
7,1,Clear,Suburban,61,24,14,4,5,35
12,0,Clear,Urban,87,22,11,3,4,20
18,0,Rain,Highway,76,52,21,6,3,40
19,0,Rain,Suburban,22,51,19,5,6,73
2,1,Clear,Urban,61,4,2,0,1,9
3,1,Clear,Highway,74,7,2,1,2,8
5,0,Rain,Suburban,69,4,3,0,2,4
10,0,Clear,Suburban,80,22,6,3,4,23
1,1,Clear,Suburban,88,4,2,0,1,11
17,1,Fog,Suburban,63,40,15,7,6,27
0,0,Clear,Suburban,61,10,3,0,2,14
5,1,Clear,Urban,73,2,1,1,1,4
15,0,Clear,Urban,63,20,11,1,4,38
15,0,Fog,Highway,69,26,9,4,2,21
7,1,Clear,Suburban,58,37,20,7,6,60
17,0,Clear,Suburban,43,36,15,6,5,66
5,0,Clear,Urban,60,6,2,0,2,13
21,0,Clear,Highway,63,26,8,4,3,32
8,1,Clear,Urban,71,47,16,3,2,37
19,0,Clear,Urban,39,50,13,6,5,90
17,1,Clear,Highway,56,39,11,3,5,53
0,0,Clear,Suburban,76,11,2,1,2,12
10,0,Rain,Suburban,75,21,13,1,4,26
3,1,Clear,Highway,71,8,4,1,2,6
0,0,Clear,Highway,66,9,3,0,1,10
16,0,Rain,Suburban,87,25,7,2,2,39
22,0,Clear,Urban,89,22,14,1,4,32
13,0,Clear,Highway,66,29,8,4,2,40
4,0,Clear,Suburban,68,4,1,1,1,9
3,0,Rain,Suburban,79,9,2,0,2,10
20,1,Rain,Highway,78,20,6,1,4,20
8,1,Clear,Urban,44,47,16,3,4,62
5,0,Clear,Suburban,69,9,3,1,2,16
13,0,Rain,Highway,82,22,5,1,4,17
23,0,Clear,Urban,89,29,5,2,3,34
10,0,Clear,Highway,83,29,14,2,2,28
18,0,Clear,Suburban,32,49,11,6,5,88
0,1,Clear,Highway,72,3,3,1,1,4
2,0,Rain,Urban,78,3,4,0,2,14
6,1,Clear,Urban,77,14,7,1,2,25
17,1,Clear,Suburban,47,26,12,3,2,67
20,0,Fog,Suburban,72,17,13,1,4,24
14,0,Clear,Highway,40,16,6,3,2,49
2,1,Clear,Suburban,77,6,4,1,2,11
16,0,Clear,Highway,76,25,5,4,2,36
16,0,Fog,Urban,83,16,7,3,4,18
17,1,Clear,Highway,41,40,20,7,6,59
7,1,Clear,Suburban,42,44,19,7,3,62
10,0,Clear,Suburban,60,18,11,1,2,24
19,1,Clear,Urban,44,28,11,5,3,60
0,0,Clear,Urban,68,6,3,1,1,5
23,1,Clear,Highway,67,12,14,3,4,25
0,0,Fog,Urban,89,11,4,0,2,6
0,1,Clear,Urban,82,8,2,0,2,11
9,0,Clear,Urban,30,42,20,3,3,88
12,1,Clear,Highway,64,12,10,4,3,21
9,0,Clear,Suburban,20,43,15,6,5,89
18,0,Rain,Suburban,40,32,11,3,6,60
13,0,Clear,Suburban,76,12,7,4,2,34
9,0,Clear,Suburban,53,51,16,4,2,70
17,0,Clear,Urban,26,56,22,7,3,71
2,0,Clear,Suburban,80,7,1,1,1,14
3,0,Rain,Highway,60,6,2,1,1,6
13,0,Clear,Highway,77,16,13,1,4,25
8,1,Clear,Urban,40,27,17,6,5,67
23,0,Clear,Urban,59,25,12,3,4,42
11,1,Clear,Urban,70,20,6,2,2,32
6,0,Rain,Urban,60,21,6,2,4,28
13,0,Clear,Suburban,70,14,10,1,3,28
13,0,Rain,Highway,69,18,12,1,3,27
13,0,Rain,Highway,62,16,7,3,4,21
1,0,Fog,Urban,62,5,4,0,2,6
19,0,Clear,Suburban,27,35,17,5,6,93
17,0,Clear,Highway,28,50,24,4,2,98
23,0,Fog,Urban,85,29,5,2,2,27
19,0,Clear,Urban,23,30,24,6,2,82
14,0,Clear,Urban,65,29,7,4,4,32
9,0,Clear,Suburban,36,52,15,6,4,74
10,0,Clear,Urban,74,12,7,4,2,40
16,0,Rain,Urban,75,27,6,4,4,28
2,0,Clear,Urban,82,7,2,1,1,10
0,1,Clear,Urban,76,3,3,0,2,6
1,0,Clear,Urban,72,4,2,1,1,16
9,0,Clear,Suburban,30,34,10,4,3,78
20,0,Fog,Highway,73,18,5,2,3,25
9,0,Rain,Suburban,57,46,10,5,5,54
5,0,Rain,Suburban,70,10,1,1,1,13
1,0,Fog,Urban,75,7,4,1,1,3
8,0,Clear,Highway,33,51,11,3,5,78
9,0,Clear,Suburban,42,32,22,5,2,65
2,0,Clear,Suburban,80,8,4,1,2,11
21,0,Clear,Suburban,65,29,7,3,2,31
17,0,Rain,Highway,23,37,24,7,2,76
8,0,Fog,Suburban,73,54,16,6,2,36
17,1,Clear,Urban,44,38,17,6,3,63
22,0,Clear,Highway,45,21,11,1,4,49
17,0,Clear,Suburban,39,41,12,7,5,99
23,0,Clear,Highway,84,29,8,1,4,29
12,0,Clear,Highway,82,17,14,2,3,30
11,0,Clear,Urban,51,12,6,4,2,47
7,0,Clear,Suburban,45,55,18,6,2,54
4,0,Clear,Highway,66,4,1,1,1,8
12,0,Clear,Urban,53,12,6,3,2,48
12,0,Rain,Highway,64,14,5,1,3,28
14,0,Clear,Highway,87,25,6,1,2,27
21,1,Clear,Highway,70,12,13,1,4,26
22,0,Clear,Urban,49,26,9,3,3,46
14,0,Clear,Highway,53,18,8,3,3,44
6,0,Clear,Suburban,87,26,6,1,3,28
21,1,Rain,Urban,87,12,5,2,3,11
10,0,Clear,Suburban,68,13,9,2,4,38
12,1,Clear,Suburban,67,20,13,1,2,33
0,0,Clear,Highway,69,7,2,0,2,16
22,0,Clear,Urban,57,16,12,4,2,48
11,0,Clear,Highway,67,22,12,1,3,39
13,0,Rain,Highway,86,24,11,4,4,35
0,1,Clear,Highway,66,2,2,0,2,7
20,0,Clear,Urban,85,18,7,1,2,40
13,0,Clear,Highway,43,19,5,4,2,49
10,0,Rain,Suburban,85,24,6,3,4,25
0,0,Clear,Urban,63,6,3,1,1,17
7,0,Clear,Suburban,52,55,17,3,5,51
17,0,Rain,Highway,48,38,20,6,4,63
17,1,Rain,Highway,61,41,12,6,2,34
23,1,Clear,Urban,83,14,5,1,3,21
21,0,Fog,Urban,71,24,9,3,4,13
4,0,Clear,Suburban,77,5,1,1,2,11
5,0,Clear,Suburban,65,3,4,0,1,5
19,0,Clear,Highway,37,51,10,4,2,89
8,0,Rain,Urban,58,35,18,7,3,60
16,0,Rain,Highway,80,24,14,2,4,17
13,0,Clear,Urban,48,23,9,1,2,48
8,1,Clear,Highway,47,44,15,4,3,57
11,0,Clear,Urban,43,27,8,1,3,47
12,0,Clear,Suburban,71,15,6,3,2,34
21,1,Fog,Urban,86,20,8,3,4,15
11,0,Rain,Highway,83,21,12,2,2,33
16,0,Rain,Suburban,79,20,8,3,2,22
0,0,Clear,Urban,72,9,1,0,1,10
8,0,Rain,Highway,51,41,16,7,4,64
23,0,Clear,Suburban,63,24,14,1,4,29
23,0,Clear,Suburban,85,22,11,2,3,22
3,1,Clear,Suburban,61,4,3,1,2,11
22,0,Clear,Urban,78,29,5,2,2,30
18,0,Rain,Urban,43,42,22,6,5,68
2,1,Rain,Urban,88,5,2,1,2,3
22,0,Rain,Highway,60,27,8,4,4,16
23,0,Clear,Highway,76,20,11,1,4,36
15,0,Fog,Urban,79,28,6,3,4,24
22,1,Clear,Suburban,69,17,9,2,2,19
15,0,Rain,Suburban,68,16,9,3,4,36
5,0,Clear,Highway,61,7,4,0,1,11
6,0,Clear,Suburban,58,12,9,1,3,44
4,0,Fog,Urban,70,7,2,1,2,4
8,1,Rain,Urban,65,35,17,6,4,36
10,0,Clear,Urban,88,13,12,2,4,23
13,1,Rain,Highway,78,14,9,1,3,12
11,1,Rain,Highway,84,20,9,2,2,25
6,0,Clear,Highway,54,20,14,2,2,44
11,0,Clear,Suburban,77,23,9,1,4,30
0,0,Clear,Urban,60,9,2,0,2,19
14,0,Clear,Urban,75,19,6,4,4,25
18,0,Clear,Suburban,57,38,23,7,6,61
7,0,Clear,Highway,49,58,11,3,3,61
3,0,Fog,Urban,83,8,1,0,1,6
18,0,Clear,Highway,21,59,21,6,2,86
14,0,Clear,Urban,55,26,12,4,2,41
7,1,Clear,Highway,40,28,15,7,2,63
23,0,Clear,Urban,89,20,11,4,2,31
20,1,Clear,Urban,69,21,8,4,4,21
15,1,Fog,Urban,72,13,5,1,2,14
5,1,Clear,Urban,72,4,2,0,2,9
7,0,Clear,Suburban,53,46,16,4,4,61
18,1,Rain,Highway,75,28,19,6,4,31
4,0,Rain,Suburban,87,11,2,0,1,9
0,1,Clear,Urban,72,7,1,1,1,9
18,0,Clear,Suburban,21,43,17,6,4,80
18,1,Rain,Suburban,41,24,13,6,2,46
0,1,Clear,Urban,79,2,4,0,2,7
0,0,Clear,Urban,80,3,3,1,2,17
16,0,Clear,Urban,87,24,11,2,2,39
5,0,Clear,Highway,88,3,2,1,2,14
2,0,Clear,Highway,77,3,2,0,2,7
12,0,Clear,Urban,57,24,8,2,2,44
23,1,Clear,Highway,61,15,11,3,4,25
3,0,Rain,Highway,61,3,2,1,1,4
6,0,Clear,Urban,77,14,14,3,2,32
20,1,Clear,Urban,79,23,7,2,4,25
17,1,Clear,Suburban,50,24,21,6,3,63
13,0,Clear,Highway,65,21,11,2,2,32
1,0,Clear,Urban,85,6,3,1,1,12
21,0,Clear,Highway,64,25,5,4,2,33
7,0,Fog,Suburban,84,48,17,7,2,30
6,0,Clear,Urban,62,13,6,2,4,24
11,0,Rain,Highway,80,28,8,3,4,28
18,1,Rain,Highway,49,26,12,5,6,46
2,1,Clear,Urban,87,8,2,1,1,9
16,1,Fog,Urban,85,10,8,3,2,16
9,1,Clear,Suburban,43,34,12,3,2,56
11,0,Clear,Highway,46,14,14,2,4,45
23,0,Rain,Suburban,78,12,10,1,3,28
23,0,Clear,Highway,69,22,12,4,4,22
19,1,Clear,Urban,40,26,17,5,3,58
17,0,Clear,Highway,30,57,14,7,5,75
17,1,Clear,Highway,54,46,11,3,3,63
2,0,Clear,Suburban,71,6,3,0,1,13
3,1,Clear,Urban,84,7,3,1,2,7
0,0,Clear,Urban,73,3,1,1,2,16
15,1,Clear,Urban,69,16,14,4,4,18
22,0,Clear,Highway,40,19,9,1,2,48
6,1,Clear,Suburban,78,14,12,4,2,27
23,0,Clear,Urban,85,26,6,2,3,32
16,0,Clear,Suburban,76,22,8,4,3,26
6,0,Clear,Highway,85,27,14,3,4,32
0,1,Clear,Suburban,85,4,2,0,1,4
2,0,Clear,Urban,62,9,1,0,2,19
12,0,Clear,Urban,67,14,8,4,4,22
19,1,Clear,Highway,57,40,20,4,2,66
19,1,Rain,Highway,47,37,16,3,5,55
13,1,Clear,Suburban,62,19,8,1,4,16
20,0,Clear,Urban,72,13,14,3,2,39
0,0,Fog,Urban,85,7,4,0,2,7
20,0,Clear,Suburban,82,27,14,4,3,26
8,0,Fog,Highway,55,50,11,3,5,56
18,0,Fog,Suburban,57,39,10,5,6,47
11,0,Clear,Urban,50,19,8,1,2,45
16,0,Clear,Suburban,60,27,6,4,2,31
21,1,Rain,Suburban,75,12,13,4,4,13
4,0,Rain,Suburban,75,9,3,1,2,5
22,0,Clear,Suburban,44,14,13,2,2,45
9,0,Fog,Suburban,41,41,18,6,2,51
2,0,Fog,Urban,75,3,4,1,1,3
8,0,Clear,Highway,24,45,14,5,4,73
13,1,Clear,Highway,76,21,13,2,4,27
18,0,Fog,Suburban,51,56,22,3,5,51
15,0,Clear,Urban,73,23,13,3,3,34
14,0,Rain,Highway,60,26,10,1,2,36
9,1,Rain,Suburban,51,46,14,6,6,42
9,0,Clear,Suburban,25,33,15,3,5,71
0,1,Clear,Highway,71,5,2,1,2,7
0,0,Clear,Urban,72,11,4,1,1,12
19,0,Clear,Suburban,55,47,15,7,4,57
18,0,Clear,Highway,38,51,13,7,4,79
8,1,Clear,Highway,55,45,23,4,6,68
6,1,Clear,Urban,77,11,13,1,3,25
22,0,Clear,Highway,85,15,9,2,2,33
20,0,Rain,Urban,70,20,7,3,2,28
20,0,Clear,Highway,74,26,13,3,4,22
10,0,Clear,Suburban,70,27,11,3,4,21
8,0,Clear,Highway,29,31,14,6,3,97
6,1,Rain,Highway,66,23,8,2,2,25
23,0,Fog,Urban,67,20,7,4,3,27
7,0,Clear,Urban,57,48,18,7,4,70
0,0,Clear,Suburban,84,11,3,1,1,12
9,0,Clear,Suburban,33,30,16,3,4,76
20,1,Clear,Suburban,65,10,5,2,4,25
23,1,Clear,Urban,76,20,9,3,2,14
18,0,Clear,Urban,48,50,20,4,4,67
3,0,Clear,Highway,64,7,2,1,2,19
8,0,Clear,Highway,35,51,17,7,2,75
13,0,Clear,Suburban,82,18,11,1,3,21
2,0,Clear,Suburban,66,3,2,1,2,15
15,0,Rain,Highway,75,21,8,1,2,16
13,1,Rain,Urban,68,16,5,4,4,20
6,0,Clear,Highway,59,25,11,1,2,48
14,0,Rain,Urban,82,21,11,1,4,16
23,0,Clear,Highway,87,27,11,2,3,24
7,1,Clear,Suburban,58,24,14,5,2,50
16,0,Fog,Urban,74,18,8,4,2,20
15,0,Clear,Urban,71,22,10,4,3,27
14,1,Clear,Highway,62,16,5,2,3,28
21,0,Fog,Highway,68,21,9,1,2,18
5,0,Clear,Highway,64,6,4,1,1,17
6,0,Clear,Highway,76,15,14,2,3,23
11,0,Clear,Urban,59,13,14,3,2,44
3,0,Rain,Urban,68,3,4,0,2,10
18,1,Clear,Highway,76,28,23,3,4,36
23,0,Clear,Suburban,42,23,10,4,4,45
0,1,Rain,Urban,74,6,1,0,1,3
5,1,Rain,Suburban,75,8,4,1,1,4
0,0,Clear,Highway,89,9,4,1,1,19
4,0,Clear,Urban,78,9,2,1,1,5
13,0,Clear,Suburban,75,18,14,4,2,24
17,1,Clear,Suburban,47,29,18,6,4,53
17,0,Rain,Suburban,27,55,13,5,5,79
3,0,Clear,Suburban,71,4,1,1,2,11
16,0,Rain,Urban,80,29,12,3,3,20
11,0,Clear,Suburban,75,28,8,4,3,35
18,0,Clear,Highway,40,56,16,3,3,58
5,1,Fog,Suburban,64,3,3,1,1,7
3,0,Fog,Urban,86,8,3,0,1,6
11,0,Clear,Urban,64,23,7,2,3,35
3,0,Clear,Highway,89,4,4,0,2,5
22,1,Fog,Highway,84,14,14,1,2,18
11,0,Clear,Urban,44,16,9,1,2,49
2,0,Clear,Urban,70,6,4,1,1,7
23,0,Clear,Highway,58,21,9,4,3,44
18,1,Clear,Suburban,56,26,21,6,3,53
3,0,Clear,Highway,68,3,2,1,2,18
12,1,Rain,Urban,71,20,8,4,3,21
4,0,Clear,Highway,84,8,3,1,2,19
6,0,Rain,Highway,87,26,14,3,2,27
22,0,Clear,Highway,78,22,11,3,3,35
22,1,Clear,Highway,76,16,9,3,2,22
12,1,Clear,Highway,75,16,11,4,3,30
0,0,Clear,Urban,85,11,4,1,1,5
21,1,Clear,Highway,71,16,5,1,3,14
16,0,Clear,Highway,46,27,14,2,4,49
14,0,Fog,Suburban,80,26,11,2,4,12
0,0,Clear,Urban,77,10,1,0,2,18
21,0,Clear,Urban,72,12,7,1,3,36
4,0,Clear,Urban,76,5,4,1,2,11
7,0,Clear,Urban,58,47,21,4,6,53
14,0,Clear,Suburban,68,13,13,1,2,28
22,0,Rain,Urban,72,15,5,3,4,38
1,0,Clear,Urban,83,8,2,0,1,12
6,0,Rain,Highway,78,16,8,4,2,33
19,1,Clear,Suburban,79,33,20,5,3,39
23,0,Rain,Highway,63,25,6,3,2,38
12,1,Clear,Highway,76,12,14,1,3,18
3,0,Clear,Urban,86,7,3,0,1,11
13,0,Clear,Highway,71,23,9,1,3,20
17,1,Fog,Urban,75,28,15,4,5,36
19,0,Clear,Suburban,23,48,14,6,4,74
19,0,Clear,Suburban,52,34,13,5,6,62
13,1,Clear,Suburban,62,15,8,2,2,19
9,1,Clear,Urban,69,37,20,6,6,37
20,0,Rain,Urban,81,27,11,4,4,27
19,0,Clear,Urban,26,36,24,6,5,89
14,1,Clear,Urban,74,14,11,3,4,19
15,0,Clear,Urban,62,20,6,3,2,25
2,0,Fog,Urban,75,9,1,0,2,9
15,0,Clear,Suburban,72,13,8,3,3,37
18,0,Clear,Suburban,26,43,10,7,3,83
0,0,Clear,Urban,74,8,4,1,2,11
20,1,Rain,Highway,87,17,12,3,3,11
4,0,Clear,Highway,70,3,2,0,2,5
22,1,Clear,Suburban,72,20,5,3,2,22
2,0,Clear,Urban,67,9,3,0,1,8
21,0,Clear,Urban,80,19,9,3,4,35
21,0,Clear,Highway,59,15,6,4,3,49
6,0,Clear,Highway,50,27,13,1,2,47
7,0,Fog,Suburban,87,35,14,5,2,30
0,0,Clear,Suburban,62,11,2,1,1,12
12,0,Clear,Suburban,71,27,13,1,4,26
12,0,Rain,Urban,70,13,9,2,4,38
17,0,Clear,Urban,39,47,19,7,5,74
22,1,Rain,Urban,89,13,8,1,3,18
19,0,Clear,Urban,50,53,10,4,2,70
17,0,Clear,Highway,56,43,20,7,2,65
14,0,Clear,Suburban,74,14,9,2,4,35
15,0,Clear,Highway,44,18,5,3,3,48
21,1,Clear,Highway,86,19,5,3,3,33
12,0,Clear,Urban,53,26,5,3,4,44
23,0,Clear,Suburban,53,18,6,2,4,48
9,1,Fog,Suburban,63,33,19,4,6,25
18,0,Rain,Urban,47,42,17,4,5,54
17,0,Clear,Suburban,49,42,21,4,3,67
14,0,Rain,Suburban,62,27,13,2,3,35
23,0,Clear,Urban,42,21,11,4,3,45
4,0,Rain,Suburban,81,11,3,1,2,6
10,0,Rain,Highway,84,16,8,4,2,28
9,0,Rain,Urban,79,47,13,3,2,40
18,1,Rain,Urban,89,44,21,3,4,32
3,1,Clear,Urban,60,6,1,1,2,12
9,0,Clear,Urban,58,35,16,3,2,57
15,0,Clear,Urban,86,26,7,2,2,20
23,0,Clear,Suburban,74,15,8,3,2,21
12,0,Clear,Suburban,61,18,14,1,3,30
12,0,Rain,Urban,77,24,6,1,4,38
20,0,Clear,Highway,77,14,13,2,4,26
9,0,Rain,Urban,55,51,18,6,2,66
16,1,Clear,Suburban,64,20,10,3,4,28
17,1,Rain,Suburban,73,34,23,4,5,40
4,0,Rain,Urban,87,3,3,1,2,8
0,0,Fog,Suburban,62,8,1,1,1,11
16,0,Clear,Urban,58,29,12,3,3,46
10,0,Rain,Highway,62,20,7,3,4,30
2,1,Clear,Suburban,88,7,4,0,2,10
23,0,Clear,Highway,84,13,13,3,4,27
4,0,Fog,Highway,61,8,2,1,1,7
9,0,Clear,Highway,22,45,19,6,4,71
9,0,Clear,Urban,26,47,17,3,5,97
17,0,Clear,Suburban,39,52,18,7,2,80
0,0,Clear,Urban,67,7,4,1,2,12
1,0,Rain,Urban,74,3,4,1,2,4
12,0,Clear,Highway,71,27,7,2,4,37
12,0,Clear,Suburban,41,14,9,3,3,42
10,1,Clear,Suburban,80,11,7,3,2,27
12,0,Clear,Suburban,41,26,6,4,2,43
3,0,Clear,Urban,88,8,3,1,1,17
18,0,Fog,Urban,55,38,21,6,2,58
17,1,Clear,Urban,51,36,22,5,5,53
21,0,Clear,Suburban,88,25,7,3,4,27
9,0,Clear,Suburban,46,43,16,6,5,65
1,0,Clear,Urban,67,5,4,0,1,16
0,0,Clear,Suburban,82,11,3,1,2,10
2,0,Rain,Suburban,67,10,4,1,1,5
3,1,Rain,Urban,81,4,2,1,1,7
4,0,Clear,Highway,81,3,2,1,1,5
3,0,Clear,Urban,62,5,4,1,2,5
18,1,Clear,Highway,57,44,16,5,3,67
0,0,Fog,Highway,67,7,3,0,1,3
7,1,Clear,Suburban,59,26,15,7,2,45
12,0,Clear,Highway,67,27,11,3,4,31
15,1,Clear,Highway,66,12,12,3,2,27
16,0,Clear,Highway,72,25,7,2,3,39
9,1,Rain,Suburban,60,43,15,4,3,32
22,1,Clear,Suburban,85,12,8,4,2,16
17,0,Clear,Suburban,56,59,12,5,6,63
8,1,Clear,Highway,84,33,13,5,6,39
3,0,Clear,Highway,73,9,4,1,1,16
9,0,Rain,Suburban,37,44,14,7,5,78
20,1,Clear,Highway,62,19,5,4,4,21
12,0,Rain,Suburban,82,26,11,3,4,31
3,1,Clear,Suburban,74,8,2,0,2,11
10,0,Rain,Highway,71,18,12,2,4,30
4,0,Clear,Urban,84,7,1,1,1,18
16,0,Fog,Urban,63,18,10,4,2,27
10,0,Clear,Urban,86,17,10,4,4,21
10,1,Clear,Highway,80,13,10,1,2,25
15,1,Clear,Suburban,64,16,9,2,4,17
15,0,Fog,Highway,66,15,9,4,3,15
16,0,Clear,Suburban,65,27,13,1,2,38
9,0,Clear,Highway,51,33,19,5,3,64
23,0,Clear,Urban,63,22,12,2,4,28
1,0,Clear,Suburban,71,4,2,1,1,5
4,1,Rain,Urban,61,4,3,0,1,2
18,0,Clear,Highway,34,31,17,3,2,90
6,1,Clear,Highway,60,12,10,4,4,23
1,1,Rain,Suburban,70,8,2,0,1,9
11,0,Clear,Suburban,69,16,12,4,4,32
7,0,Clear,Urban,21,51,23,7,6,91
3,0,Clear,Suburban,89,4,2,0,1,6
20,0,Clear,Highway,88,17,7,3,4,22
11,0,Clear,Urban,45,26,7,2,4,45
17,0,Clear,Suburban,20,59,10,3,3,77
12,1,Clear,Urban,76,20,14,2,2,14
16,0,Rain,Urban,75,13,6,2,2,17
21,0,Clear,Urban,54,15,6,2,2,42
12,0,Clear,Suburban,79,16,10,3,3,33
13,0,Rain,Urban,81,21,6,4,2,16
19,0,Clear,Suburban,51,55,22,4,5,56
18,0,Rain,Urban,54,53,19,6,4,44
14,0,Clear,Suburban,81,18,10,1,4,34
2,0,Fog,Urban,66,4,4,1,1,9
8,1,Clear,Suburban,89,39,21,6,2,35
14,0,Clear,Suburban,60,12,14,1,2,31
11,0,Clear,Suburban,79,24,13,1,3,28
15,1,Clear,Urban,77,12,6,2,4,27
13,0,Fog,Suburban,78,29,14,3,4,28
15,0,Clear,Suburban,75,22,12,4,4,31
1,1,Clear,Urban,86,6,4,1,1,9
12,0,Clear,Suburban,62,26,9,1,3,25
7,0,Clear,Urban,59,47,24,5,6,62
14,0,Clear,Suburban,62,21,11,4,2,33
9,1,Clear,Suburban,48,37,24,7,6,56
9,0,Clear,Urban,36,39,21,5,5,89
15,0,Clear,Highway,87,27,6,2,3,35
4,0,Fog,Suburban,89,8,3,0,2,7
10,0,Clear,Urban,61,22,5,1,2,31
0,0,Clear,Urban,63,10,1,0,1,18
18,0,Clear,Suburban,35,40,24,5,2,86
18,1,Clear,Urban,48,28,10,3,4,45
8,1,Rain,Suburban,55,40,10,3,2,48
16,0,Rain,Suburban,79,20,7,4,4,22
19,1,Fog,Urban,88,40,24,5,5,30
4,0,Clear,Suburban,72,3,4,0,1,13
18,0,Clear,Urban,33,46,11,4,2,99
3,0,Clear,Suburban,81,9,2,0,1,11
0,1,Clear,Highway,64,4,3,0,2,3
5,0,Clear,Suburban,87,11,2,0,1,11
17,1,Fog,Urban,69,47,13,3,2,39
18,1,Clear,Urban,49,24,18,5,6,56
23,0,Fog,Highway,77,18,8,2,4,27
3,0,Clear,Urban,70,7,4,0,1,13
15,0,Clear,Highway,82,15,9,1,2,40
5,1,Clear,Highway,61,4,2,0,1,6
19,0,Clear,Urban,55,52,10,6,4,51
11,1,Clear,Urban,70,13,7,4,2,26
6,0,Fog,Urban,70,17,14,3,2,25
18,0,Clear,Urban,38,59,17,4,3,72
9,0,Clear,Urban,33,43,13,5,4,72
18,1,Clear,Urban,43,28,13,7,2,60
8,0,Clear,Highway,26,44,14,7,3,99
3,1,Rain,Urban,80,3,4,1,2,2
12,0,Clear,Suburban,64,16,11,3,3,37
3,1,Clear,Urban,81,8,1,0,1,11
19,0,Clear,Suburban,55,45,10,5,5,55
12,0,Fog,Urban,63,12,5,1,4,24
21,1,Rain,Highway,60,16,10,1,4,12
21,1,Clear,Urban,89,17,8,4,3,19
5,0,Clear,Urban,89,6,3,0,2,19
14,1,Rain,Highway,89,22,9,4,4,22
0,0,Fog,Suburban,65,5,1,0,2,6
19,1,Rain,Suburban,49,41,14,6,3,47
17,1,Rain,Highway,76,29,18,6,5,39
5,0,Clear,Suburban,76,6,1,1,1,13
11,0,Clear,Suburban,71,23,11,1,4,26
13,0,Clear,Urban,71,27,8,3,3,29
13,0,Clear,Highway,61,20,8,2,2,35
20,1,Clear,Suburban,89,20,13,1,4,22
1,0,Clear,Urban,80,8,2,0,1,17
20,0,Clear,Urban,68,26,6,1,3,36
15,0,Clear,Highway,73,15,9,1,2,37
22,0,Clear,Urban,84,28,11,4,2,23
1,0,Rain,Urban,87,10,1,1,2,13
4,1,Clear,Highway,70,8,4,0,1,4
1,0,Fog,Highway,73,4,2,1,2,7
16,1,Fog,Suburban,76,10,11,2,4,19
13,0,Clear,Urban,78,12,11,1,3,38
15,0,Clear,Suburban,70,15,7,2,2,25
10,0,Clear,Urban,78,28,14,4,4,35
8,1,Clear,Highway,52,44,18,6,5,53
11,0,Clear,Urban,49,28,5,2,4,42
3,0,Clear,Highway,70,7,3,0,1,6
21,0,Clear,Suburban,78,17,5,4,2,21
8,1,Fog,Highway,61,36,24,5,6,39
17,1,Clear,Highway,53,44,18,3,3,58
1,1,Rain,Urban,83,5,4,0,2,5
21,0,Fog,Suburban,72,24,8,3,4,25
16,0,Clear,Urban,50,28,11,2,3,48
14,0,Clear,Urban,79,17,8,4,4,20
17,0,Clear,Urban,34,43,13,3,4,88
16,1,Rain,Urban,73,12,13,3,4,11
3,0,Clear,Urban,88,5,2,1,2,7
13,1,Clear,Highway,62,15,10,2,2,32
23,1,Clear,Suburban,68,20,8,2,3,32
3,1,Clear,Highway,60,8,3,1,2,6
16,1,Clear,Suburban,72,21,9,4,2,16
18,0,Rain,Suburban,45,56,11,5,5,44
10,0,Clear,Highway,82,21,11,4,3,21
19,0,Clear,Urban,42,46,17,5,2,67
22,0,Clear,Urban,52,19,13,3,2,44
6,0,Clear,Suburban,87,20,14,2,4,20
11,0,Clear,Urban,70,29,7,2,3,22
15,0,Clear,Urban,66,25,6,3,4,40
12,0,Rain,Urban,73,17,13,1,2,32
12,0,Rain,Highway,68,14,10,2,2,31
18,0,Clear,Highway,27,58,24,6,4,77
22,1,Clear,Highway,77,14,14,2,4,32
1,0,Fog,Urban,85,8,1,0,2,9
0,1,Clear,Highway,82,4,4,0,1,4
1,0,Fog,Urban,80,9,2,0,1,7
3,1,Rain,Urban,79,8,1,1,1,7
17,0,Clear,Highway,50,59,16,5,4,63
3,1,Fog,Suburban,86,8,2,0,2,1
9,0,Rain,Highway,54,50,12,7,5,51
2,1,Rain,Urban,71,4,2,1,2,5
0,1,Rain,Highway,69,7,1,0,2,6
3,0,Clear,Highway,65,7,1,0,2,16
11,0,Rain,Urban,74,14,9,2,2,20
3,1,Rain,Urban,69,8,2,0,2,5
1,0,Clear,Suburban,66,6,1,1,1,10
3,0,Clear,Urban,64,6,2,0,2,19
23,0,Rain,Highway,79,21,8,1,2,22
4,0,Fog,Suburban,66,9,4,1,1,8
6,0,Clear,Urban,71,13,10,3,2,40
8,1,Clear,Urban,49,40,14,6,5,43
7,1,Rain,Urban,54,30,17,7,3,47
1,0,Clear,Suburban,74,8,1,1,2,9
19,0,Fog,Urban,55,47,18,3,3,54
17,0,Clear,Urban,43,53,20,4,2,51
14,1,Clear,Urban,65,9,14,4,3,32
11,0,Clear,Highway,78,19,14,1,2,30
22,0,Clear,Highway,66,20,9,4,4,30
4,0,Clear,Urban,85,11,3,1,1,14
9,1,Clear,Urban,56,28,24,5,6,56
20,0,Clear,Highway,66,25,11,1,3,21
12,0,Clear,Suburban,72,24,9,2,3,31
2,0,Fog,Urban,69,10,2,0,1,7
15,0,Fog,Urban,61,27,10,2,4,25
19,0,Clear,Highway,37,38,18,4,6,76
5,0,Clear,Highway,84,8,3,1,2,7
4,0,Clear,Highway,65,11,1,0,2,10
15,0,Clear,Highway,59,21,6,4,4,41
16,0,Clear,Highway,77,12,11,3,2,36
8,1,Clear,Urban,58,32,13,3,3,58
0,0,Fog,Suburban,85,10,1,1,1,7
11,0,Rain,Urban,89,20,7,3,4,24
15,0,Clear,Suburban,85,16,14,1,4,28
8,0,Clear,Suburban,24,33,24,5,2,97
2,0,Fog,Highway,62,8,3,0,1,4
19,0,Clear,Highway,26,34,23,6,6,97
14,0,Clear,Urban,66,17,11,2,4,25
4,0,Fog,Suburban,85,3,4,1,2,7
11,0,Clear,Urban,57,16,6,2,2,42
4,1,Rain,Suburban,60,6,3,1,2,5
10,1,Fog,Urban,86,20,9,3,3,11
23,0,Rain,Highway,79,26,8,2,4,28
15,1,Clear,Suburban,63,12,13,3,2,25
11,0,Clear,Highway,59,23,13,4,3,44
5,0,Clear,Highway,72,4,4,0,2,8
11,0,Rain,Urban,68,27,14,4,4,20
14,1,Clear,Suburban,67,12,12,4,2,32
17,0,Clear,Urban,35,57,21,5,4,77
22,0,Clear,Urban,72,26,8,2,4,29
16,0,Rain,Urban,88,18,6,2,4,28
4,1,Clear,Suburban,79,5,3,0,2,9
23,0,Clear,Urban,74,21,9,4,4,37
13,0,Rain,Highway,86,16,8,1,3,32
0,1,Clear,Urban,71,4,4,1,1,8
13,0,Fog,Urban,87,20,13,2,4,19
6,1,Clear,Highway,77,18,14,1,2,22
10,0,Clear,Urban,79,24,12,1,3,26
4,0,Clear,Urban,73,6,4,0,2,17
2,0,Clear,Urban,73,3,2,0,1,16
0,1,Rain,Highway,73,4,2,1,2,3
9,0,Rain,Urban,34,49,14,5,3,76
11,1,Rain,Suburban,70,13,10,1,4,25
23,0,Rain,Highway,60,13,8,1,4,31
22,1,Clear,Highway,86,16,9,4,4,15
22,0,Clear,Urban,61,23,8,2,4,21
7,0,Clear,Highway,54,51,15,3,2,52
3,0,Fog,Highway,69,9,4,0,2,3
14,1,Clear,Suburban,62,16,14,4,4,28
3,0,Clear,Urban,67,8,4,1,2,6
0,0,Clear,Suburban,85,4,1,1,2,16
1,0,Clear,Suburban,83,3,1,1,1,15
11,1,Clear,Urban,75,17,12,4,2,24
9,0,Fog,Urban,55,55,17,4,6,48
19,0,Rain,Suburban,27,36,13,6,4,72
12,0,Clear,Urban,43,29,9,2,3,41
15,0,Clear,Highway,53,12,7,1,4,48
3,0,Clear,Suburban,82,9,4,1,1,17
13,0,Clear,Urban,42,20,7,1,4,49
5,0,Rain,Urban,79,5,4,1,2,8
13,0,Clear,Urban,43,19,7,2,3,48
22,1,Clear,Suburban,89,18,5,1,3,32
10,0,Clear,Urban,78,29,7,2,2,26
16,0,Fog,Highway,63,15,13,3,2,13
18,0,Clear,Urban,45,58,23,7,6,65
4,0,Clear,Suburban,63,3,3,0,2,9
3,1,Fog,Suburban,87,7,4,1,2,6
6,0,Clear,Suburban,59,20,14,1,3,41
21,0,Clear,Suburban,46,15,12,3,3,48
1,0,Clear,Urban,69,7,3,1,2,8
7,0,Clear,Suburban,51,36,24,4,2,64
21,0,Rain,Urban,89,14,8,4,3,32
20,0,Clear,Urban,43,23,5,2,3,41
17,0,Clear,Urban,29,30,24,7,2,81
12,0,Clear,Highway,89,12,13,4,3,33
8,0,Clear,Urban,36,45,15,7,4,91
4,0,Rain,Highway,64,7,1,0,1,12
17,1,Rain,Highway,51,44,11,5,4,41
21,0,Clear,Urban,62,27,11,2,4,28
13,1,Clear,Suburban,75,23,6,2,4,27
16,0,Fog,Highway,83,22,8,2,4,28
4,0,Fog,Urban,87,10,1,0,2,11
18,0,Clear,Suburban,25,40,17,7,3,91
12,1,Clear,Urban,79,18,6,3,3,18
19,0,Clear,Urban,55,30,20,5,5,65
3,0,Clear,Suburban,83,9,4,1,1,16
16,1,Clear,Urban,80,15,7,2,2,32
13,0,Clear,Suburban,41,12,5,2,4,42
15,0,Rain,Suburban,63,13,13,3,4,17
3,0,Clear,Suburban,85,10,4,1,2,7
20,0,Rain,Urban,62,28,5,3,4,35
19,0,Clear,Urban,44,39,20,6,4,65
5,0,Rain,Suburban,63,4,3,0,1,9
10,0,Clear,Urban,74,28,7,3,4,31
17,0,Fog,Urban,41,32,19,3,6,59
6,0,Clear,Highway,66,27,13,4,3,26
6,1,Clear,Urban,67,16,10,2,4,32
15,0,Clear,Highway,69,24,6,1,2,40
8,1,Rain,Urban,81,47,12,5,6,35
17,0,Rain,Highway,54,49,18,4,6,56
12,1,Rain,Urban,71,12,7,3,3,27
4,0,Clear,Highway,63,10,3,1,1,19
14,0,Fog,Suburban,83,12,6,4,3,19
12,0,Clear,Highway,77,21,8,3,3,21
16,0,Rain,Suburban,83,15,11,4,3,38
13,0,Rain,Highway,85,15,8,3,2,36
21,1,Clear,Urban,64,16,11,1,3,28
13,0,Clear,Suburban,46,16,13,4,2,49
0,0,Clear,Highway,89,10,4,0,1,15
23,0,Clear,Suburban,84,29,7,1,4,25
17,0,Clear,Suburban,28,47,10,3,2,96
19,0,Clear,Suburban,54,55,24,7,4,67
12,0,Clear,Suburban,67,24,14,4,3,33
1,1,Clear,Suburban,78,6,2,0,1,13
4,1,Rain,Suburban,60,8,2,0,1,4
8,1,Clear,Urban,45,44,13,4,2,65
6,0,Rain,Urban,62,29,13,1,3,26
11,1,Clear,Urban,66,15,8,4,3,21
6,0,Clear,Highway,71,18,9,1,4,20
3,0,Clear,Urban,75,9,2,0,2,6
10,0,Rain,Suburban,71,29,13,4,3,27
21,1,Clear,Highway,86,15,8,1,4,28
15,1,Fog,Urban,69,18,10,3,2,10
17,0,Rain,Suburban,29,52,24,3,6,72
7,0,Clear,Urban,39,33,24,7,3,90
5,0,Clear,Urban,86,5,3,1,2,8
10,0,Clear,Urban,80,12,6,3,3,28
0,1,Clear,Suburban,64,7,1,1,1,8
11,0,Rain,Urban,75,13,6,1,2,29
14,0,Clear,Highway,72,19,12,3,2,40
15,0,Clear,Highway,76,23,12,3,4,39
21,0,Rain,Suburban,84,19,11,4,4,26
23,0,Rain,Urban,69,27,14,1,3,37
0,0,Rain,Urban,87,6,4,0,2,4
11,0,Clear,Suburban,82,18,7,1,3,36
10,0,Clear,Suburban,51,17,10,4,4,43
18,1,Clear,Suburban,45,32,23,3,6,58
11,1,Fog,Urban,78,20,8,4,2,10
4,0,Rain,Suburban,88,4,2,1,1,5
0,1,Clear,Urban,76,5,4,1,1,11
5,0,Fog,Suburban,70,10,4,0,2,3
8,1,Clear,Suburban,41,39,19,7,4,44
22,0,Clear,Suburban,71,15,6,3,3,21
16,0,Clear,Suburban,66,19,14,4,3,34
18,1,Clear,Highway,48,44,14,6,2,41
19,0,Clear,Highway,31,55,19,5,3,96
23,0,Clear,Suburban,71,29,13,2,2,23
16,0,Clear,Urban,69,26,9,2,4,30
12,1,Clear,Urban,83,12,10,2,3,27
18,0,Rain,Urban,57,51,11,3,6,65
12,0,Clear,Highway,51,26,7,1,2,43
20,1,Clear,Suburban,88,16,13,2,3,30
6,1,Rain,Urban,74,18,11,4,2,24
6,1,Clear,Urban,81,12,13,4,4,29
16,0,Clear,Highway,81,24,7,1,2,39
21,0,Clear,Urban,66,24,11,3,4,20
4,1,Clear,Highway,78,4,3,1,1,5
1,0,Clear,Suburban,88,7,1,1,2,19
14,0,Clear,Urban,42,18,14,1,2,41
2,0,Rain,Urban,71,9,4,1,1,6
20,0,Clear,Suburban,77,23,10,2,2,27
11,0,Clear,Highway,40,22,9,2,4,44
15,1,Clear,Highway,87,9,14,2,2,15
11,0,Clear,Highway,62,18,7,1,3,36
16,0,Rain,Urban,75,12,14,3,3,16
15,1,Clear,Urban,86,21,13,1,3,14
2,0,Clear,Suburban,84,11,3,1,2,5
6,1,Clear,Urban,61,17,9,3,2,23
9,0,Rain,Highway,41,51,19,4,5,60
3,0,Clear,Highway,64,11,4,1,1,18
11,1,Clear,Suburban,76,16,12,2,3,25
9,0,Clear,Suburban,40,44,12,5,4,69
0,0,Rain,Highway,69,4,2,1,1,14
2,0,Clear,Highway,60,4,1,0,1,6
0,0,Rain,Urban,74,3,1,0,2,15
0,0,Clear,Urban,76,8,4,0,2,19
18,0,Fog,Highway,53,39,16,5,4,41
3,0,Clear,Suburban,61,10,4,0,2,6
22,0,Rain,Urban,79,26,14,1,2,29
15,1,Fog,Suburban,72,21,10,1,3,15
0,0,Clear,Highway,78,5,2,0,2,19
11,1,Clear,Urban,87,12,11,2,3,34
0,0,Rain,Urban,87,5,1,0,2,11
13,1,Rain,Urban,69,20,12,2,3,20
0,1,Clear,Highway,71,4,3,0,2,10
23,0,Fog,Urban,88,27,14,3,3,28
1,0,Clear,Suburban,62,11,3,1,1,11
8,0,Rain,Suburban,49,53,13,3,2,52
13,0,Clear,Urban,80,29,5,2,3,26
23,0,Fog,Highway,88,21,13,4,2,12
1,0,Rain,Urban,68,10,4,1,1,15
11,1,Clear,Highway,70,11,6,4,2,32
1,0,Clear,Highway,65,9,4,1,2,18
14,0,Clear,Highway,61,14,9,2,4,34
0,1,Rain,Highway,63,5,1,0,2,8
22,0,Rain,Highway,73,16,8,2,2,25
8,0,Rain,Suburban,44,51,12,5,4,67
11,0,Clear,Highway,45,19,7,2,3,45
8,1,Clear,Urban,53,36,12,7,4,58
18,0,Clear,Highway,32,33,18,7,3,72
14,1,Clear,Urban,81,18,5,2,2,28
17,0,Clear,Suburban,38,30,20,5,2,76
20,1,Clear,Highway,81,23,13,4,3,18
1,0,Clear,Urban,70,7,4,0,2,5
1,1,Clear,Urban,71,2,2,1,2,12
21,0,Clear,Highway,42,21,14,3,2,47
22,0,Clear,Urban,67,23,6,3,2,34
11,0,Clear,Highway,71,26,10,1,2,20
17,0,Clear,Urban,25,51,24,7,2,88
23,0,Fog,Urban,75,27,10,3,2,14
22,1,Clear,Suburban,79,23,9,2,3,32
18,0,Clear,Urban,56,44,10,4,5,61
4,0,Rain,Urban,63,10,3,1,2,15
19,0,Clear,Suburban,27,58,16,3,3,74
22,1,Clear,Urban,62,14,11,4,4,23
21,0,Clear,Suburban,64,24,14,2,3,32
13,1,Clear,Highway,86,9,13,1,4,29
7,1,Clear,Highway,43,44,15,4,6,67
12,0,Clear,Urban,71,16,9,1,2,36
13,0,Clear,Urban,84,27,5,4,2,38
13,0,Clear,Urban,77,17,8,1,4,39
3,0,Clear,Highway,79,4,3,1,2,7
13,0,Clear,Highway,42,28,6,1,3,44
1,0,Fog,Urban,62,6,2,1,2,10
15,0,Clear,Highway,80,21,14,4,2,21
11,1,Rain,Suburban,77,23,9,4,2,18
5,0,Fog,Suburban,87,11,3,0,1,10
3,0,Fog,Suburban,62,8,3,0,2,9
11,1,Clear,Highway,66,11,14,2,3,31
9,0,Clear,Highway,48,45,16,3,5,54
20,1,Clear,Suburban,84,12,13,1,2,24
21,0,Clear,Suburban,65,23,13,3,2,32
7,0,Rain,Highway,48,32,18,5,2,57
14,1,Clear,Suburban,79,18,6,3,3,26
12,1,Clear,Suburban,87,17,11,3,3,26
16,0,Fog,Urban,78,19,8,4,3,29
13,0,Rain,Suburban,87,29,11,3,2,31
8,0,Clear,Urban,54,44,10,5,2,53
20,0,Clear,Highway,47,14,7,1,2,45
20,1,Clear,Highway,64,16,14,2,2,26
20,0,Clear,Urban,76,23,13,1,3,39
20,0,Clear,Urban,61,17,13,1,4,38
4,0,Clear,Suburban,63,3,2,0,1,8
21,1,Rain,Urban,81,22,5,3,2,27
16,1,Clear,Suburban,81,16,14,2,3,15
17,0,Clear,Suburban,21,44,20,4,3,97
20,0,Clear,Suburban,64,19,8,1,4,23
22,0,Clear,Suburban,84,15,12,4,4,35
20,1,Clear,Highway,60,15,13,1,4,15
5,1,Clear,Urban,75,6,4,0,2,4
22,1,Clear,Urban,80,12,5,1,4,28
21,1,Clear,Urban,75,9,6,3,4,23
23,0,Clear,Suburban,61,17,6,1,4,32
13,0,Rain,Urban,69,18,10,2,4,23
6,1,Clear,Highway,84,22,8,1,3,18
23,0,Rain,Highway,66,14,10,4,3,28
20,1,Fog,Urban,81,15,8,3,4,15
11,0,Clear,Suburban,86,15,12,4,4,40
6,0,Clear,Urban,64,26,9,4,4,24
19,0,Rain,Highway,75,41,21,7,2,40
1,0,Clear,Suburban,70,7,2,1,1,7
17,0,Clear,Urban,46,32,21,5,4,53
9,0,Clear,Suburban,25,33,20,7,2,78
11,0,Clear,Suburban,73,21,6,1,2,21
21,0,Rain,Suburban,71,20,5,2,2,26
23,0,Clear,Urban,53,25,5,1,3,46
3,0,Clear,Suburban,82,7,3,1,1,7
9,0,Clear,Urban,33,33,23,5,3,73
17,0,Clear,Highway,34,51,20,7,3,71
10,1,Clear,Urban,70,14,5,3,3,34
7,0,Rain,Urban,57,40,13,7,6,41
1,1,Rain,Urban,87,5,1,0,1,8
23,0,Fog,Urban,69,29,9,3,4,13
5,0,Clear,Suburban,60,8,4,0,2,7
10,0,Fog,Highway,80,27,14,2,3,16
10,0,Clear,Suburban,76,19,13,3,3,21
4,1,Rain,Suburban,78,5,1,0,1,9
1,0,Rain,Suburban,89,3,2,0,1,12
7,0,Fog,Suburban,75,33,18,5,6,36
20,1,Rain,Urban,83,13,7,4,3,24
19,0,Clear,Urban,32,44,18,4,2,85
19,1,Clear,Suburban,44,34,18,5,5,50
10,0,Clear,Suburban,42,29,12,1,3,47
23,0,Clear,Suburban,86,18,7,2,4,20
10,0,Clear,Highway,68,14,11,2,3,32
13,0,Clear,Urban,61,16,11,4,3,25
13,1,Clear,Urban,74,18,13,3,4,23
17,0,Clear,Urban,51,41,12,4,2,52
13,0,Clear,Urban,64,28,6,3,4,25
3,0,Clear,Highway,68,5,2,0,2,18
23,1,Fog,Urban,63,16,6,4,4,15
13,0,Fog,Suburban,73,19,11,4,2,14
17,0,Clear,Urban,38,54,22,6,6,83
8,0,Rain,Highway,38,35,15,5,2,77
23,0,Clear,Suburban,62,21,10,1,4,28
14,0,Fog,Urban,63,13,7,4,4,21
1,0,Rain,Highway,71,7,3,1,2,8
16,1,Rain,Highway,66,11,6,2,4,22
0,1,Fog,Suburban,84,8,2,0,1,5
14,0,Rain,Urban,76,15,7,4,4,16
20,0,Rain,Suburban,81,21,9,2,3,20
23,1,Rain,Highway,81,16,6,2,4,22
19,1,Clear,Urban,51,28,19,7,6,54
4,1,Clear,Suburban,82,8,1,0,1,9
23,1,Fog,Highway,79,20,11,2,3,9
23,0,Clear,Urban,66,12,9,1,3,36
4,0,Rain,Urban,68,7,2,0,2,14
11,0,Clear,Urban,59,12,14,1,3,48
11,0,Rain,Highway,62,29,8,3,3,24
20,0,Fog,Highway,74,19,13,4,2,18
0,1,Fog,Urban,73,5,2,0,2,7
3,0,Clear,Suburban,84,5,4,1,2,11
8,0,Rain,Highway,49,58,10,6,2,66
2,0,Clear,Highway,64,6,4,1,2,15
14,1,Clear,Suburban,77,22,5,4,3,29
13,1,Rain,Highway,69,20,14,3,4,11
22,1,Clear,Highway,78,13,11,4,3,32
18,0,Clear,Suburban,28,33,21,4,6,89
1,0,Clear,Highway,85,4,4,0,2,15
15,1,Clear,Highway,80,10,14,3,3,22
17,0,Clear,Urban,20,49,16,7,6,93
18,0,Clear,Urban,50,36,11,6,3,54
22,0,Rain,Suburban,63,12,9,2,2,34
11,0,Clear,Urban,87,15,8,3,4,24
16,1,Clear,Urban,87,10,13,4,4,32
15,1,Clear,Suburban,87,11,5,2,3,25
18,0,Clear,Urban,36,55,23,3,3,92
22,0,Rain,Highway,62,16,8,1,3,37
16,0,Rain,Highway,77,27,6,4,3,20
1,0,Clear,Highway,83,6,3,0,2,13
19,0,Rain,Highway,25,35,20,3,5,72
23,0,Clear,Suburban,65,26,6,2,4,35
12,1,Clear,Suburban,89,15,8,4,4,30
5,1,Clear,Suburban,71,2,2,1,1,8
17,0,Clear,Urban,39,46,11,4,4,93
17,0,Clear,Suburban,37,54,12,4,6,87
5,0,Clear,Urban,82,10,2,1,1,16
18,0,Clear,Highway,20,56,15,5,5,72
18,0,Clear,Highway,36,59,17,5,5,87
13,0,Clear,Suburban,61,15,8,1,3,29
4,0,Clear,Suburban,60,9,3,0,2,5
5,0,Clear,Urban,71,4,4,1,1,6
9,0,Clear,Suburban,29,49,11,7,3,76
23,1,Clear,Suburban,86,16,6,2,3,28
14,1,Clear,Suburban,89,18,14,2,3,28
12,1,Rain,Urban,83,22,11,2,3,16
21,0,Clear,Highway,87,16,13,1,2,24
6,0,Clear,Urban,57,27,9,2,4,47
4,0,Rain,Suburban,65,3,2,1,1,14
12,0,Clear,Urban,83,22,6,2,4,33
18,0,Clear,Highway,56,40,18,6,6,52
10,0,Clear,Urban,61,20,11,2,3,26
13,1,Rain,Suburban,75,23,5,1,2,21
14,0,Clear,Suburban,69,26,12,3,2,29
10,0,Fog,Urban,65,12,13,3,4,12
23,0,Clear,Suburban,73,14,11,3,4,25
23,1,Fog,Urban,70,14,8,2,3,13
0,0,Rain,Urban,72,7,3,0,1,6
8,1,Clear,Suburban,42,36,20,7,5,56
0,0,Clear,Highway,71,6,3,0,2,9
4,0,Clear,Urban,75,5,1,1,1,16
11,0,Rain,Highway,77,26,7,4,2,16
15,0,Rain,Urban,67,12,10,2,4,25
16,0,Clear,Urban,45,28,8,2,3,41
15,0,Fog,Suburban,84,14,14,1,3,13
2,0,Clear,Highway,74,8,4,0,1,11
4,0,Clear,Suburban,63,9,4,0,2,16
22,0,Clear,Suburban,81,29,11,3,2,25
3,0,Clear,Highway,63,10,3,1,2,12
13,0,Rain,Urban,84,19,6,4,3,16
4,0,Clear,Urban,79,9,2,1,2,13
18,0,Clear,Suburban,23,55,23,3,4,73
11,0,Rain,Suburban,84,14,10,3,3,17
10,0,Fog,Highway,89,19,13,2,4,19
21,0,Rain,Urban,62,26,8,2,3,22
12,0,Rain,Urban,66,18,5,3,2,27
8,0,Clear,Suburban,23,33,18,7,2,71
9,0,Clear,Highway,43,38,12,6,5,67
18,0,Clear,Suburban,59,47,12,5,2,54
5,0,Rain,Highway,75,8,2,1,1,7
7,1,Clear,Highway,52,47,11,6,6,45
18,0,Clear,Highway,59,40,24,6,4,67
22,0,Rain,Suburban,64,14,5,4,2,21
3,1,Clear,Urban,85,5,1,1,1,9
15,0,Clear,Suburban,41,23,11,1,4,44
5,0,Clear,Suburban,62,9,1,0,2,6
21,0,Fog,Highway,72,18,13,2,3,15
10,0,Clear,Urban,86,27,11,2,4,23
9,0,Clear,Urban,40,37,13,4,6,63
22,0,Clear,Highway,76,25,6,3,4,22
14,0,Clear,Suburban,81,26,7,3,3,34
5,0,Clear,Urban,62,7,2,1,1,17
19,0,Clear,Highway,36,41,10,3,6,90
11,0,Clear,Highway,67,27,14,3,3,36
9,0,Clear,Urban,32,39,14,5,3,74
18,0,Clear,Urban,20,42,22,6,2,75
21,0,Clear,Urban,61,17,8,2,2,26
14,0,Rain,Suburban,77,13,14,4,2,24
5,0,Rain,Urban,86,3,3,0,2,9
16,0,Clear,Urban,61,15,13,3,2,25
11,0,Clear,Suburban,60,28,5,4,2,33
7,0,Clear,Highway,23,32,16,3,5,74
16,0,Clear,Highway,82,22,9,4,3,22
4,1,Clear,Suburban,65,4,3,1,1,5
11,1,Clear,Highway,70,13,9,3,4,27
2,0,Clear,Urban,71,8,1,0,1,12
21,0,Clear,Urban,49,23,8,2,3,45
21,0,Clear,Suburban,79,29,5,1,4,22
11,0,Rain,Highway,64,29,6,3,4,38
6,0,Clear,Highway,54,22,10,3,2,47
4,0,Clear,Highway,85,11,3,0,1,15
2,0,Clear,Highway,77,9,1,1,1,6
12,0,Rain,Suburban,67,17,8,2,4,34
10,0,Clear,Urban,62,18,11,3,2,20
15,0,Clear,Highway,41,29,13,3,3,48
8,0,Rain,Urban,59,32,19,7,4,60
2,0,Clear,Suburban,88,8,2,0,1,5
20,0,Clear,Urban,77,25,10,3,4,36
20,0,Clear,Urban,84,14,8,1,2,22
8,0,Clear,Urban,51,53,21,5,2,60
20,0,Clear,Highway,80,16,8,2,2,21
11,0,Clear,Suburban,82,27,10,4,2,28
15,0,Clear,Urban,66,27,7,3,4,31
12,0,Rain,Suburban,68,16,13,1,2,17
14,0,Fog,Urban,80,21,6,1,2,22
20,0,Clear,Urban,55,19,8,2,3,45
18,0,Rain,Urban,22,52,14,6,2,71
17,1,Clear,Urban,49,40,24,7,3,46
23,0,Clear,Suburban,89,26,12,3,4,24
8,0,Rain,Urban,58,36,18,7,3,51
21,0,Rain,Urban,71,18,14,4,4,38
15,0,Clear,Highway,80,21,12,2,4,34
17,0,Clear,Urban,21,59,13,3,4,97
11,0,Rain,Highway,73,20,10,2,4,36
0,1,Clear,Urban,86,6,2,1,2,11
0,0,Clear,Urban,81,3,1,1,2,14
11,0,Rain,Suburban,69,27,9,1,4,31
11,0,Clear,Urban,68,28,10,2,2,33
6,0,Clear,Urban,54,19,5,4,4,43
12,0,Clear,Suburban,76,29,5,2,2,35
18,1,Clear,Suburban,56,29,11,4,6,48
12,0,Fog,Suburban,70,13,14,2,4,28
19,1,Rain,Highway,65,47,21,7,4,28
16,0,Clear,Highway,46,17,11,2,4,42
18,0,Rain,Urban,58,33,13,5,6,70
3,0,Clear,Urban,86,3,4,0,1,11
22,0,Rain,Urban,63,20,5,2,2,34
18,0,Clear,Highway,30,35,24,6,3,86
19,1,Clear,Highway,89,32,15,6,4,36
14,0,Clear,Urban,60,17,8,2,4,36
21,0,Rain,Urban,89,19,9,1,3,21
4,0,Rain,Urban,84,5,3,0,2,4
9,0,Clear,Urban,54,54,16,4,5,65
22,0,Clear,Urban,63,26,9,2,2,40
15,0,Clear,Suburban,75,13,9,2,2,24
17,1,Rain,Suburban,80,47,15,7,6,40
17,0,Rain,Highway,58,39,17,6,5,51
2,0,Clear,Urban,72,4,4,0,1,9
22,0,Clear,Urban,66,26,10,4,3,37
2,0,Clear,Suburban,64,3,4,1,1,6
12,1,Clear,Suburban,75,22,7,3,4,28
12,0,Clear,Urban,52,20,9,2,2,43
17,1,Rain,Highway,57,28,24,3,4,41
12,0,Clear,Highway,44,23,8,4,3,47
0,0,Clear,Suburban,62,6,4,1,1,18
8,0,Rain,Urban,52,32,16,6,5,61
20,0,Clear,Highway,61,26,6,2,3,30
19,0,Clear,Suburban,20,30,12,3,2,85
13,0,Clear,Suburban,75,19,5,1,2,34
8,1,Clear,Urban,58,31,18,4,3,45
15,0,Clear,Urban,48,24,12,1,4,43
16,0,Clear,Suburban,69,20,11,1,3,39
3,0,Clear,Urban,77,11,4,1,2,8
21,0,Clear,Suburban,41,27,12,2,2,44
18,0,Clear,Highway,58,35,18,4,4,70
4,1,Clear,Suburban,71,5,4,1,1,11
8,0,Clear,Urban,25,46,12,3,5,73
13,1,Clear,Highway,88,15,6,2,4,25
19,0,Clear,Urban,49,36,10,3,6,67
17,0,Fog,Urban,84,44,20,5,5,30
13,1,Clear,Urban,76,19,8,1,2,14
20,0,Clear,Urban,51,16,10,4,3,48
11,0,Clear,Urban,61,12,12,4,3,23
10,0,Rain,Urban,86,13,6,3,4,35
20,1,Rain,Urban,72,17,12,3,3,13
4,1,Clear,Highway,64,2,3,0,2,9
9,0,Clear,Urban,28,46,19,4,6,87
20,0,Clear,Suburban,72,17,6,4,2,21
17,0,Rain,Urban,36,31,14,5,3,72
12,0,Clear,Highway,85,29,9,2,2,23
14,0,Fog,Urban,61,28,11,2,2,16
20,0,Rain,Suburban,85,29,6,1,2,18
2,0,Clear,Highway,81,11,3,0,2,8
21,0,Fog,Suburban,78,15,13,4,4,27
18,0,Clear,Suburban,50,59,23,6,3,67
9,0,Rain,Urban,54,41,23,3,2,68
2,0,Rain,Urban,80,9,4,0,2,12
15,0,Clear,Urban,83,18,5,3,3,34
18,0,Clear,Urban,23,32,16,6,3,75
21,0,Clear,Urban,87,21,12,2,4,38
13,0,Fog,Highway,64,25,14,1,4,24
10,0,Clear,Highway,60,14,9,2,4,34
2,0,Rain,Suburban,78,6,4,0,2,8
10,0,Clear,Highway,63,19,5,2,3,30
20,0,Clear,Urban,82,25,13,2,3,31
18,0,Clear,Urban,46,36,14,7,6,58
10,0,Clear,Urban,49,19,13,4,2,41
23,0,Rain,Highway,70,12,13,3,4,28
15,0,Rain,Highway,83,23,7,2,2,24
21,0,Rain,Suburban,78,23,14,2,4,28
6,0,Clear,Highway,86,26,9,2,3,34
1,0,Clear,Highway,66,4,4,0,1,5
19,0,Clear,Suburban,40,48,10,6,6,56
8,0,Clear,Suburban,42,55,23,5,4,69
3,0,Rain,Highway,60,9,4,1,1,4
14,1,Clear,Urban,74,13,8,1,4,34
5,0,Clear,Suburban,88,10,1,1,2,16
19,0,Fog,Highway,42,40,17,4,2,57
23,0,Clear,Highway,84,13,11,2,2,25
17,1,Clear,Suburban,52,36,11,7,2,57
23,0,Clear,Highway,71,18,13,3,3,20
4,0,Clear,Urban,87,9,1,0,1,7
7,1,Clear,Urban,58,47,24,3,2,56
21,1,Rain,Suburban,61,22,6,3,4,24
8,0,Clear,Highway,31,40,19,4,6,95
18,1,Clear,Highway,43,25,17,6,2,60
2,0,Rain,Highway,85,8,4,1,2,13
14,1,Clear,Highway,82,10,10,1,3,16
20,1,Clear,Suburban,73,14,10,3,2,31
18,1,Rain,Highway,46,46,14,4,4,52
8,0,Clear,Urban,34,58,18,4,4,86
19,1,Fog,Urban,69,45,23,3,4,22
17,0,Clear,Highway,21,32,23,5,5,96
3,0,Clear,Suburban,73,8,1,0,1,10
1,1,Clear,Suburban,73,5,4,0,1,11
20,0,Fog,Suburban,75,12,7,1,2,21
4,0,Clear,Suburban,73,3,1,0,1,12
16,0,Clear,Urban,67,22,9,3,3,30
6,0,Rain,Urban,62,29,12,3,2,31
0,0,Clear,Urban,67,8,2,0,2,19
12,0,Clear,Urban,41,29,13,4,2,45
5,0,Rain,Highway,89,11,3,1,2,12
22,1,Clear,Urban,81,16,9,2,3,21
12,0,Rain,Suburban,64,25,13,4,3,16
11,0,Rain,Urban,75,28,9,3,4,28
23,0,Clear,Suburban,84,19,5,4,4,20
1,1,Clear,Urban,69,6,2,1,2,9
6,0,Rain,Urban,78,18,6,1,2,27
7,0,Rain,Urban,40,38,14,7,6,68
17,0,Clear,Urban,33,43,15,5,4,97
19,0,Clear,Urban,29,51,17,6,2,93
13,0,Clear,Suburban,67,19,5,3,4,31
18,0,Clear,Urban,29,53,17,4,6,95
16,1,Clear,Highway,79,18,13,4,4,14
7,0,Clear,Highway,43,59,17,3,2,55
2,0,Clear,Suburban,89,6,1,1,1,16
15,0,Clear,Urban,77,13,14,3,4,28
22,1,Clear,Highway,75,12,11,1,3,33
14,0,Clear,Suburban,65,23,10,3,4,38
16,0,Clear,Highway,81,27,7,3,2,30
6,0,Clear,Highway,78,16,5,4,2,36
19,1,Clear,Urban,46,38,17,7,6,49
2,0,Clear,Suburban,85,11,3,0,2,5
2,1,Clear,Urban,62,4,2,0,1,5
2,0,Rain,Urban,79,5,4,0,1,15
23,0,Clear,Highway,62,12,7,2,3,24
1,0,Fog,Highway,84,8,2,0,1,6
19,1,Clear,Urban,55,35,11,5,5,58
13,1,Clear,Highway,66,19,11,2,3,24
12,0,Clear,Highway,64,15,5,3,3,29
17,1,Clear,Suburban,48,36,14,4,2,44
14,0,Rain,Highway,64,17,8,4,2,39
20,1,Clear,Highway,71,19,8,1,4,28
18,1,Rain,Urban,43,41,12,4,5,55
3,0,Clear,Suburban,89,8,1,1,2,8
18,0,Rain,Urban,38,44,23,3,5,74
21,0,Clear,Urban,78,28,5,3,2,39
4,1,Clear,Urban,69,5,1,1,1,3
19,1,Clear,Urban,62,35,10,4,2,35
21,0,Clear,Suburban,42,18,14,3,2,47
8,0,Rain,Highway,47,55,10,7,4,69
7,0,Fog,Highway,54,43,12,3,2,51
8,0,Clear,Highway,30,57,10,3,5,94
8,1,Rain,Urban,68,26,23,6,2,40
14,0,Clear,Urban,42,21,14,3,3,46
6,0,Rain,Suburban,82,29,14,1,3,16
0,1,Rain,Urban,61,4,4,0,1,9
13,0,Clear,Suburban,86,18,9,3,2,39
20,0,Clear,Urban,51,23,8,3,2,44
4,0,Clear,Urban,74,7,3,1,1,15
19,0,Clear,Urban,51,36,15,3,6,51
19,1,Clear,Urban,52,39,11,4,2,49
22,0,Clear,Urban,53,13,11,3,2,47
8,0,Clear,Urban,21,37,13,3,2,73
2,1,Clear,Highway,70,7,1,1,2,8
18,1,Clear,Urban,56,33,24,3,3,46
16,1,Clear,Highway,61,9,12,1,4,23
0,0,Clear,Highway,78,5,3,0,2,17
9,0,Clear,Highway,49,31,22,4,5,60
7,0,Clear,Suburban,25,33,10,3,6,84
7,0,Clear,Highway,57,39,19,6,5,56
2,0,Fog,Urban,63,4,4,1,2,9
20,1,Clear,Urban,64,15,11,4,4,24
17,0,Clear,Urban,45,36,11,3,4,56
0,0,Clear,Highway,60,3,2,0,2,7
19,1,Clear,Urban,50,37,16,7,6,53
3,0,Rain,Highway,86,9,3,0,2,5
14,1,Rain,Urban,68,10,5,2,3,11
8,0,Clear,Suburban,50,41,14,6,2,50
5,1,Clear,Suburban,77,5,4,0,1,13
2,0,Clear,Urban,67,4,4,1,1,18
17,1,Fog,Urban,82,34,22,3,3,25
5,1,Clear,Urban,79,5,1,0,1,9
2,1,Fog,Urban,67,5,2,1,2,1
18,0,Clear,Urban,59,39,17,7,6,69
17,0,Clear,Suburban,45,52,13,4,4,53
1,0,Clear,Urban,79,6,4,1,2,16
18,0,Rain,Suburban,30,32,24,6,6,76
4,0,Rain,Highway,73,8,1,0,1,5
14,0,Clear,Urban,80,19,5,1,3,35
9,1,Clear,Highway,40,28,17,4,2,47
0,0,Clear,Urban,81,6,1,0,2,12
6,0,Clear,Highway,86,19,10,2,2,28
18,1,Clear,Urban,57,28,19,6,2,51
17,0,Clear,Suburban,52,39,13,5,3,54
11,0,Fog,Urban,72,12,13,3,4,16
16,0,Clear,Suburban,45,24,13,3,2,44
15,1,Rain,Highway,61,17,11,1,3,22
23,1,Clear,Highway,80,17,8,1,3,23
19,1,Rain,Highway,50,32,15,5,2,42
22,1,Clear,Highway,78,12,9,2,3,21
10,1,Fog,Urban,62,21,6,3,3,17
11,1,Rain,Highway,67,17,7,3,3,20
0,0,Rain,Suburban,87,5,1,1,1,10
21,0,Rain,Suburban,84,29,7,4,3,26
19,0,Clear,Urban,29,42,15,6,3,77
12,0,Clear,Suburban,54,18,5,3,3,49
1,1,Clear,Highway,84,6,2,0,2,4
1,0,Rain,Suburban,87,9,1,0,1,7
3,0,Clear,Highway,70,4,2,0,2,8
14,0,Rain,Urban,85,15,13,1,4,29
16,0,Clear,Urban,58,23,8,3,3,48
2,1,Clear,Highway,79,5,4,0,2,6
14,0,Rain,Highway,72,29,12,2,2,26
4,1,Clear,Urban,81,3,3,0,1,13
13,1,Clear,Urban,85,23,14,4,2,29
22,0,Rain,Suburban,78,27,8,1,3,19
5,1,Clear,Highway,60,8,1,0,2,4
18,0,Clear,Highway,37,48,16,6,3,90
3,0,Clear,Urban,72,6,2,0,2,7
7,1,Clear,Urban,52,34,10,7,5,58
20,0,Rain,Suburban,63,28,13,2,2,28
9,0,Clear,Suburban,34,42,13,7,4,79
18,0,Clear,Highway,28,54,22,3,3,99
22,0,Clear,Urban,67,22,6,1,4,27
16,0,Clear,Suburban,76,25,6,1,4,23
23,1,Clear,Urban,89,13,14,2,4,30
19,1,Rain,Suburban,65,44,13,6,6,40
5,0,Fog,Urban,84,6,3,1,1,3
11,1,Clear,Urban,86,13,13,1,2,20
6,0,Clear,Highway,87,23,8,4,2,35
23,0,Clear,Suburban,79,13,14,3,4,21
7,0,Clear,Urban,28,55,18,6,6,78
3,0,Clear,Urban,78,8,3,0,1,19
2,0,Clear,Urban,81,6,1,1,2,8
7,0,Clear,Urban,28,53,15,6,6,74
20,1,Rain,Highway,89,16,6,1,4,20
21,0,Fog,Urban,85,25,8,1,4,12
4,0,Rain,Urban,82,8,2,0,2,11
2,0,Clear,Urban,67,3,3,1,2,7
10,0,Rain,Urban,60,24,5,3,3,39
5,1,Fog,Highway,78,4,1,0,1,6
8,1,Rain,Suburban,46,29,21,7,4,47
7,0,Clear,Urban,47,36,19,5,6,65
4,0,Clear,Urban,87,10,4,1,1,13
22,0,Rain,Suburban,81,23,10,3,3,32
16,0,Fog,Urban,80,18,10,3,3,16
6,0,Fog,Urban,66,22,12,2,2,14
22,1,Clear,Suburban,81,10,12,4,4,32
2,0,Clear,Urban,75,5,1,1,2,10
10,0,Clear,Suburban,53,16,9,1,4,49
15,0,Clear,Urban,85,26,14,3,2,21
3,0,Rain,Urban,73,9,3,1,1,9
16,0,Rain,Highway,63,12,14,2,2,36
12,0,Rain,Highway,60,12,11,1,2,32
15,1,Rain,Highway,61,21,6,1,3,12
16,0,Clear,Urban,46,27,7,1,2,48
8,0,Clear,Suburban,21,52,20,5,2,81
10,1,Clear,Urban,70,13,11,4,2,26
5,0,Rain,Suburban,88,9,1,0,1,10
10,1,Clear,Highway,81,23,7,1,4,23
16,1,Clear,Highway,69,22,5,4,2,27
12,1,Clear,Suburban,63,18,13,1,4,30
20,0,Rain,Suburban,73,17,10,1,3,22
17,0,Clear,Highway,26,53,10,6,5,99
8,1,Clear,Suburban,49,46,15,6,4,51
19,0,Clear,Urban,49,47,18,6,3,60
18,0,Fog,Urban,48,32,13,6,5,52
23,1,Clear,Suburban,61,13,7,2,2,31
13,1,Clear,Highway,81,16,7,3,4,23
23,0,Rain,Urban,61,27,9,3,3,37
21,0,Clear,Highway,78,16,6,1,4,37
16,0,Rain,Urban,85,25,13,1,2,33
21,1,Clear,Suburban,70,20,6,1,2,32
12,0,Clear,Suburban,81,12,11,1,3,32
4,0,Rain,Urban,69,8,2,0,2,9
0,1,Fog,Urban,70,4,4,0,1,4
21,0,Clear,Urban,83,15,10,3,4,26
7,1,Rain,Urban,72,37,23,7,6,28
10,0,Rain,Suburban,84,12,12,2,4,16
5,1,Clear,Suburban,64,7,1,0,2,3
16,0,Fog,Highway,66,18,11,1,4,26
20,1,Rain,Suburban,68,20,11,1,2,21
12,0,Clear,Suburban,87,16,5,1,2,36
8,0,Clear,Suburban,31,30,13,6,4,72
0,1,Clear,Urban,81,4,4,0,1,13
11,1,Clear,Urban,67,20,7,3,4,32
2,0,Clear,Suburban,69,7,2,1,1,18
15,1,Clear,Urban,87,20,13,2,4,25
10,0,Clear,Urban,44,24,6,3,2,44
17,0,Rain,Highway,51,47,13,3,6,60
19,1,Clear,Highway,43,37,23,3,6,49
20,0,Clear,Urban,86,24,13,2,3,34
8,0,Rain,Highway,50,55,13,7,4,42
5,0,Clear,Urban,60,8,3,1,1,18
13,0,Clear,Highway,76,12,14,1,4,29
13,0,Fog,Urban,74,20,12,4,4,21
14,0,Clear,Suburban,43,13,12,2,2,41
6,0,Clear,Highway,43,21,14,3,2,44
6,0,Clear,Highway,55,23,6,4,2,43
10,0,Clear,Suburban,59,12,8,1,4,43
1,0,Clear,Suburban,70,5,4,0,1,6
15,0,Clear,Highway,65,26,13,2,4,26
1,0,Rain,Urban,68,3,3,1,1,6
3,0,Clear,Highway,85,9,1,1,2,5
7,0,Clear,Highway,30,30,19,3,3,77
10,0,Rain,Suburban,60,15,7,3,2,31
4,0,Clear,Suburban,84,5,2,0,1,17
21,1,Rain,Highway,60,14,9,4,4,16
3,1,Clear,Urban,88,8,4,0,2,6
3,0,Clear,Highway,66,5,2,0,1,5
6,0,Fog,Suburban,69,23,5,2,4,20
14,0,Clear,Suburban,78,13,10,2,3,23
10,1,Clear,Urban,63,20,7,2,4,27
12,0,Clear,Highway,84,26,7,4,4,31
16,0,Clear,Suburban,57,21,5,3,2,42
10,0,Clear,Urban,45,25,13,3,2,42
12,0,Clear,Suburban,87,23,7,3,2,39
23,0,Rain,Highway,66,18,13,4,4,25
13,0,Clear,Urban,57,27,8,3,4,42
5,1,Clear,Suburban,83,7,4,0,2,4
20,1,Rain,Suburban,73,9,5,1,3,26
8,0,Clear,Suburban,23,48,10,3,6,97
14,0,Clear,Highway,61,20,9,4,2,40
5,0,Fog,Urban,78,6,2,0,2,6
19,0,Rain,Urban,44,40,13,4,2,70
5,0,Rain,Urban,84,8,2,1,1,12
7,0,Clear,Suburban,26,38,18,7,2,75
6,0,Clear,Urban,44,24,9,4,3,48
20,0,Clear,Highway,84,18,9,3,2,26
23,0,Fog,Urban,72,22,5,3,2,16
0,0,Rain,Urban,77,10,3,0,2,9
23,1,Clear,Urban,72,16,5,3,3,20
9,0,Rain,Suburban,47,33,24,5,5,68
0,1,Clear,Urban,85,4,2,0,2,3
2,0,Clear,Urban,76,8,2,1,2,19
1,1,Rain,Urban,66,2,4,1,2,4
4,0,Clear,Highway,89,11,1,0,1,14
0,0,Clear,Highway,72,11,4,0,2,15
4,0,Clear,Urban,72,8,2,0,2,18
4,1,Fog,Suburban,60,8,4,0,1,7
16,0,Clear,Highway,62,28,11,3,2,20
3,0,Rain,Urban,79,10,3,1,2,13
2,1,Rain,Suburban,67,7,1,1,2,4
12,1,Rain,Highway,89,22,10,1,4,21
3,1,Rain,Highway,82,3,2,0,2,8
7,0,Clear,Suburban,51,57,10,6,4,53
20,0,Clear,Suburban,87,20,5,3,2,39
4,0,Clear,Suburban,75,5,1,0,1,15
4,1,Clear,Urban,61,6,4,1,2,9
10,0,Clear,Highway,66,14,12,1,2,20
10,1,Clear,Highway,76,13,8,3,2,28
21,0,Clear,Highway,82,12,7,1,4,32
23,1,Clear,Highway,86,19,14,2,4,20
13,0,Clear,Highway,67,16,11,3,2,31
4,0,Fog,Suburban,69,6,2,1,1,4
23,0,Rain,Suburban,79,20,12,4,2,23
6,0,Fog,Suburban,69,18,14,1,2,25
22,0,Clear,Urban,56,20,7,4,4,41
22,1,Clear,Suburban,60,15,8,4,2,32
21,0,Clear,Urban,81,12,9,1,3,33
22,1,Clear,Highway,88,22,10,4,2,14
6,0,Clear,Suburban,70,27,5,4,4,29
8,1,Clear,Suburban,59,46,18,5,6,59
17,0,Rain,Suburban,47,31,17,5,2,53
19,1,Rain,Urban,65,40,19,3,5,32
3,0,Clear,Highway,62,7,1,0,1,14
16,1,Clear,Urban,63,16,8,1,2,28
16,0,Rain,Urban,70,28,5,1,3,21
8,0,Clear,Suburban,32,46,11,3,3,83
2,1,Clear,Highway,81,8,1,1,1,5
20,1,Clear,Suburban,62,23,8,3,3,29
0,1,Rain,Urban,85,7,3,0,2,8
23,0,Clear,Suburban,87,24,9,4,2,23
0,0,Clear,Suburban,85,6,1,0,1,13
21,0,Clear,Urban,43,23,12,4,3,45
17,1,Clear,Suburban,48,33,19,4,2,65
0,0,Clear,Suburban,86,8,3,0,1,11
3,0,Clear,Urban,73,11,3,0,2,11
4,0,Clear,Highway,65,5,2,1,2,7
20,0,Rain,Highway,89,27,6,3,2,35
5,0,Clear,Highway,70,8,2,1,1,5
15,0,Clear,Suburban,81,25,13,3,2,22
5,0,Clear,Urban,64,5,1,1,1,14
19,0,Rain,Highway,32,53,15,5,5,76
14,0,Clear,Urban,79,23,6,3,3,22
18,1,Rain,Urban,53,45,23,3,5,49
11,0,Rain,Highway,81,16,6,2,2,20
6,0,Clear,Suburban,68,13,9,1,4,20
3,0,Rain,Urban,81,4,4,1,1,4
10,0,Fog,Urban,81,18,7,1,4,25
0,0,Clear,Suburban,86,11,4,0,1,8
6,0,Rain,Urban,62,22,9,4,2,28
14,0,Fog,Urban,66,14,11,3,2,25
20,1,Clear,Urban,84,19,8,3,2,18
11,0,Clear,Urban,61,23,9,3,3,22
0,0,Clear,Highway,73,11,4,0,2,12
10,0,Clear,Suburban,85,24,7,4,2,24
17,0,Rain,Highway,47,44,16,6,3,68
19,1,Clear,Highway,57,40,22,3,6,65
15,0,Clear,Suburban,51,17,11,1,4,43
5,0,Clear,Highway,79,3,2,0,2,19
20,1,Rain,Highway,80,21,14,3,3,20
8,0,Rain,Urban,34,47,24,6,4,77
15,0,Rain,Suburban,81,24,5,1,4,26
21,1,Clear,Suburban,75,17,10,4,4,25
22,0,Clear,Highway,54,24,5,3,3,48
21,0,Clear,Suburban,62,26,9,3,3,23
1,0,Clear,Highway,77,9,2,1,2,5
7,1,Clear,Urban,56,44,22,5,2,69
7,0,Rain,Suburban,47,40,19,6,2,50
7,1,Fog,Urban,70,25,23,5,5,25
16,0,Rain,Urban,85,25,9,2,3,22
1,1,Clear,Urban,75,5,4,0,1,5
2,0,Clear,Suburban,73,7,4,1,1,11
13,0,Rain,Urban,77,28,13,3,2,28
22,0,Clear,Urban,57,27,9,3,4,42
21,1,Clear,Suburban,72,13,7,3,4,29
2,1,Rain,Suburban,88,8,4,1,2,5
13,1,Clear,Urban,61,12,7,1,4,20
7,0,Clear,Urban,22,33,10,3,6,98
4,0,Rain,Urban,63,5,1,1,1,7
19,1,Fog,Urban,78,45,14,7,3,23
21,0,Clear,Urban,80,28,12,4,2,33
5,1,Clear,Urban,85,2,2,0,1,7
5,0,Rain,Urban,76,9,1,1,2,14
7,0,Clear,Suburban,23,47,17,5,3,76
1,1,Fog,Urban,80,6,4,0,1,4
18,0,Clear,Urban,20,44,24,4,3,98
2,0,Fog,Urban,66,9,2,0,1,7
14,1,Rain,Highway,67,16,13,4,2,14
18,0,Clear,Highway,33,36,14,5,3,98
2,1,Fog,Suburban,63,6,4,1,1,6
5,0,Clear,Highway,64,7,3,0,1,19
2,0,Clear,Highway,88,9,3,0,2,10
9,0,Clear,Urban,30,30,20,4,5,88
22,0,Clear,Highway,48,24,10,4,3,46
3,0,Clear,Urban,82,8,2,1,2,5
10,1,Clear,Urban,86,23,8,2,2,20
1,0,Clear,Urban,72,11,1,0,1,9
6,0,Fog,Urban,86,26,11,2,2,26
0,0,Clear,Urban,74,3,2,1,1,8
19,0,Fog,Suburban,48,47,16,6,6,52
11,0,Clear,Suburban,84,26,8,2,2,35
5,0,Clear,Suburban,75,9,4,0,1,11
19,0,Clear,Urban,54,38,23,3,2,61
21,1,Clear,Urban,74,18,14,2,2,19
4,0,Clear,Urban,76,8,2,1,1,14
0,1,Clear,Highway,76,4,2,0,2,3
10,0,Rain,Highway,82,26,6,2,4,27
20,0,Clear,Urban,67,15,6,4,3,33
6,0,Clear,Suburban,84,24,8,1,2,28
6,1,Clear,Suburban,64,12,9,2,3,30
13,0,Clear,Highway,82,14,12,2,4,26
8,0,Clear,Urban,59,53,14,7,5,59
9,0,Clear,Highway,25,46,11,4,5,97
3,0,Clear,Urban,67,6,1,0,1,16
2,1,Clear,Urban,78,3,3,1,2,9
15,0,Clear,Suburban,73,14,7,3,4,33
22,0,Clear,Urban,59,15,6,4,4,41
14,0,Clear,Urban,64,25,5,1,4,40
7,1,Clear,Urban,48,40,13,4,5,65
16,0,Clear,Urban,71,27,11,3,4,22
6,1,Clear,Urban,77,10,11,3,4,16
8,0,Clear,Urban,36,55,14,4,2,89
4,0,Clear,Highway,70,3,3,0,2,19
14,1,Clear,Highway,79,11,6,4,4,19
14,1,Rain,Urban,73,12,10,2,2,12
11,0,Rain,Urban,72,23,11,4,3,36
23,0,Rain,Highway,83,18,7,1,2,36
15,0,Clear,Suburban,85,21,9,2,2,37
18,0,Clear,Highway,37,49,16,4,6,83
9,1,Clear,Highway,41,29,24,4,6,46
17,0,Clear,Urban,23,31,14,5,2,91
21,1,Clear,Urban,78,12,13,3,4,14
0,0,Clear,Urban,78,4,1,0,2,14
2,0,Rain,Highway,85,8,4,0,2,13
6,0,Clear,Suburban,84,21,14,2,3,24
13,0,Fog,Highway,71,28,8,1,3,17
10,0,Clear,Suburban,55,15,12,3,3,45
11,0,Rain,Urban,61,23,9,3,2,16
13,0,Clear,Highway,58,28,11,4,4,44
8,0,Clear,Suburban,58,56,21,3,3,56
13,1,Fog,Highway,74,13,14,4,4,9
15,1,Fog,Highway,89,21,9,3,4,10
15,0,Clear,Suburban,53,28,7,1,3,47
14,0,Rain,Highway,69,22,6,2,2,28
16,0,Clear,Urban,67,16,5,3,4,35
18,0,Rain,Urban,53,31,24,5,2,70
9,0,Clear,Highway,44,46,19,6,2,50
6,0,Clear,Urban,72,28,5,3,2,39
18,0,Rain,Suburban,47,54,23,3,5,59
16,1,Rain,Highway,61,21,12,4,2,18
9,0,Clear,Suburban,39,53,12,7,2,89
3,0,Rain,Highway,65,10,2,0,1,8
18,0,Rain,Suburban,55,37,14,3,3,41
20,0,Clear,Highway,85,25,12,3,2,37
21,0,Clear,Highway,63,22,8,4,2,23
17,0,Rain,Suburban,57,32,17,4,4,59
7,1,Rain,Urban,42,35,24,7,3,44
3,0,Fog,Highway,79,3,2,0,1,6
12,0,Clear,Urban,42,22,12,2,4,49
23,1,Clear,Urban,68,16,6,2,4,23
9,1,Clear,Highway,51,44,19,5,3,64
8,0,Rain,Suburban,44,42,19,3,4,41
11,0,Clear,Urban,71,19,11,4,2,24
10,0,Clear,Highway,68,28,10,1,3,20
21,1,Rain,Urban,65,17,14,2,3,18
1,0,Rain,Urban,61,4,3,0,1,11
13,0,Clear,Suburban,48,14,7,3,2,49
20,0,Clear,Highway,45,29,14,3,3,45
4,0,Clear,Urban,75,4,1,0,2,11
19,0,Clear,Highway,46,58,23,5,3,61
6,0,Clear,Suburban,76,18,7,4,3,22
17,0,Clear,Highway,42,47,12,7,4,63
9,1,Clear,Urban,85,40,13,6,2,40
3,0,Clear,Suburban,72,6,4,0,2,10
21,1,Clear,Suburban,77,13,7,1,4,31
13,0,Clear,Highway,61,25,13,4,2,29
11,0,Clear,Urban,49,17,12,3,3,45
16,1,Clear,Highway,71,17,10,1,2,30
3,1,Rain,Highway,72,3,3,0,1,4
12,0,Clear,Suburban,48,22,11,1,3,45
10,0,Clear,Urban,45,13,14,3,2,44
12,1,Fog,Urban,61,17,5,4,4,13
4,0,Clear,Urban,65,4,2,0,1,7
0,1,Rain,Urban,72,4,4,1,1,5
8,1,Rain,Urban,42,25,10,4,3,43
2,0,Rain,Highway,83,8,4,0,2,8
13,1,Clear,Highway,75,18,12,3,3,30
17,0,Rain,Suburban,31,56,14,4,3,79
2,0,Rain,Suburban,70,11,3,1,2,8
7,0,Clear,Urban,30,44,18,4,3,71
14,0,Clear,Urban,67,22,5,3,3,32
10,0,Clear,Suburban,68,26,14,3,4,24
17,0,Clear,Suburban,33,42,11,5,5,79
20,1,Clear,Urban,87,20,10,1,3,27
11,0,Rain,Suburban,84,28,10,2,4,18
20,0,Rain,Urban,75,23,14,3,4,18
1,0,Clear,Urban,76,10,3,0,1,10
12,1,Clear,Highway,89,16,5,2,4,22
13,0,Rain,Highway,67,16,5,4,4,29
20,0,Clear,Urban,67,14,14,2,4,23
12,1,Clear,Suburban,62,22,6,2,2,24
22,1,Rain,Urban,81,18,12,1,2,12
4,0,Clear,Urban,82,3,4,0,2,5
8,0,Clear,Highway,24,42,11,6,4,80
7,0,Clear,Urban,34,33,22,7,4,71
6,0,Clear,Suburban,44,25,7,3,2,47
5,0,Rain,Highway,63,11,1,0,1,4
23,0,Fog,Highway,60,22,5,1,2,12
2,0,Clear,Urban,69,9,4,0,1,12
5,0,Rain,Highway,86,9,3,1,1,9
21,1,Clear,Suburban,83,13,13,4,4,25
21,1,Clear,Suburban,62,12,10,2,3,14
5,0,Fog,Suburban,65,8,1,0,2,3
3,0,Fog,Urban,69,9,4,1,1,7
12,0,Rain,Urban,61,27,12,3,3,37
10,0,Rain,Highway,83,26,13,4,3,26
7,1,Rain,Urban,62,32,21,3,5,30
19,0,Clear,Urban,23,59,11,7,3,85
12,1,Clear,Suburban,89,16,12,3,2,16
7,0,Clear,Highway,38,35,24,3,5,83
14,0,Rain,Urban,77,27,9,3,2,25
0,0,Rain,Urban,79,3,3,0,1,12
8,1,Clear,Highway,46,31,16,6,2,66
5,0,Clear,Suburban,76,6,4,1,1,13
7,0,Clear,Suburban,59,36,20,4,6,61
2,0,Clear,Urban,82,11,4,1,2,16
17,0,Clear,Highway,23,53,20,5,5,97
18,0,Clear,Suburban,34,58,11,5,4,83
18,1,Clear,Suburban,49,39,22,4,5,62
4,0,Clear,Suburban,83,3,2,1,2,17
7,0,Rain,Urban,49,39,12,5,2,66
23,1,Clear,Urban,86,16,5,4,2,24
6,0,Clear,Highway,86,26,13,1,3,34
9,0,Rain,Urban,28,48,24,4,5,75
11,1,Clear,Highway,77,20,5,2,2,28
13,0,Clear,Suburban,49,29,14,4,2,47
11,0,Clear,Urban,70,23,6,4,4,27
9,0,Rain,Highway,45,40,19,3,3,60
9,0,Clear,Urban,38,52,13,7,6,89
15,1,Clear,Highway,74,13,13,2,4,31
5,0,Clear,Highway,66,3,4,0,2,14
7,0,Rain,Urban,48,51,17,5,3,60
14,0,Clear,Urban,61,17,9,1,4,39
14,0,Clear,Suburban,59,15,11,2,4,45
0,0,Clear,Highway,70,7,2,1,2,9
14,1,Clear,Urban,73,17,7,3,2,21
1,1,Clear,Urban,84,8,4,1,1,6
4,0,Clear,Suburban,84,9,2,0,1,12
11,0,Clear,Urban,84,25,10,2,4,32
8,0,Clear,Suburban,33,55,10,4,4,74
19,1,Rain,Suburban,60,45,24,7,3,31
3,0,Rain,Suburban,88,3,4,1,2,8
15,1,Clear,Urban,79,20,6,1,3,19
23,1,Clear,Highway,82,11,9,3,3,19
3,0,Clear,Urban,72,9,4,0,2,10
7,0,Clear,Highway,27,36,16,4,2,87
12,0,Clear,Highway,80,22,14,1,2,23
2,1,Clear,Urban,66,7,2,0,1,9
1,0,Clear,Urban,70,7,4,1,2,15
18,1,Clear,Suburban,56,32,17,6,3,50
16,0,Clear,Urban,48,29,6,4,3,43
14,1,Fog,Highway,78,13,14,4,2,16
16,0,Clear,Highway,47,17,8,2,3,48
1,1,Clear,Urban,72,7,1,0,2,7
10,0,Clear,Urban,74,12,13,2,3,36
11,1,Clear,Urban,88,19,5,1,2,15
9,0,Clear,Highway,31,56,22,3,5,73
8,0,Clear,Urban,59,46,22,4,2,63
11,1,Clear,Urban,88,20,14,3,3,33
7,1,Rain,Urban,74,36,23,3,5,35
2,0,Rain,Suburban,80,5,1,0,1,8
5,1,Clear,Urban,63,3,1,1,2,6
15,1,Clear,Urban,73,14,8,3,3,14
8,1,Clear,Highway,49,47,19,7,4,56
11,0,Clear,Highway,46,15,5,4,4,44
0,0,Clear,Urban,62,6,2,0,1,8
17,0,Rain,Suburban,27,55,17,6,3,76
19,1,Rain,Urban,56,27,15,5,5,48
9,1,Clear,Urban,48,26,23,7,3,67
7,0,Clear,Highway,30,54,18,7,5,83
4,1,Clear,Urban,61,8,1,0,2,3
8,0,Rain,Urban,53,39,24,3,4,56
13,0,Fog,Suburban,69,12,11,4,2,12
11,1,Clear,Urban,68,11,7,3,3,19
13,0,Clear,Suburban,70,27,6,3,3,29
15,0,Rain,Highway,62,24,6,4,4,38
15,0,Clear,Highway,51,12,7,4,3,44
14,0,Fog,Highway,88,21,5,2,3,26
19,1,Clear,Suburban,54,47,18,6,2,53
19,0,Clear,Urban,21,52,24,4,4,81
9,1,Clear,Highway,43,32,13,7,5,60
19,1,Clear,Urban,43,32,17,3,4,51
12,0,Clear,Urban,66,16,6,4,4,32
23,0,Clear,Suburban,71,15,14,4,2,32
15,0,Clear,Highway,66,28,14,4,3,37
0,1,Rain,Urban,79,5,1,1,2,8
19,0,Clear,Highway,38,40,14,7,4,81
23,0,Clear,Urban,53,27,12,2,4,46
2,0,Rain,Suburban,64,11,2,1,1,5
1,1,Clear,Suburban,83,8,2,1,2,7
10,0,Clear,Urban,60,14,8,4,3,34
5,0,Rain,Urban,65,9,1,0,2,7
7,1,Clear,Urban,52,25,17,5,6,65
6,1,Rain,Suburban,60,16,6,1,4,19
15,0,Rain,Highway,60,22,8,1,2,19
6,1,Clear,Suburban,63,21,7,3,4,28
12,0,Clear,Suburban,75,18,11,4,4,30
2,0,Clear,Urban,70,4,1,1,1,14
7,0,Clear,Urban,36,48,20,6,2,71
1,0,Clear,Highway,80,11,4,1,2,6
17,0,Clear,Highway,59,45,14,5,3,51
17,0,Rain,Urban,56,56,19,3,3,58
0,1,Clear,Urban,79,5,3,0,2,6
5,0,Fog,Urban,67,3,4,0,1,3
17,0,Clear,Urban,37,49,11,7,5,89
12,0,Clear,Highway,77,19,9,2,3,34
9,0,Clear,Suburban,34,44,22,3,6,82
0,0,Rain,Urban,68,10,3,0,2,15
1,0,Rain,Highway,85,3,2,0,1,15
20,1,Clear,Highway,71,21,7,1,2,20
21,1,Rain,Urban,64,16,13,3,4,19
1,1,Clear,Urban,71,3,3,0,2,9
8,0,Clear,Urban,30,50,20,4,3,80
8,0,Clear,Urban,49,46,15,6,2,60
5,0,Rain,Suburban,74,8,3,1,2,12
6,1,Clear,Highway,89,12,8,2,3,29
14,0,Clear,Suburban,48,27,9,4,2,41
18,0,Clear,Urban,56,58,10,6,2,68
9,0,Clear,Suburban,55,59,12,5,4,50
3,0,Clear,Highway,72,11,2,0,1,8
9,0,Clear,Highway,49,43,19,5,3,66
20,1,Clear,Suburban,87,17,12,2,3,28
15,0,Clear,Highway,56,25,13,4,3,42
14,0,Clear,Suburban,68,20,12,3,2,30
6,0,Clear,Urban,71,19,5,4,4,38
21,1,Clear,Highway,61,9,10,2,4,26
16,1,Clear,Urban,71,20,7,4,4,23
1,1,Rain,Suburban,85,7,2,1,2,5
11,1,Clear,Suburban,84,12,9,1,2,31
19,0,Clear,Suburban,27,48,21,5,5,87
1,1,Clear,Highway,61,7,4,1,2,11
16,0,Rain,Urban,70,22,14,1,2,20
0,0,Clear,Urban,78,8,3,1,1,12
7,0,Rain,Highway,55,31,10,7,6,51
8,1,Clear,Suburban,84,41,12,5,3,35
8,0,Clear,Urban,26,38,21,5,4,79
16,0,Rain,Suburban,78,23,14,4,2,32
10,0,Clear,Suburban,78,25,5,1,3,36
10,0,Clear,Suburban,62,28,5,1,2,36
4,1,Fog,Urban,81,5,4,1,1,5
1,1,Clear,Urban,73,3,4,0,1,4
14,1,Clear,Highway,71,10,13,1,3,15
19,1,Clear,Urban,41,42,23,5,2,58
1,1,Clear,Urban,81,7,4,1,2,11
4,0,Clear,Highway,60,11,3,0,1,16
8,1,Rain,Urban,50,36,24,5,3,48
13,0,Clear,Urban,49,27,11,1,3,45
7,0,Clear,Suburban,41,35,18,7,5,66
15,0,Clear,Highway,85,22,14,4,3,39
18,0,Clear,Urban,27,32,20,5,6,97
1,1,Clear,Urban,82,8,4,1,1,3
16,0,Clear,Suburban,63,23,10,2,3,39
2,0,Fog,Urban,66,11,1,0,1,3
15,0,Clear,Highway,75,20,12,2,3,40
13,0,Clear,Suburban,70,28,7,1,3,38
15,0,Clear,Urban,61,20,12,3,4,20
19,0,Clear,Urban,35,32,14,5,2,85
10,1,Clear,Suburban,76,23,8,3,2,29
7,0,Clear,Highway,32,53,16,5,6,91
1,0,Clear,Urban,76,11,1,0,1,14
18,0,Clear,Urban,26,51,24,5,3,79
6,0,Fog,Highway,78,16,8,2,4,24
6,0,Fog,Suburban,74,17,9,1,4,23
22,0,Clear,Urban,69,27,12,3,2,31
11,1,Rain,Suburban,67,20,12,1,3,20
4,0,Clear,Urban,72,3,1,0,2,18
8,0,Clear,Suburban,52,36,15,4,4,51
2,0,Clear,Highway,77,3,2,1,1,18
9,0,Rain,Urban,52,53,20,5,5,64
13,1,Fog,Urban,82,12,8,4,4,19
3,0,Rain,Urban,78,10,2,1,1,12
15,0,Rain,Suburban,62,26,13,1,3,38
19,0,Fog,Highway,43,36,15,4,4,44
8,0,Clear,Urban,36,38,14,6,3,74
3,0,Clear,Suburban,75,5,3,0,2,9
21,0,Clear,Urban,48,13,10,4,3,41
12,0,Clear,Highway,80,14,6,4,2,21
0,0,Clear,Urban,61,4,4,0,2,13
17,0,Clear,Highway,31,43,18,7,6,91
22,0,Fog,Urban,70,13,6,1,3,27
9,1,Clear,Urban,78,46,19,7,4,35
23,1,Rain,Highway,65,22,5,2,2,22
13,1,Clear,Urban,88,10,7,2,2,32
19,0,Clear,Urban,24,38,15,7,4,81
6,0,Clear,Highway,70,20,5,3,3,25
18,1,Clear,Highway,42,32,19,7,2,65
6,0,Fog,Urban,72,21,5,3,4,19
8,0,Clear,Urban,56,58,24,4,4,59
5,0,Clear,Highway,64,6,1,0,2,11
9,0,Clear,Suburban,28,30,17,6,4,94
19,0,Clear,Suburban,20,50,13,7,6,86
15,0,Fog,Urban,60,17,11,1,2,28
21,0,Clear,Suburban,57,15,12,3,2,42
20,0,Clear,Urban,73,27,5,2,2,36
19,0,Clear,Highway,32,53,22,6,2,96
7,0,Clear,Urban,20,48,22,6,2,94
16,0,Clear,Suburban,72,16,10,4,3,21
6,0,Rain,Suburban,71,18,14,2,2,38
8,0,Clear,Urban,29,57,18,5,2,76
11,1,Rain,Suburban,70,22,11,2,3,21
19,1,Clear,Urban,49,33,12,3,6,42
3,0,Clear,Highway,80,8,4,1,2,12
5,0,Rain,Highway,76,3,2,0,1,6
5,0,Clear,Urban,72,9,1,0,1,17
21,0,Clear,Urban,82,15,14,2,3,28
3,1,Clear,Urban,60,3,1,1,2,8
0,0,Rain,Urban,64,11,2,1,1,7
7,1,Clear,Highway,59,24,10,4,3,56
7,0,Clear,Urban,46,30,18,6,2,53
11,0,Clear,Urban,68,14,8,2,4,39
14,0,Clear,Highway,87,19,10,1,3,20
6,0,Clear,Urban,83,19,7,3,3,33
11,0,Clear,Suburban,88,20,7,1,4,39
17,1,Fog,Highway,72,27,11,4,5,25
5,0,Fog,Urban,82,11,4,0,2,4
11,0,Rain,Suburban,71,14,13,4,4,35
12,0,Clear,Suburban,86,23,5,1,4,23
7,0,Clear,Suburban,59,54,21,4,5,57
1,1,Clear,Highway,82,6,4,0,1,7
8,0,Clear,Urban,26,33,22,3,3,87
19,0,Rain,Suburban,38,58,13,7,2,72
22,1,Rain,Urban,76,19,10,3,2,18
7,0,Clear,Highway,46,55,14,6,4,50
4,1,Clear,Highway,63,8,1,1,2,3
1,1,Clear,Highway,75,6,1,1,2,6
18,0,Clear,Urban,37,53,17,7,4,95
1,0,Fog,Urban,67,9,3,0,2,9
4,1,Clear,Urban,66,6,3,1,1,11
10,0,Clear,Urban,81,24,11,2,4,22
20,0,Clear,Urban,73,23,12,4,4,35
18,0,Clear,Highway,29,38,22,4,3,89
0,1,Clear,Suburban,85,7,2,0,2,7
21,1,Clear,Urban,89,21,11,1,4,16
13,0,Clear,Suburban,41,21,11,1,3,47
21,1,Clear,Urban,69,14,8,2,2,18
10,0,Clear,Highway,84,25,13,2,4,32
18,0,Clear,Highway,25,53,22,4,4,91
18,0,Rain,Suburban,49,37,15,5,3,70
9,0,Clear,Urban,44,52,17,3,5,56
1,0,Clear,Suburban,84,9,1,0,1,14
19,1,Rain,Urban,82,37,18,3,6,39
0,0,Clear,Highway,73,3,3,1,1,17
4,0,Clear,Highway,75,9,1,0,2,13
15,0,Clear,Urban,79,15,8,2,4,33
1,1,Rain,Highway,66,6,2,1,2,3
0,1,Clear,Highway,89,2,2,0,1,10
6,0,Fog,Highway,81,22,13,4,3,28
2,0,Fog,Suburban,67,11,4,1,1,10
3,1,Clear,Highway,88,6,2,0,1,9
5,0,Clear,Urban,65,9,4,1,1,16
5,1,Clear,Suburban,73,8,1,1,2,11
14,0,Rain,Urban,77,26,6,1,3,20
10,0,Clear,Highway,87,19,14,3,3,40
0,1,Clear,Urban,89,4,1,1,2,5
11,1,Rain,Urban,85,20,11,2,3,12
5,0,Fog,Highway,76,3,3,0,2,5
16,0,Fog,Suburban,69,17,6,4,4,16
20,0,Clear,Highway,88,24,13,2,2,26
21,0,Clear,Suburban,43,21,9,3,3,48
11,0,Clear,Highway,66,12,6,4,3,20
8,0,Clear,Urban,32,37,21,3,4,83
3,0,Clear,Suburban,75,3,1,1,2,16
14,1,Clear,Suburban,89,20,5,1,4,16
19,0,Clear,Highway,21,35,17,3,4,93
18,0,Clear,Highway,45,55,24,6,6,61
0,0,Clear,Urban,72,8,4,1,2,5
19,0,Clear,Urban,35,52,16,6,4,97
14,0,Clear,Urban,46,22,9,1,3,46
17,0,Clear,Urban,21,50,12,7,3,92
16,0,Fog,Suburban,74,20,9,1,4,23
6,1,Clear,Highway,77,10,7,4,4,28
16,1,Clear,Highway,73,9,8,4,2,24
21,0,Clear,Highway,81,14,13,1,4,34
12,0,Clear,Suburban,79,15,6,1,2,38
3,0,Rain,Suburban,86,8,2,1,2,4
10,1,Clear,Urban,83,10,5,4,3,26
7,1,Clear,Highway,49,38,15,6,6,68
19,0,Fog,Suburban,59,56,21,5,2,48
6,1,Clear,Highway,81,17,12,4,2,29
19,0,Clear,Suburban,26,40,10,3,4,93
5,1,Rain,Urban,81,8,4,0,2,9
1,0,Clear,Suburban,68,6,1,0,2,7
13,1,Clear,Suburban,80,10,7,4,2,20
12,1,Clear,Urban,61,11,13,3,4,22
7,1,Clear,Urban,48,28,20,3,6,42
21,0,Clear,Highway,51,27,11,1,3,44
10,0,Clear,Highway,77,27,14,4,2,24
15,0,Clear,Urban,42,25,5,1,4,41
6,0,Clear,Urban,80,23,13,3,4,34
8,1,Clear,Highway,54,25,17,4,6,51
18,0,Clear,Urban,41,44,21,4,4,62
18,1,Fog,Suburban,66,44,10,7,2,40
9,1,Clear,Suburban,49,39,12,7,6,43
21,0,Clear,Urban,81,26,5,4,3,34
0,0,Clear,Highway,78,4,1,0,2,13
23,0,Fog,Urban,71,21,9,2,3,13
13,0,Clear,Highway,69,13,8,4,4,29
23,0,Clear,Suburban,87,25,13,4,4,38
19,1,Fog,Highway,66,44,17,4,3,40
17,0,Fog,Suburban,43,59,23,4,5,52
7,1,Clear,Urban,57,36,13,7,6,44
20,0,Clear,Urban,85,19,6,4,3,29
7,1,Clear,Urban,52,32,11,6,3,62
10,0,Rain,Urban,67,25,12,3,3,38
23,0,Clear,Suburban,77,25,14,2,3,20
19,0,Rain,Urban,20,46,13,4,4,76
22,0,Clear,Highway,52,28,12,2,2,45
8,0,Clear,Urban,36,32,17,4,4,77
20,0,Clear,Urban,83,20,8,4,2,34
0,1,Rain,Urban,81,4,4,1,2,5
11,0,Rain,Urban,79,18,6,3,2,26
21,0,Clear,Highway,79,28,6,4,4,30
17,0,Clear,Suburban,52,54,11,4,2,51
14,0,Rain,Highway,61,24,12,1,3,29
7,1,Rain,Urban,54,44,24,4,3,55
5,1,Clear,Urban,89,3,3,1,1,9
20,1,Fog,Urban,86,9,10,3,4,11
13,0,Rain,Suburban,70,18,8,3,2,30
15,0,Rain,Urban,65,13,7,2,3,21
17,0,Clear,Suburban,57,36,23,6,6,62
2,0,Clear,Highway,64,4,1,1,2,11
5,0,Rain,Highway,78,4,3,1,2,4
15,0,Rain,Urban,75,17,5,1,4,19
1,0,Clear,Urban,75,10,1,0,1,18
19,1,Fog,Suburban,78,28,10,3,2,25
19,0,Clear,Urban,31,41,20,4,4,75
20,1,Clear,Suburban,71,12,14,2,3,30
19,1,Clear,Urban,47,43,20,7,2,44
17,0,Rain,Highway,58,34,11,7,6,51
12,0,Clear,Suburban,81,20,10,4,4,37
2,1,Clear,Suburban,80,7,3,1,2,8
15,1,Clear,Urban,76,14,12,4,4,31
21,0,Fog,Urban,71,28,10,4,2,24
22,0,Clear,Urban,89,28,12,1,4,27
22,0,Clear,Highway,62,29,12,1,2,35
2,0,Rain,Urban,66,4,4,1,2,4
7,0,Clear,Highway,26,57,20,5,4,87
10,0,Clear,Highway,72,19,5,3,2,31
19,1,Rain,Highway,86,24,20,4,3,34
0,1,Clear,Highway,63,7,4,1,2,3
20,0,Clear,Highway,66,14,14,3,4,35
1,0,Clear,Highway,73,8,2,0,1,7
0,1,Clear,Urban,86,4,3,0,2,13
21,0,Clear,Urban,81,15,6,3,4,32
10,0,Rain,Suburban,81,13,7,3,2,28
8,0,Clear,Urban,23,32,13,5,5,85
1,1,Clear,Urban,75,2,4,1,1,7
1,0,Clear,Suburban,83,11,3,0,1,16
9,0,Clear,Highway,51,57,12,3,4,69
5,0,Clear,Urban,89,6,4,1,1,19
19,1,Fog,Highway,64,34,23,7,4,28
19,0,Clear,Highway,22,59,12,7,2,82
20,0,Clear,Suburban,61,28,9,4,2,40
23,0,Clear,Suburban,88,13,7,4,3,27
1,0,Clear,Suburban,84,5,2,0,1,9
10,0,Clear,Highway,89,27,6,4,2,34
2,0,Clear,Urban,87,4,3,1,1,13
22,1,Clear,Highway,76,10,11,4,3,21
13,0,Clear,Urban,70,16,14,1,4,31
7,1,Clear,Highway,40,46,24,4,5,64
12,0,Clear,Urban,89,20,11,1,3,21
9,0,Rain,Suburban,51,52,19,6,6,45
0,0,Clear,Suburban,85,7,4,1,2,16
18,0,Clear,Highway,41,32,21,4,4,63
9,1,Rain,Highway,53,47,10,3,6,44
15,0,Clear,Suburban,50,23,13,2,4,48
9,0,Clear,Suburban,51,31,22,6,5,65
22,1,Clear,Highway,86,12,5,4,4,14
19,1,Clear,Urban,59,32,15,6,5,58
8,1,Clear,Highway,43,25,19,5,6,61
2,1,Clear,Highway,64,6,4,0,2,5
12,0,Rain,Suburban,71,19,7,3,4,34
11,0,Fog,Suburban,87,15,14,1,3,14
0,1,Clear,Suburban,87,7,1,0,2,9
7,1,Clear,Highway,47,39,23,3,5,62
1,0,Rain,Suburban,81,8,4,0,1,14
9,0,Clear,Highway,59,33,12,4,3,50
7,0,Clear,Suburban,39,32,16,7,4,78
17,0,Clear,Suburban,39,37,20,6,6,80
15,0,Clear,Suburban,61,13,6,2,2,31
16,0,Clear,Urban,67,18,7,3,3,23
11,1,Clear,Suburban,67,20,7,2,3,16
22,0,Rain,Suburban,86,19,8,3,3,33
4,0,Fog,Suburban,89,5,2,0,2,9
14,0,Clear,Urban,60,18,7,3,4,26
18,0,Clear,Suburban,30,58,23,4,5,98
13,1,Clear,Suburban,66,19,12,3,4,14
14,0,Clear,Urban,74,17,12,4,2,22
18,1,Clear,Highway,40,25,19,5,4,55
8,1,Clear,Highway,52,35,16,3,5,65
20,0,Rain,Urban,80,12,13,1,3,16
10,0,Rain,Urban,85,19,8,2,4,22
5,0,Clear,Highway,84,4,4,1,1,19
4,1,Fog,Highway,73,8,2,0,1,2
23,0,Rain,Highway,75,15,11,4,4,36
7,0,Rain,Urban,43,35,17,7,4,60
2,0,Clear,Highway,71,6,4,0,2,15
22,1,Clear,Urban,71,11,5,1,4,21
14,1,Rain,Urban,80,10,7,3,4,12
17,0,Fog,Urban,86,39,19,7,2,32
18,0,Fog,Suburban,42,46,20,5,5,59
19,0,Clear,Highway,23,50,23,7,5,81
14,0,Clear,Suburban,75,12,11,1,3,28
20,1,Clear,Suburban,62,16,14,4,2,16
1,0,Clear,Suburban,82,9,3,0,1,17
1,0,Clear,Suburban,75,3,4,0,1,18
12,0,Rain,Suburban,84,19,5,4,2,34
11,0,Clear,Urban,89,25,11,2,4,24
21,0,Rain,Highway,73,27,12,3,4,28
0,0,Clear,Highway,72,9,2,1,1,18
2,0,Rain,Highway,88,11,3,1,1,15
13,0,Rain,Suburban,64,28,8,3,4,37
21,1,Clear,Suburban,65,18,13,2,3,19
15,0,Clear,Suburban,44,13,13,2,3,42
3,0,Clear,Highway,65,3,2,1,1,10
14,0,Clear,Highway,57,26,8,2,3,44
13,1,Clear,Urban,72,14,9,3,2,16
7,0,Clear,Highway,36,31,24,7,3,76
3,0,Clear,Suburban,80,7,2,1,2,8
7,0,Clear,Highway,27,31,14,3,6,99
13,0,Clear,Urban,67,13,14,2,4,31
13,1,Clear,Urban,66,18,6,4,3,17
17,0,Rain,Suburban,22,58,14,4,4,72
9,0,Clear,Suburban,43,50,10,4,6,53
22,0,Rain,Urban,63,16,5,1,3,26
0,0,Clear,Highway,83,11,2,0,1,9
3,0,Clear,Highway,73,11,1,0,1,12
8,0,Clear,Highway,44,55,21,5,3,57
9,0,Fog,Suburban,66,31,11,5,2,33
6,0,Clear,Urban,75,25,9,2,4,37
5,1,Rain,Suburban,82,8,1,0,1,7
14,0,Fog,Suburban,69,19,10,1,3,22
18,1,Rain,Highway,82,31,14,7,6,35
15,0,Clear,Urban,70,26,13,3,4,33
16,1,Clear,Highway,60,15,10,1,2,14
13,1,Clear,Urban,77,16,13,3,3,14
11,1,Clear,Highway,85,21,13,4,3,32
10,1,Rain,Suburban,84,17,12,2,2,13
11,0,Clear,Urban,79,24,12,1,2,35
13,1,Clear,Urban,85,11,14,2,4,14
11,0,Clear,Highway,55,25,14,1,4,43
9,1,Clear,Highway,51,32,16,3,4,45
0,0,Clear,Urban,83,3,2,1,1,11
9,1,Clear,Urban,40,29,14,3,4,67
19,0,Rain,Urban,80,52,24,7,5,40
13,0,Rain,Urban,73,24,14,2,2,38
18,1,Fog,Highway,66,38,17,6,3,27
23,0,Clear,Urban,88,25,14,1,3,29
16,1,Fog,Suburban,89,12,14,1,4,16
16,0,Clear,Urban,65,13,12,1,3,27
22,0,Clear,Suburban,83,13,5,3,4,35
1,0,Clear,Highway,69,8,2,0,1,18
23,0,Clear,Suburban,42,15,12,1,3,48
14,1,Fog,Urban,78,20,7,2,3,13
9,0,Clear,Urban,27,38,18,6,2,80
18,0,Clear,Highway,44,56,20,5,3,52
7,0,Clear,Suburban,34,55,24,3,2,94
23,0,Clear,Suburban,42,13,5,3,2,45
22,0,Clear,Highway,58,13,5,2,3,45
15,0,Rain,Suburban,87,12,12,4,2,24
20,0,Clear,Highway,58,17,13,3,2,47
12,0,Fog,Highway,72,29,14,1,3,21
17,0,Rain,Suburban,41,58,13,3,4,65
7,0,Clear,Urban,23,45,15,3,6,75
2,0,Clear,Urban,86,10,4,0,2,14
3,1,Fog,Highway,75,7,3,1,2,5
19,1,Clear,Urban,45,37,18,7,3,55
12,0,Clear,Urban,75,24,10,2,3,34
1,0,Clear,Urban,71,7,4,0,2,14
9,0,Fog,Urban,57,52,11,7,3,58
21,0,Rain,Suburban,68,24,7,3,2,35
5,1,Rain,Suburban,87,7,3,0,2,2
17,1,Rain,Highway,63,24,16,6,5,32
1,0,Clear,Urban,66,5,1,1,2,14
8,0,Fog,Urban,69,43,11,4,5,33
16,0,Clear,Urban,63,17,6,3,2,36
5,1,Clear,Highway,62,4,1,0,1,4
19,0,Clear,Suburban,39,40,10,7,6,80
19,1,Clear,Urban,74,37,23,6,2,38
16,1,Fog,Urban,69,12,9,1,4,18
2,1,Clear,Highway,65,5,1,0,1,12
1,0,Fog,Suburban,75,5,2,1,2,10
0,0,Clear,Urban,85,8,3,1,1,19
23,0,Clear,Highway,46,26,11,1,2,45
15,0,Rain,Highway,86,24,7,4,3,39
14,0,Clear,Suburban,62,27,12,1,4,36
8,0,Clear,Urban,40,37,10,6,6,64
11,0,Clear,Highway,85,15,5,3,3,28
7,0,Rain,Highway,42,59,15,7,6,55
7,1,Clear,Suburban,45,29,13,3,4,51
12,0,Rain,Highway,74,19,11,3,3,31
1,0,Rain,Urban,87,3,1,0,2,12
15,0,Clear,Suburban,88,29,6,3,4,26
7,0,Rain,Suburban,23,37,18,6,5,79
21,1,Rain,Highway,78,11,11,4,2,24
13,1,Rain,Highway,86,17,6,4,3,18
12,1,Clear,Urban,78,21,6,3,3,14
10,0,Rain,Highway,66,25,12,1,2,35
14,0,Clear,Urban,44,18,7,4,4,41
2,1,Clear,Urban,75,7,2,1,1,10
13,1,Rain,Suburban,74,9,13,2,2,17
19,0,Clear,Urban,31,37,19,5,3,77
2,0,Clear,Suburban,84,6,4,0,2,13
11,1,Clear,Suburban,80,23,7,4,4,27
21,1,Clear,Suburban,87,23,11,4,4,29
14,0,Clear,Urban,75,18,14,1,3,38
17,0,Fog,Suburban,81,30,12,3,2,31
4,0,Rain,Highway,69,11,4,1,2,15
19,1,Clear,Urban,46,30,17,4,5,62
4,0,Clear,Urban,86,11,3,0,1,10
0,0,Clear,Urban,67,7,3,0,1,12
15,0,Fog,Urban,69,24,9,1,4,25
10,1,Clear,Highway,72,11,5,3,2,20
23,0,Clear,Suburban,64,14,9,1,2,27
12,0,Clear,Urban,42,17,12,2,3,43
0,1,Clear,Suburban,64,4,4,0,2,8
23,0,Clear,Urban,61,13,13,4,4,32
20,0,Clear,Highway,80,23,9,4,2,25
7,1,Rain,Highway,47,38,13,3,3,53
12,1,Clear,Urban,60,14,5,1,3,30
6,0,Rain,Urban,67,23,11,4,2,18
11,0,Rain,Highway,76,23,14,3,3,21
12,1,Clear,Urban,89,12,6,4,2,16
12,0,Clear,Suburban,59,20,14,3,4,43
15,1,Clear,Suburban,75,17,8,2,4,23
6,0,Clear,Urban,65,17,8,4,3,20
19,0,Clear,Suburban,41,41,21,7,6,52
16,0,Fog,Suburban,71,22,9,1,2,19
22,1,Clear,Urban,76,13,13,1,2,23
0,0,Rain,Urban,71,6,2,0,2,4
7,0,Fog,Suburban,71,30,24,5,2,39
9,0,Clear,Suburban,29,57,14,5,2,76
20,0,Clear,Urban,42,15,13,1,4,47
19,0,Rain,Highway,46,58,10,6,6,55
3,0,Fog,Suburban,79,4,4,1,1,10
20,1,Clear,Urban,82,13,14,4,4,16
15,0,Rain,Urban,69,21,10,2,4,34
3,1,Rain,Highway,68,6,1,0,2,4
1,0,Rain,Urban,79,6,2,1,2,4
12,0,Clear,Highway,41,27,6,2,3,49
17,0,Clear,Urban,28,57,19,7,2,87
0,0,Clear,Urban,89,5,1,0,2,17
4,0,Rain,Suburban,82,5,2,1,1,11
7,0,Rain,Urban,44,31,12,6,3,48
11,0,Rain,Suburban,63,25,7,2,4,22
8,0,Fog,Suburban,43,45,15,6,3,46
16,0,Clear,Highway,82,26,7,4,4,40
8,1,Clear,Highway,43,42,15,4,3,48
23,0,Clear,Highway,48,25,11,1,2,43
16,0,Clear,Highway,69,20,13,3,3,37
16,0,Clear,Urban,40,18,10,4,4,45
0,0,Rain,Highway,89,3,3,1,1,5
17,0,Clear,Urban,48,54,20,4,3,68
12,0,Clear,Urban,55,22,13,4,2,49
5,0,Fog,Highway,81,9,1,1,2,6
19,0,Clear,Urban,20,37,11,5,4,78
9,0,Clear,Suburban,56,37,23,7,4,53
2,0,Clear,Urban,67,4,1,0,1,9
7,0,Clear,Suburban,42,31,11,3,2,64
17,1,Clear,Suburban,53,43,21,7,5,68
15,1,Clear,Highway,62,10,9,4,2,34
17,0,Clear,Urban,34,56,10,4,6,84
19,0,Clear,Highway,28,30,16,5,2,74
21,0,Clear,Urban,73,28,13,4,2,28
9,1,Clear,Suburban,57,39,12,5,2,56
23,0,Clear,Suburban,76,16,13,4,4,34
19,0,Clear,Highway,34,59,13,4,3,92
4,0,Fog,Highway,63,3,1,1,2,7
22,0,Clear,Suburban,79,21,6,1,2,26
2,0,Clear,Highway,86,5,4,0,2,11
19,0,Fog,Urban,57,35,16,4,3,45
0,0,Rain,Urban,60,6,2,0,1,8
2,0,Clear,Highway,74,5,2,0,2,18
16,0,Clear,Urban,73,20,6,1,4,37
19,1,Clear,Highway,53,32,20,4,5,42
23,0,Clear,Suburban,57,24,6,2,3,47
20,1,Clear,Suburban,89,16,14,4,3,31
4,1,Clear,Urban,79,8,4,1,2,11
7,1,Clear,Highway,70,28,23,3,4,39
20,0,Rain,Suburban,61,13,10,1,2,26
4,0,Clear,Suburban,82,5,1,0,1,9
20,0,Rain,Suburban,84,16,10,1,2,27
1,0,Clear,Urban,73,9,3,1,2,18
17,0,Clear,Urban,25,47,12,3,3,71
12,0,Clear,Highway,48,18,13,4,4,47
12,0,Rain,Urban,74,14,5,1,4,24
22,0,Clear,Highway,61,17,6,2,2,29
23,0,Rain,Highway,74,28,6,4,3,32
1,0,Clear,Urban,67,5,2,0,1,19
22,1,Clear,Suburban,81,20,11,1,3,14
17,0,Clear,Urban,50,50,22,4,5,57
4,0,Rain,Urban,76,3,3,1,2,10
6,0,Clear,Highway,80,14,12,2,4,36
13,1,Clear,Urban,77,10,8,2,4,14
5,0,Clear,Urban,78,7,3,0,1,11
20,1,Rain,Suburban,71,13,10,2,2,20
18,0,Fog,Highway,43,51,17,4,3,59
17,0,Clear,Highway,54,41,12,7,5,59
20,0,Clear,Highway,48,18,12,2,2,42
13,0,Clear,Highway,72,19,10,1,4,23
20,1,Clear,Highway,80,18,8,4,4,22
20,0,Clear,Suburban,40,25,10,2,4,43
13,1,Rain,Highway,80,10,12,4,3,16
3,0,Clear,Urban,68,8,4,0,1,7
10,0,Clear,Urban,85,16,5,2,3,32
20,1,Clear,Highway,65,16,6,3,3,32
23,1,Clear,Highway,83,23,5,2,3,20
5,1,Fog,Suburban,67,4,1,1,2,4
14,1,Clear,Urban,85,9,8,2,4,30
4,1,Clear,Suburban,87,3,3,0,2,6
10,1,Clear,Urban,89,16,14,2,2,14
1,0,Clear,Urban,71,8,1,0,1,17
6,1,Clear,Suburban,89,20,11,3,2,23
5,0,Fog,Highway,65,7,2,1,2,3
3,0,Clear,Highway,72,9,4,0,2,11
20,1,Clear,Highway,69,19,10,4,4,28
0,0,Clear,Highway,65,3,1,1,1,15
4,0,Clear,Urban,75,10,2,0,1,17
11,0,Clear,Urban,61,24,9,1,3,21
11,0,Fog,Highway,62,29,12,2,2,27
14,0,Rain,Suburban,68,13,12,3,2,31
20,1,Clear,Highway,64,19,11,4,2,30
8,0,Clear,Urban,23,40,13,3,2,85
23,1,Clear,Suburban,71,11,9,4,3,32
6,0,Fog,Urban,64,20,13,3,4,23
19,1,Clear,Urban,42,28,17,6,3,59
16,1,Clear,Suburban,80,15,13,3,4,31
11,1,Clear,Urban,88,19,8,4,3,22
15,0,Clear,Urban,70,28,12,4,3,21
22,0,Clear,Highway,71,29,11,1,2,21
2,0,Clear,Urban,88,8,2,1,2,8
19,1,Clear,Urban,47,38,13,5,2,68
0,1,Rain,Urban,81,4,4,1,2,8
0,1,Fog,Urban,72,5,3,0,1,2
18,0,Fog,Highway,68,41,19,6,5,39
14,0,Clear,Highway,88,19,12,3,2,20
0,0,Clear,Suburban,66,6,1,1,2,8
7,1,Clear,Urban,43,37,24,7,5,52
6,1,Rain,Suburban,77,13,12,4,4,24
4,0,Fog,Suburban,61,6,4,1,2,4
9,0,Clear,Suburban,30,31,23,3,4,81
10,0,Rain,Suburban,79,29,8,3,4,25
13,0,Rain,Urban,88,28,8,3,2,38
1,0,Clear,Highway,87,9,2,0,2,5
8,1,Clear,Urban,57,37,10,5,6,62
17,0,Fog,Urban,58,41,14,5,3,46
4,0,Clear,Highway,61,9,4,0,1,13
2,1,Clear,Urban,61,6,3,0,1,9
22,0,Clear,Highway,87,26,5,3,3,27
10,0,Clear,Urban,85,20,13,2,2,21
19,0,Rain,Highway,45,45,24,7,5,48
21,0,Clear,Highway,45,21,7,3,3,41
18,0,Clear,Suburban,34,45,13,4,2,98
4,0,Clear,Suburban,60,10,4,1,2,6
23,0,Clear,Urban,47,13,9,2,3,43
21,0,Clear,Suburban,41,17,11,2,3,43
22,1,Rain,Urban,69,12,8,3,2,17
11,0,Clear,Urban,63,23,6,1,3,27
4,0,Clear,Highway,62,4,3,0,2,19
9,0,Clear,Highway,42,56,10,7,3,57
5,1,Clear,Urban,87,7,3,1,1,9
22,1,Clear,Highway,82,16,7,1,3,24
12,0,Clear,Highway,61,27,8,3,2,20
15,1,Clear,Highway,87,22,11,4,3,16
7,1,Clear,Urban,53,43,10,7,5,48
23,1,Clear,Highway,78,23,11,2,2,26
19,1,Clear,Highway,62,36,11,7,3,37
20,0,Clear,Suburban,70,14,10,1,4,40
19,1,Rain,Suburban,73,32,14,5,5,40
3,1,Clear,Highway,83,4,4,1,2,9
9,1,Fog,Highway,85,35,19,6,4,23
9,0,Clear,Highway,27,56,19,6,5,97
12,0,Clear,Highway,69,24,7,4,3,38
7,0,Clear,Highway,37,56,20,4,3,71
1,0,Clear,Suburban,85,7,1,1,1,11
20,0,Clear,Highway,58,18,9,4,2,47
12,0,Clear,Suburban,74,13,6,1,2,36
8,1,Clear,Highway,52,32,11,5,2,67
5,0,Clear,Highway,79,8,3,1,2,14
8,0,Clear,Urban,59,32,11,6,4,50
10,1,Clear,Suburban,67,11,7,4,4,25
2,0,Fog,Urban,64,11,1,1,2,4
22,0,Rain,Highway,67,21,5,3,4,28
4,0,Clear,Urban,82,4,2,0,1,7
5,0,Clear,Highway,65,9,3,1,1,17
21,0,Clear,Highway,56,15,9,3,4,48
5,1,Rain,Highway,61,7,2,0,1,9
21,0,Clear,Suburban,44,14,8,2,3,46
6,0,Clear,Highway,42,25,5,3,4,44
3,0,Clear,Urban,74,8,2,0,2,18
22,1,Clear,Urban,70,21,6,2,3,18
17,1,Clear,Highway,88,46,18,6,6,37
16,0,Clear,Suburban,67,23,14,4,4,25
23,0,Rain,Suburban,73,15,10,3,2,19
17,0,Clear,Suburban,37,36,19,3,5,78
3,0,Fog,Suburban,64,11,2,0,1,10
5,0,Clear,Urban,65,7,1,0,2,18
18,0,Rain,Urban,46,46,11,4,2,43
14,0,Clear,Suburban,42,20,5,2,4,48
10,1,Rain,Urban,67,19,13,4,3,22
1,1,Rain,Highway,81,7,1,0,2,10
10,0,Clear,Urban,65,15,7,2,2,23
12,1,Clear,Urban,62,13,8,4,3,21
14,1,Clear,Suburban,72,23,11,2,4,32
8,1,Clear,Highway,51,44,19,4,4,63
13,1,Clear,Urban,74,22,6,3,3,27
10,0,Clear,Suburban,81,14,14,1,4,22
21,0,Clear,Urban,81,27,11,3,4,38
17,0,Clear,Highway,49,45,20,7,3,67
1,0,Rain,Urban,84,5,3,1,1,5
21,0,Rain,Highway,89,18,13,4,3,20
2,0,Clear,Urban,85,8,3,0,2,19
20,1,Clear,Urban,71,13,7,1,2,16
17,0,Clear,Suburban,21,36,22,5,3,91
17,0,Clear,Urban,47,41,20,6,2,65
8,0,Clear,Urban,59,37,19,4,6,55
3,1,Clear,Urban,86,8,4,0,2,9
3,0,Fog,Highway,72,8,4,0,2,7
11,0,Clear,Highway,43,13,5,1,2,49
21,1,Clear,Highway,79,13,6,2,2,19
14,0,Clear,Urban,71,12,8,4,2,29
21,0,Clear,Highway,84,12,8,1,4,21
18,0,Rain,Urban,59,45,21,3,5,45
21,1,Fog,Highway,68,15,9,3,2,9
14,0,Rain,Highway,69,18,10,4,4,25
20,0,Clear,Suburban,84,17,5,3,3,27
1,1,Clear,Suburban,89,3,3,1,2,6
6,0,Fog,Highway,73,17,9,3,3,24
5,0,Rain,Suburban,85,10,1,0,2,13
7,0,Clear,Urban,44,33,11,4,6,50
2,0,Fog,Suburban,74,7,4,1,2,3
16,0,Rain,Urban,74,12,5,2,4,39
0,0,Clear,Urban,89,5,4,0,2,19
9,1,Clear,Suburban,54,44,13,7,6,67
20,0,Clear,Suburban,41,15,7,4,4,49
0,0,Fog,Suburban,69,9,4,0,2,4
17,0,Clear,Suburban,45,57,14,3,6,50
9,1,Rain,Suburban,54,46,12,7,4,46
22,0,Clear,Suburban,81,20,11,3,2,37
8,1,Rain,Urban,57,33,13,4,6,46
11,0,Clear,Suburban,67,22,12,2,2,22
21,0,Clear,Urban,89,19,8,4,4,39
17,0,Rain,Urban,50,53,19,6,6,53
19,0,Clear,Suburban,54,57,15,5,5,61
19,1,Clear,Urban,47,33,24,7,6,49
8,1,Clear,Urban,54,31,13,7,5,61
20,1,Clear,Suburban,61,11,13,1,4,17
16,1,Clear,Highway,75,13,12,1,3,25
23,0,Clear,Highway,71,20,11,2,3,21
14,0,Clear,Urban,54,24,12,2,4,48
9,1,Clear,Highway,49,47,15,3,2,66
13,0,Fog,Urban,68,27,11,3,2,27
21,0,Clear,Suburban,72,29,9,2,2,32
22,0,Clear,Suburban,83,21,8,3,2,36
4,1,Fog,Suburban,84,6,3,0,2,6
13,0,Rain,Highway,73,17,9,3,4,39
8,1,Rain,Highway,52,43,22,4,6,49
11,0,Clear,Urban,55,16,8,3,2,47
19,0,Fog,Highway,69,47,17,3,3,36
4,0,Clear,Urban,83,6,2,0,1,14
7,1,Rain,Urban,67,28,18,3,2,39
18,0,Rain,Urban,56,58,18,4,3,54
3,0,Clear,Highway,63,8,2,0,2,13
6,0,Rain,Highway,86,15,7,3,3,34
20,0,Rain,Urban,89,19,13,4,4,32
13,0,Rain,Suburban,87,24,6,4,4,24
15,0,Rain,Highway,73,27,12,4,3,28
2,0,Clear,Urban,83,9,4,0,1,5
19,1,Fog,Suburban,85,27,20,6,2,36
21,0,Clear,Suburban,67,12,11,4,4,36
19,0,Rain,Suburban,58,30,11,5,2,59
7,0,Rain,Highway,57,56,24,5,2,64
11,0,Clear,Highway,80,21,14,1,2,30
14,1,Clear,Urban,72,16,12,1,4,28
8,1,Rain,Suburban,50,34,15,5,2,44
13,0,Clear,Suburban,49,22,12,3,2,43
13,0,Clear,Suburban,67,19,8,1,4,23
1,1,Clear,Highway,65,8,4,0,1,9
14,0,Clear,Highway,70,27,6,4,3,31
8,1,Clear,Suburban,51,24,16,4,3,65
2,0,Rain,Highway,80,6,2,0,1,8
14,0,Clear,Highway,85,24,11,1,3,28
20,0,Clear,Highway,78,17,12,2,4,30
4,0,Fog,Suburban,64,5,4,1,1,9
4,1,Clear,Highway,68,6,4,0,2,7
3,0,Clear,Urban,73,3,4,0,2,8
1,0,Clear,Suburban,79,4,4,0,1,15
3,0,Clear,Urban,77,10,1,1,2,12
21,0,Rain,Highway,80,13,13,4,2,16
14,1,Clear,Urban,70,9,12,1,4,22
1,1,Clear,Urban,61,4,3,1,2,10
2,1,Clear,Suburban,61,4,3,0,1,7
8,0,Clear,Urban,21,47,12,7,2,95
1,0,Clear,Suburban,89,7,1,0,2,9
18,0,Clear,Suburban,34,38,18,7,4,74
17,0,Clear,Suburban,52,40,10,6,3,68
13,0,Rain,Urban,74,27,9,1,3,33
10,1,Rain,Highway,62,22,9,2,2,17
9,1,Fog,Urban,66,44,21,7,4,30
6,0,Clear,Suburban,80,13,8,4,3,25
11,0,Clear,Suburban,81,22,9,3,2,20
4,1,Fog,Suburban,62,8,3,1,1,5
1,0,Clear,Urban,69,11,1,1,1,16
7,1,Clear,Highway,47,37,23,4,6,65
21,0,Rain,Highway,71,29,5,1,4,32
12,0,Clear,Suburban,58,27,12,3,4,48
7,1,Clear,Urban,59,35,12,3,3,46
5,1,Clear,Urban,81,6,4,1,2,9
3,0,Clear,Highway,62,3,1,0,2,15
4,1,Clear,Urban,68,8,1,1,1,9
21,0,Clear,Highway,89,16,11,3,3,31
17,1,Clear,Urban,81,34,22,5,2,40
8,0,Fog,Urban,52,31,17,4,5,46
20,0,Clear,Highway,82,16,10,2,2,31
3,1,Clear,Urban,72,6,4,1,1,9
12,1,Clear,Urban,87,13,8,3,3,28
5,0,Clear,Highway,73,10,4,0,2,8
20,0,Clear,Suburban,63,27,11,4,4,24
16,1,Clear,Highway,70,22,10,1,2,16
16,0,Clear,Urban,40,22,11,4,3,45
2,0,Clear,Urban,63,3,2,1,2,11
19,1,Clear,Suburban,51,30,24,6,4,50
16,0,Clear,Highway,79,25,6,3,3,26
12,0,Clear,Urban,84,23,12,4,3,22
23,0,Clear,Suburban,81,25,10,1,4,21
20,1,Clear,Urban,82,10,10,4,4,27
5,0,Clear,Urban,64,9,4,1,1,9
20,0,Clear,Highway,48,28,6,3,4,48
14,0,Rain,Urban,75,23,14,1,2,28
17,0,Rain,Urban,46,48,14,6,5,54
21,0,Clear,Highway,60,20,9,2,4,23
9,0,Clear,Highway,21,47,15,6,3,72
11,0,Rain,Urban,64,24,6,2,4,33
13,1,Clear,Suburban,85,10,12,4,3,22
23,1,Clear,Highway,66,9,9,4,4,25
18,0,Fog,Urban,47,49,20,4,4,47
4,0,Clear,Highway,88,4,4,1,2,9
17,0,Clear,Suburban,57,53,15,5,2,67
14,0,Clear,Urban,69,24,12,1,3,20
2,1,Clear,Urban,88,8,1,0,2,10
15,0,Clear,Urban,79,20,6,3,2,24
2,0,Clear,Suburban,76,11,4,1,2,5
16,1,Clear,Highway,78,16,12,2,3,32
5,0,Clear,Highway,84,5,4,0,1,5
8,1,Clear,Highway,41,33,15,7,3,42
4,0,Clear,Urban,87,3,3,1,1,9
12,0,Clear,Urban,89,19,13,2,3,25
16,0,Clear,Highway,70,25,13,4,2,27
1,0,Clear,Highway,73,4,2,0,1,6
10,0,Clear,Highway,40,21,5,4,4,43
23,0,Clear,Urban,40,16,13,4,3,44
14,1,Clear,Suburban,84,22,6,3,4,30
3,0,Clear,Urban,85,10,3,0,1,16
18,0,Rain,Suburban,40,43,18,6,2,49
6,1,Clear,Highway,68,9,9,3,4,23
20,0,Fog,Suburban,67,28,7,4,2,26
7,0,Clear,Highway,33,54,14,4,6,72
21,0,Clear,Highway,60,14,5,4,3,23
16,0,Clear,Suburban,51,21,5,3,4,47
20,0,Fog,Suburban,82,12,11,1,3,29
22,1,Rain,Suburban,71,13,6,3,2,18
17,0,Clear,Urban,56,58,10,4,3,69
3,1,Clear,Urban,67,3,1,1,2,7
18,1,Clear,Highway,69,33,15,5,4,37
0,1,Clear,Highway,72,7,3,0,2,10
6,1,Clear,Urban,88,17,11,1,4,30
16,0,Clear,Highway,84,20,5,2,3,23
3,0,Rain,Suburban,62,9,2,1,1,8
18,0,Clear,Suburban,47,58,10,7,5,50
7,0,Rain,Urban,54,51,13,3,6,64
8,0,Fog,Highway,52,43,13,7,6,55
9,0,Clear,Urban,51,32,24,5,5,66
3,0,Clear,Suburban,77,7,4,0,1,12
11,1,Clear,Urban,83,23,6,4,4,14
18,1,Clear,Urban,52,47,12,7,5,46
15,0,Clear,Urban,60,28,9,2,4,23
1,0,Fog,Suburban,82,7,3,0,1,9
3,1,Rain,Suburban,85,7,1,1,2,8
20,0,Fog,Urban,66,20,9,1,2,28
9,0,Clear,Urban,29,39,21,5,5,84
8,0,Clear,Suburban,42,59,14,6,3,61
7,0,Clear,Suburban,38,52,22,5,5,83
18,0,Fog,Suburban,45,50,20,3,4,51
15,0,Fog,Urban,77,24,10,3,2,21
12,0,Fog,Urban,83,26,14,1,2,24
16,0,Clear,Highway,52,19,14,3,2,42
9,0,Clear,Suburban,34,52,22,6,3,72
1,1,Clear,Urban,67,5,3,0,2,7
8,0,Fog,Urban,44,56,10,4,5,52
17,1,Fog,Suburban,83,33,20,4,2,33
17,0,Clear,Suburban,55,44,12,5,3,55
21,1,Clear,Highway,79,19,5,3,3,25
4,0,Fog,Highway,67,9,2,0,1,5
5,1,Clear,Suburban,71,5,4,1,1,9
6,1,Clear,Highway,67,16,13,2,4,21
12,0,Rain,Suburban,62,28,13,1,4,35
22,0,Clear,Urban,57,27,14,1,3,44
17,1,Clear,Suburban,53,27,24,6,6,61
12,0,Clear,Suburban,56,23,6,2,4,41
23,0,Clear,Highway,75,21,7,4,3,34
3,1,Clear,Highway,85,5,3,0,2,11
0,0,Clear,Suburban,72,8,4,1,1,19
21,0,Clear,Highway,41,27,10,2,3,47
22,1,Clear,Urban,71,12,7,1,3,23
5,0,Clear,Urban,76,11,1,0,1,11
19,1,Clear,Highway,47,28,23,7,5,66
11,0,Clear,Urban,73,17,5,2,2,39
11,0,Clear,Suburban,52,27,6,4,2,46
23,1,Clear,Highway,70,17,9,1,4,21
9,0,Clear,Urban,46,57,18,7,2,51
20,0,Clear,Urban,80,20,12,1,4,39
9,0,Clear,Highway,44,53,12,5,2,57
0,0,Clear,Highway,70,11,1,0,1,17
23,0,Clear,Urban,53,19,9,1,3,48
10,0,Fog,Urban,89,17,5,3,4,23
6,1,Rain,Urban,79,15,5,4,2,23
20,0,Rain,Highway,85,22,5,4,4,20
9,0,Rain,Suburban,47,53,11,5,2,64
19,1,Clear,Highway,48,44,13,6,5,67
14,1,Rain,Urban,77,20,8,2,2,12
14,0,Clear,Highway,78,13,12,4,2,21
18,0,Clear,Suburban,40,31,22,3,6,70
21,0,Clear,Urban,56,18,11,4,2,46
1,0,Rain,Highway,63,4,2,1,2,13
11,1,Rain,Urban,69,13,11,1,3,16
4,0,Rain,Highway,89,7,4,0,1,12
16,0,Rain,Highway,79,22,11,4,3,16
1,0,Fog,Urban,71,8,1,1,1,3
9,1,Clear,Urban,47,33,10,5,2,53
11,1,Clear,Urban,88,16,13,2,4,27
1,0,Fog,Highway,74,9,2,1,1,6
7,1,Clear,Urban,53,39,15,6,3,64
3,1,Clear,Urban,69,2,2,0,1,4
6,0,Clear,Highway,72,19,8,3,4,25
20,0,Clear,Urban,62,21,10,2,3,33
10,0,Clear,Suburban,53,18,11,4,2,48
21,0,Rain,Suburban,68,27,6,3,4,23
12,0,Clear,Highway,49,14,12,4,3,42
23,1,Rain,Highway,69,11,11,1,2,20
19,0,Clear,Suburban,53,46,21,3,6,60
12,0,Clear,Highway,85,20,7,4,4,33
13,0,Clear,Urban,84,19,7,2,2,37
1,1,Clear,Urban,66,8,4,1,2,11
10,0,Rain,Suburban,65,17,8,3,4,19
12,1,Clear,Suburban,73,12,10,2,2,21
20,1,Clear,Urban,65,16,10,4,3,32
11,0,Clear,Urban,58,26,14,1,2,44
22,0,Clear,Urban,55,26,12,4,3,44
18,0,Clear,Highway,21,59,23,3,5,89
2,0,Clear,Urban,70,9,4,0,1,13
16,1,Clear,Suburban,64,13,12,2,2,14
14,0,Clear,Urban,60,23,9,2,3,33
3,0,Clear,Urban,66,3,4,0,2,5
14,1,Clear,Highway,61,23,12,4,4,25
15,0,Clear,Urban,80,15,5,2,2,29
0,1,Rain,Suburban,77,5,4,0,1,4
22,0,Rain,Highway,83,18,6,1,3,36
20,1,Clear,Suburban,64,19,11,2,3,18
20,0,Clear,Urban,48,23,7,1,2,42
18,0,Fog,Suburban,45,39,14,6,6,55
2,0,Clear,Suburban,87,10,1,0,2,7
11,0,Clear,Urban,70,20,8,4,2,32
1,1,Rain,Suburban,87,8,1,0,1,7
21,0,Clear,Highway,83,15,12,2,4,33
13,0,Clear,Suburban,78,19,13,2,2,30
14,0,Rain,Urban,79,21,13,3,3,20
7,0,Clear,Urban,53,50,15,3,6,52
2,0,Clear,Suburban,67,7,1,0,2,13
6,0,Clear,Urban,76,27,6,1,3,37
11,1,Clear,Urban,87,13,10,4,4,28
19,0,Rain,Urban,56,47,22,3,2,49
12,0,Clear,Highway,65,26,5,1,3,24
23,1,Clear,Highway,65,12,10,2,2,30
9,1,Clear,Highway,60,33,20,3,2,37
12,1,Clear,Highway,82,12,5,3,2,17
11,1,Rain,Suburban,68,23,10,1,3,21
8,1,Rain,Urban,66,40,24,7,3,32
1,0,Clear,Highway,64,5,2,1,2,17
3,0,Clear,Urban,83,4,4,1,2,13
13,0,Clear,Highway,89,13,5,3,4,37
7,0,Clear,Highway,35,51,17,7,6,83
15,1,Clear,Urban,75,23,5,1,3,28
4,1,Clear,Urban,61,4,4,0,1,7
2,1,Clear,Urban,76,7,1,1,2,9
16,0,Rain,Suburban,67,29,7,2,4,20
13,0,Rain,Urban,78,28,11,3,4,31
1,0,Rain,Highway,82,7,3,0,2,8
5,0,Fog,Highway,64,11,3,1,2,6
23,0,Clear,Highway,60,21,13,2,3,40
2,0,Rain,Urban,88,10,2,1,1,13
10,1,Rain,Urban,82,18,5,3,3,25
13,0,Clear,Urban,82,24,10,2,4,27
3,0,Rain,Suburban,65,4,3,1,2,4
23,0,Clear,Suburban,43,16,11,2,4,46
16,0,Clear,Urban,84,14,8,4,3,40
16,1,Clear,Highway,66,16,6,4,4,32
3,0,Clear,Suburban,80,7,2,1,2,15
19,1,Clear,Highway,47,25,13,6,6,57
10,0,Rain,Suburban,88,19,12,3,2,26
12,0,Fog,Suburban,70,23,7,3,2,27
6,0,Clear,Highway,65,17,11,3,3,31
5,0,Clear,Urban,76,10,4,0,1,19
0,0,Clear,Highway,80,11,4,1,1,19
6,0,Clear,Suburban,86,25,14,2,2,22
4,0,Clear,Suburban,62,3,2,1,1,5
16,0,Fog,Highway,87,14,13,3,4,15
14,1,Clear,Urban,75,20,6,3,3,14
13,1,Clear,Highway,81,10,12,3,2,29
5,0,Rain,Suburban,84,5,3,0,2,11
23,1,Clear,Suburban,65,21,10,4,3,30
16,0,Clear,Suburban,75,29,6,4,4,21
2,0,Clear,Urban,66,7,1,0,2,13
12,1,Clear,Highway,68,10,5,2,2,14
10,1,Clear,Urban,81,9,14,1,3,23
14,0,Clear,Urban,46,13,7,3,4,47
16,0,Clear,Suburban,80,28,12,4,2,39
9,0,Clear,Urban,27,56,17,4,4,93
1,1,Clear,Highway,68,6,4,1,2,12
10,1,Rain,Suburban,86,10,14,2,3,25
5,0,Fog,Suburban,69,5,2,1,2,9
11,0,Clear,Highway,84,18,14,3,4,32
5,0,Clear,Suburban,63,9,3,1,2,19
20,0,Fog,Highway,68,19,5,2,3,19
3,0,Clear,Urban,62,3,2,0,2,13
12,0,Clear,Urban,68,16,12,2,2,31
8,1,Fog,Highway,74,24,12,3,5,34
6,0,Clear,Suburban,52,24,10,2,3,47
4,1,Clear,Suburban,80,3,4,1,1,7
16,0,Clear,Urban,51,13,7,1,3,41
18,0,Clear,Suburban,34,38,20,3,4,87
15,0,Clear,Urban,82,17,9,2,3,24
16,0,Fog,Suburban,75,15,14,1,3,27
0,0,Clear,Urban,75,6,2,0,1,6
16,0,Clear,Suburban,86,18,14,4,2,24
22,1,Clear,Urban,80,19,5,1,2,21
21,0,Clear,Urban,87,27,7,4,4,27
23,0,Fog,Urban,74,12,7,4,2,24
17,0,Clear,Urban,51,52,22,7,5,66
14,1,Clear,Suburban,89,14,13,2,2,16
3,0,Clear,Highway,64,7,2,0,2,7
13,0,Clear,Urban,40,23,10,1,4,41
9,0,Rain,Urban,45,31,17,7,2,49
8,0,Rain,Urban,42,50,14,6,6,60
12,0,Fog,Highway,81,25,13,1,4,13
15,1,Clear,Suburban,70,17,12,2,3,19
8,1,Clear,Urban,42,33,16,5,6,47
21,1,Rain,Urban,82,20,9,2,3,14
7,0,Clear,Highway,44,57,15,3,6,62
14,1,Clear,Urban,66,23,5,3,4,14
20,0,Clear,Urban,53,19,12,4,3,43
5,1,Clear,Suburban,61,2,2,1,2,9
0,1,Clear,Highway,86,8,1,0,1,8
23,0,Clear,Urban,40,13,8,2,3,49
18,0,Fog,Suburban,75,38,19,3,6,34
3,0,Rain,Urban,68,6,4,0,2,7
6,0,Rain,Suburban,72,21,6,4,2,23
21,0,Rain,Suburban,73,28,11,4,2,37
17,0,Rain,Urban,43,49,18,3,3,63
0,0,Clear,Suburban,68,9,2,0,2,17
9,1,Rain,Urban,43,31,10,5,3,45
9,0,Clear,Urban,38,46,13,6,2,78
2,0,Clear,Urban,83,11,2,1,1,13
1,1,Clear,Highway,75,4,4,1,2,5
6,1,Rain,Urban,62,11,11,1,2,15
6,0,Clear,Suburban,89,24,10,1,2,33
0,1,Clear,Suburban,70,6,4,1,1,6
14,0,Rain,Suburban,63,13,9,1,3,18
13,0,Clear,Highway,42,17,6,1,4,44
6,0,Clear,Urban,70,22,13,4,2,21
9,0,Clear,Highway,44,43,23,5,2,53
13,0,Fog,Urban,69,14,9,4,3,27
7,1,Clear,Urban,79,27,19,4,5,35
12,0,Rain,Highway,74,24,12,1,2,22
7,0,Clear,Highway,22,44,19,3,3,94
14,0,Rain,Urban,78,28,12,3,2,36
8,0,Clear,Highway,37,44,16,6,2,84
4,1,Clear,Urban,67,2,4,1,2,6
1,0,Rain,Urban,61,7,4,0,1,15
15,0,Clear,Urban,72,22,7,3,2,38
6,0,Rain,Suburban,67,16,11,3,2,31
19,0,Clear,Highway,58,39,18,3,4,57
17,0,Clear,Urban,22,34,20,4,3,91
1,0,Clear,Urban,69,5,3,0,2,12
19,0,Rain,Highway,27,55,23,6,2,75
21,1,Clear,Highway,75,12,12,3,3,34
15,1,Clear,Urban,65,15,7,1,3,32
6,0,Clear,Urban,86,25,7,1,2,21
19,1,Clear,Suburban,49,37,11,4,4,46
21,0,Clear,Highway,68,17,9,3,2,21
11,0,Clear,Urban,43,19,6,4,3,48
14,0,Rain,Urban,82,13,8,3,2,29
9,0,Fog,Highway,74,46,19,7,5,32
18,0,Clear,Urban,20,37,17,7,3,81
14,0,Clear,Suburban,75,17,5,1,3,26
23,1,Clear,Highway,74,11,12,1,2,18
6,0,Clear,Suburban,44,17,14,2,4,45
14,0,Clear,Urban,72,24,9,4,2,23
8,0,Clear,Urban,49,40,17,5,5,60
1,0,Clear,Urban,71,6,1,0,1,16
0,1,Rain,Suburban,76,4,2,0,1,4
5,0,Clear,Suburban,84,5,2,0,2,9
18,0,Clear,Urban,50,58,22,4,3,67
18,0,Rain,Suburban,50,37,13,7,6,60
15,1,Clear,Suburban,70,15,5,1,4,23
9,1,Rain,Suburban,58,38,21,6,5,53
20,0,Clear,Suburban,69,12,9,1,2,26
19,0,Clear,Suburban,35,37,11,4,6,90
17,1,Clear,Highway,82,40,18,3,5,39
3,0,Rain,Urban,63,3,2,1,2,14
5,0,Clear,Highway,78,11,2,1,1,12
8,0,Fog,Urban,43,58,20,4,4,49
20,0,Clear,Suburban,61,26,13,3,2,25
18,0,Clear,Urban,47,58,14,4,6,64
20,0,Clear,Suburban,66,25,10,1,4,29
13,0,Clear,Highway,42,25,5,4,4,47
2,1,Clear,Suburban,61,6,4,0,2,12
22,0,Clear,Urban,77,25,14,3,3,28
0,1,Clear,Urban,64,2,2,1,2,11
12,0,Fog,Suburban,69,14,13,1,3,20
17,0,Clear,Suburban,35,44,19,6,2,98
11,0,Rain,Highway,77,26,12,2,2,35
20,0,Clear,Highway,81,29,13,1,3,39
14,0,Clear,Urban,71,15,12,1,3,30
8,0,Clear,Suburban,36,45,16,3,5,97
17,0,Clear,Highway,23,37,23,6,2,79
5,0,Clear,Urban,63,6,4,0,2,10
9,0,Clear,Suburban,42,49,14,4,3,52
19,0,Clear,Suburban,27,57,21,3,6,74
15,0,Fog,Highway,75,12,5,2,3,22
18,0,Rain,Urban,52,54,16,7,6,43
19,0,Clear,Urban,26,34,15,5,4,79
21,1,Clear,Urban,73,16,6,1,2,20
14,0,Clear,Urban,64,20,12,2,2,23
14,0,Rain,Urban,78,13,9,2,3,28
11,1,Clear,Urban,70,12,7,1,3,22
23,0,Clear,Highway,63,14,10,1,4,29
19,0,Clear,Urban,26,51,20,7,3,93
7,1,Rain,Highway,50,42,20,5,6,44
16,0,Fog,Urban,83,22,7,2,4,27
0,0,Clear,Suburban,78,5,4,0,2,8
4,0,Rain,Highway,74,6,4,0,2,7
11,0,Clear,Urban,43,29,9,3,2,49
20,1,Clear,Highway,89,12,9,1,2,16
3,0,Rain,Suburban,77,9,1,1,2,11
20,0,Clear,Highway,79,12,12,1,4,28
10,1,Clear,Suburban,60,17,13,3,4,30
16,1,Clear,Urban,89,18,9,1,4,28
19,0,Clear,Urban,39,40,22,7,6,76
3,1,Clear,Highway,73,3,4,1,2,4
13,0,Clear,Highway,61,17,10,2,4,34
15,0,Clear,Highway,49,26,7,4,3,42
16,0,Rain,Suburban,68,28,10,1,3,16
0,1,Clear,Highway,71,4,3,0,1,12
3,0,Clear,Urban,71,11,4,1,2,15
2,0,Rain,Urban,80,10,2,0,1,13
0,1,Clear,Highway,81,6,4,0,2,9
11,0,Clear,Suburban,87,15,5,4,2,38
12,0,Clear,Suburban,56,18,13,1,3,43
16,1,Clear,Highway,79,19,11,1,4,21
15,1,Rain,Suburban,81,20,8,3,3,26
21,0,Clear,Suburban,79,25,10,1,3,40
19,0,Fog,Urban,49,52,22,4,5,56
9,0,Clear,Urban,23,50,14,5,3,75
12,1,Rain,Urban,82,11,5,1,2,24
1,0,Clear,Suburban,74,3,4,0,2,5
7,1,Fog,Highway,61,46,22,6,2,33
21,1,Fog,Suburban,80,21,7,3,4,17
5,1,Clear,Suburban,71,7,4,1,1,7
18,0,Fog,Urban,78,37,10,3,5,37
1,1,Fog,Highway,61,3,2,0,1,7
2,0,Clear,Urban,62,4,1,0,1,12
22,1,Clear,Suburban,70,9,7,4,2,26
14,1,Rain,Highway,68,11,14,1,2,19
22,0,Clear,Highway,43,27,13,2,4,41
12,0,Fog,Highway,72,17,11,3,2,15
18,0,Rain,Highway,57,46,21,5,3,46
15,0,Clear,Urban,67,17,13,3,3,32
8,1,Clear,Suburban,47,43,20,7,5,43
14,0,Rain,Highway,78,20,14,1,4,18
4,0,Rain,Highway,82,7,3,0,1,15
5,0,Clear,Highway,61,5,2,0,1,8
1,1,Rain,Urban,74,3,2,1,1,7
3,0,Clear,Suburban,60,10,2,0,2,7
0,0,Rain,Urban,80,8,1,0,1,12
10,0,Rain,Urban,77,16,7,4,3,16
0,0,Clear,Urban,83,5,3,1,1,8
21,0,Clear,Highway,83,26,14,1,2,35
22,1,Clear,Urban,89,19,11,3,3,32
17,0,Clear,Highway,31,30,18,3,3,92
11,0,Clear,Suburban,63,20,8,4,4,29
16,0,Clear,Urban,85,13,8,3,2,39
22,0,Rain,Highway,65,26,14,1,4,32
15,1,Rain,Urban,62,20,13,4,2,16
13,0,Clear,Highway,54,22,5,3,2,48
14,1,Clear,Urban,72,16,8,2,2,32
5,0,Clear,Highway,70,4,2,1,1,15
13,1,Clear,Highway,63,9,13,2,2,18
16,0,Clear,Urban,55,22,11,4,4,48
5,0,Clear,Highway,88,6,4,0,2,7
12,0,Clear,Urban,62,24,14,2,2,31
14,0,Fog,Urban,73,24,13,3,4,23
12,0,Fog,Suburban,67,27,6,3,4,16
13,1,Clear,Urban,84,16,9,3,2,25
21,1,Clear,Urban,71,12,6,1,2,21
11,0,Rain,Urban,67,21,10,1,4,16
17,1,Clear,Highway,49,36,10,7,6,67
14,0,Clear,Urban,69,14,10,3,2,32
21,0,Rain,Suburban,81,19,12,2,4,20
23,0,Clear,Suburban,76,20,12,2,4,33
11,0,Rain,Urban,62,17,6,3,4,24
7,0,Clear,Urban,54,46,10,7,5,63
10,1,Fog,Highway,66,14,7,2,2,18
0,0,Clear,Suburban,87,9,2,0,1,13
22,1,Clear,Urban,83,13,9,1,3,26
1,0,Clear,Highway,82,11,3,1,1,10
20,0,Clear,Suburban,67,28,11,4,2,21
10,0,Clear,Highway,63,26,7,3,2,39
20,0,Clear,Highway,41,12,9,2,3,42
5,0,Clear,Highway,64,7,2,0,2,10
17,0,Clear,Suburban,28,56,19,6,5,97
18,0,Clear,Urban,56,37,15,4,5,50
9,1,Clear,Suburban,80,29,20,4,5,35
6,0,Clear,Suburban,89,12,13,3,4,20
21,1,Clear,Urban,89,14,10,1,4,14
11,0,Clear,Urban,85,21,9,1,4,35
1,0,Clear,Suburban,67,10,4,0,2,11
6,1,Clear,Urban,73,20,8,3,4,30
10,0,Clear,Suburban,43,14,8,4,2,42
3,0,Clear,Urban,87,11,3,0,2,15
7,0,Clear,Urban,43,43,15,6,3,55
1,1,Clear,Highway,64,5,3,0,1,9
11,0,Rain,Urban,84,13,12,4,4,32
23,0,Clear,Highway,42,22,5,4,2,48
18,0,Clear,Suburban,42,34,10,4,5,66
0,1,Clear,Suburban,65,4,2,0,1,12
9,0,Rain,Suburban,45,36,15,7,5,59
19,0,Clear,Urban,26,46,20,6,5,97
19,0,Clear,Urban,35,59,15,4,3,91
3,0,Clear,Highway,86,10,3,0,2,14
21,0,Clear,Urban,85,26,7,1,4,40
19,0,Clear,Highway,20,47,19,3,3,71
17,0,Clear,Urban,43,52,23,5,6,64
11,0,Clear,Urban,68,16,14,2,2,30
20,0,Clear,Highway,66,23,7,3,4,39
3,0,Clear,Suburban,73,5,3,1,2,6
7,0,Fog,Urban,80,43,16,7,4,31
20,0,Rain,Suburban,71,17,7,3,3,26
9,0,Fog,Highway,88,30,14,3,3,39
6,0,Fog,Highway,89,24,5,2,4,18
20,0,Clear,Urban,53,29,13,2,2,47
21,0,Fog,Highway,80,22,14,3,3,24
14,1,Fog,Suburban,70,22,14,2,4,16
16,0,Rain,Suburban,71,13,9,4,4,30
6,0,Rain,Urban,89,22,9,4,4,38
22,0,Clear,Urban,54,14,7,1,3,41
13,0,Rain,Highway,75,16,9,1,4,31
20,0,Clear,Suburban,60,21,11,1,4,32
12,0,Rain,Highway,64,14,5,2,2,26
18,0,Clear,Urban,23,53,17,3,3,88
9,0,Clear,Suburban,30,32,21,7,5,83
19,1,Clear,Suburban,50,28,23,7,3,46
17,0,Clear,Urban,39,39,18,7,4,81
11,0,Clear,Urban,51,25,11,4,2,46
16,1,Clear,Suburban,66,15,14,4,4,31
23,0,Clear,Urban,73,23,13,3,3,24
15,0,Rain,Suburban,75,19,8,4,2,32
12,0,Clear,Suburban,69,23,14,4,3,24
13,1,Clear,Suburban,64,9,13,1,2,28
2,1,Clear,Highway,89,4,1,0,1,11
1,0,Clear,Suburban,83,9,2,0,1,15
5,0,Clear,Suburban,72,8,4,0,1,13
9,1,Rain,Highway,46,26,17,5,4,43
3,0,Clear,Urban,60,9,1,0,2,12
10,0,Clear,Suburban,52,28,12,4,2,43
7,0,Clear,Suburban,35,50,12,6,5,86
14,0,Clear,Suburban,85,15,10,1,3,21
4,1,Clear,Urban,64,8,1,1,1,3
14,0,Clear,Highway,54,21,11,1,3,49
23,0,Clear,Highway,64,19,13,3,4,29
19,0,Clear,Urban,51,32,10,4,6,56
11,0,Clear,Suburban,77,28,10,1,3,39
5,1,Fog,Suburban,62,4,1,1,2,2
6,0,Clear,Highway,64,27,12,3,3,29
9,0,Clear,Suburban,41,50,17,5,6,56
10,0,Clear,Suburban,65,12,7,1,2,22
4,0,Fog,Suburban,76,5,3,0,2,10
0,0,Rain,Suburban,82,11,2,0,2,6
1,0,Clear,Highway,88,7,4,0,2,16
3,0,Rain,Suburban,86,4,1,0,2,13
6,1,Clear,Highway,83,15,8,1,2,26
3,0,Rain,Urban,80,9,3,1,2,6
13,0,Clear,Highway,69,17,5,4,2,39
1,1,Rain,Highway,80,7,2,1,2,9
10,0,Clear,Highway,77,18,9,3,4,33
5,1,Clear,Urban,62,4,2,0,2,12
11,0,Clear,Suburban,89,29,13,1,3,31
0,0,Clear,Highway,88,4,3,0,2,14
14,0,Clear,Urban,65,25,13,4,3,39
10,0,Clear,Urban,81,15,14,1,4,40
6,0,Rain,Highway,77,19,11,1,4,31
9,0,Fog,Urban,63,54,14,5,5,37
13,1,Clear,Urban,77,9,11,4,2,28
9,0,Clear,Suburban,23,35,17,6,5,72
11,0,Rain,Suburban,78,22,14,3,2,36
15,0,Clear,Suburban,70,14,14,1,4,29
16,0,Clear,Highway,76,13,10,1,3,24
2,1,Clear,Highway,86,4,1,1,2,5
14,0,Clear,Urban,54,20,8,3,2,41
6,1,Clear,Suburban,79,11,14,4,3,16
10,0,Rain,Suburban,60,23,7,1,4,36
21,1,Clear,Highway,60,10,13,1,3,14
3,1,Clear,Urban,80,5,1,1,1,11
5,0,Clear,Suburban,69,11,2,1,1,8
9,0,Fog,Highway,49,54,12,3,6,42
23,0,Rain,Suburban,74,29,7,3,4,19
23,0,Clear,Urban,83,22,12,2,2,40
19,1,Clear,Highway,55,32,14,6,4,48
0,1,Clear,Highway,82,8,1,1,2,4
23,0,Clear,Highway,61,28,8,4,2,21
14,0,Rain,Urban,86,24,12,1,2,20
16,0,Rain,Highway,69,13,9,2,3,30
5,0,Clear,Urban,60,7,1,1,2,9
8,0,Clear,Highway,55,37,15,7,6,56
5,0,Clear,Suburban,77,9,4,1,1,18
2,0,Clear,Suburban,64,7,2,0,1,12
10,0,Rain,Suburban,64,17,12,1,3,23
4,0,Rain,Urban,80,9,2,0,1,6
15,0,Clear,Highway,57,18,9,3,4,44
15,1,Clear,Urban,66,12,11,3,4,29
19,0,Clear,Urban,34,53,13,5,2,76
9,0,Fog,Suburban,89,35,21,7,4,33
9,1,Rain,Suburban,49,39,17,3,5,51
17,0,Clear,Suburban,35,34,13,7,3,91
1,0,Rain,Highway,63,3,4,0,1,15
17,0,Clear,Highway,28,49,19,3,2,98
21,0,Clear,Urban,51,16,8,2,4,41
17,0,Clear,Suburban,30,33,13,6,2,87
22,1,Clear,Urban,86,22,13,1,4,33
21,0,Clear,Highway,62,14,14,4,2,28
17,0,Clear,Highway,52,40,15,6,2,64
22,0,Clear,Suburban,61,21,9,1,4,29
21,0,Clear,Highway,64,27,14,3,3,32
1,0,Clear,Suburban,65,7,3,1,1,10
3,1,Rain,Highway,88,6,4,0,1,8
4,0,Clear,Urban,82,10,1,1,2,17
21,1,Clear,Urban,62,11,10,4,2,34
20,0,Clear,Urban,42,24,7,1,3,42
16,1,Clear,Urban,74,20,7,4,4,28
16,0,Clear,Urban,54,22,6,2,2,49
8,0,Clear,Urban,56,59,17,6,4,63
17,0,Clear,Highway,22,55,15,3,6,89
8,0,Clear,Urban,47,44,14,7,4,64
15,0,Clear,Highway,56,22,13,4,3,49
7,0,Clear,Urban,33,41,14,6,3,84
1,1,Clear,Urban,70,3,1,1,1,8
8,0,Clear,Suburban,27,58,10,5,3,92
11,0,Clear,Urban,55,27,12,4,4,45
13,0,Clear,Urban,65,17,9,2,2,24
23,0,Clear,Suburban,73,14,6,2,4,32
6,1,Clear,Urban,76,23,6,3,3,30
5,1,Clear,Urban,62,7,2,1,1,4
13,1,Clear,Urban,68,11,11,3,2,18
8,1,Clear,Suburban,60,46,14,4,6,37
22,0,Rain,Urban,76,24,11,1,4,30
8,0,Clear,Suburban,29,57,15,5,4,92
0,1,Rain,Highway,73,3,2,1,1,8
7,0,Clear,Urban,28,32,24,5,6,89
18,0,Fog,Highway,55,31,13,7,4,44
21,0,Fog,Suburban,63,24,10,1,2,19
2,0,Clear,Urban,78,6,2,1,1,8
8,0,Rain,Suburban,39,53,14,5,2,72
21,0,Rain,Highway,87,20,7,2,4,24
19,1,Clear,Suburban,59,36,20,7,4,44
16,0,Rain,Urban,77,15,10,4,3,30
12,0,Clear,Suburban,74,28,14,3,4,39
10,1,Fog,Highway,74,17,10,2,4,18
7,0,Clear,Urban,45,35,12,5,6,66
5,0,Rain,Urban,72,5,1,0,1,4
13,0,Clear,Urban,64,27,8,3,4,37
21,0,Clear,Urban,71,23,7,3,2,22
9,1,Clear,Highway,47,35,12,5,4,58
15,0,Clear,Highway,67,26,11,1,3,21
8,0,Clear,Suburban,46,40,15,5,4,67
12,1,Clear,Urban,86,16,14,4,4,27
10,1,Clear,Highway,67,21,14,1,2,21
23,0,Clear,Urban,66,21,9,1,2,24
15,1,Clear,Suburban,64,17,8,1,2,16
23,0,Clear,Urban,45,17,8,3,3,41
12,0,Rain,Highway,80,24,10,1,2,38
12,0,Rain,Highway,61,22,11,3,2,16
21,0,Clear,Urban,81,22,8,1,2,36
0,0,Clear,Suburban,78,9,3,1,1,19
15,0,Fog,Highway,80,17,6,4,2,16
0,0,Rain,Urban,60,3,3,0,1,7
0,0,Clear,Suburban,78,6,4,0,1,5
11,0,Rain,Highway,68,19,6,1,2,35
19,0,Fog,Highway,55,32,17,6,5,43
11,0,Rain,Urban,80,18,13,4,2,20
16,0,Clear,Highway,47,17,10,2,4,42
21,1,Rain,Suburban,60,12,14,1,2,14
21,1,Clear,Suburban,68,22,13,3,4,31
8,0,Clear,Urban,53,51,11,6,6,51
22,1,Fog,Highway,69,9,13,1,3,15
13,1,Clear,Highway,63,21,14,4,4,30
11,0,Rain,Urban,71,20,6,1,2,24
10,0,Rain,Urban,78,22,6,2,3,26
1,0,Clear,Highway,75,11,3,0,1,15
19,0,Clear,Highway,46,30,21,3,5,61
15,0,Clear,Suburban,85,25,6,3,4,30
4,0,Clear,Urban,89,9,2,1,2,5
11,1,Clear,Urban,72,15,7,2,2,25
15,1,Clear,Highway,89,11,9,4,4,23
6,0,Fog,Urban,66,25,5,1,2,16
1,0,Clear,Suburban,74,11,1,1,2,15
5,0,Clear,Urban,79,9,4,1,1,18
10,0,Rain,Suburban,89,28,10,2,2,16
22,0,Clear,Suburban,71,27,8,2,3,27
23,0,Clear,Suburban,73,12,7,4,3,20
20,0,Clear,Highway,57,17,5,1,2,42
4,0,Clear,Urban,77,4,4,0,2,8
16,0,Clear,Urban,44,26,8,1,2,49
11,1,Clear,Urban,87,16,12,1,4,25
21,0,Clear,Highway,46,12,7,2,3,49
11,0,Clear,Urban,54,13,13,3,2,49
23,0,Rain,Highway,64,17,8,2,3,21
2,0,Clear,Suburban,74,5,1,0,1,12
22,1,Clear,Urban,62,23,8,1,3,18
3,0,Clear,Suburban,72,4,1,0,2,13
20,0,Fog,Highway,67,13,9,4,4,16
9,1,Clear,Highway,56,27,11,4,6,58
19,0,Fog,Suburban,44,53,10,3,6,54
15,1,Clear,Urban,66,20,5,4,2,23
8,0,Clear,Urban,44,51,23,4,4,62
0,0,Clear,Urban,82,5,3,1,1,10
7,0,Clear,Suburban,41,56,16,3,5,60
18,0,Clear,Urban,49,33,11,5,6,52
12,1,Clear,Suburban,60,9,6,1,2,23
1,0,Clear,Suburban,61,5,2,1,1,16
14,0,Rain,Suburban,84,14,10,4,4,20
13,1,Fog,Suburban,85,13,9,1,2,13
11,1,Clear,Suburban,81,15,6,1,2,23
17,1,Clear,Highway,42,47,22,7,6,58
8,0,Clear,Highway,25,50,12,7,3,93
10,0,Clear,Urban,41,24,8,1,3,47
2,1,Clear,Highway,64,2,3,0,2,11
5,0,Fog,Suburban,89,5,4,1,2,7
19,0,Clear,Suburban,51,42,24,7,3,60
15,0,Clear,Suburban,51,28,8,4,4,43
14,0,Clear,Urban,69,20,13,1,4,25
4,0,Clear,Suburban,68,9,1,1,2,5
4,1,Clear,Highway,76,5,1,0,1,4
11,1,Clear,Urban,73,15,6,3,4,30
5,1,Clear,Suburban,79,5,1,0,1,9
8,0,Rain,Highway,56,42,23,7,6,66
2,1,Clear,Highway,87,4,4,0,1,7
10,0,Clear,Highway,54,19,10,1,2,44
10,1,Rain,Suburban,62,21,11,4,2,22
21,0,Clear,Urban,71,15,5,2,4,21
3,0,Fog,Urban,71,4,2,0,1,3
13,0,Clear,Urban,86,14,13,1,2,25
6,0,Fog,Urban,83,12,8,3,2,17
9,0,Clear,Urban,36,52,23,6,4,74
15,0,Clear,Suburban,81,29,10,1,4,37
22,0,Clear,Urban,77,23,8,4,3,32
10,0,Clear,Highway,86,27,10,1,3,30
4,0,Clear,Highway,65,5,2,0,2,16
12,1,Rain,Suburban,70,10,12,2,4,18
6,0,Rain,Urban,84,22,6,3,4,34
6,0,Clear,Suburban,40,23,5,1,4,48
6,0,Rain,Highway,72,16,11,2,2,27
12,0,Clear,Urban,82,16,9,3,4,24
1,0,Fog,Highway,84,5,1,1,1,5
8,0,Clear,Suburban,51,52,19,7,5,57
11,0,Clear,Urban,77,12,9,2,4,28
20,1,Clear,Highway,66,23,5,1,3,21
17,1,Fog,Highway,64,47,14,7,6,30
13,0,Rain,Urban,82,23,13,4,4,17
9,0,Rain,Suburban,54,31,20,7,4,52
17,0,Fog,Urban,81,51,19,6,3,40
10,1,Clear,Highway,69,18,8,1,4,25
18,0,Clear,Suburban,57,40,23,6,6,54
14,0,Clear,Highway,85,18,13,2,2,31
13,1,Rain,Suburban,82,10,9,2,4,11
23,1,Clear,Urban,69,13,8,3,3,14
18,0,Clear,Highway,57,54,17,4,4,69
4,0,Clear,Highway,73,8,1,1,2,19
6,1,Clear,Urban,88,16,8,2,2,14
11,0,Rain,Urban,62,15,14,2,2,28
4,0,Fog,Highway,83,5,2,1,2,4
19,0,Clear,Suburban,51,53,24,5,6,66
10,0,Rain,Urban,62,21,7,3,4,31
18,0,Fog,Urban,40,54,24,3,3,59
11,0,Clear,Highway,75,21,6,1,2,29
3,0,Clear,Suburban,72,6,1,0,2,15
20,0,Clear,Suburban,48,19,11,2,2,41
6,1,Rain,Suburban,64,20,9,4,4,21
23,1,Rain,Highway,70,14,13,3,2,16
13,1,Fog,Urban,78,16,5,3,3,12
1,1,Rain,Highway,83,6,2,1,2,7
9,0,Clear,Suburban,38,31,23,4,5,71
10,1,Rain,Urban,86,14,12,2,2,13
7,0,Clear,Highway,25,41,10,5,3,92
1,0,Clear,Highway,68,4,3,1,1,17
21,1,Clear,Highway,66,19,5,2,2,18
8,1,Clear,Highway,49,28,12,5,2,67
5,0,Rain,Suburban,60,5,4,0,2,6
9,0,Rain,Suburban,50,59,17,6,3,47
5,1,Clear,Highway,85,2,2,1,1,7
3,1,Clear,Suburban,67,5,4,0,2,8
0,0,Clear,Highway,89,3,2,1,1,6
2,0,Clear,Highway,82,3,2,0,2,10
3,0,Rain,Urban,79,6,4,1,1,5
9,0,Clear,Suburban,58,57,24,3,5,59
3,0,Clear,Highway,80,5,4,1,2,6
5,0,Clear,Urban,84,11,4,1,1,14
3,0,Fog,Suburban,66,9,1,1,2,10
19,1,Clear,Suburban,47,32,19,7,3,67
5,0,Clear,Urban,62,3,2,0,1,18
20,0,Clear,Urban,47,24,8,4,4,45
20,0,Clear,Urban,66,16,12,4,4,32
21,0,Rain,Highway,63,18,13,3,2,28
6,0,Clear,Urban,41,23,12,1,4,48
19,1,Rain,Suburban,61,30,14,6,4,31
19,0,Clear,Urban,36,42,24,3,2,83
9,0,Clear,Suburban,29,33,18,5,4,73
7,1,Fog,Urban,75,28,11,7,6,30
16,0,Clear,Urban,89,26,8,1,2,25
6,0,Clear,Suburban,40,22,6,4,3,44
13,1,Clear,Urban,76,18,7,2,4,29
2,0,Clear,Suburban,65,7,4,0,2,14
21,0,Clear,Urban,89,19,9,3,2,25
23,1,Rain,Urban,71,12,8,4,3,27
7,0,Clear,Highway,32,40,11,3,2,93
3,0,Clear,Urban,87,11,2,1,1,11
1,0,Clear,Urban,75,10,1,1,1,11
0,1,Fog,Highway,78,7,1,1,1,2
8,0,Rain,Urban,48,49,20,5,6,67
18,0,Clear,Suburban,50,47,22,4,6,51
7,0,Rain,Urban,58,46,16,7,2,47
7,0,Rain,Highway,37,50,22,4,3,72
1,1,Fog,Urban,76,2,4,1,1,1
6,0,Clear,Urban,84,20,5,2,4,36
11,1,Clear,Urban,84,12,10,3,4,17
20,0,Clear,Urban,86,17,9,1,3,37
12,0,Clear,Suburban,65,19,12,3,4,22
21,1,Clear,Suburban,60,16,7,3,3,32
19,0,Rain,Urban,40,35,19,6,3,57
17,0,Clear,Suburban,47,41,19,7,4,59
14,0,Rain,Highway,80,23,10,3,2,21
22,1,Fog,Urban,88,16,8,1,3,10
21,0,Fog,Urban,79,13,10,1,4,19
12,1,Clear,Highway,78,9,11,4,4,21
10,0,Clear,Urban,70,22,13,4,3,37
7,0,Rain,Highway,58,47,10,7,4,54
5,0,Clear,Highway,69,10,4,1,2,16
17,0,Clear,Suburban,37,31,10,5,6,99
14,0,Clear,Highway,70,23,8,4,4,40
6,0,Clear,Highway,59,27,7,4,4,42
2,0,Rain,Highway,83,3,3,0,2,12
0,0,Clear,Highway,67,7,1,0,1,7
17,0,Rain,Suburban,22,54,15,3,5,74
20,0,Clear,Suburban,70,21,9,2,3,23
2,0,Clear,Suburban,81,5,4,0,2,13
22,0,Clear,Suburban,61,29,9,3,3,23
11,0,Clear,Highway,52,17,14,3,3,46
21,0,Clear,Highway,58,17,10,3,3,41
18,0,Clear,Highway,50,34,13,6,4,52
6,0,Clear,Urban,73,14,11,3,4,37
17,1,Clear,Urban,53,39,17,6,4,50
12,0,Clear,Urban,55,15,11,2,4,44
4,0,Rain,Highway,64,11,4,0,1,12
2,1,Clear,Urban,79,8,1,1,2,8
12,1,Clear,Highway,76,10,11,1,3,28
16,1,Clear,Urban,78,16,7,2,3,26
0,1,Clear,Urban,85,4,1,0,2,5
3,0,Fog,Urban,73,5,4,1,1,4
15,0,Clear,Suburban,69,23,11,2,4,29
23,0,Clear,Suburban,88,29,11,2,3,21
18,0,Rain,Suburban,59,42,18,4,5,44
7,0,Clear,Urban,25,55,10,6,6,81
13,0,Fog,Suburban,62,15,9,1,2,22
16,0,Fog,Highway,64,23,8,3,4,15
4,0,Clear,Suburban,82,5,4,1,1,17
10,0,Rain,Suburban,77,25,14,1,4,38
15,0,Clear,Suburban,51,22,8,4,3,44
23,1,Rain,Highway,77,12,7,1,4,24
7,1,Rain,Suburban,46,37,22,4,5,45
20,0,Clear,Urban,75,14,10,1,2,35
18,0,Clear,Highway,28,31,22,3,5,84
20,1,Fog,Suburban,63,15,14,2,3,19
21,0,Clear,Urban,87,20,7,1,2,38
15,0,Clear,Suburban,81,23,5,3,2,35
12,1,Rain,Highway,68,10,14,2,3,20
15,0,Rain,Suburban,60,20,12,2,3,32
1,0,Rain,Highway,65,8,2,0,1,12
5,0,Clear,Suburban,73,3,2,1,2,7
20,1,Rain,Urban,88,15,12,1,4,12
20,0,Rain,Highway,72,19,11,3,4,36
11,1,Clear,Urban,76,11,11,3,2,17
20,1,Clear,Urban,61,18,9,4,3,19
15,0,Clear,Urban,78,29,5,1,4,38
20,1,Clear,Highway,71,9,9,4,4,14
9,0,Fog,Highway,44,45,13,3,4,52
17,1,Rain,Suburban,64,41,11,7,3,36
15,1,Clear,Suburban,84,15,7,2,4,22
12,0,Clear,Urban,41,21,7,3,3,45
10,1,Clear,Urban,72,13,11,1,3,21
23,0,Clear,Highway,82,18,11,2,2,31
5,1,Fog,Urban,64,5,1,1,1,2
14,0,Clear,Urban,89,19,9,4,4,23
19,0,Rain,Suburban,43,46,23,6,6,62
23,0,Clear,Suburban,86,15,9,1,4,37
9,0,Clear,Suburban,48,54,10,5,2,58
10,0,Clear,Highway,44,12,10,3,3,45
2,0,Clear,Urban,79,8,1,1,1,13
8,0,Clear,Highway,49,57,11,4,4,51
22,0,Clear,Suburban,40,12,8,2,4,48
11,0,Rain,Highway,79,24,10,2,2,23
9,0,Rain,Urban,38,46,24,6,2,72
0,1,Clear,Suburban,87,6,4,0,2,4
10,0,Clear,Suburban,50,29,9,4,4,48
3,1,Clear,Highway,82,2,4,1,2,4
2,0,Clear,Urban,71,7,2,1,2,5
18,1,Clear,Suburban,44,34,15,5,3,67
15,0,Clear,Highway,82,15,5,4,2,23
0,1,Clear,Urban,68,4,4,1,1,10
10,0,Clear,Highway,80,25,6,4,3,29
17,0,Rain,Suburban,52,42,14,4,4,41
4,0,Rain,Suburban,86,4,2,0,2,15
13,0,Rain,Suburban,83,29,13,4,4,28
19,0,Fog,Highway,43,37,16,4,6,54
0,0,Clear,Suburban,87,10,3,0,1,16
16,0,Clear,Urban,49,17,6,1,3,43
22,0,Rain,Highway,68,27,13,3,2,28
4,0,Clear,Urban,88,10,3,0,2,7
15,0,Fog,Urban,80,22,7,2,4,14
20,0,Clear,Suburban,51,23,14,1,3,44
10,1,Clear,Suburban,79,12,6,2,4,30
2,0,Clear,Urban,72,6,1,1,1,19
7,1,Clear,Urban,43,25,10,3,5,67
8,0,Clear,Suburban,31,52,19,5,6,77
21,0,Clear,Highway,71,13,5,1,4,29
9,0,Clear,Highway,36,34,11,6,2,74
1,1,Clear,Urban,77,4,2,1,2,6
10,0,Clear,Urban,62,28,9,2,3,39
1,0,Clear,Highway,78,7,4,0,1,7
2,1,Clear,Suburban,61,3,2,1,2,7
12,1,Clear,Suburban,86,9,11,1,2,19
9,0,Clear,Suburban,29,30,10,4,3,83
10,0,Fog,Suburban,77,14,14,2,3,18
8,0,Clear,Urban,57,59,14,4,2,65
16,1,Clear,Suburban,61,13,5,1,4,31
6,0,Clear,Urban,62,24,13,3,3,25
14,0,Rain,Suburban,74,25,11,3,2,29
13,0,Fog,Suburban,83,14,8,1,4,23
12,1,Clear,Highway,87,12,14,2,3,21
12,0,Rain,Highway,87,20,11,2,2,32
21,0,Clear,Urban,82,13,8,1,3,40
15,0,Clear,Urban,70,17,6,1,2,22
10,0,Clear,Suburban,57,14,11,1,3,47
17,1,Clear,Highway,59,34,15,4,5,60
16,0,Clear,Suburban,78,15,8,2,3,22
16,0,Rain,Urban,74,22,11,1,4,23
1,0,Rain,Highway,60,11,2,1,1,4
0,0,Clear,Suburban,75,9,4,1,1,15
2,1,Fog,Highway,68,4,2,0,1,5
1,1,Clear,Suburban,77,2,2,1,2,4
21,1,Clear,Urban,60,12,13,3,4,15
12,0,Fog,Suburban,81,16,8,1,4,12
4,0,Clear,Urban,76,7,3,1,2,10
5,0,Clear,Urban,87,4,2,1,1,9
9,0,Clear,Suburban,32,52,11,4,6,89
20,1,Fog,Urban,88,16,9,2,4,8
19,0,Clear,Suburban,21,39,21,7,3,74
18,0,Rain,Suburban,57,52,10,6,6,41
19,0,Clear,Highway,31,55,19,4,2,96
22,0,Rain,Suburban,78,16,8,1,4,25
8,0,Clear,Suburban,28,39,13,7,5,79
17,0,Rain,Urban,23,57,23,4,6,74
20,0,Clear,Highway,82,23,5,4,2,27
18,0,Clear,Suburban,34,35,12,3,3,85
7,0,Clear,Urban,37,36,12,5,2,71
14,0,Clear,Suburban,54,15,8,4,4,44
23,0,Clear,Suburban,75,14,7,1,3,27
14,0,Clear,Highway,88,19,14,3,2,24
5,0,Clear,Highway,66,10,4,0,2,9
10,0,Clear,Highway,70,21,12,2,3,36
20,0,Rain,Suburban,70,24,10,1,2,33
20,0,Rain,Suburban,79,17,9,3,2,29
11,1,Clear,Highway,64,12,6,3,3,22
8,1,Clear,Urban,49,40,14,6,2,53
10,1,Rain,Suburban,89,23,10,1,2,20
11,0,Rain,Urban,82,14,13,4,2,31
15,0,Clear,Urban,58,12,12,3,2,47
8,1,Clear,Urban,56,38,21,6,2,63
8,1,Clear,Urban,58,33,10,4,6,67
6,0,Clear,Urban,79,27,12,4,4,32
16,0,Rain,Suburban,72,16,7,3,4,16
6,0,Clear,Highway,40,23,10,1,4,47
0,1,Fog,Urban,84,4,2,0,1,7
8,0,Clear,Urban,34,55,13,3,5,83
23,0,Rain,Suburban,86,19,5,3,4,33
8,0,Clear,Suburban,27,40,11,7,2,73
12,0,Clear,Suburban,68,28,6,2,4,25
13,1,Clear,Suburban,88,15,6,2,2,28
1,0,Clear,Suburban,71,4,4,1,2,14
3,1,Rain,Urban,65,5,1,0,1,8
17,0,Clear,Suburban,56,47,21,5,3,51
15,1,Fog,Suburban,77,16,12,3,4,12
13,1,Clear,Suburban,76,16,11,4,3,30
4,1,Clear,Suburban,73,8,1,1,2,3
10,0,Fog,Highway,79,21,7,4,3,24
8,0,Rain,Highway,59,49,11,7,5,55
16,0,Rain,Highway,83,15,12,4,4,17
4,0,Clear,Suburban,61,7,2,0,2,19
11,0,Clear,Urban,47,20,10,3,2,45
22,1,Clear,Urban,78,17,13,4,4,16
22,0,Clear,Urban,63,29,10,1,3,35
6,0,Clear,Highway,75,28,10,2,2,34
13,1,Clear,Suburban,70,22,6,4,4,28
17,0,Fog,Urban,55,35,21,5,4,45
8,1,Clear,Urban,46,27,18,5,3,63
14,1,Rain,Urban,81,23,8,3,4,12
11,1,Clear,Urban,80,12,6,2,3,33
23,0,Clear,Urban,75,26,11,3,4,38
7,0,Clear,Highway,27,56,11,7,3,99
0,0,Clear,Highway,70,4,1,1,1,8
12,0,Clear,Suburban,41,12,12,2,2,44
8,1,Clear,Suburban,42,47,11,3,6,58
4,0,Rain,Suburban,60,3,1,0,2,10
14,1,Clear,Highway,87,9,8,2,3,16
5,1,Fog,Urban,62,3,1,0,2,6
9,0,Fog,Highway,47,30,14,7,5,51
18,1,Clear,Urban,54,34,17,3,3,46
23,0,Clear,Suburban,75,15,12,4,4,22
7,0,Clear,Suburban,34,45,14,7,3,83
4,0,Clear,Suburban,67,4,4,0,1,19
12,0,Clear,Urban,47,28,8,1,3,47
2,1,Clear,Urban,72,4,2,0,1,3
13,0,Rain,Suburban,73,22,6,1,4,20
17,0,Clear,Highway,38,37,14,3,4,80
17,1,Rain,Suburban,89,37,20,3,3,40
18,0,Clear,Urban,25,35,16,4,4,97
6,1,Rain,Urban,85,9,10,2,2,24
1,0,Clear,Suburban,60,7,2,0,2,19
13,0,Clear,Suburban,86,25,5,2,4,40
11,0,Clear,Highway,63,14,6,1,2,28
9,0,Clear,Suburban,58,59,23,3,3,62
0,1,Clear,Suburban,78,4,1,1,2,6
16,1,Clear,Urban,83,10,10,2,3,32
9,1,Fog,Urban,81,37,16,3,4,24
4,0,Clear,Urban,62,10,3,1,2,18
0,1,Clear,Urban,87,6,1,1,1,4
5,0,Clear,Highway,84,10,1,0,1,8
9,1,Clear,Suburban,59,42,15,6,5,58
19,0,Clear,Urban,23,58,21,6,2,89
16,0,Rain,Urban,67,16,11,2,4,20
6,0,Fog,Urban,67,29,5,1,4,27
22,1,Clear,Urban,61,14,11,4,3,32
3,0,Rain,Highway,69,10,1,1,2,6
14,0,Rain,Highway,77,13,8,1,4,36
22,0,Rain,Suburban,75,25,9,1,4,16
7,0,Clear,Urban,26,35,11,4,2,88
2,0,Clear,Suburban,61,5,4,0,1,14
17,0,Rain,Highway,49,36,13,3,4,46
4,0,Clear,Highway,69,8,2,0,1,15
3,0,Fog,Suburban,85,11,2,0,1,4
2,0,Clear,Suburban,66,11,4,1,1,10
23,0,Clear,Highway,68,22,5,3,2,20
14,0,Clear,Urban,76,18,13,1,4,31
5,1,Clear,Urban,89,4,2,0,2,4
8,0,Clear,Suburban,57,33,11,3,3,64
14,0,Clear,Suburban,73,28,6,2,3,38
1,0,Rain,Suburban,76,6,4,1,1,11
18,0,Clear,Highway,43,37,19,4,2,59
9,0,Clear,Urban,38,43,11,7,2,90
10,0,Clear,Highway,74,19,6,1,2,20
22,0,Rain,Suburban,81,27,12,2,3,27
11,0,Clear,Urban,69,12,10,2,3,37
13,0,Clear,Highway,72,28,13,1,2,37
6,0,Clear,Suburban,73,22,9,4,3,33
17,1,Clear,Suburban,55,42,15,5,6,51
12,1,Clear,Highway,82,18,11,2,2,19
18,1,Clear,Urban,46,24,21,6,5,46
1,1,Fog,Highway,67,8,3,1,1,4
8,1,Clear,Urban,40,44,10,5,3,52
23,0,Clear,Highway,52,20,6,3,4,44
10,0,Clear,Suburban,75,23,12,4,2,23
8,0,Rain,Highway,20,53,23,6,4,76
22,0,Clear,Highway,49,29,11,4,4,45
12,0,Clear,Urban,57,29,11,2,3,44
14,0,Clear,Urban,60,15,7,3,4,29
21,0,Clear,Urban,81,17,11,4,3,29
22,0,Clear,Urban,84,28,11,4,4,28
12,0,Clear,Suburban,75,21,9,1,4,24
12,1,Clear,Urban,68,23,9,1,4,14
1,0,Clear,Urban,87,3,3,0,1,13
14,0,Clear,Highway,66,17,8,3,4,23
0,0,Clear,Suburban,79,11,2,0,2,5
6,1,Clear,Urban,74,16,8,2,4,24
15,1,Clear,Urban,63,16,5,1,4,32
23,1,Fog,Highway,66,14,8,1,2,9
22,0,Clear,Highway,82,15,6,4,3,31
1,0,Clear,Highway,67,6,4,1,2,10
20,1,Fog,Suburban,65,10,11,4,2,20
8,1,Clear,Suburban,80,29,17,7,6,35
1,0,Clear,Suburban,69,4,3,0,2,7
14,1,Clear,Urban,64,12,11,2,4,14
3,1,Clear,Suburban,79,7,3,1,1,4
1,0,Clear,Suburban,87,8,4,1,2,18
8,1,Fog,Urban,77,29,16,6,4,34
15,0,Fog,Urban,64,18,14,1,4,19
4,1,Clear,Suburban,80,7,4,1,2,11
15,1,Clear,Suburban,77,19,10,2,3,32
21,1,Clear,Urban,77,14,5,1,2,32
4,1,Clear,Highway,82,6,2,1,2,6
22,0,Clear,Urban,71,14,13,4,4,25
16,0,Clear,Urban,88,19,14,4,2,30
12,0,Rain,Highway,67,15,12,2,3,24
14,0,Fog,Suburban,69,15,7,4,2,12
8,0,Clear,Suburban,55,41,15,4,3,66
2,0,Clear,Urban,89,11,1,1,1,11
23,0,Clear,Urban,89,23,14,2,2,24
23,0,Clear,Urban,77,21,11,1,4,36
21,1,Clear,Urban,71,23,6,3,2,24
1,1,Clear,Suburban,65,8,2,0,1,9
6,1,Rain,Urban,78,9,14,3,4,23
16,0,Rain,Suburban,75,12,11,3,2,28
9,0,Rain,Urban,51,33,11,3,4,70
16,0,Clear,Suburban,70,21,12,4,4,25
4,1,Rain,Urban,61,7,1,1,1,10
0,1,Clear,Suburban,69,6,3,0,1,9
10,0,Rain,Highway,85,18,14,3,4,29
18,1,Fog,Highway,76,24,12,6,3,26
19,1,Clear,Highway,44,32,11,5,6,43
4,1,Fog,Highway,76,4,1,1,1,6
10,0,Fog,Urban,70,20,11,3,2,22
11,1,Clear,Urban,65,16,8,2,3,20
17,0,Clear,Urban,27,32,20,3,5,85
13,1,Rain,Urban,86,22,12,1,3,26
13,0,Clear,Highway,77,24,9,1,4,31
2,0,Rain,Urban,82,6,2,0,1,15
11,0,Rain,Highway,79,13,12,2,2,26
19,0,Clear,Suburban,45,50,13,6,3,54
2,0,Clear,Urban,87,7,1,1,1,18
17,0,Clear,Urban,43,31,13,6,4,69
10,1,Clear,Suburban,78,16,5,2,3,23
18,1,Rain,Highway,85,44,14,3,5,31
6,0,Fog,Urban,65,13,7,1,3,17
9,1,Rain,Highway,44,36,13,4,5,52
9,1,Clear,Urban,53,24,14,7,2,67
23,1,Clear,Suburban,78,12,11,3,3,30
10,1,Clear,Urban,77,20,5,3,4,18
12,0,Rain,Highway,63,29,14,4,4,32
16,1,Clear,Highway,71,21,6,1,4,15
16,0,Clear,Urban,45,25,6,3,3,44
0,1,Clear,Suburban,76,6,3,1,1,11
15,1,Rain,Urban,65,16,10,3,4,22
0,0,Fog,Urban,77,11,4,0,2,7
8,1,Clear,Highway,51,45,18,5,3,49
12,0,Fog,Urban,80,23,7,1,3,18
9,1,Clear,Highway,54,46,21,7,6,65
9,0,Rain,Highway,41,42,21,7,5,44
16,0,Clear,Suburban,60,14,11,3,4,32
1,0,Rain,Urban,72,4,2,1,1,15
2,0,Clear,Urban,71,8,3,1,2,14
4,1,Clear,Urban,85,6,4,1,1,5
10,0,Clear,Urban,48,19,7,2,2,44
13,0,Rain,Urban,86,23,8,3,3,17
16,0,Clear,Suburban,65,23,10,4,2,32
10,1,Rain,Highway,89,20,7,2,4,14
10,0,Rain,Highway,69,24,12,3,3,28
10,0,Clear,Urban,40,21,5,4,2,43
3,0,Fog,Highway,61,4,2,1,1,10
14,1,Clear,Urban,69,14,5,2,2,19
11,0,Clear,Urban,61,18,7,2,2,31
9,0,Clear,Suburban,58,48,10,6,6,60
0,0,Clear,Urban,89,7,2,0,1,8
7,0,Rain,Urban,38,40,12,5,2,77
12,1,Fog,Highway,88,16,14,4,2,16
5,1,Clear,Suburban,76,4,2,1,2,11
23,0,Clear,Urban,62,25,7,2,2,21
14,0,Fog,Urban,82,19,8,2,2,21
14,0,Clear,Suburban,61,20,6,3,3,30
5,1,Clear,Highway,68,7,3,0,2,6
5,0,Clear,Urban,87,3,3,0,2,14
6,0,Fog,Highway,65,12,9,3,4,26
18,1,Clear,Highway,85,27,17,3,6,37
8,0,Fog,Highway,47,49,11,6,6,55
3,0,Clear,Highway,63,9,4,0,2,15
15,0,Clear,Urban,65,21,9,1,3,22
18,0,Clear,Highway,56,49,11,7,4,70
7,0,Rain,Suburban,47,46,11,4,5,70
2,0,Clear,Urban,68,6,1,0,2,16
4,0,Clear,Highway,80,4,2,0,1,7
12,0,Clear,Urban,71,18,11,1,4,36
1,0,Clear,Suburban,86,3,3,1,2,16
10,0,Clear,Urban,56,29,13,2,4,43
11,0,Rain,Suburban,81,17,12,3,3,17
4,1,Clear,Urban,89,3,1,0,1,11
2,0,Clear,Highway,70,8,2,0,2,18
10,1,Clear,Highway,85,19,13,3,3,14
13,0,Clear,Suburban,53,25,14,2,4,42
19,0,Fog,Urban,47,51,22,3,3,55
15,0,Clear,Highway,84,24,10,2,3,22
5,0,Clear,Highway,62,6,4,1,2,10
7,0,Clear,Highway,33,36,18,5,4,81
3,0,Clear,Urban,78,4,2,1,1,8
4,0,Clear,Urban,69,8,4,0,2,9
17,0,Clear,Highway,56,43,13,3,3,62
0,1,Rain,Urban,63,2,2,0,2,5
4,0,Clear,Suburban,60,5,3,0,2,13
1,0,Clear,Highway,71,8,2,1,2,8
6,0,Clear,Suburban,55,21,9,1,4,49
12,0,Clear,Highway,87,12,11,1,3,23
8,1,Clear,Highway,58,41,24,5,6,56
16,0,Clear,Highway,66,29,14,2,2,30
9,0,Clear,Suburban,39,59,19,5,2,96
15,1,Clear,Suburban,75,9,14,1,2,30
13,0,Clear,Suburban,42,23,12,1,2,48
22,0,Clear,Urban,56,26,11,1,4,44
0,0,Clear,Suburban,74,9,4,1,1,18
2,0,Clear,Suburban,76,6,2,0,2,12
21,0,Rain,Urban,74,13,11,3,2,27
1,0,Rain,Urban,77,7,3,1,1,6
4,0,Rain,Suburban,73,7,4,1,1,7
14,0,Clear,Urban,66,27,6,4,2,24
11,0,Clear,Highway,76,27,9,1,4,38
5,1,Clear,Suburban,76,4,4,1,2,8
4,0,Clear,Urban,66,6,4,1,1,10
8,0,Clear,Urban,45,53,21,6,6,56
4,0,Rain,Highway,64,11,2,0,2,10
16,0,Clear,Urban,89,23,9,1,2,26
3,1,Rain,Urban,71,8,1,0,1,7
1,0,Clear,Highway,76,6,1,0,1,8
15,1,Fog,Urban,89,12,11,1,2,20
13,0,Clear,Highway,64,13,13,4,3,20
18,0,Clear,Highway,20,41,15,3,3,94
20,0,Clear,Suburban,77,27,14,3,2,39
17,0,Clear,Urban,25,30,22,3,6,96
20,0,Clear,Highway,46,22,5,1,2,46
12,0,Clear,Highway,73,25,12,1,3,21
17,0,Clear,Highway,40,40,17,3,4,54
9,1,Clear,Suburban,57,35,12,7,2,51
3,0,Clear,Highway,65,5,1,0,2,17
13,0,Clear,Urban,69,19,10,1,4,40
21,1,Fog,Suburban,80,20,13,4,4,15
13,0,Clear,Suburban,44,28,6,2,4,45
16,1,Clear,Urban,88,19,6,2,4,34
22,0,Clear,Highway,78,14,11,3,3,23
8,1,Fog,Highway,81,44,21,7,6,40
4,0,Clear,Urban,73,5,3,0,2,8
1,0,Clear,Urban,67,10,3,1,1,10
7,0,Rain,Urban,54,49,21,4,4,64
16,0,Clear,Urban,56,22,8,4,2,47
5,0,Clear,Suburban,75,7,3,1,2,7
16,0,Rain,Highway,66,28,8,4,4,35
18,0,Clear,Highway,23,37,10,5,4,71
0,0,Clear,Highway,83,4,2,1,2,10
7,0,Clear,Urban,42,35,18,6,5,67
15,0,Clear,Urban,55,18,11,1,3,42
6,0,Clear,Highway,62,22,7,2,4,21
5,0,Clear,Urban,83,6,3,0,1,8
18,0,Clear,Suburban,47,34,19,7,4,62
7,1,Clear,Urban,87,41,15,3,3,36
13,0,Clear,Suburban,48,13,12,3,2,42
1,0,Clear,Urban,65,9,3,0,1,19
16,1,Clear,Highway,68,21,13,4,3,18
11,1,Clear,Suburban,85,19,7,2,4,17
23,0,Clear,Urban,76,22,11,3,3,36
6,0,Clear,Urban,76,26,11,4,2,27
1,0,Clear,Urban,68,8,3,0,2,5
2,0,Rain,Suburban,79,8,3,1,1,8
3,0,Fog,Suburban,62,6,2,1,1,9
16,0,Clear,Urban,84,27,8,4,4,23
7,0,Clear,Urban,28,46,20,4,3,86
21,0,Clear,Highway,63,17,11,2,3,38
12,0,Clear,Highway,57,12,6,1,4,41
4,0,Fog,Urban,86,7,1,0,2,4
11,1,Fog,Suburban,83,22,13,1,4,15
19,0,Clear,Highway,41,30,21,7,6,50
6,0,Clear,Suburban,72,12,13,4,3,25
6,0,Clear,Urban,70,19,8,3,3,29
17,1,Clear,Urban,40,30,11,7,3,58
22,0,Clear,Urban,73,13,12,1,4,33
17,0,Rain,Highway,42,35,10,3,2,60
10,0,Rain,Highway,71,18,9,2,2,34
3,1,Clear,Urban,67,5,1,0,2,9
4,0,Clear,Urban,63,10,1,1,2,12
8,0,Clear,Urban,32,58,21,3,3,85
17,0,Clear,Suburban,43,34,20,4,6,66
17,0,Clear,Highway,24,36,24,3,5,71
4,0,Fog,Urban,62,5,3,1,1,5
11,1,Clear,Urban,77,14,14,2,4,15
10,0,Clear,Suburban,80,27,11,1,2,39
20,0,Clear,Suburban,51,24,7,4,3,45
15,0,Fog,Suburban,64,17,5,3,2,12
10,1,Clear,Highway,79,23,5,1,2,30
12,1,Rain,Suburban,88,14,12,1,2,22
14,0,Clear,Urban,56,21,5,4,2,49
0,0,Clear,Urban,63,5,1,1,2,7
6,0,Rain,Urban,79,27,8,1,2,16
9,0,Clear,Urban,55,51,17,5,3,61
6,0,Clear,Suburban,71,29,11,1,4,28
9,0,Clear,Highway,38,46,16,4,4,84
23,1,Clear,Highway,61,20,7,4,2,16
6,0,Clear,Urban,77,22,13,3,4,38
22,0,Clear,Urban,44,24,11,4,2,46
5,0,Clear,Highway,75,10,2,0,2,6
4,0,Fog,Highway,66,9,4,0,2,10
4,0,Clear,Suburban,75,7,3,0,2,18
19,0,Clear,Highway,31,41,13,3,6,99
3,0,Rain,Suburban,61,9,4,1,1,9
7,1,Clear,Urban,59,43,10,3,6,67
10,0,Clear,Highway,49,27,14,1,3,48
5,0,Clear,Highway,68,5,3,0,2,10
17,0,Clear,Highway,55,58,12,6,3,68
23,0,Rain,Highway,70,13,5,2,4,38
15,0,Fog,Highway,77,13,5,1,3,12
18,1,Rain,Urban,80,30,17,5,4,30
5,0,Clear,Urban,84,9,3,1,1,10
15,1,Clear,Suburban,85,15,7,2,4,23
6,0,Clear,Suburban,77,15,11,1,4,30
19,1,Clear,Suburban,54,32,11,4,6,58
16,0,Clear,Suburban,64,23,13,1,2,29
18,0,Clear,Highway,30,33,11,7,4,77
2,1,Clear,Suburban,76,6,1,0,2,7
12,0,Rain,Urban,74,21,7,4,3,28
14,0,Clear,Urban,65,19,14,3,4,35
13,1,Rain,Urban,66,23,11,2,2,24
23,0,Fog,Suburban,78,18,12,2,2,14
12,1,Clear,Suburban,80,23,8,4,2,18
2,0,Clear,Urban,62,3,1,1,2,11
15,0,Clear,Urban,84,28,10,1,3,31
18,1,Rain,Highway,50,33,17,6,2,52
6,0,Fog,Highway,67,23,13,4,4,22
0,0,Clear,Urban,67,11,4,1,2,5
8,1,Clear,Urban,49,42,23,7,4,62
15,0,Clear,Suburban,61,17,6,2,4,33
2,0,Clear,Urban,71,6,2,1,1,16
22,1,Clear,Highway,70,21,11,4,3,16
23,1,Clear,Urban,87,20,8,1,4,23
11,0,Clear,Suburban,75,22,7,4,3,26
22,0,Clear,Highway,87,21,7,3,3,30
22,0,Clear,Urban,68,15,9,3,3,37
11,1,Rain,Urban,73,20,7,1,3,22
9,0,Clear,Urban,39,55,19,4,3,85
13,0,Clear,Highway,76,14,13,3,2,30
17,0,Clear,Highway,20,41,18,5,4,88
1,1,Rain,Urban,78,7,4,1,2,8
7,0,Clear,Urban,20,55,15,7,3,88
18,0,Rain,Suburban,50,33,17,4,3,52
22,0,Rain,Suburban,77,12,14,3,3,32
6,0,Fog,Suburban,74,26,12,3,4,22
15,0,Clear,Highway,76,20,6,4,3,26
8,1,Rain,Highway,61,34,20,7,5,40
22,1,Fog,Urban,82,19,10,1,3,10
10,0,Rain,Suburban,88,28,10,3,3,21
13,1,Clear,Suburban,81,10,8,3,4,14
13,0,Clear,Suburban,64,23,5,1,2,27
1,0,Clear,Suburban,72,9,3,0,2,10
0,1,Clear,Suburban,66,5,2,1,1,4
11,0,Clear,Highway,63,12,11,4,4,20
21,0,Fog,Urban,70,18,10,3,3,16
9,0,Clear,Urban,22,34,10,6,2,79
6,0,Clear,Urban,87,28,11,3,2,30
18,1,Clear,Suburban,51,25,10,4,6,64
0,0,Clear,Urban,66,10,3,1,1,12
17,0,Clear,Urban,37,54,14,5,5,99
2,0,Fog,Highway,80,6,2,1,2,6
15,1,Clear,Suburban,76,16,12,3,4,22
15,0,Rain,Highway,79,21,12,3,3,39
21,1,Clear,Urban,75,16,10,1,3,32
4,1,Clear,Highway,74,6,4,1,2,8
4,0,Rain,Highway,69,8,4,0,1,7
16,0,Fog,Suburban,72,27,13,3,2,27
4,0,Clear,Suburban,73,7,4,1,1,18
5,0,Fog,Highway,79,9,2,1,1,6
15,1,Clear,Highway,69,21,5,2,2,16
5,0,Rain,Highway,74,11,3,0,2,4
2,1,Rain,Highway,78,5,3,1,1,4
15,1,Clear,Urban,61,11,7,4,3,16
10,0,Clear,Highway,45,16,8,1,2,41
10,1,Clear,Suburban,66,11,6,3,4,14
6,0,Clear,Urban,47,26,10,2,2,49
13,0,Clear,Highway,57,19,5,1,4,45
20,0,Clear,Suburban,59,19,7,2,2,47
7,0,Clear,Suburban,30,36,12,4,3,81
0,0,Rain,Suburban,88,5,4,0,1,6
22,0,Clear,Highway,80,16,5,2,4,30
0,1,Clear,Highway,68,8,4,0,1,10
4,0,Clear,Suburban,78,10,2,0,1,16
14,0,Clear,Urban,87,25,10,3,4,27
5,1,Clear,Highway,76,8,4,1,2,11
21,0,Fog,Urban,65,26,7,1,3,29
19,0,Clear,Highway,46,39,19,4,5,57
8,0,Clear,Highway,37,37,19,6,6,90
16,0,Clear,Highway,48,15,11,4,4,47
3,1,Clear,Suburban,81,3,3,0,1,9
0,1,Clear,Urban,64,8,2,0,2,11
22,0,Fog,Urban,72,17,11,4,2,13
0,0,Clear,Highway,70,7,3,1,1,18
20,0,Clear,Urban,87,12,10,2,3,20
17,0,Rain,Highway,54,47,10,3,6,68
3,1,Clear,Urban,61,8,1,1,2,7
17,0,Clear,Urban,49,38,11,5,5,67
5,0,Fog,Suburban,83,7,1,1,2,4
12,0,Rain,Urban,69,16,12,3,3,32
0,0,Clear,Suburban,89,4,4,0,2,13
8,0,Rain,Suburban,26,38,19,3,2,74
15,0,Clear,Urban,53,20,10,2,2,44
12,0,Fog,Urban,80,24,10,4,2,17
13,0,Clear,Suburban,80,18,10,1,4,29
19,0,Clear,Urban,26,50,15,6,5,87
22,0,Fog,Urban,80,16,9,2,4,13
0,0,Rain,Highway,78,9,1,0,2,10
15,0,Fog,Highway,63,17,9,2,3,14
21,0,Fog,Urban,79,20,9,2,4,21
2,0,Clear,Highway,62,6,1,1,2,5
3,0,Rain,Suburban,70,10,2,0,2,6
20,0,Fog,Suburban,76,19,13,3,4,24
2,0,Clear,Highway,85,10,1,1,1,9
15,0,Rain,Suburban,69,25,13,3,3,28
0,0,Clear,Suburban,78,6,2,1,1,14
2,0,Clear,Suburban,76,5,3,1,2,16
9,0,Clear,Highway,54,38,20,3,3,60
12,0,Rain,Suburban,83,12,7,2,4,39
17,0,Rain,Highway,48,45,13,7,5,46
6,0,Clear,Highway,87,23,14,2,3,34
9,0,Clear,Suburban,46,53,19,5,6,54
5,0,Clear,Highway,76,4,4,1,2,10
18,0,Rain,Highway,45,55,12,4,5,44
17,0,Clear,Urban,27,38,11,6,4,83
0,0,Clear,Urban,67,11,3,1,2,13
22,0,Rain,Suburban,64,14,8,4,3,30
2,0,Rain,Suburban,85,11,2,0,1,8
0,0,Clear,Suburban,87,10,1,0,2,12
12,0,Clear,Suburban,74,12,12,4,2,33
0,1,Clear,Suburban,64,2,1,1,1,9
19,0,Clear,Urban,21,30,19,5,3,96
9,1,Clear,Highway,87,39,17,5,5,36
20,1,Clear,Suburban,89,18,7,1,4,28
0,1,Clear,Suburban,74,4,3,1,1,7
6,1,Fog,Urban,64,9,13,1,2,17
20,0,Clear,Urban,88,13,8,2,3,32
7,0,Clear,Suburban,58,31,24,4,3,57
10,0,Clear,Urban,84,14,10,4,4,26
6,1,Clear,Highway,72,20,13,2,2,14
5,0,Rain,Suburban,86,8,4,0,1,14
6,0,Clear,Urban,87,21,12,4,4,28
0,0,Clear,Highway,73,3,3,0,1,9
8,0,Rain,Urban,53,42,24,7,2,45
22,0,Rain,Suburban,81,20,13,2,4,36
5,0,Clear,Urban,62,9,1,1,2,12
19,0,Clear,Suburban,20,56,22,4,3,99
13,0,Clear,Suburban,51,12,11,3,3,49
9,0,Clear,Urban,26,50,12,4,6,84
20,1,Clear,Highway,61,15,11,3,3,16
2,0,Fog,Highway,68,9,4,1,2,7
13,0,Clear,Suburban,81,16,6,3,4,24
16,1,Clear,Suburban,73,15,6,4,2,18
14,1,Clear,Urban,81,21,14,1,3,28
18,0,Clear,Highway,31,40,18,5,5,80
5,0,Clear,Highway,86,10,1,0,2,13
8,1,Clear,Suburban,59,25,20,7,6,53
15,1,Clear,Suburban,63,12,13,4,4,14
5,0,Clear,Urban,67,7,4,1,1,7
20,0,Clear,Urban,88,24,13,3,4,32
1,1,Clear,Urban,87,8,1,1,2,11
13,0,Clear,Suburban,42,29,9,2,4,41
16,0,Clear,Suburban,50,26,12,2,2,43
1,1,Clear,Suburban,80,2,1,0,2,13
11,0,Rain,Urban,71,12,5,3,2,28
8,0,Clear,Highway,30,44,11,7,6,92
23,1,Clear,Highway,84,14,12,2,4,25
6,0,Clear,Highway,66,27,14,4,4,21
7,0,Clear,Urban,59,41,11,5,4,59
4,0,Clear,Suburban,87,5,3,0,1,19
7,0,Rain,Urban,46,53,21,7,6,52
3,0,Clear,Highway,62,4,4,1,1,5
7,1,Clear,Urban,49,29,16,3,6,53
11,0,Clear,Urban,50,29,12,3,3,41
19,0,Fog,Suburban,56,41,20,7,6,55
19,0,Fog,Suburban,59,57,14,3,6,49
18,1,Clear,Urban,50,45,20,6,4,69
11,0,Fog,Suburban,68,22,12,1,4,12
7,1,Clear,Urban,48,40,23,7,2,42
6,1,Clear,Highway,63,18,6,3,3,14
10,1,Clear,Urban,70,20,10,1,3,28
16,0,Clear,Suburban,72,13,8,3,2,32
1,0,Clear,Suburban,80,10,2,0,1,8
5,1,Clear,Suburban,81,4,4,0,2,7
7,0,Clear,Highway,30,46,11,6,2,98
12,0,Clear,Highway,71,26,12,4,3,38
0,1,Clear,Urban,72,6,3,1,2,6
19,1,Clear,Urban,52,43,23,3,2,41
2,1,Clear,Urban,88,2,3,0,1,3
5,1,Rain,Suburban,81,2,1,0,2,8
1,1,Clear,Highway,86,8,3,1,2,9
22,0,Fog,Urban,60,23,7,2,4,18
14,0,Clear,Urban,62,24,5,2,3,34
15,0,Clear,Highway,72,25,10,4,4,26
21,1,Clear,Urban,83,22,14,4,2,27
18,0,Fog,Suburban,74,37,13,5,4,40
6,0,Clear,Suburban,78,24,5,4,4,38
17,1,Clear,Suburban,40,41,11,3,2,69
13,0,Rain,Highway,65,27,7,3,4,28
10,0,Clear,Urban,89,29,11,3,4,34
19,1,Clear,Suburban,50,38,20,3,2,61
4,0,Clear,Suburban,86,11,2,0,2,16
10,1,Rain,Urban,61,13,9,3,4,22
1,0,Clear,Urban,80,11,3,0,2,12
19,1,Rain,Urban,55,24,22,6,2,53
10,0,Clear,Urban,46,23,10,4,2,47
10,0,Clear,Urban,56,27,8,3,2,45
14,0,Fog,Urban,73,24,6,3,2,12
2,1,Clear,Suburban,83,2,1,0,2,3
17,0,Rain,Highway,50,51,10,5,3,63
12,0,Clear,Urban,47,21,7,4,2,46
11,1,Clear,Highway,75,16,12,2,2,17
11,0,Clear,Highway,71,27,9,4,3,29
6,0,Rain,Urban,89,24,13,1,2,27
12,0,Clear,Highway,57,17,5,4,2,47
15,0,Clear,Urban,75,14,7,2,3,24
12,1,Clear,Suburban,72,12,6,1,2,21
15,0,Fog,Urban,71,29,9,4,2,28
23,0,Clear,Suburban,66,21,6,1,3,26
23,0,Clear,Suburban,77,12,9,1,3,34
22,0,Clear,Highway,61,22,9,3,4,31
20,1,Fog,Urban,88,14,13,1,4,15
21,0,Clear,Urban,85,29,7,4,4,28
13,0,Rain,Suburban,81,12,5,3,3,23
16,1,Clear,Urban,81,12,9,3,2,31
9,0,Clear,Highway,46,45,17,7,4,64
2,0,Clear,Suburban,66,11,2,0,1,14
4,0,Rain,Suburban,74,4,1,1,1,12
9,1,Rain,Highway,83,33,21,5,2,32
21,0,Clear,Urban,59,20,8,4,3,43
11,0,Clear,Urban,62,14,10,3,3,28
21,0,Clear,Urban,56,20,13,3,2,44
8,0,Clear,Highway,40,48,11,6,6,58
6,0,Fog,Highway,76,25,9,2,4,27
4,0,Clear,Urban,84,5,2,1,2,9
16,1,Fog,Urban,81,22,12,4,4,18
13,1,Rain,Urban,80,20,10,1,2,25
12,0,Clear,Urban,42,19,6,1,2,41
11,1,Rain,Highway,70,18,9,3,3,12
10,0,Clear,Highway,82,12,6,1,3,39
14,0,Clear,Suburban,67,24,8,1,4,23
21,1,Clear,Highway,72,19,8,1,4,34
19,0,Clear,Suburban,22,35,14,7,5,97
8,0,Clear,Suburban,26,36,10,6,2,92
4,0,Rain,Urban,83,7,1,1,1,14
22,1,Clear,Highway,63,13,11,4,4,17
14,1,Clear,Suburban,88,16,12,3,3,16
3,0,Fog,Highway,67,3,2,1,2,9
15,0,Clear,Highway,40,12,8,4,2,42
15,0,Clear,Suburban,87,15,12,4,4,37
18,0,Clear,Urban,28,44,18,5,4,97
10,0,Clear,Highway,58,26,9,2,2,49
21,1,Fog,Suburban,63,22,10,2,4,13
13,0,Clear,Suburban,75,12,8,2,4,40
2,1,Clear,Suburban,70,8,4,0,1,4
22,0,Clear,Suburban,49,14,12,1,2,44
10,0,Clear,Urban,53,28,7,4,4,47
15,0,Rain,Highway,74,27,11,1,2,39
15,0,Clear,Suburban,71,22,5,2,3,27
21,0,Clear,Suburban,42,16,14,1,4,46
17,0,Clear,Highway,25,48,18,6,2,88
22,0,Clear,Suburban,40,22,11,1,4,42
14,0,Clear,Highway,84,25,6,1,3,35
0,1,Fog,Urban,83,6,4,1,1,4
8,0,Clear,Highway,53,48,23,3,6,66
16,0,Clear,Suburban,59,21,10,2,2,41
16,0,Fog,Highway,70,22,7,2,2,28
22,0,Fog,Suburban,81,14,12,1,2,15
14,0,Rain,Suburban,84,27,14,1,2,18
22,1,Clear,Urban,70,12,14,1,4,28
8,0,Fog,Urban,55,31,17,5,3,55
13,0,Clear,Suburban,49,17,10,4,2,46
4,0,Clear,Suburban,89,3,1,1,2,17
2,0,Clear,Suburban,79,8,1,0,2,7
7,1,Clear,Suburban,53,28,13,7,2,59
21,0,Rain,Urban,68,18,11,4,4,28
6,0,Clear,Urban,61,25,12,4,3,37
15,0,Fog,Suburban,71,23,13,3,3,27
23,1,Fog,Urban,66,20,13,4,4,16
1,1,Clear,Highway,81,3,4,0,2,9
16,0,Fog,Highway,63,25,6,2,4,18
1,1,Rain,Urban,62,8,4,0,2,2
20,0,Clear,Suburban,49,17,8,3,3,48
16,0,Rain,Urban,75,14,14,1,2,25
19,0,Clear,Suburban,29,49,14,4,5,89
5,0,Clear,Suburban,82,8,2,1,1,8
17,1,Clear,Highway,67,44,23,4,6,40
5,0,Clear,Suburban,85,9,3,1,2,10
2,0,Fog,Urban,72,6,3,1,1,9
10,0,Clear,Highway,44,22,13,4,2,48
20,0,Clear,Urban,69,18,10,4,3,33
12,0,Fog,Suburban,71,16,14,2,4,18
18,0,Clear,Urban,26,52,21,4,5,79
21,0,Clear,Highway,65,20,13,4,3,31
21,1,Fog,Suburban,71,12,13,4,4,9
4,0,Fog,Highway,63,8,2,1,1,9
16,0,Rain,Highway,67,29,11,2,3,24
10,0,Clear,Highway,42,12,11,4,4,41
15,0,Clear,Highway,66,14,14,2,4,40
12,1,Clear,Suburban,77,16,5,3,4,30
23,0,Fog,Urban,73,23,13,1,4,22
19,0,Clear,Suburban,34,32,14,3,4,74
21,0,Clear,Highway,45,24,5,4,4,41
7,0,Clear,Urban,37,30,20,5,6,78
15,0,Clear,Urban,84,25,13,2,4,22
8,0,Clear,Urban,38,53,13,4,4,92
10,0,Clear,Highway,63,26,6,3,2,28
2,1,Clear,Highway,79,3,2,1,1,11
11,0,Clear,Highway,52,26,5,3,4,47
0,0,Clear,Suburban,63,3,2,1,2,8
2,0,Clear,Suburban,84,11,3,0,1,16
23,0,Clear,Suburban,56,19,10,1,2,48
12,0,Rain,Urban,67,22,12,3,4,28
0,0,Fog,Urban,70,6,2,0,2,11
19,0,Clear,Urban,32,46,20,3,2,76
3,0,Clear,Highway,89,3,2,0,1,8
12,1,Clear,Urban,62,23,14,2,2,32
16,1,Clear,Urban,66,12,11,2,4,18
22,0,Clear,Suburban,76,20,11,4,4,40
5,0,Clear,Urban,81,3,2,1,1,19
10,0,Clear,Highway,79,23,8,3,4,24
22,0,Clear,Urban,63,29,13,2,2,35
23,1,Clear,Suburban,75,16,6,2,4,30
6,1,Clear,Urban,67,9,12,2,4,21
18,1,Rain,Urban,55,40,18,6,2,53
8,0,Clear,Suburban,37,47,11,6,5,92
13,1,Clear,Urban,63,10,13,1,2,16
8,0,Rain,Urban,26,42,24,7,2,75
22,0,Clear,Highway,68,18,5,4,3,37
16,0,Rain,Highway,62,23,5,1,2,29
11,1,Clear,Suburban,66,16,9,1,3,32
17,0,Rain,Highway,48,36,23,6,5,52
7,0,Clear,Suburban,29,52,19,5,5,94
12,1,Clear,Suburban,84,15,13,4,2,26
9,1,Clear,Suburban,72,42,24,6,4,38
11,0,Clear,Highway,48,12,7,1,3,42
1,0,Rain,Highway,78,10,2,0,1,14
6,0,Fog,Suburban,70,20,13,3,3,19
12,1,Rain,Suburban,89,21,11,2,2,20
14,0,Rain,Highway,64,20,6,4,2,28
23,0,Clear,Highway,61,14,6,2,2,21
17,0,Clear,Suburban,22,33,21,5,6,88
13,0,Clear,Highway,84,24,14,3,3,34
16,0,Clear,Highway,59,24,12,2,3,45
2,0,Clear,Highway,86,9,3,1,2,9
2,0,Clear,Highway,88,5,2,1,1,5
4,0,Clear,Highway,71,3,4,0,2,8
2,0,Clear,Urban,68,11,2,1,1,6
21,1,Clear,Highway,75,13,5,2,2,17
4,0,Rain,Urban,75,9,3,0,1,4
21,1,Fog,Urban,63,12,9,3,2,18
7,1,Fog,Urban,73,32,17,7,2,26
5,1,Clear,Urban,78,8,3,1,2,3
17,0,Clear,Highway,51,48,16,3,2,67
14,0,Clear,Urban,69,27,13,2,4,21
19,0,Clear,Highway,32,59,19,3,5,73
8,0,Clear,Suburban,56,44,23,3,4,68
3,0,Clear,Highway,79,9,3,1,1,10
0,1,Clear,Suburban,64,2,2,1,1,11
3,0,Clear,Urban,73,10,4,0,1,16
10,0,Fog,Urban,79,28,10,3,3,28
21,0,Rain,Highway,60,29,7,2,3,16
13,1,Clear,Urban,69,20,7,4,4,32
14,0,Clear,Highway,68,16,6,4,2,26
18,1,Clear,Highway,57,44,19,4,6,53
1,1,Clear,Urban,66,8,2,0,2,11
23,0,Fog,Highway,76,12,12,1,4,27
10,1,Clear,Suburban,69,12,7,3,2,24
6,0,Rain,Urban,63,27,7,2,4,38
9,0,Rain,Urban,30,55,15,7,3,76
16,1,Rain,Suburban,88,11,7,2,2,22
10,1,Fog,Urban,63,16,10,1,3,19
5,1,Fog,Suburban,80,4,1,0,1,7
23,0,Clear,Urban,84,14,9,4,4,27
21,0,Rain,Highway,86,25,7,4,3,21
0,0,Clear,Highway,60,4,4,1,1,8
21,0,Clear,Urban,46,22,5,2,4,48
5,0,Clear,Suburban,61,8,1,1,1,8
6,0,Rain,Suburban,89,22,10,2,2,38
3,1,Fog,Suburban,62,8,4,0,1,6
18,0,Clear,Suburban,23,56,23,6,5,75
3,0,Rain,Highway,62,9,4,1,2,6
19,0,Clear,Urban,23,53,22,5,6,78
17,0,Clear,Highway,57,53,17,3,5,50
21,0,Clear,Urban,81,14,7,4,4,34
14,0,Clear,Suburban,41,12,10,2,2,46
15,0,Clear,Suburban,74,27,9,3,3,34
11,0,Clear,Highway,48,20,5,3,4,48
4,0,Fog,Suburban,81,9,3,1,2,6
23,0,Clear,Urban,59,18,5,4,3,47
22,0,Clear,Urban,53,22,8,1,2,49
2,0,Clear,Suburban,83,8,1,0,2,18
14,1,Rain,Highway,80,10,11,1,2,17
8,1,Clear,Urban,57,32,23,4,6,42
14,1,Clear,Suburban,64,13,14,1,4,27
7,0,Clear,Urban,47,47,11,7,2,66
22,1,Rain,Urban,75,19,14,1,3,20
5,0,Rain,Suburban,69,7,4,1,2,7
5,1,Clear,Urban,85,7,3,0,2,9
18,0,Rain,Highway,57,50,21,6,5,48
21,1,Clear,Highway,89,13,13,3,2,30
19,0,Rain,Suburban,42,43,21,4,4,61
23,0,Clear,Urban,69,13,5,2,4,31
6,0,Rain,Suburban,73,18,8,3,3,32
21,0,Clear,Suburban,77,16,8,3,3,38
21,1,Rain,Highway,70,12,12,4,3,17
20,0,Clear,Suburban,50,21,5,1,2,45
21,1,Rain,Suburban,77,16,5,2,3,19
2,0,Clear,Urban,60,7,1,1,1,13
16,1,Clear,Suburban,71,20,8,4,2,34
16,0,Clear,Urban,72,27,11,2,2,28
20,0,Rain,Urban,86,13,9,3,2,38
21,1,Clear,Highway,76,12,12,3,3,28
4,1,Rain,Urban,80,8,2,1,2,10
18,0,Clear,Suburban,44,39,22,5,4,64
15,1,Clear,Highway,88,9,6,3,3,16
10,0,Clear,Suburban,73,25,10,2,3,34
9,0,Clear,Urban,56,32,14,3,3,69
7,0,Rain,Suburban,52,50,22,3,5,58
17,0,Clear,Urban,37,47,22,3,4,98
19,0,Clear,Urban,31,42,18,4,4,95
11,1,Clear,Suburban,81,19,8,2,4,18
0,0,Clear,Suburban,72,7,4,1,1,9
1,0,Clear,Highway,61,3,2,0,1,7
18,0,Rain,Suburban,43,39,21,6,5,49
19,1,Clear,Highway,51,28,10,7,4,63
8,0,Clear,Highway,20,48,17,6,4,78
7,1,Rain,Highway,41,32,12,5,4,46
23,1,Clear,Highway,75,12,11,2,3,24
22,0,Clear,Suburban,47,27,7,3,2,46
17,1,Rain,Urban,84,37,14,3,2,36
5,0,Clear,Highway,80,11,4,1,1,19
22,1,Rain,Urban,61,23,5,4,3,16
11,0,Fog,Urban,74,16,13,3,4,23
22,0,Clear,Urban,82,23,10,4,4,27
17,0,Rain,Urban,27,40,19,4,5,76
20,0,Clear,Highway,70,28,8,1,4,29
8,0,Clear,Suburban,46,47,15,4,3,63
2,1,Clear,Suburban,61,5,2,0,1,10
1,0,Clear,Suburban,67,8,3,1,2,6
3,1,Clear,Urban,63,6,1,1,2,7
0,0,Rain,Urban,87,5,1,0,2,10
3,0,Clear,Urban,86,4,4,1,2,7
20,0,Rain,Suburban,60,24,5,3,2,29
0,1,Clear,Suburban,78,7,4,1,1,10
0,0,Clear,Suburban,78,3,2,0,2,18
3,0,Clear,Urban,79,11,3,1,1,14
21,1,Clear,Suburban,76,18,9,1,3,14
1,0,Rain,Suburban,83,4,1,1,1,13
13,0,Clear,Suburban,77,21,10,4,4,24
16,0,Fog,Highway,89,13,11,1,2,18
0,1,Clear,Urban,77,5,2,1,2,12
15,1,Clear,Suburban,65,19,11,2,2,31
2,1,Clear,Urban,76,2,4,0,2,7
19,0,Clear,Urban,23,42,12,4,3,73
4,0,Clear,Suburban,77,7,1,1,1,6
14,1,Rain,Suburban,61,19,12,2,3,24
16,0,Fog,Urban,76,22,10,2,2,21
15,0,Rain,Highway,74,12,11,1,2,30
14,0,Rain,Urban,61,28,14,3,2,32
10,0,Clear,Suburban,64,20,11,3,2,26
18,1,Rain,Suburban,52,36,15,4,6,51
0,1,Clear,Suburban,62,8,2,1,1,11
17,0,Clear,Urban,37,40,24,4,2,75
1,0,Rain,Highway,66,8,1,0,1,7
12,0,Clear,Highway,60,27,7,4,3,39
1,1,Clear,Suburban,81,8,3,1,1,12
14,0,Rain,Suburban,75,21,7,4,4,32
18,1,Clear,Suburban,49,37,12,7,6,60
5,0,Clear,Urban,85,10,3,1,1,16
22,1,Clear,Urban,83,23,6,3,3,18
6,0,Fog,Urban,88,13,10,1,3,28
10,1,Clear,Urban,71,16,11,4,2,18
14,0,Clear,Suburban,40,27,9,1,2,42
15,0,Rain,Urban,64,26,12,3,2,16
10,0,Clear,Urban,81,17,11,1,4,40
13,0,Clear,Urban,83,19,5,4,2,25
17,0,Fog,Urban,44,59,17,7,2,57
20,1,Clear,Suburban,65,18,14,2,2,32
1,1,Rain,Suburban,88,6,4,1,1,7
7,0,Clear,Suburban,26,51,20,5,2,72
13,1,Fog,Urban,78,14,5,2,2,16
14,0,Fog,Urban,74,27,13,3,4,16
19,0,Rain,Urban,50,32,13,3,6,62
5,0,Fog,Urban,66,6,2,1,1,10
5,0,Clear,Highway,71,3,4,0,2,19
7,1,Clear,Urban,56,34,11,5,6,47
6,0,Clear,Highway,40,17,9,4,4,43
14,0,Clear,Urban,79,27,13,1,2,33
6,1,Rain,Highway,89,10,13,4,4,16
19,1,Clear,Suburban,51,26,13,7,5,46
20,0,Rain,Suburban,79,25,13,4,3,28
18,1,Clear,Highway,47,35,23,6,5,42
15,0,Clear,Suburban,88,16,14,3,3,35
8,0,Rain,Suburban,53,42,19,3,2,48
16,0,Clear,Suburban,88,16,13,2,2,37
12,1,Clear,Highway,72,9,12,4,4,30
7,1,Clear,Urban,47,30,18,4,3,58
14,1,Clear,Urban,65,22,11,2,3,23
10,0,Clear,Urban,79,22,6,1,4,30
5,1,Clear,Highway,60,8,4,0,1,9
14,1,Fog,Urban,79,17,9,2,2,11
13,1,Clear,Urban,68,23,8,4,4,32
8,0,Clear,Highway,23,49,19,6,2,82
14,0,Fog,Highway,60,24,14,2,2,16
0,0,Rain,Suburban,89,7,1,0,2,6
17,0,Clear,Urban,47,41,12,4,4,59
8,0,Rain,Urban,57,44,20,5,5,44
10,1,Clear,Highway,82,11,10,3,4,23
12,0,Clear,Urban,65,15,14,2,2,40
1,0,Fog,Urban,72,3,1,1,1,4
8,0,Clear,Suburban,24,59,22,3,4,72
17,0,Clear,Urban,51,51,13,3,6,52
21,1,Rain,Suburban,73,13,5,1,4,20
9,0,Rain,Highway,51,40,16,6,5,45
11,0,Rain,Highway,77,12,9,3,4,21
16,0,Clear,Urban,89,16,8,3,4,38
21,0,Clear,Suburban,55,17,14,4,2,41
12,1,Rain,Highway,88,20,13,4,4,14
21,0,Clear,Suburban,46,26,9,1,4,49
12,0,Clear,Urban,75,12,7,4,3,26
15,1,Clear,Urban,81,12,9,3,4,21
3,0,Rain,Suburban,75,3,4,1,1,12
9,0,Rain,Urban,55,40,20,6,4,69
4,1,Rain,Urban,65,6,1,0,1,7
4,0,Clear,Urban,86,4,2,1,2,10
2,1,Rain,Highway,62,3,1,0,2,4
10,0,Fog,Highway,80,22,8,2,3,16
1,0,Rain,Urban,83,9,3,0,2,10
4,0,Rain,Suburban,74,6,3,1,1,14
9,0,Clear,Urban,32,30,17,5,4,97
15,0,Clear,Urban,62,14,10,3,4,36
12,0,Clear,Suburban,44,14,6,3,3,41
18,0,Clear,Highway,53,51,14,3,2,65
2,0,Clear,Highway,78,4,3,1,2,19
7,0,Clear,Urban,21,48,24,3,3,98
2,0,Clear,Urban,74,4,1,0,1,7
0,0,Rain,Urban,82,7,2,1,2,7
23,0,Clear,Highway,57,15,11,1,2,49
19,1,Clear,Highway,44,36,13,6,6,49
23,0,Clear,Suburban,53,12,8,4,4,44
11,0,Clear,Highway,81,27,12,3,3,34
23,0,Clear,Urban,71,25,10,4,4,28
23,0,Fog,Highway,65,15,14,2,4,16
21,0,Fog,Highway,62,19,7,2,2,14
18,0,Clear,Suburban,57,37,22,7,4,61
22,1,Clear,Urban,72,23,6,3,2,30
15,0,Clear,Suburban,71,18,11,3,3,21
6,0,Clear,Suburban,77,18,14,3,3,38
22,1,Clear,Highway,65,20,10,1,2,22
8,0,Clear,Urban,25,39,21,7,2,91
14,0,Rain,Suburban,72,15,8,2,3,29
2,1,Clear,Urban,62,4,3,1,1,12
18,1,Rain,Highway,44,44,22,4,4,49
15,0,Fog,Suburban,84,27,9,3,3,12
10,0,Rain,Suburban,77,18,10,1,4,16
2,1,Clear,Suburban,75,4,1,1,1,11
5,0,Clear,Suburban,89,4,1,1,1,18
4,0,Clear,Highway,66,7,3,1,1,5
1,1,Clear,Suburban,79,2,1,1,2,10
12,1,Clear,Suburban,81,12,7,2,4,19
21,0,Clear,Urban,78,27,8,3,3,34
1,0,Rain,Urban,77,9,4,1,1,4
12,0,Clear,Highway,54,19,6,2,3,45
7,0,Clear,Suburban,57,34,15,7,6,66
11,0,Clear,Highway,45,25,12,2,2,45
19,0,Clear,Highway,20,34,12,7,2,83
16,0,Clear,Highway,76,19,12,3,2,33
17,0,Rain,Urban,48,52,18,7,2,48
8,0,Clear,Suburban,59,42,11,4,5,57
7,0,Rain,Highway,49,34,13,4,4,41
9,0,Clear,Urban,21,56,15,6,4,91
11,0,Clear,Urban,62,23,9,3,4,34
20,1,Clear,Highway,89,12,7,4,3,30
12,1,Clear,Highway,79,19,14,4,2,24
0,0,Clear,Suburban,79,3,4,0,2,13
18,1,Clear,Urban,44,37,12,6,5,58
1,0,Fog,Highway,62,3,1,0,1,3
6,0,Fog,Suburban,79,19,12,3,4,12
5,0,Clear,Urban,77,8,4,0,2,18
19,0,Rain,Urban,82,36,14,5,5,40
22,0,Clear,Urban,89,24,9,1,2,30
8,0,Clear,Urban,38,30,15,5,6,88
5,0,Clear,Urban,86,10,2,0,2,19
0,0,Clear,Suburban,73,5,2,1,1,15
3,0,Clear,Highway,61,6,1,1,1,10
9,1,Clear,Highway,40,39,10,6,6,51
10,1,Clear,Urban,81,16,7,4,2,21
10,1,Clear,Highway,78,10,12,2,3,14
14,1,Clear,Highway,66,16,14,4,2,31
5,0,Clear,Suburban,83,5,3,1,1,19
1,1,Clear,Urban,68,6,1,1,2,10
17,1,Fog,Highway,88,28,19,7,3,21
17,0,Clear,Highway,39,34,10,7,3,83
13,0,Clear,Suburban,67,16,6,4,3,32
17,1,Fog,Suburban,84,28,24,4,6,30
19,0,Clear,Urban,33,37,15,4,5,72
13,0,Clear,Urban,62,13,5,2,4,32
14,0,Clear,Suburban,73,25,8,3,3,26
10,0,Clear,Urban,48,19,8,4,2,43
10,0,Clear,Urban,55,13,13,2,4,43
17,0,Fog,Urban,45,34,17,3,3,45
5,0,Clear,Suburban,64,9,4,0,1,13
12,1,Clear,Highway,62,12,8,2,4,30
4,0,Clear,Highway,65,10,1,1,2,8
22,0,Clear,Urban,87,23,9,1,4,23
14,1,Rain,Highway,63,15,13,3,2,21
6,0,Fog,Urban,68,16,12,2,4,23
22,1,Clear,Urban,87,21,11,1,4,21
7,1,Clear,Highway,41,42,17,3,3,68
8,0,Clear,Urban,46,47,12,7,3,56
8,0,Clear,Suburban,20,30,11,3,5,76
10,0,Clear,Urban,71,20,13,3,3,20
21,0,Clear,Urban,52,18,7,2,3,44
13,0,Clear,Suburban,51,14,14,2,2,46
12,0,Clear,Highway,66,12,10,3,2,24
3,0,Rain,Suburban,60,3,2,1,2,8
13,0,Fog,Suburban,61,15,10,3,4,21
0,0,Clear,Highway,74,3,1,1,2,16
19,0,Clear,Highway,49,55,17,4,4,68
2,0,Clear,Urban,66,7,1,0,2,5
18,1,Clear,Suburban,44,43,16,7,3,49
13,0,Clear,Urban,74,25,9,2,2,37
1,0,Clear,Highway,77,10,4,0,1,7
1,1,Clear,Suburban,76,7,1,1,2,8
17,1,Clear,Highway,61,34,17,4,2,39
14,0,Rain,Suburban,72,29,6,2,3,34
15,0,Clear,Urban,63,19,5,3,4,38
6,1,Clear,Urban,65,17,13,1,4,30
11,0,Rain,Suburban,72,23,8,2,2,24
17,0,Rain,Urban,58,50,10,4,3,59
7,1,Rain,Urban,78,27,24,3,3,37
7,0,Clear,Highway,34,52,23,6,3,77
8,1,Clear,Urban,51,34,13,5,5,52
8,0,Clear,Suburban,24,44,13,7,2,97
13,1,Fog,Suburban,89,19,6,3,2,13
11,1,Clear,Suburban,88,20,10,1,3,21
12,1,Clear,Highway,65,18,7,1,3,30
20,0,Clear,Highway,82,29,9,1,4,27
2,0,Clear,Urban,76,4,2,1,2,14
8,0,Rain,Urban,48,41,14,4,5,51
21,1,Clear,Urban,81,18,7,4,2,28
16,0,Clear,Urban,65,20,5,2,2,20
13,1,Clear,Urban,64,14,9,2,2,15
12,0,Fog,Urban,84,19,5,3,2,17
16,0,Clear,Suburban,49,19,9,1,4,47
18,0,Fog,Highway,71,32,22,7,3,38
9,0,Fog,Urban,81,49,14,5,2,32
20,0,Rain,Suburban,75,29,12,3,2,38
12,0,Fog,Urban,78,12,9,4,3,27
4,0,Clear,Urban,66,10,1,0,1,8
6,0,Clear,Highway,88,13,9,3,3,32
12,1,Clear,Highway,88,15,6,4,3,33
10,0,Clear,Suburban,81,16,8,1,4,34
13,0,Clear,Highway,69,18,14,3,4,32
20,0,Clear,Suburban,70,19,12,3,4,37
20,1,Clear,Urban,84,10,6,1,2,26
0,0,Clear,Urban,78,3,1,0,1,10
19,1,Clear,Urban,48,42,19,7,2,55
14,0,Clear,Highway,87,23,7,2,2,27
15,1,Rain,Urban,66,19,5,2,4,20
20,0,Clear,Highway,68,24,7,4,2,33
0,0,Clear,Highway,87,7,1,1,2,8
14,1,Clear,Highway,69,16,14,3,4,23
18,0,Clear,Urban,35,46,17,6,3,75
0,1,Clear,Urban,67,5,2,0,1,8
17,0,Rain,Highway,45,34,23,5,3,52
8,1,Clear,Highway,41,36,23,3,2,66
20,0,Clear,Urban,65,26,9,3,3,29
0,0,Fog,Highway,76,11,2,1,1,9
2,0,Rain,Urban,65,11,4,0,1,6
10,0,Clear,Highway,73,16,11,1,3,39
5,0,Clear,Urban,60,11,2,1,2,6
6,1,Fog,Urban,84,12,8,2,3,19
1,0,Clear,Highway,61,5,2,1,2,17
18,0,Rain,Urban,41,47,12,6,5,66
14,0,Clear,Suburban,66,21,13,2,4,26
15,1,Clear,Suburban,86,19,5,2,2,31
9,0,Clear,Suburban,33,36,21,3,3,86
16,0,Clear,Urban,67,16,9,1,4,31
5,0,Clear,Suburban,64,5,1,1,1,15
0,0,Rain,Suburban,74,9,3,1,2,10
7,0,Clear,Suburban,52,43,14,7,4,64
12,1,Clear,Suburban,63,20,11,4,3,29
18,0,Fog,Suburban,69,43,16,5,6,38
9,0,Clear,Suburban,44,33,20,4,5,61
5,0,Clear,Urban,68,8,1,1,1,11
7,0,Clear,Urban,45,34,10,6,5,56
9,0,Clear,Urban,32,38,14,3,3,82
8,0,Clear,Suburban,26,51,16,7,6,84
6,0,Clear,Highway,77,12,6,4,4,29
4,0,Rain,Urban,65,4,1,1,2,8
7,1,Clear,Suburban,45,42,14,5,3,53
10,0,Clear,Urban,74,19,10,3,4,34
1,0,Clear,Suburban,63,10,1,0,2,8
5,0,Clear,Urban,70,9,4,1,2,14
4,0,Clear,Highway,61,9,1,1,2,8
2,0,Clear,Urban,72,11,2,1,1,13
21,1,Fog,Urban,80,15,7,2,2,12
4,0,Fog,Urban,78,7,2,1,1,4
4,1,Clear,Suburban,79,5,4,1,2,5
19,1,Clear,Suburban,73,35,14,4,5,37
12,0,Rain,Urban,82,24,10,2,3,28
11,0,Clear,Urban,76,27,9,1,4,38
4,0,Clear,Urban,62,11,2,0,2,18
16,0,Clear,Suburban,66,15,9,2,4,36
16,0,Rain,Urban,82,26,7,4,2,20
16,0,Clear,Suburban,77,22,11,2,2,20
14,0,Clear,Highway,51,24,7,2,3,49
5,0,Clear,Urban,63,3,3,0,2,18
18,0,Clear,Highway,24,37,21,3,5,90
23,0,Clear,Suburban,58,12,11,1,3,43
11,1,Clear,Urban,74,16,12,1,3,33
8,0,Clear,Suburban,24,48,17,7,6,77
20,1,Clear,Urban,69,9,7,2,3,21
19,1,Rain,Suburban,89,28,23,5,4,32
11,1,Clear,Highway,84,19,10,2,3,16
19,0,Rain,Highway,43,44,14,3,2,65
1,0,Clear,Urban,88,3,3,0,1,11
23,0,Clear,Urban,87,20,7,3,4,28
7,0,Clear,Urban,51,39,17,5,5,52
19,0,Clear,Highway,37,31,18,5,3,78
3,0,Clear,Highway,73,4,1,0,2,15
1,1,Clear,Suburban,76,3,4,1,1,3
20,1,Clear,Urban,87,15,9,2,2,28
19,0,Rain,Urban,59,50,24,3,3,53
7,1,Clear,Highway,46,42,24,3,3,60
19,1,Clear,Urban,42,27,24,6,3,47
21,1,Clear,Highway,81,11,10,2,3,21
15,0,Clear,Highway,70,27,6,4,4,24
7,0,Clear,Urban,40,54,11,4,2,70
7,0,Rain,Highway,32,46,21,7,2,73
9,0,Clear,Suburban,31,55,20,3,6,86
3,1,Rain,Highway,82,4,4,1,1,3
10,0,Clear,Suburban,60,17,11,2,2,40
0,0,Clear,Urban,70,7,4,1,1,18
22,0,Clear,Suburban,77,19,11,2,4,27
7,0,Clear,Highway,40,33,21,4,4,65
18,0,Clear,Urban,26,50,13,4,4,94
13,0,Clear,Urban,67,13,8,4,2,20
21,1,Clear,Urban,87,22,7,1,2,25
12,1,Fog,Urban,85,15,6,4,3,12
0,0,Clear,Urban,75,6,1,0,2,15
9,0,Clear,Urban,41,33,10,3,4,50
5,0,Rain,Urban,60,5,1,1,2,6
8,0,Fog,Highway,58,58,23,5,6,43
0,0,Fog,Highway,61,3,2,1,2,9
22,0,Clear,Highway,87,24,13,3,4,26
17,1,Rain,Urban,78,25,11,7,4,34
16,0,Clear,Urban,63,12,8,1,3,23
19,1,Rain,Urban,73,39,19,4,5,32
2,0,Clear,Suburban,88,6,4,0,1,18
12,0,Clear,Urban,83,27,11,1,3,31
11,0,Clear,Highway,48,17,11,4,4,46
2,0,Clear,Highway,81,4,4,0,1,15
20,1,Clear,Highway,74,18,9,3,4,20
5,0,Clear,Highway,69,6,4,0,2,5
15,0,Clear,Urban,52,16,7,3,2,41
14,0,Clear,Urban,65,16,8,2,4,39
4,0,Clear,Highway,75,8,2,0,1,6
20,1,Clear,Highway,86,21,12,1,3,21
12,0,Rain,Suburban,63,25,5,1,3,32
1,0,Rain,Urban,68,9,3,0,1,7
17,1,Clear,Highway,67,38,21,5,5,40
5,0,Fog,Highway,83,9,2,0,1,9
12,0,Clear,Urban,77,25,12,3,4,31
13,0,Clear,Urban,83,29,5,4,4,30
8,0,Clear,Urban,37,40,18,4,6,93
7,0,Fog,Urban,44,33,17,3,4,45
8,0,Clear,Urban,56,45,18,6,6,50
8,0,Clear,Urban,52,58,18,6,4,65
19,0,Clear,Suburban,55,50,16,5,4,52
14,1,Rain,Highway,70,9,5,2,2,20
0,0,Clear,Suburban,89,4,4,0,1,14
13,1,Rain,Urban,60,19,14,1,3,22
19,1,Rain,Highway,48,46,21,6,5,41
12,0,Clear,Suburban,62,21,11,3,3,27
2,1,Clear,Suburban,65,6,2,0,1,8
16,1,Clear,Highway,75,18,10,4,3,25
22,1,Clear,Highway,61,18,13,4,2,28
0,0,Clear,Suburban,82,4,4,0,2,17
6,0,Clear,Urban,60,15,11,1,2,39
12,0,Clear,Highway,80,21,9,3,3,37
23,0,Clear,Urban,42,20,7,2,2,46
11,0,Clear,Urban,54,22,5,3,3,45
1,0,Rain,Urban,80,4,1,1,2,7
13,1,Clear,Urban,71,17,7,2,2,24
8,0,Rain,Suburban,56,58,18,3,2,51
17,1,Fog,Urban,81,24,15,5,2,28
20,0,Fog,Highway,75,15,8,1,2,16
12,1,Clear,Urban,60,12,6,3,4,25
2,0,Rain,Highway,83,9,1,1,2,12
5,1,Clear,Suburban,70,8,1,1,2,10
6,1,Clear,Urban,81,19,9,4,2,19
2,0,Clear,Urban,69,3,1,0,1,12
14,0,Fog,Highway,81,28,11,1,4,14
17,0,Rain,Urban,42,58,10,3,5,43
2,0,Clear,Highway,84,8,4,1,2,15
6,1,Clear,Highway,65,22,7,4,3,15
21,0,Clear,Suburban,81,23,14,2,2,23
11,0,Rain,Urban,62,15,6,2,2,28
12,0,Clear,Highway,75,16,5,4,2,28
10,0,Clear,Urban,88,24,13,2,4,22
22,0,Rain,Urban,83,14,6,3,4,23
19,0,Clear,Highway,48,35,15,6,5,50
21,0,Clear,Suburban,83,20,10,3,4,37
3,0,Clear,Highway,72,9,2,1,2,16
3,0,Clear,Urban,87,4,3,1,1,15
4,0,Fog,Urban,82,8,2,0,1,10
16,0,Clear,Highway,88,23,13,3,3,33
6,0,Clear,Suburban,84,29,10,1,4,23
6,1,Clear,Urban,64,10,12,2,4,26
0,0,Clear,Urban,62,4,1,1,2,11
3,0,Fog,Highway,62,7,3,1,2,10
22,0,Rain,Urban,80,27,14,4,4,32
8,0,Clear,Suburban,50,44,21,6,5,64
4,0,Rain,Suburban,66,4,4,1,2,4
7,0,Clear,Highway,57,40,14,5,5,50
23,0,Clear,Urban,86,28,5,1,3,26
10,0,Rain,Suburban,83,26,5,4,2,18
13,1,Fog,Urban,64,23,8,2,4,8
20,1,Clear,Urban,63,10,8,1,4,29
20,0,Clear,Urban,75,15,14,4,2,20
20,1,Clear,Urban,89,14,12,3,2,21
17,0,Rain,Urban,58,40,15,5,4,49
9,0,Fog,Urban,54,32,20,7,6,42
18,1,Clear,Suburban,78,38,10,3,3,35
17,0,Clear,Highway,51,59,20,7,5,53
1,0,Clear,Suburban,73,7,2,0,1,9
7,1,Clear,Urban,41,42,17,6,5,61
20,0,Clear,Highway,85,22,14,3,2,35
5,1,Clear,Highway,77,5,4,1,2,9
6,0,Clear,Urban,88,28,6,4,2,29
21,1,Clear,Suburban,83,17,8,2,2,17
20,0,Clear,Highway,42,29,14,3,3,44
0,0,Rain,Urban,83,3,1,0,1,4
19,1,Fog,Suburban,78,27,14,6,6,22
9,1,Clear,Urban,78,36,12,6,2,35
9,0,Rain,Suburban,39,33,12,4,6,72
8,0,Clear,Urban,32,49,19,4,2,96
11,0,Rain,Highway,69,12,13,2,4,19
22,0,Fog,Urban,84,12,10,4,2,12
9,0,Rain,Highway,59,35,18,6,4,49
10,0,Clear,Urban,69,22,14,2,4,34
10,1,Rain,Suburban,84,18,8,1,2,18
20,0,Clear,Highway,47,29,7,1,2,49
6,0,Clear,Suburban,87,13,8,1,2,25
2,0,Rain,Suburban,61,5,2,1,2,13
12,0,Clear,Suburban,88,12,9,4,3,21
1,0,Rain,Urban,67,7,4,1,1,9
6,0,Clear,Urban,73,17,5,3,4,23
5,0,Clear,Suburban,81,7,3,1,2,9
14,0,Clear,Urban,70,26,6,4,3,35
17,0,Fog,Suburban,47,51,20,6,4,43
17,0,Clear,Urban,43,34,18,4,6,68
4,0,Clear,Urban,82,10,1,1,1,13
12,0,Clear,Highway,72,22,10,2,3,29
6,0,Clear,Urban,75,17,7,4,3,32
0,0,Rain,Urban,76,9,2,0,1,4
15,1,Clear,Suburban,73,21,14,2,2,16
6,0,Clear,Highway,86,26,7,2,3,28
4,0,Clear,Highway,75,3,4,0,2,7
19,0,Rain,Urban,26,39,17,7,4,79
12,0,Fog,Urban,82,25,14,4,3,21
18,1,Rain,Urban,79,44,15,6,4,32
8,1,Fog,Urban,65,37,16,6,4,29
3,1,Clear,Urban,77,2,2,0,2,4
10,1,Clear,Highway,65,9,10,1,4,29
20,0,Clear,Urban,65,15,7,3,3,28
4,0,Clear,Urban,69,8,2,1,2,10
7,0,Clear,Urban,30,47,15,3,2,96
14,0,Clear,Urban,87,13,9,2,2,20
1,0,Clear,Suburban,70,3,2,1,2,7
18,0,Clear,Urban,58,32,18,6,5,54
14,0,Clear,Urban,73,21,5,4,3,24
13,0,Clear,Urban,59,19,11,3,3,43
19,0,Clear,Highway,39,40,13,6,3,84
6,0,Clear,Suburban,69,13,11,1,2,31
16,0,Clear,Suburban,57,24,14,3,2,47
19,1,Rain,Urban,44,25,10,5,6,54
10,1,Fog,Highway,81,19,9,4,4,10
2,0,Clear,Suburban,79,10,4,0,2,6
3,0,Clear,Suburban,76,7,3,0,1,12
3,0,Rain,Urban,86,8,1,0,2,12
16,1,Clear,Highway,85,13,8,4,2,23
10,0,Clear,Highway,69,27,12,1,4,39
2,0,Clear,Urban,74,8,1,0,2,13
20,1,Clear,Urban,66,19,12,2,2,18
13,0,Clear,Suburban,55,18,12,2,3,44
11,0,Rain,Urban,89,26,12,4,2,39
7,0,Clear,Suburban,51,31,18,6,4,51
3,1,Clear,Highway,77,7,3,1,1,9
21,0,Rain,Suburban,60,27,6,1,2,32
0,0,Rain,Suburban,65,9,1,1,1,4
0,0,Clear,Highway,75,4,4,0,1,15
5,1,Fog,Highway,75,4,4,1,2,4
16,0,Clear,Urban,56,13,13,1,2,45
10,0,Clear,Urban,87,29,6,3,4,20
8,0,Clear,Suburban,31,53,23,5,4,74
6,0,Clear,Urban,66,28,6,2,2,21
4,0,Rain,Suburban,85,10,1,1,1,4
14,0,Clear,Suburban,65,13,6,2,2,24
8,1,Clear,Highway,52,28,11,3,2,44
19,1,Clear,Highway,50,44,22,3,5,46
4,1,Clear,Urban,83,4,2,0,1,10
13,0,Clear,Highway,51,24,14,1,2,42
6,0,Clear,Highway,73,13,12,4,3,29
7,0,Rain,Highway,51,47,12,6,2,50
7,0,Clear,Highway,57,53,12,3,3,55
16,0,Clear,Highway,51,13,5,4,3,43
9,0,Rain,Urban,42,37,18,6,3,55
3,0,Clear,Highway,62,8,1,1,2,19
15,1,Clear,Suburban,71,16,8,1,4,18
10,0,Clear,Urban,62,23,9,4,3,27
16,1,Clear,Highway,88,22,13,1,3,18
18,0,Clear,Highway,22,40,14,7,3,93
7,0,Clear,Urban,25,34,18,3,5,91
15,0,Rain,Highway,81,17,11,2,3,37
0,1,Clear,Suburban,80,4,3,1,1,4
12,0,Fog,Suburban,71,28,6,2,2,17
17,1,Fog,Suburban,79,40,23,6,5,40
3,0,Clear,Suburban,68,7,4,0,1,15
0,0,Clear,Urban,86,9,1,0,1,13
4,0,Clear,Urban,65,8,1,0,2,7
12,0,Fog,Highway,64,28,6,2,3,29
8,0,Rain,Urban,47,42,20,3,6,52
3,0,Clear,Highway,87,6,2,1,1,15
7,0,Clear,Urban,58,40,10,3,3,67
4,0,Clear,Suburban,62,8,1,1,2,14
10,0,Rain,Highway,67,16,10,3,4,21
4,1,Clear,Urban,66,6,1,0,1,8
9,0,Clear,Urban,47,47,19,4,2,67
4,1,Clear,Urban,77,3,4,0,2,4
1,0,Clear,Suburban,77,4,4,0,2,16
3,0,Clear,Urban,86,10,4,0,2,7
6,0,Rain,Highway,73,16,8,4,2,29
0,0,Clear,Suburban,67,3,4,0,2,10
18,0,Clear,Urban,45,31,20,6,3,66
9,1,Clear,Highway,53,42,10,5,4,51
5,0,Clear,Highway,86,4,3,1,2,6
1,1,Clear,Urban,86,8,1,1,2,4
17,1,Clear,Urban,40,38,11,5,5,57
9,1,Clear,Urban,48,47,24,5,3,62
20,0,Rain,Highway,62,18,13,2,4,29
7,1,Rain,Highway,42,47,17,5,4,50
9,0,Clear,Highway,34,59,18,7,5,78
16,0,Clear,Urban,85,14,8,3,3,27
14,1,Rain,Urban,63,23,14,4,2,14
18,0,Fog,Urban,57,59,10,5,4,48
9,1,Clear,Urban,58,43,16,7,4,42
2,1,Clear,Urban,64,3,3,0,2,10
17,0,Clear,Highway,58,54,20,3,6,70
13,1,Clear,Highway,69,21,6,1,4,15
14,0,Clear,Highway,85,26,7,2,2,39
19,0,Clear,Highway,26,49,11,3,3,91
4,0,Clear,Urban,79,4,1,0,1,13
4,1,Rain,Urban,71,8,3,1,2,6
11,0,Clear,Highway,61,29,7,2,2,40
2,0,Clear,Suburban,68,9,2,1,1,12
1,1,Fog,Suburban,66,4,4,0,2,4
15,0,Clear,Suburban,47,16,10,3,4,45
16,0,Fog,Suburban,82,26,5,4,2,13
10,0,Clear,Suburban,66,17,13,1,2,27
11,0,Rain,Highway,64,23,7,1,2,26
12,0,Fog,Highway,68,19,9,1,4,24
18,0,Clear,Suburban,42,48,12,6,3,54
2,0,Clear,Urban,71,3,2,1,2,5
12,0,Clear,Highway,63,24,10,4,4,40
16,0,Clear,Highway,72,16,5,4,2,29
8,0,Rain,Highway,41,52,18,4,6,59
3,0,Clear,Highway,87,11,4,1,2,6
10,0,Rain,Highway,60,23,5,2,3,32
17,0,Rain,Suburban,46,52,13,6,5,41
11,0,Clear,Urban,87,12,11,1,4,22
23,0,Clear,Highway,40,27,9,3,4,42
11,0,Clear,Suburban,66,20,10,1,2,31
18,0,Clear,Highway,37,57,19,3,3,98
7,1,Clear,Highway,57,33,11,7,2,60
7,0,Clear,Highway,22,45,17,3,6,91
3,0,Rain,Suburban,87,7,3,0,2,9
8,0,Clear,Urban,54,55,20,4,5,58
22,1,Clear,Suburban,80,21,9,3,2,25
23,1,Clear,Suburban,83,16,9,1,4,25
23,1,Clear,Urban,79,11,5,1,3,28
15,0,Clear,Suburban,74,25,9,1,2,28
3,0,Clear,Urban,74,8,2,0,1,13
20,1,Clear,Urban,64,18,8,1,2,23
12,0,Clear,Highway,52,27,9,3,2,43
15,0,Clear,Urban,88,28,11,3,4,32
8,0,Clear,Highway,23,55,24,6,6,73
7,0,Clear,Suburban,23,33,19,6,4,79
17,1,Fog,Suburban,87,36,17,3,4,22
18,0,Fog,Highway,52,36,10,6,6,51
9,0,Clear,Suburban,55,49,14,3,6,58
22,0,Clear,Urban,56,25,8,4,3,41
11,1,Clear,Urban,64,16,12,3,4,25
17,1,Fog,Urban,82,29,17,4,2,25
5,0,Clear,Highway,75,6,4,1,1,12
9,0,Rain,Highway,52,33,21,7,4,64
1,0,Clear,Highway,79,7,3,0,2,14
6,0,Clear,Highway,68,23,10,2,3,29
12,0,Clear,Highway,84,12,11,2,2,28
5,0,Clear,Urban,66,6,3,1,2,14
21,0,Clear,Urban,40,16,5,3,4,41
3,0,Clear,Suburban,67,11,2,1,2,8
14,1,Clear,Suburban,83,19,14,2,3,33
20,1,Rain,Suburban,87,11,6,2,3,24
7,1,Clear,Highway,57,34,15,6,4,48
9,0,Clear,Urban,29,55,23,6,4,96
17,0,Clear,Suburban,26,56,22,4,6,84
15,1,Clear,Suburban,78,19,6,2,2,25
0,0,Clear,Suburban,70,6,3,1,2,8
11,0,Clear,Highway,75,15,13,4,2,23
21,0,Clear,Suburban,63,26,7,1,3,24
21,0,Fog,Suburban,72,24,8,3,4,24
0,0,Clear,Suburban,74,6,4,0,1,5
6,0,Clear,Urban,57,16,12,3,3,41
20,0,Clear,Highway,73,19,9,1,4,32
3,1,Clear,Suburban,66,4,4,0,1,5
13,1,Fog,Suburban,78,19,11,2,2,19
20,1,Rain,Highway,80,12,14,4,4,16
0,1,Clear,Urban,62,3,1,1,1,8
5,1,Clear,Suburban,83,5,3,0,1,7
12,0,Rain,Urban,66,16,13,2,2,17
2,0,Clear,Urban,80,5,3,0,1,11
23,0,Clear,Urban,61,22,11,2,4,24
17,0,Clear,Urban,45,31,12,7,5,66
19,0,Clear,Urban,42,41,17,5,5,66
18,1,Fog,Highway,65,34,21,4,4,33
14,0,Clear,Urban,68,16,9,4,3,27
12,0,Clear,Suburban,78,21,8,2,3,38
5,1,Clear,Suburban,76,7,4,1,1,3
20,0,Clear,Urban,43,14,5,3,3,46
14,0,Clear,Highway,43,25,12,1,4,43
23,0,Fog,Highway,78,20,11,3,3,16
6,1,Clear,Highway,87,19,10,4,2,27
12,0,Clear,Urban,84,15,6,1,4,28
7,1,Clear,Highway,80,42,23,3,2,39
8,0,Clear,Urban,20,50,11,6,3,72
20,0,Rain,Highway,66,15,14,2,2,24
4,0,Clear,Suburban,79,10,1,0,1,9
7,1,Rain,Urban,56,47,23,7,3,46
16,0,Clear,Urban,78,28,8,1,3,32
23,0,Clear,Suburban,59,23,6,2,2,45
5,0,Clear,Urban,60,8,4,0,1,12
5,0,Clear,Highway,81,9,3,0,2,9
15,0,Clear,Urban,43,27,14,1,2,45
17,0,Rain,Suburban,32,52,22,6,2,72
0,0,Clear,Urban,70,4,1,1,2,11
1,0,Clear,Urban,66,7,3,0,1,13
1,0,Clear,Urban,86,8,2,1,1,7
0,0,Clear,Urban,78,8,2,1,2,15
12,0,Fog,Urban,85,19,8,3,2,22
11,1,Fog,Urban,85,19,5,2,4,15
16,0,Rain,Suburban,71,27,9,2,3,21
22,1,Rain,Urban,84,15,11,3,3,24
22,1,Clear,Urban,79,10,12,4,3,27
21,0,Clear,Suburban,69,26,8,4,2,26
4,0,Clear,Urban,75,9,1,0,2,18
20,0,Clear,Urban,80,22,9,4,3,36
19,0,Clear,Urban,56,43,24,5,5,61
6,0,Fog,Highway,74,21,11,3,3,28
17,0,Clear,Urban,42,58,11,4,3,66
3,1,Rain,Highway,75,3,3,0,2,7
10,1,Clear,Suburban,77,13,6,3,4,23
6,0,Clear,Highway,60,22,11,3,2,39
7,1,Clear,Suburban,41,29,11,3,4,59
16,0,Clear,Suburban,46,19,9,2,4,45
2,0,Clear,Urban,61,7,3,0,2,10
14,0,Clear,Suburban,58,20,12,1,4,45
7,0,Rain,Suburban,41,47,12,6,3,59
3,0,Clear,Highway,64,9,3,0,2,13
1,0,Clear,Urban,72,10,1,1,2,13
20,0,Rain,Suburban,72,22,14,4,4,24
7,1,Clear,Urban,47,39,17,6,6,67
19,0,Rain,Urban,58,40,22,3,2,47
23,0,Clear,Urban,86,12,8,3,3,29
6,0,Clear,Urban,85,24,10,4,4,36
10,0,Clear,Urban,69,19,5,3,2,29
14,1,Clear,Urban,79,18,11,2,3,26
11,0,Clear,Highway,44,12,5,2,3,49
7,0,Fog,Highway,57,34,13,7,2,56
12,0,Clear,Highway,42,20,10,2,2,41
13,1,Fog,Urban,73,14,7,3,2,19
3,0,Rain,Urban,70,9,1,0,2,10
6,1,Clear,Urban,81,23,10,3,3,30
20,0,Clear,Suburban,44,24,11,2,4,47
19,1,Clear,Suburban,50,28,18,3,4,46
3,0,Rain,Suburban,67,7,1,1,1,15
19,0,Clear,Urban,53,58,22,6,4,51
20,1,Rain,Highway,79,15,6,3,2,18
7,1,Clear,Suburban,51,47,16,3,3,45
16,0,Fog,Urban,78,19,11,2,3,22
20,0,Clear,Urban,82,21,7,2,2,25
19,0,Clear,Urban,48,47,12,3,3,63
2,0,Clear,Urban,65,7,1,1,1,14
6,0,Rain,Urban,76,17,7,3,3,20
1,0,Clear,Highway,68,10,2,1,2,15
19,1,Clear,Highway,43,28,11,7,2,44
13,0,Rain,Suburban,60,14,8,4,4,28
17,1,Clear,Urban,52,40,24,5,6,51
21,1,Fog,Urban,70,9,8,3,4,10
12,1,Clear,Highway,81,20,5,3,2,31
21,0,Fog,Urban,67,28,7,4,3,21
14,1,Clear,Highway,65,21,9,4,2,18
17,1,Clear,Urban,54,36,21,5,3,67
16,0,Rain,Highway,71,18,10,2,2,24
10,1,Clear,Urban,76,11,9,1,4,34
13,0,Clear,Urban,44,27,7,3,4,49
14,1,Clear,Highway,75,23,5,4,3,18
22,0,Clear,Highway,84,12,6,1,2,23
7,0,Clear,Highway,38,40,20,4,2,92
17,0,Clear,Suburban,53,34,24,5,6,62
11,0,Clear,Highway,81,29,7,2,3,23
14,0,Clear,Highway,56,24,8,4,3,43
6,1,Clear,Urban,72,11,5,3,2,32
18,0,Clear,Urban,31,57,14,5,4,76
11,0,Clear,Highway,74,17,10,1,2,21
21,0,Fog,Highway,77,17,12,2,4,28
7,0,Clear,Highway,23,44,23,4,3,92
13,0,Rain,Highway,86,15,12,4,4,20
7,0,Clear,Urban,45,43,14,6,6,67
15,0,Clear,Highway,49,18,14,2,2,43
16,0,Clear,Suburban,71,24,8,3,2,28
11,0,Rain,Highway,81,13,12,2,4,16
4,1,Clear,Urban,68,4,2,1,1,4
11,1,Clear,Highway,64,12,5,4,3,23
16,1,Clear,Urban,83,22,5,3,4,22
14,1,Rain,Highway,71,16,11,1,4,11
1,1,Clear,Suburban,82,8,3,0,1,9
3,0,Clear,Suburban,76,5,3,0,2,16
4,0,Clear,Suburban,65,9,4,1,2,11
15,0,Clear,Suburban,64,13,8,2,2,32
9,0,Rain,Urban,60,30,19,4,2,40
10,0,Rain,Highway,72,23,8,2,3,39
1,0,Fog,Urban,80,11,4,1,2,8
14,0,Clear,Highway,46,22,8,2,2,41
17,1,Clear,Suburban,52,25,18,7,5,46
20,0,Clear,Highway,57,17,7,1,3,41
6,0,Clear,Urban,54,27,8,1,4,48
23,1,Clear,Highway,69,18,9,4,4,32
5,0,Clear,Highway,76,10,2,1,2,13
0,0,Fog,Suburban,77,7,4,1,2,3
8,1,Clear,Highway,52,42,11,6,4,62
7,1,Rain,Urban,84,35,22,4,4,29
16,1,Clear,Suburban,60,17,13,3,2,23
9,0,Clear,Urban,32,58,12,3,4,77
17,0,Clear,Highway,46,45,22,6,6,62
1,0,Rain,Urban,67,9,4,0,2,15
2,0,Clear,Suburban,80,11,2,0,1,15
22,1,Clear,Urban,68,18,6,1,4,15
9,0,Clear,Suburban,36,49,18,4,6,74
22,0,Rain,Urban,70,14,7,3,4,32
5,1,Clear,Urban,85,6,3,0,1,11
6,0,Fog,Highway,83,18,8,4,3,21
15,0,Fog,Urban,70,21,8,3,2,16
1,0,Fog,Urban,65,10,4,0,1,7
23,1,Clear,Highway,60,18,14,4,2,27
13,0,Fog,Highway,89,28,6,3,4,24
23,1,Clear,Highway,82,14,14,2,4,26
18,1,Clear,Urban,44,32,17,5,3,52
17,0,Clear,Highway,38,53,24,3,2,85
5,0,Clear,Suburban,74,3,2,0,1,16
14,1,Clear,Urban,65,12,9,2,4,24
16,0,Clear,Urban,71,24,8,2,2,33
1,0,Clear,Highway,62,11,3,0,2,16
7,0,Clear,Suburban,54,32,18,7,6,68
2,0,Fog,Urban,89,5,4,1,1,11
7,0,Rain,Highway,39,38,18,3,3,78
19,0,Fog,Urban,41,35,12,5,2,45
6,0,Rain,Urban,83,22,13,3,4,36
23,0,Clear,Highway,47,20,12,1,3,41
12,0,Rain,Highway,73,27,6,1,3,28
4,0,Rain,Suburban,62,3,3,1,2,11
22,0,Clear,Highway,88,22,13,1,4,31
11,0,Rain,Highway,71,23,12,3,3,36
16,0,Clear,Suburban,70,27,12,2,3,25
3,0,Clear,Urban,69,11,2,0,2,12
1,0,Clear,Urban,65,9,2,1,2,18
22,0,Clear,Suburban,40,12,7,1,4,47
12,1,Rain,Urban,67,23,9,1,3,20
13,1,Clear,Highway,83,21,13,3,3,26
12,0,Rain,Urban,65,21,14,2,2,28
15,0,Clear,Highway,71,14,10,3,3,26
4,0,Clear,Urban,85,10,4,0,2,14
10,0,Clear,Urban,40,25,7,2,2,43
5,0,Clear,Urban,68,5,2,1,1,9
12,0,Rain,Highway,75,12,6,3,3,24
5,0,Clear,Urban,64,5,4,1,2,8
12,1,Rain,Highway,87,13,11,3,3,13
13,1,Rain,Highway,87,17,10,3,2,21
19,0,Rain,Highway,40,45,11,6,5,70
11,1,Clear,Urban,77,20,14,4,4,18
0,0,Clear,Highway,84,8,1,0,2,11
23,0,Clear,Highway,79,17,5,2,2,40
8,1,Rain,Highway,72,42,17,3,2,31
10,1,Clear,Highway,84,20,7,1,2,33
19,0,Clear,Suburban,25,37,15,3,3,72
10,0,Clear,Urban,63,29,11,1,3,38
7,0,Clear,Urban,44,40,22,6,3,69
4,0,Clear,Suburban,64,3,2,1,1,13
19,0,Clear,Suburban,37,35,23,5,2,77
12,1,Clear,Suburban,75,16,9,4,2,18
8,0,Clear,Urban,30,58,16,4,3,98
7,0,Fog,Highway,79,49,19,3,6,30
14,1,Clear,Highway,79,14,11,3,2,34
13,0,Rain,Urban,82,19,9,3,2,26
12,0,Clear,Highway,63,21,7,1,4,30
1,0,Rain,Suburban,64,7,4,1,2,10
10,0,Clear,Urban,67,14,14,2,4,32
15,0,Clear,Urban,76,29,14,3,3,35
21,0,Clear,Urban,83,16,12,1,2,20
18,1,Clear,Suburban,52,36,21,4,4,60
4,1,Clear,Urban,67,8,4,0,2,12
21,0,Clear,Highway,77,29,12,4,4,23
21,1,Clear,Highway,63,12,5,2,3,17
5,1,Rain,Highway,85,8,4,1,1,7
5,0,Clear,Urban,73,9,2,1,1,5
5,1,Clear,Suburban,74,4,2,1,2,4
6,0,Rain,Highway,63,18,8,2,2,30
13,0,Clear,Urban,85,23,13,3,2,21
10,0,Clear,Suburban,75,19,8,4,4,23
2,0,Clear,Urban,75,3,1,1,2,15
19,0,Clear,Highway,43,42,20,3,6,58
23,1,Clear,Urban,79,16,13,1,3,16
16,0,Rain,Highway,77,13,13,1,2,33
7,0,Clear,Highway,31,35,24,3,6,73
0,1,Clear,Highway,87,8,1,1,2,10
18,1,Clear,Suburban,42,32,21,3,6,64
6,0,Fog,Urban,60,19,8,4,3,24
7,0,Clear,Highway,37,33,13,7,3,97
15,0,Rain,Urban,88,12,6,3,2,35
3,1,Clear,Suburban,84,7,3,1,2,5
7,0,Rain,Highway,49,32,21,3,4,48
4,0,Clear,Highway,63,11,3,1,2,14
21,0,Clear,Suburban,68,29,6,4,3,29
0,0,Fog,Urban,82,11,3,1,2,11
11,1,Clear,Highway,65,11,6,1,3,26
16,0,Rain,Highway,69,25,9,4,3,34
11,1,Clear,Urban,61,23,5,2,4,22
0,0,Clear,Urban,72,10,2,0,1,5
12,0,Clear,Urban,68,21,12,3,4,27
23,0,Fog,Suburban,84,19,11,1,2,12
18,1,Clear,Urban,58,33,17,5,4,46
13,0,Clear,Urban,78,15,6,3,3,35
17,1,Clear,Suburban,42,42,23,6,2,62
9,0,Clear,Urban,36,58,20,4,6,84
21,0,Clear,Highway,40,23,7,2,3,45
23,1,Clear,Highway,75,20,11,4,4,21
9,0,Clear,Urban,41,55,13,4,6,70
12,0,Clear,Highway,68,29,13,3,3,22
16,0,Clear,Urban,63,24,9,1,3,21
18,1,Clear,Urban,59,38,14,6,3,66
0,0,Rain,Suburban,65,8,1,0,2,9
13,1,Clear,Highway,68,10,12,3,2,15
15,0,Clear,Highway,76,27,14,2,2,38
10,0,Clear,Suburban,79,18,12,2,2,30
13,0,Rain,Urban,71,29,7,4,3,28
11,1,Clear,Suburban,60,21,8,3,4,23
15,1,Rain,Highway,70,23,12,3,3,24
13,0,Rain,Suburban,63,14,13,2,2,39
19,0,Clear,Suburban,30,32,19,6,4,86
8,0,Clear,Highway,34,58,18,7,3,87
10,1,Clear,Urban,83,10,9,4,4,22
19,0,Clear,Highway,29,43,18,7,2,95
15,0,Clear,Highway,79,20,14,4,2,35
16,1,Rain,Urban,60,18,14,4,2,12
23,1,Clear,Urban,73,21,6,4,3,22
21,0,Clear,Urban,62,28,11,3,4,32
7,0,Clear,Urban,42,38,24,4,5,50
11,0,Rain,Highway,64,20,11,4,2,36
2,1,Fog,Urban,85,2,3,0,1,6
15,0,Clear,Urban,63,19,8,1,3,28
7,0,Rain,Suburban,56,50,22,4,4,67
10,0,Clear,Suburban,76,15,12,4,2,33
18,0,Clear,Suburban,30,38,18,3,5,76
8,0,Clear,Highway,51,50,11,5,2,70
0,0,Clear,Suburban,65,5,4,0,1,15
6,1,Fog,Highway,60,18,5,1,3,12
10,1,Clear,Highway,66,15,13,3,4,28
4,0,Clear,Highway,74,5,4,0,1,9
4,0,Rain,Highway,65,7,2,1,2,4
3,0,Clear,Urban,80,9,2,0,1,18
21,0,Clear,Urban,43,19,5,3,4,48
23,0,Clear,Suburban,74,19,11,1,2,22
9,0,Rain,Urban,50,37,17,6,4,45
16,1,Clear,Urban,60,13,13,1,4,22
3,0,Clear,Urban,88,11,4,0,1,10
3,0,Clear,Urban,87,4,2,0,1,15
16,0,Clear,Urban,81,18,12,3,3,38
23,0,Clear,Urban,50,20,8,4,3,48
9,1,Clear,Highway,59,24,23,6,6,48
11,1,Clear,Urban,71,16,10,4,2,23
14,0,Clear,Highway,77,20,7,1,4,38
9,0,Clear,Urban,52,58,24,3,5,69
21,1,Clear,Urban,87,14,14,1,2,30
6,1,Clear,Highway,66,17,9,3,2,23
14,1,Clear,Suburban,85,16,10,2,3,33
1,0,Fog,Highway,64,11,4,0,1,5
16,1,Clear,Suburban,86,20,6,1,4,30
8,0,Clear,Highway,24,56,24,3,4,96
19,0,Clear,Suburban,31,45,18,5,5,81
2,0,Clear,Highway,88,6,1,0,2,10
8,1,Rain,Urban,87,36,22,3,6,28
23,0,Clear,Urban,64,23,13,3,4,30
9,1,Clear,Highway,52,40,19,6,4,48
14,1,Clear,Highway,76,16,5,1,4,20
23,0,Clear,Urban,88,23,7,1,2,34
7,0,Clear,Urban,59,46,18,3,5,57
16,0,Clear,Suburban,80,13,13,4,4,27
16,1,Clear,Highway,70,20,10,1,2,31
11,0,Clear,Suburban,72,28,8,1,2,24
6,0,Rain,Highway,63,21,6,3,4,36
7,1,Rain,Highway,62,30,23,3,4,28
11,0,Clear,Urban,71,13,14,4,2,31
10,0,Clear,Highway,85,28,13,4,3,21
18,0,Clear,Highway,25,52,20,5,3,97
1,0,Clear,Highway,72,9,1,0,1,18
18,0,Rain,Urban,58,35,16,4,2,52
11,0,Fog,Suburban,82,26,9,2,4,15
10,1,Clear,Highway,76,15,9,4,3,32
3,1,Rain,Urban,73,4,1,1,1,4
3,0,Clear,Suburban,75,8,1,0,1,19
18,0,Fog,Suburban,54,52,14,7,3,54
12,0,Clear,Urban,80,18,7,2,4,26
7,0,Clear,Urban,28,38,21,5,6,95
21,1,Clear,Highway,88,14,9,3,2,23
2,1,Clear,Urban,71,8,3,0,2,11
3,0,Clear,Suburban,84,8,3,0,2,18
8,1,Rain,Highway,54,36,24,7,6,49
8,1,Fog,Suburban,61,25,14,7,4,25
15,1,Clear,Highway,87,18,11,4,2,22
15,0,Fog,Urban,87,24,14,4,2,19
14,1,Clear,Suburban,85,16,7,2,3,32
10,0,Clear,Highway,75,18,10,1,3,39
13,0,Clear,Suburban,72,16,12,3,2,20
5,0,Clear,Highway,63,5,4,1,1,14
1,1,Clear,Urban,86,5,4,0,1,7
19,0,Clear,Suburban,54,38,17,3,4,70
12,0,Clear,Urban,75,17,6,2,3,25
23,0,Clear,Highway,82,24,9,4,4,38
21,0,Rain,Highway,68,25,11,3,2,24
22,0,Clear,Highway,66,28,14,3,4,27
16,1,Clear,Urban,71,13,14,4,4,21
10,1,Clear,Highway,76,21,8,1,3,18
23,0,Clear,Suburban,63,15,6,4,4,29
10,0,Clear,Suburban,62,13,6,4,3,30
22,0,Rain,Urban,72,19,7,4,2,20
11,0,Clear,Urban,75,25,8,3,3,20
7,1,Clear,Highway,53,29,16,4,5,51
5,0,Clear,Urban,83,8,2,0,2,18
7,1,Fog,Suburban,80,37,22,4,6,34
17,0,Rain,Urban,56,55,11,4,3,54
19,1,Rain,Urban,53,29,19,4,2,46
4,0,Clear,Urban,84,6,2,1,2,14
9,0,Clear,Suburban,29,40,21,4,2,71
5,1,Clear,Highway,72,6,3,0,2,8
18,1,Rain,Highway,75,44,22,5,6,38
16,0,Fog,Suburban,61,28,10,3,2,25
0,1,Rain,Urban,81,7,1,1,2,3
23,0,Rain,Highway,61,23,11,2,4,34
20,0,Clear,Suburban,64,14,6,2,2,26
14,0,Clear,Urban,59,12,12,3,4,44
5,0,Fog,Urban,87,11,2,1,1,8
11,0,Clear,Suburban,89,22,14,4,2,37
9,1,Clear,Suburban,51,44,17,5,5,62
17,0,Clear,Urban,40,58,14,3,2,68
0,0,Fog,Urban,75,4,1,1,2,7
18,0,Rain,Suburban,20,48,18,4,4,76
8,0,Clear,Urban,26,44,12,6,3,81
23,0,Clear,Suburban,84,13,11,1,2,22
16,1,Clear,Urban,81,16,12,2,4,22
4,0,Clear,Suburban,73,9,4,0,2,8
0,1,Clear,Urban,68,5,3,1,1,4
10,0,Clear,Suburban,87,27,14,3,4,25
9,1,Clear,Highway,41,40,15,7,5,45
21,0,Clear,Urban,67,29,6,4,3,22
11,0,Clear,Urban,56,14,13,3,4,49
3,0,Clear,Suburban,67,4,1,0,2,15
9,0,Clear,Highway,22,56,10,7,4,72
8,1,Clear,Urban,46,32,15,4,5,67
21,0,Clear,Suburban,73,19,7,2,4,20
16,0,Clear,Urban,76,23,10,1,3,27
11,1,Clear,Urban,67,23,6,3,3,28
16,0,Clear,Urban,82,18,10,2,4,37
23,0,Clear,Urban,86,15,14,4,4,36
23,0,Clear,Suburban,40,20,10,4,4,48
13,1,Clear,Suburban,84,9,12,1,2,22
2,0,Clear,Suburban,64,8,2,1,2,11
6,1,Clear,Suburban,84,13,10,4,3,32
15,0,Rain,Highway,87,16,6,2,4,23
3,0,Rain,Urban,70,5,2,1,1,5
9,0,Clear,Highway,34,30,15,5,5,96
4,0,Rain,Urban,85,7,4,0,2,14
13,0,Rain,Suburban,75,16,7,1,2,16
16,0,Rain,Highway,89,28,14,2,2,29
10,1,Clear,Highway,78,17,13,1,2,23
23,1,Clear,Suburban,84,19,11,3,4,22
13,0,Clear,Suburban,71,14,14,2,2,30
14,0,Fog,Urban,85,17,12,1,4,16
18,1,Rain,Urban,87,26,20,6,2,36
0,0,Clear,Urban,72,3,3,0,2,13
4,0,Clear,Suburban,74,4,3,1,2,9
11,1,Clear,Suburban,67,22,5,3,4,33
8,0,Rain,Urban,50,45,11,7,5,65
21,1,Clear,Suburban,78,23,9,4,2,14
10,0,Rain,Urban,76,19,12,1,3,17
16,0,Clear,Urban,85,23,5,2,2,31
5,0,Clear,Urban,80,4,2,1,2,15
22,1,Clear,Urban,66,23,13,1,4,15
16,0,Clear,Highway,74,29,7,2,2,37
11,1,Clear,Urban,73,11,6,1,2,16
6,0,Rain,Urban,65,15,6,3,2,36
17,0,Fog,Urban,58,57,12,5,2,55
23,0,Clear,Urban,85,28,7,1,3,31
18,0,Clear,Suburban,23,52,24,7,2,86
21,0,Clear,Urban,89,24,12,3,2,37
5,0,Clear,Urban,87,6,2,0,2,9
3,0,Clear,Urban,74,4,2,1,1,12
3,0,Clear,Suburban,79,11,3,0,1,8
11,0,Clear,Suburban,73,16,6,1,2,25
11,0,Rain,Urban,85,29,6,1,2,23
19,1,Fog,Highway,87,28,15,3,3,40
5,0,Clear,Highway,71,4,2,0,1,10
20,1,Clear,Highway,81,15,12,2,4,19
16,0,Fog,Suburban,78,15,9,4,4,12
21,0,Clear,Urban,44,23,7,1,3,41
1,0,Rain,Urban,75,3,3,0,2,5
17,1,Rain,Urban,61,31,18,3,5,34
3,0,Rain,Urban,82,5,3,0,1,14
5,1,Clear,Highway,83,5,1,0,1,4
2,0,Clear,Suburban,63,8,4,0,2,16
2,0,Fog,Highway,83,9,3,1,2,9
22,0,Clear,Urban,48,16,5,1,3,44
12,0,Rain,Urban,63,28,11,1,4,36
3,0,Clear,Urban,77,11,4,0,1,15
20,0,Clear,Urban,77,27,12,3,4,36
18,0,Clear,Highway,42,37,15,6,6,51
22,0,Clear,Urban,51,15,10,1,2,44
20,0,Rain,Suburban,87,22,9,4,3,16
14,0,Clear,Suburban,50,20,12,3,4,42
14,1,Clear,Urban,62,12,10,3,2,28
12,0,Clear,Suburban,62,27,10,2,2,40
21,0,Clear,Urban,84,29,11,2,3,24
11,1,Rain,Urban,72,12,13,1,2,13
23,0,Clear,Urban,65,15,14,3,3,38
20,0,Clear,Urban,73,28,13,1,4,26
19,0,Clear,Urban,37,38,11,6,5,91
8,1,Clear,Suburban,51,36,20,7,2,56
22,0,Rain,Highway,82,17,9,4,3,25
15,1,Fog,Highway,83,13,6,3,4,17
22,0,Clear,Highway,82,21,7,1,3,20
2,0,Clear,Suburban,88,10,1,0,2,6
12,1,Clear,Urban,81,23,6,3,4,28
19,0,Fog,Urban,77,54,10,7,3,39
9,1,Rain,Urban,58,31,24,4,4,55
17,0,Clear,Suburban,38,59,14,7,4,86
14,0,Rain,Suburban,79,25,6,2,4,32
14,0,Rain,Highway,67,23,12,1,4,21
16,0,Clear,Urban,52,17,14,2,4,47
18,1,Clear,Suburban,79,44,24,7,2,39
6,1,Clear,Urban,69,12,7,1,4,31
13,0,Clear,Highway,85,21,12,1,2,26
22,0,Clear,Urban,48,20,13,4,4,43
22,0,Clear,Urban,45,29,13,1,3,49
9,0,Clear,Suburban,51,53,16,4,4,55
12,1,Clear,Highway,60,20,9,1,4,18
16,0,Clear,Suburban,53,23,12,1,4,44
2,0,Clear,Urban,66,4,2,0,1,12
21,0,Clear,Highway,72,27,7,4,4,31
22,0,Clear,Urban,76,16,14,2,4,38
20,0,Clear,Highway,64,23,9,3,2,38
16,0,Clear,Suburban,49,23,12,1,2,44
18,1,Clear,Urban,40,41,12,7,4,60
10,0,Clear,Suburban,78,19,7,4,3,24
21,0,Clear,Urban,57,26,12,2,4,48
11,0,Rain,Highway,85,22,13,4,4,37
12,1,Clear,Suburban,76,9,9,2,4,21
23,0,Clear,Urban,44,15,11,4,3,45
5,0,Rain,Suburban,76,9,4,1,1,15
6,1,Rain,Urban,68,20,5,4,3,24
14,0,Rain,Suburban,76,29,10,4,4,39
7,1,Clear,Urban,58,43,23,3,4,41
0,1,Fog,Urban,62,7,3,0,1,7
1,1,Clear,Suburban,77,7,2,1,2,12
11,0,Clear,Highway,68,21,6,2,3,26
16,0,Clear,Suburban,77,13,9,1,2,36
6,0,Rain,Urban,67,20,6,3,3,17
19,0,Clear,Urban,21,34,14,6,5,77
16,1,Clear,Suburban,72,21,10,3,2,30
22,1,Rain,Urban,86,12,5,2,3,11
9,1,Clear,Suburban,45,46,16,4,5,62
12,0,Rain,Highway,75,21,14,3,2,38
18,0,Clear,Urban,54,38,12,6,4,67
2,1,Clear,Suburban,80,5,4,1,1,6
18,0,Fog,Suburban,89,47,10,5,3,31
7,1,Clear,Suburban,44,35,24,5,3,58
16,0,Rain,Highway,70,19,8,3,3,30
18,0,Clear,Highway,56,51,13,3,2,58
2,0,Clear,Urban,82,3,1,1,2,8
14,0,Clear,Suburban,89,25,14,3,2,31
7,0,Clear,Suburban,36,49,20,5,6,92
7,0,Clear,Suburban,28,58,21,4,6,76
11,0,Clear,Urban,75,15,6,2,3,25
16,1,Rain,Urban,60,23,13,4,3,18
7,0,Rain,Suburban,59,58,24,3,2,52
0,1,Clear,Urban,77,8,4,0,1,13
14,0,Fog,Highway,87,21,13,3,3,17
16,0,Clear,Urban,56,27,7,3,3,49
8,1,Clear,Urban,55,38,22,4,4,51
20,0,Clear,Suburban,83,19,7,2,3,23
14,1,Clear,Urban,72,13,8,3,2,28
20,1,Rain,Urban,70,22,10,2,4,21
8,0,Clear,Urban,44,44,17,5,2,62
12,1,Fog,Suburban,68,23,14,1,4,19
3,0,Clear,Highway,76,9,2,0,2,5
19,1,Clear,Urban,50,28,14,6,5,51
3,1,Rain,Highway,86,4,1,0,2,7
17,0,Clear,Urban,20,33,13,6,5,93
7,0,Clear,Highway,55,52,23,6,2,66
4,0,Clear,Urban,84,9,2,0,1,6
6,1,Clear,Suburban,61,14,10,4,3,19
9,0,Clear,Suburban,54,55,15,5,6,58
12,0,Clear,Highway,82,12,14,4,3,25
15,0,Clear,Urban,76,20,12,3,4,26
12,0,Clear,Suburban,82,28,12,3,4,34
23,0,Clear,Suburban,61,22,9,3,4,27
13,1,Clear,Suburban,89,19,8,2,3,32
8,1,Clear,Highway,40,37,20,3,3,51
3,1,Rain,Urban,83,5,4,0,1,8
6,0,Clear,Highway,66,18,13,4,3,27
21,0,Clear,Suburban,83,18,5,1,2,25
15,1,Fog,Urban,70,21,13,3,3,12
14,0,Clear,Suburban,77,29,13,3,2,22
15,0,Rain,Suburban,75,15,8,4,2,24
11,0,Clear,Highway,82,27,9,2,4,23
13,0,Clear,Urban,46,24,6,2,3,46
1,0,Clear,Suburban,71,7,3,0,1,18
17,1,Clear,Urban,51,33,18,6,2,49
11,0,Clear,Highway,55,18,13,2,4,45
9,0,Rain,Urban,46,57,14,4,4,48
6,0,Clear,Urban,72,20,8,1,4,24
20,0,Clear,Urban,77,24,5,2,3,33
21,1,Clear,Suburban,68,10,6,3,4,16
19,0,Rain,Urban,50,48,11,4,3,59
1,0,Clear,Suburban,60,7,2,1,1,8
5,1,Fog,Urban,67,8,1,1,1,4
13,0,Clear,Urban,57,21,14,3,2,44
13,1,Rain,Suburban,76,16,5,3,4,14
17,0,Clear,Suburban,56,36,12,4,2,67
11,0,Clear,Suburban,65,19,13,4,4,39
7,0,Clear,Highway,58,58,22,3,2,50
1,0,Clear,Highway,65,10,1,1,2,16
11,0,Clear,Suburban,78,26,6,3,4,22
8,0,Rain,Suburban,86,42,21,3,2,40
21,1,Clear,Urban,66,22,9,2,4,14
18,0,Clear,Urban,28,43,12,4,2,71
14,0,Clear,Suburban,61,19,5,3,3,27
23,0,Rain,Urban,60,19,10,2,3,21
12,0,Fog,Suburban,78,28,6,3,4,18
19,0,Clear,Urban,37,36,18,3,6,86
14,1,Clear,Suburban,74,12,12,2,3,16
11,0,Clear,Urban,48,18,6,2,2,43
6,1,Clear,Urban,88,11,13,2,2,21
11,0,Clear,Highway,41,26,10,1,3,43
19,1,Clear,Highway,41,33,13,4,3,46
1,1,Clear,Urban,73,4,4,1,1,6
20,1,Clear,Suburban,86,20,10,2,2,30
17,0,Clear,Highway,44,56,23,7,3,54
0,0,Clear,Urban,81,8,3,1,1,19
9,1,Clear,Suburban,55,44,16,5,3,64
9,0,Clear,Suburban,49,39,15,7,3,61
5,1,Rain,Highway,83,4,3,1,2,3
19,0,Fog,Urban,74,43,15,7,6,40
8,0,Clear,Urban,46,59,18,5,2,54
19,0,Rain,Urban,70,57,24,3,6,40
9,0,Clear,Highway,22,47,17,7,5,94
6,0,Fog,Urban,72,21,10,2,4,16
8,0,Fog,Highway,78,56,12,4,3,32
6,0,Clear,Suburban,70,29,9,3,4,30
2,1,Clear,Urban,73,6,3,1,1,9
4,0,Clear,Suburban,80,5,1,1,2,5
18,0,Clear,Suburban,47,42,12,7,6,70
8,0,Fog,Suburban,81,57,23,3,6,39
19,1,Clear,Suburban,59,30,14,7,5,51
22,0,Clear,Suburban,70,29,11,4,2,40
3,1,Clear,Highway,84,8,3,0,2,9
18,0,Clear,Highway,27,32,21,7,2,95
5,0,Clear,Urban,82,8,3,0,2,16
14,0,Rain,Suburban,83,28,7,4,4,23
21,0,Rain,Urban,67,12,12,2,2,32
6,0,Fog,Highway,60,15,10,2,2,22
15,0,Rain,Urban,88,28,11,4,4,31
11,0,Clear,Highway,78,28,8,2,2,32
23,0,Clear,Highway,49,21,6,1,4,43
17,0,Clear,Urban,34,59,14,5,4,93
6,0,Rain,Highway,83,13,14,4,2,23
2,0,Rain,Urban,89,5,1,0,2,8
2,0,Clear,Suburban,80,4,3,0,1,15
0,0,Fog,Urban,69,3,4,1,2,4
19,0,Clear,Urban,20,43,15,7,4,72
12,0,Clear,Highway,52,16,8,3,2,48
13,0,Clear,Urban,41,16,6,1,4,48
17,0,Clear,Suburban,41,42,10,5,2,65
11,0,Clear,Urban,69,15,10,3,2,30
0,0,Clear,Suburban,66,4,2,1,2,14
12,0,Clear,Highway,67,12,9,1,2,21
11,0,Clear,Highway,87,16,8,2,2,21
7,1,Clear,Highway,42,28,21,5,4,42
9,1,Rain,Urban,76,46,22,3,5,35
5,1,Clear,Highway,89,4,4,1,1,11
15,1,Clear,Highway,64,12,10,4,2,15
1,0,Clear,Highway,79,5,3,0,2,14
5,1,Clear,Suburban,64,6,4,1,1,9
18,1,Clear,Urban,40,28,13,5,2,42
15,0,Clear,Highway,52,13,12,2,4,44
15,0,Clear,Urban,74,12,9,1,3,31
11,0,Fog,Highway,86,26,6,4,4,27
12,0,Clear,Urban,67,26,8,2,4,34
23,0,Clear,Urban,57,25,6,4,2,46
2,0,Fog,Suburban,85,10,2,0,2,10
10,1,Clear,Suburban,78,22,11,3,4,26
6,0,Clear,Suburban,63,13,8,1,3,28
2,1,Clear,Urban,72,3,1,1,2,11
1,1,Clear,Urban,88,8,3,0,1,11
14,1,Clear,Urban,63,23,5,1,4,21
4,0,Clear,Highway,61,4,4,0,2,7
12,1,Clear,Highway,86,12,8,4,4,25
23,1,Rain,Suburban,81,15,8,2,4,12
18,0,Clear,Suburban,45,36,22,4,6,64
14,1,Fog,Urban,80,11,7,4,4,10
20,0,Rain,Urban,63,22,7,3,3,32
3,0,Rain,Suburban,89,8,1,1,1,5
14,0,Rain,Highway,78,12,5,4,2,24
